date,gross_ret,net_ret,hs300_ret,turnover,satellite_w,n_hold,unselected_ew_ret,uni_ew_ret,gross_vs_hs300,net_vs_hs300,net_vs_unselected,net_vs_uni,cost,strategy_ret,benchmark_ret,excess_ret,nav,bench,excess_nav,heat
2024-09-02,0.0,0.0,0.0,0.0,0.3,5,-0.019452155471372943,-0.01899191595999029,0.007721351695505994,0.007253351695505995,0.009718468171684001,0.009258228660301349,0.0,0.0,0.0,0.0,1.0,1.0,1.0,0
2024-09-03,0.0009950567055057166,0.0008390567055057167,0.0025780005029079067,0.12,0.3,5,0.004779577206383167,0.004650160388985881,-0.0015829437974021901,-0.00173894379740219,-0.00394052050087745,-0.0038111036834801645,0.0001559999999999999,0.0008390567055057167,0.0025780005029079067,-0.00173894379740219,1.0008390567055057,1.002578000502908,0.9982655276731287,0
2024-09-04,-0.006263671809032569,-0.006575671809032569,-0.006495728239892196,0.24,0.3,5,-0.006985809002902622,-0.006937460738234467,0.0002320564308596262,-7.994356914037357e-05,0.0004101371938700525,0.00036178892920189776,0.0003119999999999998,-0.006575671809032569,-0.006495728239892196,-7.994356914037357e-05,0.9942578675349485,0.9960655262723466,0.9981852009835507,0
2024-09-05,0.0005304672304324099,0.0003744672304324099,0.0017197467446989911,0.12,0.3,5,0.003075688712931615,0.0029586545569093977,-0.0011892795142665813,-0.0013452795142665811,-0.002701221482499205,-0.0025841873264769877,0.000156,0.0003744672304324099,0.0017197467446989911,-0.0013452795142665811,0.99463018452494,0.9977785067186603,0.9968446682580144,0
2024-09-06,-0.007347369749209039,-0.007659369749209039,-0.008107447398330248,0.24,0.3,5,-0.010451352378545295,-0.010376178909312165,0.0007600776491212087,0.0004480776491212089,0.002791982629336256,0.0027168091601031267,0.0003119999999999998,-0.007659369749209039,-0.008107447398330248,0.0004480776491212089,0.9870119441779395,0.9896890699602543,0.9972949829763985,0
2024-09-09,-0.012747350937564603,-0.012903350937564603,-0.01188176802005425,0.12,0.3,5,-0.009954325070008489,-0.010015857452060064,-0.0008655829175103526,-0.0010215829175103525,-0.0029490258675561147,-0.002887493485504539,0.0001559999999999999,-0.012903350937564603,-0.01188176802005425,-0.0010215829175103525,0.9742761826826436,0.9779298140190034,0.9962639125180728,0
2024-09-10,0.0005165318426024166,0.00036053184260241664,0.0008780590347814421,0.12,0.3,5,0.0023540671942587554,0.002257252849961206,-0.00036152719217902546,-0.0005175271921790255,-0.001993535351656339,-0.0018967210073587894,0.000156,0.00036053184260241664,0.0008780590347814421,-0.0005175271921790255,0.9746274402699897,0.9787884941275848,0.9957487711772665,0
2024-09-11,-0.0048541243919199666,-0.0050101243919199664,-0.0030119015373893943,0.12,0.3,5,-0.0018745288166326902,-0.002003058856578034,-0.0018422228545305723,-0.001998222854530572,-0.0031355955752872763,-0.0030070655353419324,0.0001559999999999999,-0.0050101243919199664,-0.0030119015373893943,-0.001998222854530572,0.9697444355584586,0.9758404795573429,0.9937530322562048,0
2024-09-12,-0.004101426593555875,-0.004413426593555874,-0.004285826513225288,0.24,0.3,5,-0.0037968988907456373,-0.003829552953039806,0.00018439991966941356,-0.00012760008033058622,-0.000616527702810237,-0.0005838736405160685,0.0003119999999999998,-0.004413426593555874,-0.004285826513225288,-0.00012760008033058622,0.965464539677612,0.9716581965573775,0.993625683494762,0
2024-09-13,-0.0009780927990005535,-0.0012900927990005535,-0.004169521036684776,0.24,0.3,5,-0.004415332087635746,-0.004231912163445407,0.003191428237684222,0.002879428237684222,0.0031252392886351923,0.0029418193644448537,0.000312,-0.0012900927990005535,-0.004169521036684776,0.002879428237684222,0.9642190008272835,0.9676068472663644,0.9964987366008704,0
2024-09-18,0.005513317185226881,0.005357317185226881,0.003723418903301967,0.12,0.3,5,0.0033697732686378576,0.003425347313896656,0.0017898982819249138,0.001633898281924914,0.0019875439165890235,0.001931969871330225,0.0001559999999999999,0.005357317185226881,0.003723418903301967,0.001633898281924914,0.9693846278507378,0.9712096528924403,0.9981208742764579,0
2024-09-19,0.00683725213239807,0.00652525213239807,0.007891964522851236,0.24,0.3,5,0.009663417410944543,0.009504836373537233,-0.0010547123904531656,-0.0013667123904531654,-0.0031381652785464724,-0.002979584241139163,0.0003119999999999998,0.00652525213239807,0.007891964522851236,-0.0013667123904531654,0.9757101069607346,0.9788744050173181,0.9967674115899193,0
2024-09-20,0.0011543171492852133,0.0011543171492852133,0.0015688185210196437,0.0,0.3,5,0.0015683829806158566,0.001545069526573294,-0.0004145013717344304,-0.0004145013717344304,-0.00041406583133064335,-0.0003907523772880806,0.0,0.0011543171492852133,0.0015688185210196437,-0.0004145013717344304,0.9768363858699302,0.9804100813136614,0.996354897290588,0
2024-09-23,0.0047608589124549456,0.004604858912454946,0.0036594870738808627,0.12,0.3,5,0.001272885917340931,0.0013557621616575573,0.0011013718385740829,0.000945371838574083,0.0033319729951140145,0.0032490967507973886,0.0001559999999999999,0.004604858912454946,0.0036594870738808627,0.000945371838574083,0.9813345796074137,0.9839978793333312,0.9972933887543316,0
2024-09-24,0.04146451532475111,0.041308515324751105,0.04331009197407876,0.12,0.3,5,0.0415556027577405,0.04145028062184154,-0.0018455766493276488,-0.002001576649327652,-0.00024708743298939434,-0.00014176529709043761,0.00015600000000000336,0.041308515324751105,0.04331009197407876,-0.002001576649327652,1.0218720541278348,1.0266149179895563,0.9953800945431325,0
2024-09-25,0.014707889892824278,0.01464548989282428,0.014804697860234306,0.048,0.12,5,0.012239090411549414,0.012301889284346907,-9.680796741002792e-05,-0.00015920796741002684,0.0024063994812748655,0.002343600608477372,6.239999999999891e-05,0.01464548989282428,0.014804697860234306,-0.00015920796741002684,1.0368378709683237,1.041813641669201,0.9952239340109762,1
2024-09-26,0.04208093275468244,0.042018532754682446,0.04227135235789281,0.048,0.12,5,0.04003364902096524,0.04002978671378727,-0.00019041960321036777,-0.00025281960321036495,0.001984883733717205,0.0019887460408951757,6.239999999999718e-05,0.042018532754682446,0.04227135235789281,-0.00025281960321036495,1.0804042770109015,1.0858525132074592,0.994982526512312,1
2024-09-27,0.041304869130136125,0.04124246913013613,0.044668600332991026,0.048,0.12,5,0.050002408283554664,0.049463490385826106,-0.0033637312028549013,-0.0034261312028548985,-0.008759939153418536,-0.008221021255689978,6.239999999999718e-05,0.04124246913013613,0.044668600332991026,-0.0034261312028548985,1.1249628170535906,1.1343560251404972,0.9917193474722866,1
2024-09-30,0.08392820400521984,0.08386580400521984,0.08482622266273232,0.048,0.12,5,0.09630512680861232,0.09603807440489019,-0.0008980186575124754,-0.0009604186575124796,-0.01243932280339248,-0.012172270399670351,6.240000000000412e-05,0.08386580400521984,0.08482622266273232,-0.0009604186575124796,1.219308728181767,1.230579161907877,0.9908413582197861,1
2024-10-08,0.05896502575554044,0.05884022575554044,0.05929575100342732,0.096,0.12,5,0.06962215761205365,0.06913413130049267,-0.0003307252478868816,-0.0004555252478868829,-0.010781931856513209,-0.010293905544952235,0.0001248000000000013,0.05884022575554044,0.05929575100342732,-0.0004555252478868829,1.291053129013683,1.3035472774823726,0.9904152701750716,1
2024-10-09,-0.06756788505555035,-0.06769268505555034,-0.07051351423870533,0.096,0.12,5,-0.0704556134774172,-0.07022059194577288,0.0029456291831549825,0.002820829183154988,0.0027629284218668587,0.002527906890222531,0.00012479999999999436,-0.06769268505555034,-0.07051351423870533,0.002820829183154988,1.203658276161377,1.2116295779707937,0.9934210075799182,1
2024-10-10,0.011995305404038042,0.011932905404038043,0.010567282642378606,0.048,0.12,5,0.005972979584519639,0.006240798021316843,0.0014280227616594362,0.0013656227616594373,0.005959925819518404,0.0056921073827212,6.239999999999891e-05,0.011932905404038043,0.010567282642378606,0.0013656227616594373,1.2180214165095982,1.224433210179077,0.9947634598472374,1
2024-10-11,-0.02848700677265165,-0.028674206772651648,-0.0276705274934671,0.14400000000000002,0.12,5,-0.030498747050200715,-0.030340737235474046,-0.0008164792791845489,-0.0010036792791845474,0.0018245402775490666,0.0016665304628223979,0.00018719999999999848,-0.028674206772651648,-0.0276705274934671,-0.0010036792791845474,1.183095618559084,1.1905524973729027,0.9937366232650192,1
2024-10-14,0.019673329429028642,0.01954852942902864,0.01908212330471004,0.096,0.12,5,0.02189427428849832,0.021974891389790186,0.0005912061243186009,0.0004664061243185996,-0.0023457448594696798,-0.002426361960761545,0.0001248000000000013,0.01954852942902864,0.01908212330471004,0.0004664061243185996,1.2062233980758412,1.213270766928503,0.9941914294444737,1
2024-10-15,-0.024333557543218247,-0.024645557543218247,-0.026593888980664726,0.24,0.3,5,-0.025058569463395245,-0.024974155356228652,0.002260331437446479,0.0019483314374464794,0.0004130119201769984,0.00032859781301040544,0.0003119999999999998,-0.024645557543218247,-0.026593888980664726,0.0019483314374464794,1.1764953499085868,1.1810051788493205,0.9961813639588544,0
2024-10-16,-0.0015340459363984865,-0.0020020459363984866,-0.0063293392841365925,0.36000000000000004,0.3,5,-0.007444919174629832,-0.00714641829021469,0.0047952933477381065,0.004327293347738106,0.005442873238231345,0.005144372353816203,0.0004680000000000001,-0.0020020459363984866,-0.0063293392841365925,0.004327293347738106,1.1741399521741105,1.1735301963760607,1.0005195910594655,0
2024-10-17,-0.010541830907300294,-0.010853830907300294,-0.011318359041118442,0.24,0.3,5,-0.007885644909318581,-0.0079179155727336,0.0007765281338181478,0.00046452813381814805,-0.002968185997981713,-0.0029359153345666945,0.0003119999999999998,-0.010853830907300294,-0.011318359041118442,0.00046452813381814805,1.161396035671707,1.1602477602678822,1.0009896812070205,0
2024-10-18,0.028378068103103414,0.027910068103103414,0.036167972956809846,0.36000000000000004,0.3,5,0.039358513873659316,0.038884036039276364,-0.007789904853706432,-0.008257904853706432,-0.011448445770555902,-0.01097396793617295,0.00046799999999999967,0.027910068103103414,0.036167972956809846,-0.008257904853706432,1.1938106781219788,1.2022115698844502,0.9930121353238358,0
2024-10-21,-0.0003286423178507185,-0.0004846423178507184,0.0025382945322496298,0.12,0.3,5,0.008231154935554095,0.007984338981305001,-0.0028669368501003482,-0.003022936850100348,-0.008715797253404814,-0.00846898129915572,0.0001559999999999999,-0.0004846423178507184,0.0025382945322496298,-0.003022936850100348,1.1932321069478589,1.205263136938895,0.9900179225413029,0
2024-10-22,0.0035832376834169484,0.002959237683416949,0.005737475837933825,0.48,0.3,5,0.0067072254357618735,0.006560038291142257,-0.002154238154516877,-0.0027782381545168764,-0.0037479877523449246,-0.003600800607725308,0.0006239999999999996,0.002959237683416949,0.005737475837933825,-0.0027782381545168764,1.196763164363802,1.2121783050654342,0.9872831079081223,0
2024-10-23,0.005970096295628901,0.005502096295628901,0.003899513754633155,0.36000000000000004,0.3,5,0.003715057261477006,0.0038003564769304794,0.002070582540995746,0.0016025825409957464,0.001787039034151895,0.0017017398186984218,0.00046799999999999967,0.005502096295628901,0.003899513754633155,0.0016025825409957464,1.2033478705371932,1.2169052110391048,0.9888591647246419,0
2024-10-24,-0.010676026394806654,-0.010676026394806654,-0.011168680307748202,0.0,0.3,5,-0.009664521430861855,-0.009661997416856805,0.0004926539129415479,0.0004926539129415479,-0.0010115049639447989,-0.0010140289779498497,0.0,-0.010676026394806654,-0.011168680307748202,0.0004926539129415479,1.1905008969092037,1.2033139857721762,0.9893518325104895,0
2024-10-25,0.00582147491514668,0.00566547491514668,0.007021829940663693,0.12,0.3,5,0.008429344808099395,0.008406709938239334,-0.0012003550255170132,-0.001356355025517013,-0.0027638698929527148,-0.0027412350230926535,0.0001559999999999999,0.00566547491514668,0.007021829940663693,-0.001356355025517013,1.1972456498771022,1.2117634519454905,0.9880192771575345,0
2024-10-28,-0.0017779725026453616,-0.0019339725026453615,0.001955277256894483,0.12,0.3,5,0.004228247070488328,0.003992042227167738,-0.0037332497595398448,-0.0038892497595398447,-0.00616221957313369,-0.005926014729813099,0.0001559999999999999,-0.0019339725026453615,0.001955277256894483,-0.0038892497595398447,1.1949302097113281,1.2141327854638155,0.984184122212669,0
2024-10-29,-0.009306022543170533,-0.009618022543170533,-0.009966280598025845,0.24,0.3,5,-0.00975414691094543,-0.009737822554868132,0.0006602580548553116,0.00034825805485531186,0.00013612436777489696,0.00011980001169759925,0.0003119999999999998,-0.009618022543170533,-0.009966280598025845,0.00034825805485531186,1.1834373440168091,1.2020323974406204,0.984530322590802,0
2024-10-30,-0.006341870500046224,-0.006653870500046224,-0.008969031370703484,0.24,0.3,5,-0.005745344470890332,-0.0056584681771796345,0.0026271608706572597,0.00231516087065726,-0.0009085260291558919,-0.0009954023228665896,0.0003119999999999998,-0.006653870500046224,-0.008969031370703484,0.00231516087065726,1.1755629051848027,1.1912513311593735,0.9868302972141888,0
2024-10-31,-0.006066194642435795,-0.006534194642435795,0.0004090296910201907,0.36000000000000004,0.3,5,0.0037243536158897846,0.0033641174520067717,-0.006475224333455986,-0.0069432243334559855,-0.010258548258325579,-0.009898312094442566,0.00046799999999999967,-0.006534194642435795,0.0004090296910201907,-0.0069432243334559855,1.167881548347898,1.191738588323285,0.9799813145188555,0
2024-11-01,0.0038450782213760434,0.0035330782213760428,-0.00026196083946306015,0.24,0.3,5,-0.004293042179635843,-0.004015953539034172,0.0041070390608391035,0.003795039060839103,0.007826120401011886,0.007549031760410215,0.00031200000000000064,0.0035330782213760428,-0.00026196083946306015,0.003795039060839103,1.1720077652115128,1.1914263994822674,0.9837013563916387,0
2024-11-04,0.012213289734319847,0.012057289734319847,0.014072317308986726,0.12,0.3,5,0.016210570482904897,0.016068856388935678,-0.0018590275746668793,-0.002015027574666879,-0.00415328074858505,-0.004011566654615831,0.0001559999999999999,0.012057289734319847,0.014072317308986726,-0.002015027574666879,1.1861390024075407,1.2081925298260854,0.981746677889393,0
2024-11-05,0.020545254145757127,0.020389254145757128,0.025302059422141587,0.12,0.3,5,0.028763664231596854,0.028443083964860283,-0.00475680527638446,-0.00491280527638446,-0.008374410085839726,-0.008053829819103155,0.0001559999999999999,0.020389254145757128,0.025302059422141587,-0.00491280527638446,1.2103234919798227,1.2387622890091325,0.9770425712167444,0
2024-11-06,-0.006669303441381151,-0.006981303441381152,-0.005016451058795446,0.24,0.3,5,0.0006671594225730994,0.00047588595370933487,-0.001652852382585705,-0.0019648523825857057,-0.007648462863954251,-0.007457189395090487,0.00031200000000000064,-0.006981303441381152,-0.005016451058795446,-0.0019648523825857057,1.2018738564200795,1.2325480986128368,0.9751131479353387,0
2024-11-07,0.032685530322949415,0.032685530322949415,0.030169870504388685,0.0,0.3,5,0.025542990143219618,0.025755503491320268,0.0025156598185607296,0.0025156598185607296,0.007142540179729796,0.006930026831629146,0.0,0.032685530322949415,0.030169870504388685,0.0025156598185607296,1.2411577407984582,1.2697339151384166,0.977494360039329,0
2024-11-08,-0.010823538180276232,-0.010948338180276232,-0.010046131707898032,0.096,0.12,5,-0.004153931162607593,-0.004462759762237957,-0.0007774064723782004,-0.0009022064723781999,-0.006794407017668639,-0.006485578418038275,0.00012479999999999956,-0.010948338180276232,-0.010046131707898032,-0.0009022064723781999,1.227569126117129,1.256978000992951,0.9766035086910111,1
2024-11-11,0.004335215349756497,0.004210415349756497,0.006599388359831204,0.096,0.12,5,0.011623120154427598,0.011276689576978666,-0.002264173010074707,-0.0023889730100747075,-0.0074127048046711014,-0.007066274227222169,0.00012480000000000043,0.004210415349756497,0.006599388359831204,-0.0023889730100747075,1.2327377020086197,1.2652732869812677,0.97428572522046,1
2024-11-12,-0.012832086407240425,-0.012956886407240426,-0.010986869649649456,0.096,0.12,5,-0.011182905357167343,-0.011434769444844057,-0.0018452167575909693,-0.0019700167575909706,-0.0017739810500730837,-0.0015221169623963696,0.0001248000000000013,-0.012956886407240426,-0.010986869649649456,-0.0019700167575909706,1.2167652596337712,1.251371894306021,0.972345044003532,1
2024-11-13,0.00826944359602872,0.007957443596028721,0.006154841359331531,0.24,0.3,5,0.007613701350193147,0.007736057880675536,0.0021146022366971898,0.00180260223669719,0.0003437422458355743,0.00022138571535318483,0.0003119999999999998,0.007957443596028721,0.006154841359331531,0.00180260223669719,1.2264476005569143,1.2590738897970009,0.9740870734398702,0
2024-11-14,-0.012493055534984391,-0.012649055534984393,-0.017337121223454655,0.12,0.3,5,-0.021962278209150136,-0.021674215129206333,0.004844065688470263,0.004688065688470262,0.009313222674165744,0.00902515959422194,0.00015600000000000162,-0.012649055534984393,-0.017337121223454655,0.004688065688470262,1.2109341967467215,1.2372451731403036,0.9787342258714972,0
2024-11-15,-0.011390570486870026,-0.011546570486870026,-0.01752350859020335,0.12,0.3,5,-0.019073070958139468,-0.018711916643422855,0.0061329381033333255,0.005976938103333326,0.007526500471269442,0.007165346156552829,0.0001559999999999999,-0.011546570486870026,-0.01752350859020335,0.005976938103333326,1.1969520596890242,1.2155642967205917,0.9846883977410487,0
2024-11-18,-0.003864820540565994,-0.004020820540565994,-0.004648774646679343,0.12,0.3,5,-0.010090071727007014,-0.009967902016100379,0.0007839541061133493,0.000627954106113349,0.00606925118644102,0.005947081475534384,0.00015600000000000032,-0.004020820540565994,-0.004648774646679343,0.000627954106113349,1.1921393302613539,1.2099134122365884,0.9853096248082925,0
2024-11-19,-0.0012457675828865637,-0.0015577675828865635,0.006710897679074179,0.24,0.3,5,0.0112516416949904,0.010758560583356143,-0.007956665261960743,-0.008268665261960743,-0.012809409277876964,-0.012316328166242707,0.0003119999999999998,-0.0015577675828865635,0.006710897679074179,-0.008268665261960743,1.1902822542583886,1.2180330173466476,0.9772167398641532,0
2024-11-20,0.005062101906878615,0.004906101906878615,0.002233277088395047,0.12,0.3,5,0.0053121689743524944,0.005417065383056372,0.002828824818483568,0.002672824818483568,-0.0004060670674738793,-0.0005109634761777566,0.0001559999999999999,0.004906101906878615,0.002233277088395047,0.002672824818483568,1.1961219002957295,1.2207532225771967,0.9798228488559984,0
2024-11-21,-0.00151281639922221,-0.00151281639922221,0.000884445819000268,0.0,0.3,5,0.0004491300674157648,0.0003216352796387966,-0.002397262218222478,-0.002397262218222478,-0.001961946466637975,-0.0018344516788610064,0.0,-0.00151281639922221,0.000884445819000268,-0.002397262218222478,1.1943123874694934,1.2218329126609362,0.9774760321920712,0
2024-11-22,-0.028253041349195672,-0.028409041349195672,-0.030982644840837792,0.12,0.3,5,-0.03166016690553029,-0.031494876040665074,0.00272960349164212,0.00257360349164212,0.0032511255563346213,0.0030858346914694017,0.0001559999999999999,-0.028409041349195672,-0.030982644840837792,0.00257360349164212,1.160383117470016,1.183977297473116,0.9800721009993558,0
2024-11-25,-0.0026931056469458345,-0.0031611056469458346,-0.0045549331325313025,0.36000000000000004,0.3,5,-0.004549968526950678,-0.004459604680726278,0.001861827485585468,0.001393827485585468,0.0013888628800048436,0.0012984990337804436,0.0004680000000000001,-0.0031611056469458346,-0.0045549331325313025,0.001393827485585468,1.156715023844761,1.1785843600526908,0.9814444031762375,0
2024-11-26,0.0017209862209527755,0.0017209862209527755,-0.002054577245043876,0.0,0.3,5,-0.0032836309532380268,-0.0030511547558916973,0.0037755634659966514,0.0037755634659966514,0.005004617174190802,0.004772140976844473,0.0,0.0017209862209527755,-0.002054577245043876,0.0037755634659966514,1.158705714462367,1.176162867445162,0.9851575377305396,0
2024-11-27,0.014562813452324658,0.014562813452324658,0.01741062090060419,0.0,0.3,5,0.021031235503370015,0.02080950211239322,-0.0028478074482795324,-0.0028478074482795324,-0.006468422051045357,-0.0062466886600685625,0.0,0.014562813452324658,0.01741062090060419,-0.0028478074482795324,1.1755797296282249,1.1966405932476174,0.9824000090434551,0
2024-11-28,-0.008108775806281903,-0.008264775806281903,-0.008828719057143108,0.12,0.3,5,-0.00832187597672186,-0.008283404515758225,0.0007199432508612057,0.0005639432508612058,5.710017043995819e-05,1.8628709476322877e-05,0.0001559999999999999,-0.008264775806281903,-0.008828719057143108,0.0005639432508612058,1.165863826720438,1.1860757896374612,0.9829589617344763,0
2024-11-29,0.007991288631958271,0.007835288631958271,0.011370465020404508,0.12,0.3,5,0.013830320427504438,0.01357369159870899,-0.0033791763884462363,-0.0035351763884462362,-0.005995031795546167,-0.005738402966750718,0.0001559999999999999,0.007835288631958271,0.011370465020404508,-0.0035351763884462362,1.174998706308352,1.1995620229150825,0.9795230958153889,0
2024-12-02,0.0042654842348616,0.0041094842348616,0.007927522132046061,0.12,0.3,5,0.01215466647738566,0.011945054083605595,-0.003662037897184461,-0.003818037897184461,-0.008045182242524061,-0.007835569848743996,0.0001559999999999999,0.0041094842348616,0.007927522132046061,-0.003818037897184461,1.179827344967909,1.2090715774005039,0.9758126541230341,0
2024-12-03,0.003895276648833177,0.003895276648833177,0.0010789252898952828,0.0,0.3,5,-4.833777602024468e-05,0.00012890145432566677,0.002816351358937894,0.002816351358937894,0.003943614424853421,0.00376637519450751,0.0,0.003895276648833177,0.0010789252898952828,0.002816351358937894,1.1844230988744173,1.210376075302655,0.9785579234770085,0
2024-12-04,-0.003541090904285222,-0.0036970909042852223,-0.00539852919027739,0.12,0.3,5,-0.006963534009070762,-0.006847071784298137,0.0018574382859921682,0.0017014382859921679,0.0032664431047855396,0.003149980880012915,0.00015600000000000032,-0.0036970909042852223,-0.00539852919027739,0.0017014382859921679,1.1800441790087433,1.2038418247289202,0.9802319164932356,0
2024-12-05,-0.005675552820877804,-0.0058315528208778035,-0.0022817886768612405,0.12,0.3,5,0.0006780551954300275,0.0004586356119418482,-0.003393764144016563,-0.003549764144016563,-0.006509608016307831,-0.006290188432819652,0.0001559999999999999,-0.0058315528208778035,-0.0022817886768612405,-0.003549764144016563,1.1731626890478843,1.2010949120845218,0.976744366531234,0
2024-12-06,0.010984563373405113,0.010828563373405114,0.0131457967245463,0.12,0.3,5,0.01139362755929735,0.011302558422141316,-0.002161233351141186,-0.0023172333511411857,-0.0005650641858922362,-0.0004739950487362022,0.0001559999999999999,0.010828563373405114,0.0131457967245463,-0.0023172333511411857,1.1858663555735538,1.2168842616456716,0.9745103893198764,0
2024-12-09,-0.0012191634044956977,-0.0016871634044956978,-0.0016535282354097625,0.36000000000000004,0.3,5,-0.0025349557722088734,-0.002465758274138779,0.0004343648309140648,-3.3635169085935316e-05,0.0008477923677131757,0.0007785948696430814,0.0004680000000000001,-0.0016871634044956978,-0.0016535282354097625,-3.3635169085935316e-05,1.1838656052558074,1.2148721091598147,0.9744775572093338,0
2024-12-10,0.007807646064042726,0.007495646064042726,0.007327765333219327,0.24,0.3,5,0.005062237995180564,0.0050386065188412835,0.00047988073082339856,0.00016788073082339879,0.0024334080688621623,0.0024570395452014424,0.0003119999999999998,0.007495646064042726,0.007327765333219327,0.00016788073082339879,1.1927394428201987,1.2237744068856111,0.9746399631412513,0
2024-12-11,-0.0025884303863749486,-0.0029004303863749484,-0.00170338300760009,0.24,0.3,5,0.0020758318654140115,0.0019467111247313273,-0.0008850473787748586,-0.0011970473787748584,-0.00497626225178896,-0.0048471415111062755,0.0003119999999999998,-0.0029004303863749484,-0.00170338300760009,-0.0011970473787748584,1.189279985097215,1.2216898503557863,0.973471282216896,0
2024-12-12,0.010538100364329298,0.010226100364329298,0.00994627297803663,0.24,0.3,5,0.007834297713121337,0.007874559167886241,0.0005918273862926676,0.00027982738629266785,0.002391802651207961,0.0023515411964430567,0.0003119999999999998,0.010226100364329298,0.00994627297803663,0.00027982738629266785,1.2014416815861073,1.2338411111019216,0.9737410034207087,0
2024-12-13,-0.018860719824028333,-0.019016719824028333,-0.023662377167826598,0.12,0.3,5,-0.020661172851654953,-0.02047732375463744,0.004801657343798265,0.004645657343798265,0.0016444530276266203,0.0014606039306091084,0.0001559999999999999,-0.019016719824028333,-0.023662377167826598,0.004645657343798265,1.1785942017424749,1.2046454973658578,0.9783743054032509,0
2024-12-16,0.0005170128385208342,0.00036101283852083433,-0.005425430735347847,0.12,0.3,5,-0.006920306740133302,-0.006577406568377923,0.005942443573868681,0.005786443573868681,0.007281319578654136,0.006938419406898757,0.0001559999999999999,0.00036101283852083433,-0.005425430735347847,0.005786443573868681,1.1790196893807101,1.1981097766592508,0.9840664956997759,0
2024-12-17,0.0013282441038533065,0.0011722441038533066,0.002605371342234264,0.12,0.3,5,-0.0013492860181233439,-0.0013638209397264073,-0.0012771272383809574,-0.0014331272383809573,0.0025215301219766503,0.002536065043579714,0.0001559999999999999,0.0011722441038533066,0.002605371342234264,-0.0014331272383809573,1.1804017882599136,1.2012312975362094,0.9826598679879401,0
2024-12-18,0.00621532170013895,0.00621532170013895,0.005062832968225184,0.0,0.3,5,0.005261762200422514,0.005323027025230439,0.0011524887319137658,0.0011524887319137658,0.0009535594997164354,0.0008922946749085102,0.0,0.00621532170013895,0.005062832968225184,0.0011524887319137658,1.1877383651093685,1.2073129309518396,0.9837866676148009,0
2024-12-19,0.001188143017725094,0.001032143017725094,0.0009065448300180634,0.12,0.3,5,0.004159719842612845,0.004100165800153023,0.00028159818770703057,0.00012559818770703068,-0.003127576824887751,-0.003068022782427929,0.0001559999999999999,0.001032143017725094,0.0009065448300180634,0.00012559818770703068,1.1889642809698004,1.208407414247608,0.9839101175244663,0
2024-12-20,-0.005918012010717451,-0.0060740120107174505,-0.004491081973005184,0.12,0.3,5,-0.0012900645053585064,-0.001428576286184561,-0.0014269300377122663,-0.0015829300377122662,-0.004783947505358944,-0.004645435724532889,0.0001559999999999999,-0.0060740120107174505,-0.004491081973005184,-0.0015829300377122662,1.1817424976468758,1.2029803574934348,0.9823456304051291,0
2024-12-23,0.005012030364463564,0.004856030364463564,0.0014837270075716003,0.12,0.3,5,-0.0033650094781217206,-0.0030844805944951078,0.003528303356891964,0.003372303356891964,0.008221039842585286,0.007940510958958672,0.0001559999999999999,0.004856030364463564,0.0014837270075716003,0.003372303356891964,1.187481075098426,1.2047652519394259,0.9856534899116853,0
2024-12-24,0.011530110222990518,0.011374110222990518,0.012740685196085622,0.12,0.3,5,0.012520506162528915,0.012447971975835798,-0.0012105749730951035,-0.0013665749730951034,-0.0011463959395383964,-0.0010738617528452798,0.0001559999999999999,0.011374110222990518,0.012740685196085622,-0.0013665749730951034,1.2009876157343107,1.220114786749569,0.9843234659369928,0
2024-12-25,0.0039339011780326815,0.0039339011780326815,0.0004872118254637403,0.0,0.3,5,-0.0010588486446211998,-0.0008385909886391519,0.0034466893525689412,0.0034466893525689412,0.004992749822653881,0.004772492166671833,0.0,0.0039339011780326815,0.0004872118254637403,0.0034466893525689412,1.2057121823306505,1.2207092411020966,0.9877144710087504,0
2024-12-26,-0.001218570274403108,-0.001218570274403108,0.00046441852805623185,0.0,0.3,5,0.0052861865411523885,0.005109841144256778,-0.00168298880245934,-0.00168298880245934,-0.006504756815555497,-0.006328411418659886,0.0,-0.001218570274403108,0.00046441852805623185,-0.00168298880245934,1.2042429373057766,1.2212761610910339,0.9860529302643224,0
2024-12-27,-0.002276322432527598,-0.002276322432527598,-0.0016174124605663476,0.0,0.3,5,-0.0016934423680600621,-0.001729230027619602,-0.0006589099719612503,-0.0006589099719612503,-0.0005828800644675357,-0.0005470924049079959,0.0,-0.002276322432527598,-0.0016174124605663476,-0.0006589099719612503,1.2015016920933745,1.2193008538102925,0.9854021575878538,0
2024-12-30,0.006745812468576464,0.0065898124685764645,0.004527520975912136,0.12,0.3,5,0.0019060753244651433,0.002078607525243399,0.0022182914926643284,0.0020622914926643286,0.004683737144111321,0.004511204943333066,0.0001559999999999999,0.0065898124685764645,0.004527520975912136,0.0020622914926643286,1.209419362924947,1.224821264001866,0.9874251847762698,0
2024-12-31,-0.014615488201648177,-0.015083488201648176,-0.016039789801335358,0.36000000000000004,0.3,5,-0.019734841165308797,-0.019603643309654414,0.0014243015996871812,0.0009563015996871815,0.004651352963660621,0.004520155108006237,0.00046799999999999967,-0.015083488201648176,-0.016039789801335358,0.0009563015996871815,1.1911771002334237,1.2051753883830703,0.9883848539518987,0
2025-01-02,-0.029306477349748124,-0.029618477349748124,-0.029102488699299323,0.24,0.3,5,-0.03173221100540692,-0.03168848876669343,-0.00020398865044880116,-0.0005159886504488009,0.0021137336556587977,0.002070011416945308,0.0003119999999999998,-0.029618477349748124,-0.029102488699299323,-0.0005159886504488009,1.1558962482706214,1.1701017852619784,0.9878595715601131,0
2025-01-03,-0.009640309915869838,-0.010108309915869838,-0.011839194018461785,0.36000000000000004,0.3,5,-0.015025260855646845,-0.014864446900060974,0.002198884102591947,0.0017308841025919473,0.004916950939777008,0.004756136984191136,0.00046799999999999967,-0.010108309915869838,-0.011839194018461785,0.0017308841025919473,1.1442120907625106,1.1562487232049132,0.9895899280138972,0
2025-01-06,-0.0016050374555571121,-0.0016050374555571121,-0.0016410144531968651,0.0,0.3,5,-0.001267112628849483,-0.001271569984378546,3.597699763975299e-05,3.597699763975299e-05,-0.0003379248267076291,-0.00033346747117856605,0.0,-0.0016050374555571121,-0.0016410144531968651,3.597699763975299e-05,1.1423755874997354,1.1543513023386436,0.9896255890086093,0
2025-01-07,0.005746538493502722,0.0051225384935027225,0.0071997925586930744,0.48,0.3,5,0.011377560425882812,0.01122737876488367,-0.0014532540651903524,-0.002077254065190352,-0.006255021932380089,-0.0061048402713809475,0.0006239999999999996,0.0051225384935027225,0.0071997925586930744,-0.002077254065190352,1.1482274504207406,1.162662392255339,0.9875845800717804,0
2025-01-08,0.0013166460905544254,0.0010046460905544252,-0.0018150707349940953,0.24,0.3,5,-0.0012574539527204145,-0.0010737027481339191,0.0031317168255485207,0.0028197168255485205,0.00226210004327484,0.0020783488386883443,0.0003120000000000002,0.0010046460905544252,-0.0018150707349940953,0.0028197168255485205,1.1493810126398731,1.160552077772478,0.9903743525632678,0
2025-01-09,-0.0016131830901270415,-0.0019251830901270415,-0.0024643624763153182,0.24,0.3,5,-0.0007728436700921962,-0.0007619804538916558,0.0008511793861882768,0.0005391793861882768,-0.0011523394200348453,-0.0011632026362353857,0.000312,-0.0019251830901270415,-0.0024643624763153182,0.0005391793861882768,1.1471682437502257,1.1576920567802058,0.9909096611932805,0
2025-01-10,-0.014321032197233971,-0.014477032197233971,-0.012539216550759513,0.12,0.3,5,-0.014833161373109027,-0.014893927917408262,-0.0017818156464744581,-0.001937815646474458,0.000356129175875056,0.00041689572017429045,0.0001559999999999999,-0.014477032197233971,-0.012539216550759513,-0.001937815646474458,1.1305606521498095,1.1431755053811445,0.9889650773901693,0
2025-01-13,-0.005431861712577372,-0.005743861712577372,-0.0026705028286013732,0.24,0.3,5,-0.0011885692516897632,-0.0014039353014148707,-0.0027613588839759985,-0.003073358883975999,-0.004555292460887609,-0.004339926411162502,0.00031200000000000064,-0.005743861712577372,-0.0026705028286013732,-0.003073358883975999,1.1240668681061798,1.1401226519604364,0.9859174942041116,0
2025-01-14,0.025919286030438374,0.025607286030438374,0.026333420460855406,0.24,0.3,5,0.030511127500007697,0.03039809355077612,-0.0004141344304170319,-0.0007261344304170317,-0.0049038414695693235,-0.004790807520337746,0.0003119999999999998,0.025607286030438374,0.026333420460855406,-0.0007261344304170317,1.1528511699151138,1.170145981131456,0.9852199541807432,0
2025-01-15,-0.004162399559482608,-0.0043183995594826075,-0.006416240428871345,0.12,0.3,5,-0.008231710494605776,-0.008061731460790332,0.0022538408693887372,0.0020978408693887373,0.003913310935123169,0.0037433319013077246,0.0001559999999999999,-0.0043183995594826075,-0.006416240428871345,0.0020978408693887373,1.1478726979308034,1.162638043179639,0.987300135811439,0
2025-01-16,0.0032791834197137028,0.0032791834197137028,0.001147937342895089,0.0,0.3,5,0.0037435716719760284,0.003819972847612218,0.002131246076818614,0.002131246076818614,-0.00046438825226232565,-0.0005407894278985151,0.0,0.0032791834197137028,0.001147937342895089,0.002131246076818614,1.1516367830498,1.1639726788056755,0.9894019026558828,0
2025-01-17,0.0018022656498197119,0.0018022656498197119,0.003146866542629967,0.0,0.3,5,0.0054695377636696,0.005354548259351475,-0.001344600892810255,-0.001344600892810255,-0.003667272113849888,-0.003552282609531763,0.0,0.0018022656498197119,0.003146866542629967,-0.001344600892810255,1.1537123384649597,1.1676355454851444,0.9880757252774455,0
2025-01-20,0.001779159063045787,0.001623159063045787,0.004546679156274047,0.12,0.3,5,0.002513892170163638,0.00238418986781572,-0.00276752009322826,-0.00292352009322826,-0.0008907331071178512,-0.000761030804769933,0.0001559999999999999,0.001623159063045787,0.004546679156274047,-0.00292352009322826,1.1555849971032868,1.1729444096819264,0.9852001404027775,0
2025-01-21,0.002297625606436615,0.001985625606436615,0.0007671927581140991,0.24,0.3,5,0.00136066941700984,0.0014317103288324828,0.001530432848322516,0.0012184328483225157,0.0006249561894267749,0.000553915277604132,0.0003120000000000002,0.001985625606436615,0.0007671927581140991,0.0012184328483225157,1.157879556263949,1.1738442841387047,0.9863996203836614,0
2025-01-22,-0.011959986416192257,-0.012115986416192256,-0.009288150425773356,0.12,0.3,5,-0.004239821615726148,-0.004523356430686002,-0.0026718359904189005,-0.0028278359904189004,-0.007876164800466108,-0.007592629985506255,0.0001559999999999999,-0.012115986416192256,-0.009288150425773356,-0.0028278359904189004,1.1438507032886682,1.16294144185119,0.9835840929942845,0
2025-01-23,-0.0003199022603517169,-0.0009439022603517171,0.0017717331022466531,0.48,0.3,5,0.0013127473641474287,0.0011383265744556628,-0.0020916353625983703,-0.0027156353625983703,-0.002256649624499146,-0.0020822288348073797,0.0006240000000000002,-0.0009439022603517171,0.0017717331022466531,-0.0027156353625983703,1.1427710200243293,1.1650018636996924,0.9809177612774244,0
2025-01-24,0.005666050064535228,0.005198050064535228,0.007655562720718434,0.36000000000000004,0.3,5,0.009325565724986409,0.0091642777693324,-0.0019895126561832064,-0.002457512656183206,-0.004127515660451181,-0.003966227704797172,0.00046799999999999967,0.005198050064535228,0.007655562720718434,-0.002457512656183206,1.1487112009987157,1.1739206085369993,0.9785254578930164,0
2025-01-27,-0.004617468597024761,-0.004773468597024761,-0.004117939283883265,0.12,0.3,5,-0.005838857329101295,-0.005825125189914723,-0.0004995293131414957,-0.0006555293131414956,0.0010653887320765344,0.0010516565928899626,0.0001559999999999999,-0.004773468597024761,-0.004117939283883265,-0.0006555293131414956,1.1432278641536977,1.1690864747469447,0.97788135338847,0
2025-02-05,-0.0113254802256475,-0.0116374802256475,-0.005762362551355316,0.24,0.3,5,-0.0027384854801389426,-0.0030806454822848127,-0.005563117674292184,-0.005875117674292184,-0.008898994745508556,-0.008556834743362687,0.0003119999999999998,-0.0116374802256475,-0.005762362551355316,-0.005875117674292184,1.1299235724911998,1.1623497746255669,0.9721028877518278,0
2025-02-06,0.00908212095239124,0.00877012095239124,0.012581168146756472,0.24,0.3,5,0.016887430894385734,0.016542591540636906,-0.003499047194365232,-0.003811047194365232,-0.008117309941994494,-0.007772470588245666,0.0003119999999999998,0.00877012095239124,0.012581168146756472,-0.003811047194365232,1.1398331388889056,1.1769734925854756,0.9684441884795696,0
2025-02-07,0.009396235885140297,0.008928235885140298,0.012977774668958997,0.36000000000000004,0.3,5,0.013739216357081467,0.013517064780633876,-0.0035815387838186996,-0.004049538783818699,-0.00481098047194117,-0.004588828895493578,0.00046799999999999967,0.008928235885140298,0.012977774668958997,-0.004049538783818699,1.1500098380226056,1.1922479893635876,0.9645726797463267,0
2025-02-10,0.004877596998581375,0.004721596998581375,0.00214735119259557,0.12,0.3,5,0.003868315816241165,0.003993805708065047,0.002730245805985805,0.002574245805985805,0.0008532811823402102,0.0007277912905163282,0.0001559999999999999,0.004721596998581375,0.00214735119259557,0.002574245805985805,1.1554397210221523,1.1948081645054172,0.9670504063725065,0
2025-02-11,-0.0044589164789309715,-0.004770916478930971,-0.004595312999142842,0.24,0.3,5,-0.003543289788044791,-0.003592270916723295,0.00013639652021187054,-0.00017560347978812924,-0.0012276266908861802,-0.0011786455622076761,0.0003119999999999998,-0.004770916478930971,-0.004595312999142842,-0.00017560347978812924,1.1499272146167163,1.1893176470155835,0.9668798049892628,0
2025-02-12,0.007259915489003519,0.006947915489003519,0.009457950369587964,0.24,0.3,5,0.00983812689017223,0.009766894985879793,-0.0021980348805844454,-0.002510034880584445,-0.0028902114011687113,-0.0028189794968762737,0.0003119999999999998,0.006947915489003519,0.009457950369587964,-0.002510034880584445,1.1579168117223786,1.2005661542947321,0.96447564141319,0
2025-02-13,-0.0036603483717585856,-0.0038163483717585864,-0.0037557192387680516,0.12,0.3,5,-0.006694272695732371,-0.006644122424678752,9.537086700946596e-05,-6.0629132990534795e-05,0.002877924323973785,0.0028277740529201656,0.00015600000000000076,-0.0038163483717585864,-0.0037557192387680516,-6.0629132990534795e-05,1.15349779778333,1.1960571648916336,0.9644169456464403,0
2025-02-14,0.008945819530059382,0.008945819530059382,0.008672852121708985,0.0,0.3,5,0.007280070879181871,0.007317372993474166,0.0002729674083503976,0.0002729674083503976,0.0016657486508775115,0.0016284465365852168,0.0,0.008945819530059382,0.008672852121708985,0.0002729674083503976,1.1638167809106206,1.2064303918118493,0.9646779365055365,0
2025-02-17,0.003700142672374605,0.003388142672374605,0.002129926858497555,0.24,0.3,5,0.0038180154069565367,0.0038696347643657866,0.0015702158138770498,0.00125821581387705,-0.0004298727345819317,-0.00048149209199118163,0.0003119999999999998,0.003388142672374605,0.002129926858497555,0.00125821581387705,1.1677599582088494,1.209000000306277,0.9658891297874439,0
2025-02-18,-0.004364794887382367,-0.004520794887382367,-0.008769168289908702,0.12,0.3,5,-0.01339882418795844,-0.01309559480487409,0.004404373402526335,0.004248373402526335,0.008878029300576074,0.008574799917491722,0.0001559999999999999,-0.004520794887382367,-0.008769168289908702,0.004248373402526335,1.162480754960089,1.1983980758410917,0.9700288897278192,0
2025-02-19,0.005189329287730113,0.005033329287730113,0.006996887049368183,0.12,0.3,5,0.009179162679203514,0.009016898780527976,-0.0018075577616380708,-0.0019635577616380706,-0.004145833391473401,-0.0039835694927978635,0.0001559999999999999,0.005033329287730113,0.006996887049368183,-0.0019635577616380706,1.1683319033904522,1.206783131817932,0.9681374163976291,0
2025-02-20,-0.002585054636793309,-0.002741054636793309,-0.0028588431505905954,0.12,0.3,5,-0.0010956694320738334,-0.0011145159219584056,0.00027378851379728647,0.00011778851379728615,-0.0016453852047194758,-0.0016265387148349036,0.00015600000000000032,-0.002741054636793309,-0.0028588431505905954,0.00011778851379728615,1.1651294418093503,1.203333128127286,0.9682517788092553,0
2025-02-21,0.013251216825735466,0.013095216825735466,0.012611202042792646,0.12,0.3,5,0.013257517348927422,0.013279969050217576,0.0006400147829428195,0.0004840147829428196,-0.00016230052319195568,-0.00018475222448210982,0.0001559999999999999,0.013095216825735466,0.012611202042792646,0.0004840147829428196,1.180387064479892,1.218508605330885,0.9687145903736634,0
2025-02-24,-0.004321356392612261,-0.004477356392612261,-0.00219359629040905,0.12,0.3,5,0.0003964722456503484,0.00016988938390112787,-0.0021277601022032114,-0.0022837601022032113,-0.00487382863826261,-0.0046472457765133895,0.0001559999999999999,-0.004477356392612261,-0.00219359629040905,-0.0022837601022032113,1.1751020509109862,1.2158356893743996,0.96649741505419,0
2025-02-25,-0.0089306390644985,-0.0095546390644985,-0.011100640451211952,0.48,0.3,5,-0.01010272281777113,-0.010145960160211714,0.0021700013867134525,0.0015460013867134512,0.0005480837532726296,0.000591321095713214,0.0006240000000000013,-0.0095546390644985,-0.011100640451211952,0.0015460013867134512,1.1638743749505798,1.202339134538903,0.9680083942347311,0
2025-02-26,0.008957998030956295,0.008645998030956295,0.008735061870637661,0.24,0.3,5,0.010180531079943293,0.010124384314019335,0.00022293616031863334,-8.906383968136644e-05,-0.0015345330489869979,-0.00147838628306304,0.0003119999999999998,0.008645998030956295,0.008735061870637661,-8.906383968136644e-05,1.1739372305046831,1.2128416412685892,0.9679229262583585,0
2025-02-27,0.007298401118620807,0.007142401118620807,0.0020643235292401307,0.12,0.3,5,-0.0009378604177741457,-0.0005912119138476528,0.005234077589380676,0.0050780775893806765,0.008080261536394953,0.0077336130324684605,0.0001559999999999999,0.007142401118620807,0.0020643235292401307,0.0050780775893806765,1.1823219610930302,1.2153453388059021,0.9728279883433643,0
2025-02-28,-0.0165839064160373,-0.0168959064160373,-0.01967361890815733,0.24,0.3,5,-0.022122483585953468,-0.021926080155110654,0.00308971249212003,0.0027777124921200304,0.0052265771699161676,0.0050301737390733535,0.0003119999999999998,-0.0168959064160373,-0.01967361890815733,0.0027777124921200304,1.1623455598847767,1.1914350977684294,0.9755844544632455,0
2025-03-03,0.0023698422428280793,0.0020578422428280795,-0.000404853543350181,0.24,0.3,5,0.0011463768203492204,0.0012627751576067784,0.0027746957861782603,0.0024626957861782605,0.0009114654224788592,0.0007950670852213011,0.0003119999999999998,0.0020578422428280795,-0.000404853543350181,0.0024626957861782605,1.1647374836786712,1.190952741047426,0.9779879952703254,0
2025-03-04,-0.001826101119475405,-0.002138101119475405,-0.0008365750079118994,0.24,0.3,5,0.0032868524019622272,0.0031240625288467675,-0.0009895261115635055,-0.0013015261115635057,-0.005424953521437632,-0.005262163648322172,0.0003120000000000002,-0.002138101119475405,-0.0008365750079118994,-0.0013015261115635057,1.162247157160923,1.1899564197486616,0.9767140526090936,0
2025-03-05,0.005797425441503787,0.005641425441503787,0.004465589188650476,0.12,0.3,5,0.00493919034921627,0.005017464851530048,0.0013318362528533106,0.0011758362528533108,0.0007022350922875169,0.0006239605899737389,0.0001559999999999999,0.005641425441503787,0.004465589188650476,0.0011758362528533108,1.168803887842646,1.1952702762716565,0.9778574026691557,0
2025-03-06,0.0093181379989388,0.0090061379989388,0.013751525725120839,0.24,0.3,5,0.012723589583654864,0.012449127868360667,-0.0044333877261820386,-0.004745387726182038,-0.003717451584716064,-0.0034429898694218666,0.0003119999999999998,0.0090061379989388,0.013751525725120839,-0.004745387726182038,1.179330296950253,1.2117070662242784,0.973280035929053,0
2025-03-07,0.00022144277396159368,-9.055722603840653e-05,-0.0030894509881347343,0.24,0.3,5,-0.003964542672176793,-0.0037532859017534313,0.003310893762096328,0.0029988937620963278,0.0038739854461383866,0.003662728675715025,0.0003120000000000002,-9.055722603840653e-05,-0.0030894509881347343,0.0029988937620963278,1.1792235000699782,1.207963556631202,0.9762078446792098,0
2025-03-10,-0.002294087079147988,-0.002606087079147988,-0.003857110761489757,0.24,0.3,5,-0.0014468381428245462,-0.0014180794985110688,0.0015630236823417692,0.001251023682341769,-0.0011592489363234418,-0.0011880075806369192,0.0003120000000000002,-0.002606087079147988,-0.003857110761489757,0.001251023682341769,1.176150340943018,1.2033043073974323,0.977433832582928,0
2025-03-11,0.004429164415858939,0.004273164415858939,0.0032106226381793945,0.12,0.3,5,0.0038127605279949335,0.003858167293059848,0.001218541777679544,0.0010625417776795442,0.00046040388786400526,0.0004149971227990906,0.0001559999999999999,0.004273164415858939,0.0032106226381793945,0.0010625417776795442,1.181176224727636,1.2071676634473814,0.9784690730983301,0
2025-03-12,-0.006020432935826899,-0.006020432935826899,-0.003598757674812214,0.0,0.3,5,-0.002920201477274085,-0.0030685753807914895,-0.0024216752610146846,-0.0024216752610146846,-0.0031002314585528135,-0.002951857555035409,0.0,-0.006020432935826899,-0.003598757674812214,-0.0024216752610146846,1.1740650324812703,1.202823359553765,0.976090980571608,0
2025-03-13,-0.0023883516988971393,-0.0027003516988971395,-0.003985555727998191,0.24,0.3,5,-0.0055265048557763706,-0.005428556584316289,0.001597204029101052,0.0012852040291010517,0.002826153156879231,0.0027282048854191496,0.0003120000000000002,-0.0027003516988971395,-0.003985555727998191,0.0012852040291010517,1.1708946439761938,1.1980294400233253,0.9773504764235149,0
2025-03-14,0.018229083827122634,0.018073083827122634,0.02428108769263604,0.12,0.3,5,0.020392268931033544,0.020114281037691913,-0.006052003865513404,-0.006208003865513404,-0.002319185103910909,-0.002041197210569279,0.0001559999999999999,0.018073083827122634,0.02428108769263604,-0.006208003865513404,1.1920563210295043,1.2271188979148913,0.9714269114875788,0
2025-03-17,-0.0019641236346312338,-0.002276123634631234,-0.00243827823527365,0.24,0.3,5,-0.0007254387862285742,-0.000672799288735101,0.0004741546006424161,0.00016215460064241587,-0.0015506848484026598,-0.001603324345896133,0.0003120000000000002,-0.002276123634631234,-0.00243827823527365,0.00016215460064241587,1.1893430534633975,1.2241268406140124,0.9715848178501113,0
2025-03-18,0.00481118336239263,0.00449918336239263,0.0027360222995087558,0.24,0.3,5,0.002814457095392434,0.002861822472385365,0.002075161062883874,0.0017631610628838744,0.001684726267000196,0.001637360890007265,0.0003119999999999998,0.00449918336239263,0.0027360222995087558,0.0017631610628838744,1.1946941259417172,1.2274760789473596,0.9732932041871195,0
2025-03-19,0.002771765261169967,0.002303765261169967,0.0006100970703337705,0.36000000000000004,0.3,5,-0.005266671161294702,-0.0050282618490509285,0.0021616681908361965,0.0016936681908361964,0.007570436422464669,0.007332027110220895,0.0004680000000000001,0.002303765261169967,0.0006100970703337705,0.0016936681908361964,1.1974464207667854,1.2282249585070302,0.9749406348347963,0
2025-03-20,-0.0030615294870344773,-0.0033735294870344775,-0.008771752205892658,0.24,0.3,5,-0.006229510109672114,-0.0060480030326255,0.0057102227188581805,0.005398222718858181,0.0028559806226376365,0.0026744735455910226,0.0003120000000000002,-0.0033735294870344775,-0.008771752205892658,0.005398222718858181,1.1934067999571847,1.2174512735179137,0.9802501553173042,0
2025-03-21,-0.016209727303039496,-0.016209727303039496,-0.015168886637703216,0.0,0.3,5,-0.013293565086855398,-0.013383803321455785,-0.0010408406653362803,-0.0010408406653362803,-0.0029161622161840983,-0.002825923981583711,0.0,-0.016209727303039496,-0.015168886637703216,-0.0010408406653362803,1.1740620011682856,1.198983893162993,0.9792141561393607,0
2025-03-24,0.0055529775024784865,0.005396977502478487,0.005148037563891261,0.12,0.3,5,0.0036163185723617083,0.0037103209352349125,0.0004049399385872253,0.0002489399385872254,0.0017806589301167784,0.001686656567243574,0.0001559999999999999,0.005396977502478487,0.005148037563891261,0.0002489399385872254,1.1803983873751058,1.2051563072834968,0.9794566731644985,0
2025-03-25,0.0017868812631729285,0.0014748812631729283,-0.0006489449174740258,0.24,0.3,5,-0.001954014672231744,-0.0018210466505095464,0.0024358261806469543,0.002123826180646954,0.003428895935404672,0.003295927913682475,0.0003120000000000002,0.0014748812631729283,-0.0006489449174740258,0.002123826180646954,1.1821393348397249,1.2043742272231235,0.9815382196988185,0
2025-03-26,-0.00579015025904581,-0.00610215025904581,-0.00329031765698351,0.24,0.3,5,-0.0015946590362999192,-0.0017558783442400698,-0.0024998326020622998,-0.0028118326020622995,-0.00450749122274589,-0.00434627191480574,0.0003119999999999998,-0.00610215025904581,-0.00329031765698351,-0.0028118326020622995,1.1749257429914044,1.2004114534376753,0.9787691875370846,0
2025-03-27,0.0003114207011791371,-5.792988208631368e-07,0.003330929367335367,0.24,0.3,5,0.001453678805995734,0.0014230874319590594,-0.0030195086661562297,-0.00333150866615623,-0.0014542581048165972,-0.0014236667307799226,0.0003120000000000002,-5.792988208631368e-07,0.003330929367335367,-0.00333150866615623,1.1749250623583067,1.2044099392008165,0.9755192348694213,0
2025-03-28,-0.0016590101021476107,-0.002127010102147611,-0.004385476729204085,0.36000000000000004,0.3,5,-0.005273692120985556,-0.0051465752529206545,0.0027264666270564748,0.0022584666270564742,0.0031466820188379447,0.0030195651507730435,0.0004680000000000003,-0.002127010102147611,-0.004385476729204085,0.0022584666270564742,1.172425984881404,1.1991280274400293,0.9777321170487271,0
2025-03-31,-0.0035794975522933517,-0.0038914975522933515,-0.007116070832446364,0.24,0.3,5,-0.008020963293952818,-0.007813474975968066,0.0035365732801530122,0.0032245732801530124,0.004129465741659466,0.003921977423674714,0.0003119999999999998,-0.0038914975522933515,-0.007116070832446364,0.0032245732801530124,1.167863492030993,1.1905949474595945,0.9809074820306399,0
2025-04-01,-0.0035870041673244303,-0.00389900416732443,9.736821308825583e-05,0.24,0.3,5,0.0038612808646056426,0.0035492837321329665,-0.003684372380412686,-0.0039963723804126855,-0.007760285031930073,-0.007448287899457397,0.0003119999999999998,-0.00389900416732443,9.736821308825583e-05,-0.0039963723804126855,1.163309987408698,1.1907108735621406,0.9769877921149155,0
2025-04-02,-0.0008445053877838313,-0.0011565053877838315,-0.0008483971215664798,0.24,0.3,5,-0.0005223775561960078,-0.0005150068975923976,3.891733782648583e-06,-0.00030810826621735163,-0.0006341278315878236,-0.0006414984901914339,0.0003120000000000002,-0.0011565053877838315,-0.0008483971215664798,-0.00030810826621735163,1.1619646131405972,1.1897006778843926,0.9766865185005041,0
2025-04-03,-0.0019578307375861235,-0.0022698307375861237,-0.005890866967951491,0.24,0.3,5,-0.007672885892626336,-0.007436328748101115,0.003933036230365368,0.0036210362303653676,0.005403055155040212,0.005166498010514991,0.0003120000000000002,-0.0022698307375861237,-0.005890866967951491,0.0036210362303653676,1.1593271501457032,1.1826923094592938,0.9802440929676183,0
2025-04-07,-0.0637909327410595,-0.0639469327410595,-0.07045514967046262,0.12,0.3,5,-0.07935612963374869,-0.07879586536852333,0.0066642169294031245,0.006508216929403121,0.015409196892689186,0.014848932627463826,0.00015600000000000336,-0.0639469327410595,-0.07045514967046262,0.006508216929403121,1.0851917348504516,1.0993655457822342,0.9871072811166758,0
2025-04-08,0.021070602800153274,0.020602602800153275,0.017082996163803488,0.36000000000000004,0.3,5,0.012491653835957515,0.012738950433108971,0.0039876066363497865,0.003519606636349787,0.00811094896419576,0.007863652367044303,0.00046799999999999967,0.020602602800153275,0.017082996163803488,0.003519606636349787,1.107549509125585,1.1181460031834498,0.9905231570584737,0
2025-04-09,0.007828549127565147,0.007516549127565147,0.009870632380828193,0.24,0.3,5,0.016842924264395202,0.01663961326811701,-0.002042083253263046,-0.002354083253263046,-0.009326375136830056,-0.009123064140551862,0.0003119999999999998,0.007516549127565147,0.009870632380828193,-0.002354083253263046,1.115874459422138,1.129182811328966,0.9882141742034091,0
2025-04-10,0.009265416780706432,0.009109416780706432,0.013106454027012049,0.12,0.3,5,0.017670602033168833,0.01733808962896517,-0.003841037246305617,-0.003997037246305617,-0.0085611852524624,-0.008228672848258737,0.0001559999999999999,0.009109416780706432,0.013106454027012049,-0.003997037246305617,1.1260394249479597,1.1439823939337412,0.9843153451653376,0
2025-04-11,-0.002243472127395499,-0.002399472127395499,0.00412346061303448,0.12,0.3,5,0.0040984615165629715,0.00380230207770832,-0.006366932740429978,-0.006522932740429978,-0.006497933643958471,-0.006201774205103819,0.0001559999999999999,-0.002399472127395499,0.00412346061303448,-0.006522932740429978,1.1233375247334485,1.148699560277132,0.977921088837568,0
2025-04-14,0.005785146511662606,0.005473146511662606,0.0022998164492906703,0.24,0.3,5,0.0043737562879594865,0.004533761728973107,0.0034853300623719358,0.003173330062371936,0.0010993902237031198,0.0009393847826894997,0.0003119999999999998,0.005473146511662606,0.0022998164492906703,0.003173330062371936,1.129485715588363,1.1513413584211503,0.9810172346603112,0
2025-04-15,0.0022450651854123505,0.0021826651854123507,0.0005566695508354425,0.048,0.12,5,-0.0027273032893063848,-0.0023981321463854457,0.001688395634576908,0.0016259956345769083,0.0049099684747187355,0.004580797331797797,6.239999999999978e-05,0.0021826651854123507,0.0005566695508354425,0.0016259956345769083,1.1319510047371986,1.1519822750980009,0.9826114769351827,1
2025-04-16,0.0058664899921128935,0.005710489992112894,0.003080265023603479,0.12,0.3,5,0.0011058674177406125,0.0013185827198636505,0.0027862249685094145,0.0026302249685094146,0.0046046225743722816,0.004391907272249243,0.0001559999999999999,0.005710489992112894,0.003080265023603479,0.0026302249685094146,1.1384149996213127,1.1555306858077965,0.9851880297107655,0
2025-04-17,-0.0013384161072057664,-0.0014944161072057665,-0.00015858162768633832,0.12,0.3,5,-0.0009687486465588379,-0.0010320725917805245,-0.0011798344795194281,-0.0013358344795194282,-0.0005256674606469286,-0.000462343515425242,0.0001560000000000001,-0.0014944161072057665,-0.00015858162768633832,-0.0013358344795194282,1.136713733909194,1.1553474398707997,0.9838717728377107,0
2025-04-18,0.0014340159310771395,0.0011220159310771395,7.976730744463367e-05,0.24,0.3,5,0.0008920545655251075,0.0009403285429318708,0.0013542486236325058,0.0010422486236325058,0.000229961365552032,0.00018168738814526868,0.000312,0.0011220159310771395,7.976730744463367e-05,0.0010422486236325058,1.1379891448277144,1.1554395988252413,0.9848971300487978,0
2025-04-21,-0.0007687426917217959,-0.0009247426917217958,0.003275685794360994,0.12,0.3,5,0.007612170556759052,0.0073012713921937955,-0.0040444284860827896,-0.0042004284860827894,-0.008536913248480847,-0.008226014083915592,0.0001559999999999999,-0.0009247426917217958,0.003275685794360994,-0.0042004284860827894,1.1369367976827762,1.1592244559053553,0.9807736473216722,0
2025-04-22,0.001677391708470939,0.001521391708470939,-0.00024529175372134393,0.12,0.3,5,-0.002731017776945269,-0.002557295460291408,0.0019226834621922828,0.001766683462192283,0.004252409485416208,0.004078687168762347,0.0001559999999999999,0.001521391708470939,-0.00024529175372134393,0.001766683462192283,1.1386665238998261,1.1589401077056096,0.9825067890299183,0
2025-04-23,-0.003359684979217175,-0.003515684979217174,0.0007743755325448909,0.12,0.3,5,0.0016107721099392648,0.0013776513257281163,-0.004134060511762066,-0.004290060511762065,-0.005126457089156439,-0.00489333630494529,0.00015599999999999902,-0.003515684979217174,0.0007743755325448909,-0.004290060511762065,1.1346633311054142,1.1598375625687019,0.9782950369295386,0
2025-04-24,0.004713729345424537,0.004401729345424537,-0.0006667753928667475,0.24,0.3,5,-0.004117829365220451,-0.003763469983004362,0.005380504738291284,0.005068504738291285,0.008519558710644987,0.0081651993284289,0.0003119999999999998,0.004401729345424537,-0.0006667753928667475,0.005068504738291285,1.1396578119871181,1.1590642114222585,0.9832568383667655,0
2025-04-25,-0.00026613550659635907,-0.00042213550659635907,0.0006966308203342209,0.12,0.3,5,0.003423408767346015,0.0032995968811258152,-0.0009627663269305799,-0.00111876632693058,-0.003845544273942374,-0.0037217323877221744,0.000156,-0.00042213550659635907,0.0006966308203342209,-0.00111876632693058,1.1391767219593085,1.1598716512746816,0.9821575695098421,0
2025-04-28,0.000430110697972841,0.00027411069797284113,-0.001419305239403923,0.12,0.3,5,-0.003000551986502577,-0.0028783193145612367,0.001849415937376764,0.001693415937376764,0.003274662684475418,0.003152430012534078,0.0001559999999999999,0.00027411069797284113,-0.001419305239403923,0.001693415937376764,1.1394889824856793,1.1582254393629914,0.9838231347365183,0
2025-04-29,-0.00035860330959056844,-0.0005146033095905685,-0.0017299734177331771,0.12,0.3,5,-0.0018992968673635293,-0.0018366920683347164,0.0013713701081426088,0.0012153701081426085,0.0013846935577729608,0.0013220887587441477,0.0001560000000000001,-0.0005146033095905685,-0.0017299734177331771,0.0012153701081426085,1.1389025976840503,1.156221740141151,0.9850209160960887,0
2025-04-30,-0.0067423222852429545,-0.006898322285242954,-0.0011936711113711418,0.12,0.3,5,0.002002516510049845,0.0018136910944083027,-0.005548651173871813,-0.005704651173871813,-0.0089008387952928,-0.008712013379651258,0.0001559999999999999,-0.006898322285242954,-0.0011936711113711418,-0.005704651173871813,1.1310460805137252,1.1548415916516053,0.9793949998771271,0
2025-05-06,0.008195676793178232,0.008195676793178232,0.01007059806997379,0.0,0.3,5,0.015387394464462164,0.0151918493450705,-0.0018749212767955586,-0.0018749212767955586,-0.0071917176712839315,-0.006996172551892268,0.0,0.008195676793178232,0.01007059806997379,-0.0018749212767955586,1.140315768627807,1.1664715371556174,0.9775770195031163,0
2025-05-07,0.0076741163108571195,0.00736211631085712,0.006061269004120851,0.24,0.3,5,0.004387349613629232,0.004537146080025798,0.001612847306736269,0.0013008473067362691,0.0029747666972278876,0.0028249702308313215,0.0003119999999999998,0.00736211631085712,0.006061269004120851,0.0013008473067362691,1.148710905947549,1.1735418349279678,0.9788410363896888,0
2025-05-08,0.00575623931071783,0.00575623931071783,0.005550983955379785,0.0,0.3,5,0.004964218670911549,0.0049858615309600575,0.00020525535533804512,0.00020525535533804512,0.0007920206398062809,0.0007703777797577723,0.0,0.00575623931071783,0.005550983955379785,0.00020525535533804512,1.1553231608210146,1.18005614682462,0.9790408396497415,0
2025-05-09,0.002060484835992229,0.0019044848359922291,-0.0017492554886566758,0.12,0.3,5,-0.006153804371221062,-0.005861940127330674,0.003809740324648905,0.003653740324648905,0.008058289207213291,0.007766424963322903,0.0001559999999999999,0.0019044848359922291,-0.0017492554886566758,0.003653740324648905,1.1575234562614687,1.177991927132864,0.9826242689784692,0
2025-05-12,0.008320436582187654,0.008008436582187655,0.011557771724635346,0.24,0.3,5,0.014137715286828863,0.013922549867349318,-0.0032373351424476917,-0.0035493351424476915,-0.006129278704641208,-0.005914113285161664,0.0003119999999999998,0.008008436582187655,0.011557771724635346,-0.0035493351424476915,1.1667934094533334,1.191606888920129,0.9791764551736669,0
2025-05-13,0.002812855312678755,0.002656855312678755,0.0014518804456762346,0.12,0.3,5,0.00042874784437546364,0.0005382114955518091,0.0013609748670025202,0.0012049748670025203,0.002228107468303291,0.002118643817126946,0.0001559999999999999,0.002656855312678755,0.0014518804456762346,0.0012049748670025203,1.169893410722038,1.1933369596610852,0.9803546276269652,0
2025-05-14,0.00934074357835157,0.00918474357835157,0.012050664094831687,0.12,0.3,5,0.00956675021291513,0.009440206793065562,-0.0027099205164801167,-0.0028659205164801166,-0.0003820066345635604,-0.0002554632147139923,0.0001559999999999999,0.00918474357835157,0.012050664094831687,-0.0028659205164801166,1.1806385817135232,1.2077174625139087,0.9775784638039267,0
2025-05-15,-0.0072853410836584715,-0.007753341083658471,-0.009132557660878726,0.36000000000000004,0.3,5,-0.012325959822223096,-0.01218165845651105,0.0018472165772202547,0.001379216577220255,0.004572618738564625,0.004428317372852578,0.00046799999999999967,-0.007753341083658471,-0.009132557660878726,0.001379216577220255,1.1714846880929715,1.1966879131494503,0.978939183073932,0
2025-05-16,-0.007077544493942387,-0.007545544493942387,-0.004636006272728532,0.36000000000000004,0.3,5,-0.0025644280665653753,-0.0027186464860095706,-0.0024415382212138546,-0.002909538221213855,-0.004981116427377012,-0.004826898007932817,0.00046800000000000053,-0.007545544493942387,-0.004636006272728532,-0.002909538221213855,1.1626451982549937,1.191140060477591,0.9760776560472895,0
2025-05-19,-0.0021994941080489116,-0.0023554941080489115,-0.003070156289188164,0.12,0.3,5,-0.0015594742706368074,-0.0015462327403990028,0.0008706621811392524,0.0007146621811392525,-0.0007960198374121041,-0.0008092613676499087,0.0001559999999999999,-0.0023554941080489115,-0.003070156289188164,0.0007146621811392525,1.1599065943407527,1.1874830743296119,0.9767773700653145,0
2025-05-20,0.00799569538334291,0.00768369538334291,0.005422855831583195,0.24,0.3,5,0.004096693624377704,0.0042856580141960735,0.0025728395517597147,0.002260839551759715,0.003587001758965206,0.003398037369146837,0.0003119999999999998,0.00768369538334291,0.005422855831583195,0.002260839551759715,1.1688189632847978,1.1939226238441465,0.9789737960752257,0
2025-05-21,0.003742083774114475,0.003430083774114475,0.004671473451456354,0.24,0.3,5,0.0033425682883269268,0.003338547428906087,-0.0009293896773418788,-0.0012413896773418786,8.751548578754846e-05,9.153634520838805e-05,0.0003119999999999998,0.003430083774114475,0.004671473451456354,-0.0012413896773418786,1.1728281102456384,1.1995000016845276,0.9777641588983473,0
2025-05-22,-0.0003310580690002675,-0.0007990580690002676,-0.0006423277491894863,0.36000000000000004,0.3,5,-0.0028359548392840835,-0.0028101698861003354,0.00031126968018921884,-0.00015673031981078126,0.0020368967702838157,0.0020111118171000676,0.0004680000000000001,-0.0007990580690002676,-0.0006423277491894863,-0.00015673031981078126,1.1718909524805963,1.198729529548293,0.9776108151120545,0
2025-05-23,-0.008766777840232236,-0.009390777840232236,-0.008071560769940644,0.48,0.3,5,-0.009037879040894939,-0.009065018919644358,-0.0006952170702915917,-0.0013192170702915913,-0.0003528987993372968,-0.0003257589205878774,0.0006239999999999996,-0.009390777840232236,-0.008071560769940644,-0.0013192170702915913,1.1608859848928728,1.1890539113038214,0.9763106397925541,0
2025-05-26,-0.008325455174573303,-0.008637455174573302,-0.005709900802728041,0.24,0.3,5,5.704156370730441e-05,-0.00022754942955726393,-0.002615554371845262,-0.002927554371845262,-0.008694496738280606,-0.008409905745016039,0.0003119999999999998,-0.008637455174573302,-0.005709900802728041,-0.002927554371845262,1.1508588842355703,1.1822645314211808,0.9734360235370858,0
2025-05-27,-0.007655936675402213,-0.007967936675402212,-0.0053650848563330245,0.24,0.3,5,-0.005564648681179295,-0.0056416736218544376,-0.0022908518190691883,-0.0026028518190691873,-0.0024032879942229163,-0.002326263053547774,0.0003119999999999989,-0.007967936675402212,-0.0053650848563330245,-0.0026028518190691873,1.1416889135236572,1.1759215818874733,0.9708886469207673,0
2025-05-28,-0.0024085656468448226,-0.003032565646844822,-0.0008231240693037378,0.48,0.3,5,-0.00045174674235304036,-0.0005083198028012833,-0.0015854415775410848,-0.0022094415775410843,-0.0025808189044917817,-0.0025242458440435387,0.0006239999999999996,-0.003032565646844822,-0.0008231240693037378,-0.0022094415775410843,1.1382266669451218,1.174953652529808,0.9687417580211705,0
2025-05-29,0.0028394694531886163,0.0022154694531886163,0.005855530391425834,0.48,0.3,5,0.010853269407660958,0.010574107786553997,-0.0030160609382372176,-0.0036400609382372176,-0.008637799954472341,-0.00835863833336538,0.000624,0.0022154694531886163,0.005855530391425834,-0.0036400609382372176,1.1407483733565433,1.1818336293507132,0.9652360070200898,0
2025-05-30,-0.002813659617401454,-0.002969659617401454,-0.004785938517424926,0.12,0.3,5,-0.00514462745649905,-0.005000219874969159,0.001972278900023472,0.0018162789000234717,0.002174967839097596,0.002030560257567705,0.00015600000000000032,-0.002969659617401454,-0.004785938517424926,0.0018162789000234717,1.13736073897857,1.1761774462628156,0.9669975755719669,0
2025-06-03,0.0034844596378770572,0.0031724596378770575,0.0030676269245482057,0.24,0.3,5,0.0027113122804210106,0.0026841388066053276,0.0004168327133288515,0.00010483271332885173,0.0004611473574560468,0.0004883208312717298,0.0003119999999999998,0.0031724596378770575,0.0030676269245482057,0.00010483271332885173,1.1409689700166856,1.1797855198650178,0.967098638528151,0
2025-06-04,0.0017475119200634243,0.0014355119200634243,0.004343235940006185,0.24,0.3,5,0.006783503352385094,0.006600242156510667,-0.0025957240199427608,-0.0029077240199427605,-0.00534799143232167,-0.005164730236447243,0.000312,0.0014355119200634243,0.004343235940006185,-0.0029077240199427605,1.142606844573567,1.1849096067363944,0.9642987431932954,0
2025-06-05,-0.00023577266014142046,-0.0005477726601414202,0.002277949253231437,0.24,0.3,5,0.006296207451105177,0.006103220888189206,-0.0025137219133728574,-0.002825721913372857,-0.006843980111246597,-0.006650993548330626,0.0003119999999999998,-0.0005477726601414202,0.002277949253231437,-0.002825721913372857,1.1419809557828193,1.1876087706902063,0.9615800960438602,0
2025-06-06,0.0006587625435616286,0.00034676254356162857,-0.0009210957304880418,0.24,0.3,5,0.0007502758353513248,0.0007768267361749159,0.0015798582740496705,0.0012678582740496703,-0.00040351329178969623,-0.0004300641926132874,0.000312,0.00034676254356162857,-0.0009210957304880418,0.0012678582740496703,1.1423769520037454,1.1865148693220333,0.9628003673114455,0
2025-06-09,0.0018048662160144043,0.0014928662160144043,0.0029070330980449643,0.24,0.3,5,0.006530339208922004,0.006425469062566866,-0.00110216688203056,-0.00141416688203056,-0.0050374729929076,-0.004932602846552462,0.000312,0.0014928662160144043,0.0029070330980449643,-0.00141416688203056,1.1440823679613452,1.189964107318475,0.9614427535461367,0
2025-06-10,-0.0009839981520803716,-0.0009839981520803716,-0.005091235023245155,0.0,0.3,5,-0.008130799678739399,-0.007846981601159328,0.004107236871164784,0.004107236871164784,0.0071468015266590275,0.006862983449078957,0.0,-0.0009839981520803716,-0.005091235023245155,0.004107236871164784,1.1429565930254435,1.1839057203788905,0.9654118341954274,0
2025-06-11,0.005726385948464101,0.005414385948464101,0.007543723327272378,0.24,0.3,5,0.007197790932922622,0.007096804378238228,-0.0018173373788082769,-0.0021293373788082767,-0.0017834049844585205,-0.0016824184297741266,0.0003119999999999998,0.005414385948464101,0.007543723327272378,-0.0021293373788082767,1.149145001142425,1.1928367775790039,0.9633715381200298,0
2025-06-12,0.0026855297983783303,0.0023735297983783306,-0.0006229097475155543,0.24,0.3,5,0.0008294418595514414,0.000991910898281041,0.0033084395458938846,0.002996439545893885,0.001544087938826889,0.0013816189000972895,0.0003119999999999998,0.0023735297983783306,-0.0006229097475155543,0.002996439545893885,1.1518725310452937,1.192093747923055,0.96626002195898,0
2025-06-13,-0.004525338415066488,-0.004681338415066488,-0.007198244118646335,0.12,0.3,5,-0.00526058324609454,-0.005169597075055528,0.002672905703579847,0.002516905703579847,0.0005792448310280515,0.0004882586599890401,0.0001559999999999999,-0.004681338415066488,-0.007198244118646335,0.002516905703579847,1.1464802259164515,1.1835127661131928,0.9687096402699897,0
2025-06-16,0.003647845602069313,0.0031798456020693125,0.002487693256285839,0.36000000000000004,0.3,5,0.003633811390994013,0.003718748701911236,0.0011601523457834741,0.0006921523457834736,-0.0004539657889247005,-0.0005389030998419237,0.00046800000000000053,0.0031798456020693125,0.002487693256285839,0.0006921523457834736,1.1501258560206913,1.1864569828401808,0.9693784710740049,0
2025-06-17,-0.0009929605498589945,-0.0013049605498589947,-0.0008819516551094031,0.24,0.3,5,-8.748779702888911e-05,-9.759625955960858e-05,-0.00011100889474959137,-0.0004230088947495916,-0.0012174727528301056,-0.0012073642902993861,0.0003120000000000002,-0.0013049605498589947,-0.0008819516551094031,-0.0004230088947495916,1.1486249871512115,1.1854105851404488,0.968968053389806,0
2025-06-18,0.002352941561279347,0.002040941561279347,0.0011864989125354164,0.24,0.3,5,0.003517110101817391,0.0035606023032088573,0.0011664426487439307,0.0008544426487439305,-0.001476168540538044,-0.0015196607419295104,0.0003120000000000002,0.002040941561279347,0.0011864989125354164,0.0008544426487439305,1.1509692636258124,1.186817073510626,0.9697949998488182,0
2025-06-19,-0.007525007017448679,-0.007837007017448678,-0.008227055543231554,0.24,0.3,5,-0.010074538246276488,-0.009987900041950618,0.000702048525782875,0.00039004852578287605,0.00223753122882781,0.0021508930245019396,0.0003119999999999989,-0.007837007017448678,-0.008227055543231554,0.00039004852578287605,1.1419491094299092,1.1770530635271985,0.9701764047985266,0
2025-06-20,0.0030471244434894457,0.002735124443489446,0.0009245422018608895,0.24,0.3,5,-0.0016046039482572852,-0.0014261425986925654,0.002122582241628556,0.0018105822416285564,0.004339728391746732,0.004161267042182011,0.0003119999999999998,0.002735124443489446,0.0009245422018608895,0.0018105822416285564,1.145072482352332,1.1781412987582591,0.9719313664322088,0
2025-06-23,0.005729980107511107,0.005261980107511107,0.002926524815408671,0.36000000000000004,0.3,5,0.003760741012187686,0.003887140478619837,0.002803455292102436,0.002335455292102436,0.0015012390953234212,0.0013748396288912699,0.00046799999999999967,0.005261980107511107,0.002926524815408671,0.002335455292102436,1.1510978309761284,1.181589158505133,0.9741946451441885,0
2025-06-24,0.010348785301877654,0.010036785301877654,0.011957951441788905,0.24,0.3,5,0.012172615536715083,0.012081576691367817,-0.0016091661399112514,-0.0019211661399112512,-0.002135830234837429,-0.002044791389490163,0.0003119999999999998,0.010036785301877654,0.011957951441788905,-0.0019211661399112512,1.1626511527670929,1.1957185442866816,0.9723451712967156,0
2025-06-25,0.01232236891202173,0.01216636891202173,0.014352333286424601,0.12,0.3,5,0.014783413167097421,0.014658828205595803,-0.002029964374402872,-0.002185964374402872,-0.002617044255075692,-0.0024924592935740737,0.0001559999999999999,0.01216636891202173,0.014352333286424601,-0.002185964374402872,1.1767963956076446,1.2128798953510425,0.9702497338098309,0
2025-06-26,-0.0007369243736650751,-0.000892924373665075,-0.00354708716738128,0.12,0.3,5,-0.0025658114318276764,-0.002411075224619703,0.0028101627937162045,0.0026541627937162046,0.0016728870581626013,0.001518150850954628,0.0001559999999999999,-0.000892924373665075,-0.00354708716738128,0.0026541627937162046,1.1757456054231654,1.208577704638668,0.9728341015315034,0
2025-06-27,-0.01003676676501624,-0.01019276676501624,-0.006148398405025679,0.12,0.3,5,0.0005427239398926997,0.00021211610190631237,-0.0038883683599905614,-0.004044368359990561,-0.01073549070490894,-0.010404882866922552,0.0001559999999999999,-0.01019276676501624,-0.006148398405025679,-0.004044368359990561,1.1637615046920944,1.201146887407118,0.9688752615462989,0
2025-06-30,0.000514496339520065,4.649633952006488e-05,0.003651755342974017,0.36000000000000004,0.3,5,0.007231433987374122,0.007111047603423446,-0.003137259003453952,-0.003605259003453952,-0.0071849376478540575,-0.007064551263903381,0.0004680000000000001,4.649633952006488e-05,0.003651755342974017,-0.003605259003453952,1.163815615342137,1.2055331819709036,0.9653949246253319,0
2025-07-01,0.0056906666788903,0.0055346666788903005,0.0016978571391006447,0.12,0.3,5,0.0004723609412800205,0.0007089022190004417,0.003992809539789656,0.0038368095397896557,0.00506230573761028,0.004825764459889859,0.0001559999999999999,0.0055346666788903005,0.0016978571391006447,0.0038368095397896557,1.1702569468487434,1.2075800050903356,0.9690926828166552,0
2025-07-02,-0.0025081166727194044,-0.002820116672719404,0.00023407448889889437,0.24,0.3,5,-0.0007964845349724589,-0.0009270699202774395,-0.0027421911616182988,-0.0030541911616182985,-0.0020236321377469454,-0.0018930467524419646,0.0003119999999999998,-0.002820116672719404,0.00023407448889889437,-0.0030541911616182985,1.1669566857215694,1.2078626687628315,0.9661335811602153,0
2025-07-03,0.0032260147360363553,0.0029140147360363555,0.006182720125535335,0.24,0.3,5,0.006295597599797268,0.006106933764296898,-0.0029567053894989795,-0.0032687053894989793,-0.003381582863760913,-0.003192919028260542,0.0003119999999999998,0.0029140147360363555,0.006182720125535335,-0.0032687053894989793,1.170357214700078,1.2153305455938743,0.9629949802077755,0
2025-07-04,0.006517331508444259,0.00620533150844426,0.003562388906882541,0.24,0.3,5,0.001089438547484366,0.001261565610666299,0.0029549426015617183,0.0026429426015617194,0.0051158929609598945,0.0049437658977779615,0.0003119999999999989,0.00620533150844426,0.003562388906882541,0.0026429426015617194,1.1776196692005916,1.2196600256476935,0.9655310860706642,0
2025-07-07,-0.0004514170817092396,-0.0007634170817092394,-0.004276225568990322,0.24,0.3,5,-0.003229294711801404,-0.003002522640620071,0.003824808487281082,0.0035128084872810823,0.0024658776300921646,0.0022391055589108316,0.0003119999999999998,-0.0007634170817092394,-0.004276225568990322,0.0035128084872810823,1.1767206542293671,1.2144444842605435,0.9689373779369208,0
2025-07-08,0.006798825804794732,0.0064868258047947325,0.008392593859549047,0.24,0.3,5,0.012232964658475268,0.01207622692714495,-0.0015937680547543145,-0.0019057680547543143,-0.005746138853680536,-0.0055894011223502175,0.0003119999999999998,0.0064868258047947325,0.008392593859549047,-0.0019057680547543143,1.1843538361342572,1.2246368235819118,0.9671061765643859,0
2025-07-09,-0.0005380281710449951,-0.0008500281710449951,-0.001763707246055457,0.24,0.3,5,-0.0035720725982664988,-0.003479848749148314,0.001225679075010462,0.000913679075010462,0.0027220444272215037,0.002629820578103319,0.000312,-0.0008500281710449951,-0.001763707246055457,0.000913679075010462,1.1833471020090578,1.2224769227423742,0.9679913624499866,0
2025-07-10,0.005616233149391182,0.005148233149391181,0.004665956105733837,0.36000000000000004,0.3,5,0.0033500527403384018,0.003443033067998006,0.0009502770436573445,0.00048227704365734394,0.0017981804090527794,0.0017052000813931752,0.00046800000000000053,0.005148233149391181,0.004665956105733837,0.00048227704365734394,1.189439248786857,1.2281809464041626,0.9684560343239874,0
2025-07-11,-0.0044768435156701146,-0.004944843515670114,0.0011926860393338679,0.36000000000000004,0.3,5,0.0029811540230375664,0.0026149608603892273,-0.005669529555003982,-0.006137529555003982,-0.00792599753870768,-0.0075598043760593415,0.00046799999999999967,-0.004944843515670114,0.0011926860393338679,-0.006137529555003982,1.1835576578302098,1.2296457806727148,0.9625191875848254,0
2025-07-14,0.0018304647458286727,0.0013624647458286726,0.0007125622726074088,0.36000000000000004,0.3,5,0.002088205936153666,0.0021398551425395556,0.0011179024732212639,0.0006499024732212638,-0.0007257411903249934,-0.0007773903967108831,0.0004680000000000001,0.0013624647458286726,0.0007125622726074088,0.0006499024732212638,1.185170213413659,1.2305219798646931,0.9631442857639805,0
2025-07-15,-0.0017555197790417565,-0.0020675197790417568,0.00034761460367627173,0.24,0.3,5,0.0024280813508598463,0.0022675065617207405,-0.0021031343827180283,-0.0024151343827180285,-0.0044956011299016035,-0.004335026340762497,0.0003120000000000002,-0.0020675197790417568,0.00034761460367627173,-0.0024151343827180285,1.1827198505558951,1.2309497272750387,0.960818971197215,0
2025-07-16,-0.004305445008244391,-0.004773445008244391,-0.0029515575814113015,0.36000000000000004,0.3,5,-0.001877000880971971,-0.0019909566811457005,-0.0013538874268330895,-0.0018218874268330892,-0.00289644412727242,-0.00278248832709869,0.00046799999999999967,-0.004773445008244391,-0.0029515575814113015,-0.0018218874268330892,1.1770742023891074,1.2273165082751638,0.9590632851857704,0
2025-07-17,0.005693707002410766,0.005225707002410766,0.00681001374051049,0.36000000000000004,0.3,5,0.0094865865166598,0.009359661474628885,-0.0011163067380997238,-0.0015843067380997243,-0.004260879514249034,-0.004133954472218119,0.00046800000000000053,0.005225707002410766,0.00681001374051049,-0.0015843067380997243,1.1832252472908893,1.235674550560473,0.9575541122492214,0
2025-07-18,0.0046233320385906124,0.004311332038590613,0.005962982691001262,0.24,0.3,5,0.005678524077399564,0.005601845606224386,-0.0013396506524106493,-0.0016516506524106491,-0.0013671920388089514,-0.0012905135676337734,0.0003119999999999998,0.004311332038590613,0.005962982691001262,-0.0016516506524106491,1.1883265242084038,1.2430428565171758,0.9559819421978103,0
2025-07-21,0.005769879116456426,0.0056138791164564265,0.006667063195941569,0.12,0.3,5,0.01047472268657052,0.010363584499010346,-0.000897184079485143,-0.0010531840794851428,-0.004860843570114093,-0.004749705382553919,0.0001559999999999999,0.0056138791164564265,0.006667063195941569,-0.0010531840794851428,1.1949976456661886,1.2513303017968396,0.9549817853449561,0
2025-07-22,0.010933182744668497,0.010465182744668497,0.008163046119558537,0.36000000000000004,0.3,5,0.01028973660348533,0.010487414178446378,0.0027701366251099598,0.00230213662510996,0.00017544614118316683,-2.2231433777880963e-05,0.00046799999999999967,0.010465182744668497,0.008163046119558537,0.00230213662510996,1.207503514407534,1.2615449687612084,0.9571624827557743,0
2025-07-23,0.0012709958179906943,0.0008029958179906943,0.00019672450184127221,0.36000000000000004,0.3,5,-0.0019438480674648358,-0.001824054839046636,0.001074271316149422,0.0006062713161494221,0.00274684388545553,0.0026270506570373305,0.000468,0.0008029958179906943,0.00019672450184127221,0.0006062713161494221,1.2084731346798123,1.2617931455667384,0.9577426687771574,0
2025-07-24,0.007335352451762653,0.007179352451762653,0.0071043554995868785,0.12,0.3,5,0.011454090919836696,0.011390444235450653,0.00023099695217577466,7.499695217577478e-05,-0.004274738468074043,-0.004211091783688,0.0001559999999999999,0.007179352451762653,0.0071043554995868785,7.499695217577478e-05,1.2171491892421653,1.2707573726397865,0.9578139898679012,0
2025-07-25,-0.007014849784701151,-0.007170849784701151,-0.005271922389312067,0.12,0.3,5,-0.0036204268173089527,-0.0037236809986526693,-0.0017429273953890843,-0.0018989273953890842,-0.0035504229673921986,-0.003447168786048482,0.0001559999999999999,-0.007170849784701151,-0.005271922389312067,-0.0018989273953890842,1.2084211952405388,1.2640580383955835,0.9559855311504033,0
2025-07-28,0.0017824687326649879,0.001626468732664988,0.0020984873048641717,0.12,0.3,5,0.0017347849727367482,0.0017359939034510144,-0.0003160185721991838,-0.0004720185721991837,-0.00010831624007176023,-0.00010952517078602645,0.0001559999999999999,0.001626468732664988,0.0020984873048641717,-0.0004720185721991837,1.2103866545304873,1.266710648141768,0.955535233169543,0
2025-07-29,0.004363863080739165,0.0040518630807391655,0.003917115239085778,0.24,0.3,5,0.005410293657548326,0.0054377504199973024,0.00044674784165338755,0.00013474784165338777,-0.0013584305768091602,-0.001385887339258137,0.0003119999999999998,0.0040518630807391655,0.003917115239085778,0.00013474784165338777,1.2152909755293988,1.2716724997251163,0.9556634870944328,0
2025-07-30,-0.0010600867865073324,-0.0013720867865073326,-0.00018949790929712051,0.24,0.3,5,-0.0006258331513901191,-0.0005757948401415895,-0.0008705888772102119,-0.001182588877210212,-0.0007462536351172135,-0.0007962919463657431,0.0003120000000000002,-0.0013720867865073326,-0.00018949790929712051,-0.001182588877210212,1.2136234908401133,1.2714315204451077,0.9545331158812574,0
2025-07-31,-0.021057627909154993,-0.021213627909154993,-0.018222684852631565,0.12,0.3,5,-0.017321152944166508,-0.017491924065666326,-0.002834943056523428,-0.0029909430565234277,-0.003892474964988485,-0.0037217038434886676,0.0001559999999999999,-0.021213627909154993,-0.018222684852631565,-0.0029909430565234277,1.1878781336836213,1.2482626245363342,0.9516251711252328,0
2025-08-01,-0.003789829329427727,-0.003945829329427727,-0.0050698411558057765,0.12,0.3,5,-0.0038272960739695002,-0.003801142866405647,0.0012800118263780495,0.0011240118263780496,-0.00011853325545822671,-0.00014468646302208009,0.0001559999999999999,-0.003945829329427727,-0.0050698411558057765,0.0011240118263780496,1.1831909693039464,1.2419341313092058,0.9527002595996502,0
2025-08-04,0.0017912494336013406,0.0014792494336013404,0.0038900068425371526,0.24,0.3,5,0.004068381150646527,0.003969304110904545,-0.002098757408935812,-0.002410757408935812,-0.0025891317170451864,-0.0024900546773032046,0.0003120000000000002,0.0014792494336013404,0.0038900068425371526,-0.002410757408935812,1.1849412038751315,1.2467652635779791,0.9504124300628778,0
2025-08-05,0.008929174787073973,0.008617174787073974,0.008044729775498416,0.24,0.3,5,0.007379561862264888,0.007467862006471409,0.0008844450115755575,0.0005724450115755578,0.001237612924809086,0.0011493127806025648,0.0003119999999999998,0.008617174787073974,0.008044729775498416,0.0005724450115755578,1.1951520493413295,1.2567951532169421,0.9509521470401692,0
2025-08-06,0.0016134634801299196,0.0013014634801299196,0.0024455519136337145,0.24,0.3,5,0.0049671477801046466,0.004874246128064224,-0.0008320884335037949,-0.0011440884335037948,-0.003665684299974727,-0.0035727826479343043,0.000312,0.0013014634801299196,0.0024455519136337145,-0.0011440884335037948,1.1967074960867494,1.2598687110089375,0.9498668278922437,0
2025-08-07,0.0026533915309890858,0.002341391530989086,0.00028705585229782393,0.24,0.3,5,0.00021676139364974737,0.0003222048075166468,0.002366335678691262,0.002054335678691262,0.0021246301373393384,0.002019186723472439,0.0003119999999999998,0.002341391530989086,0.00028705585229782393,0.002054335678691262,1.1995094568831581,1.2602303636955596,0.9518176132224424,0
2025-08-08,0.00027619681386247506,0.00012019681386247517,-0.0023572022613742583,0.12,0.3,5,-0.0009767194262541548,-0.0008685362526368741,0.0026333990752367333,0.0024773990752367334,0.00109691624011663,0.0009887330664993493,0.0001559999999999999,0.00012019681386247517,-0.0023572022613742583,0.0024773990752367334,1.1996536340980735,1.257259745832404,0.9541812167889057,0
2025-08-11,-0.00021585448345330877,-0.0005278544834533085,0.004273773803145531,0.24,0.3,5,0.0071960482219308565,0.0068636156241780885,-0.004489628286598839,-0.004801628286598839,-0.0077239027053841655,-0.0073914701076313975,0.0003119999999999998,-0.0005278544834533085,0.004273773803145531,-0.004801628286598839,1.1990203915487239,1.2626329895978918,0.949619090762529,0
2025-08-12,0.006009066391729245,0.005697066391729245,0.005170295984199713,0.24,0.3,5,0.0043841227564394465,0.004416853463989334,0.0008387704075295318,0.000526770407529532,0.0013129436352897986,0.0012802129277399111,0.0003119999999999998,0.005697066391729245,0.005170295984199713,0.000526770407529532,1.2058512903244143,1.269161175873528,0.9501167489577994,0
2025-08-13,0.004835135798306204,0.004679135798306204,0.00790390482687342,0.12,0.3,5,0.0076509591408452935,0.007445348657485541,-0.003068769028567216,-0.003224769028567216,-0.0029718233425390893,-0.0027662128591793367,0.0001559999999999999,0.004679135798306204,0.00790390482687342,-0.003224769028567216,1.211493632264405,1.279192505017595,0.9470768688155667,0
2025-08-14,-0.0022389984490120154,-0.002550998449012015,-0.0007816208179632911,0.24,0.3,5,-0.006165520459298313,-0.006159444660754613,-0.0014573776310487243,-0.001769377631048724,0.0036145220102862976,0.0036084462117425982,0.0003119999999999998,-0.002550998449012015,-0.0007816208179632911,-0.001769377631048724,1.2084031138875106,1.2781926615254906,0.9453998213738077,0
2025-08-15,0.00952727158693209,0.00937127158693209,0.006958548113727536,0.12,0.3,5,0.011764614362231475,0.011830255956594125,0.002568723473204554,0.002412723473204554,-0.002393342775299385,-0.0024589843696620345,0.0001559999999999999,0.00937127158693209,0.006958548113727536,0.002412723473204554,1.219727387654245,1.2870870266593293,0.947665047032664,0
2025-08-18,0.005837795711474021,0.005681795711474021,0.008818677858427604,0.12,0.3,5,0.011880543024533941,0.011718236547780486,-0.002980882146953583,-0.0031368821469535827,-0.00619874731305992,-0.006036440836306465,0.0001559999999999999,0.005681795711474021,0.008818677858427604,-0.0031368821469535827,1.2266576294945863,1.2984374325231993,0.9447183197043801,0
2025-08-19,-0.006435911083866279,-0.006591911083866279,-0.003783165709871472,0.12,0.3,5,-0.0015745223381321274,-0.001756331450789373,-0.002652745373994807,-0.002808745373994807,-0.005017388745734152,-0.0048355796330769064,0.0001559999999999999,-0.006591911083866279,-0.003783165709871472,-0.002808745373994807,1.2185716114706118,1.293525228552064,0.9420547698436827,0
2025-08-20,0.010062790715624083,0.009750790715624083,0.011370458515621573,0.24,0.3,5,0.013701868429905752,0.013591420967985886,-0.0013076677999974903,-0.0016196677999974901,-0.003951077714281669,-0.0038406302523618027,0.0003119999999999998,0.009750790715624083,0.011370458515621573,-0.0016196677999974901,1.2304536482260624,1.308233203502225,0.9405461082412969,0
2025-08-21,0.0009084997642743774,0.0007524997642743775,0.0039038526937729134,0.12,0.3,5,0.002594637377495529,0.002440246309859166,-0.002995352929498536,-0.003151352929498536,-0.0018421376132211516,-0.0016877465455847887,0.0001559999999999999,0.0007524997642743775,0.0039038526937729134,-0.003151352929498536,1.231379564306303,1.3133403532178003,0.937593641502992,0
2025-08-22,0.023136646274409155,0.022512646274409156,0.020971435942042538,0.48,0.3,5,0.020772473804755626,0.02085243148802027,0.0021652103323666176,0.001541210332366618,0.0017401724696535295,0.0016602147863888847,0.0006239999999999996,0.022512646274409156,0.020971435942042538,0.001541210332366618,1.259101176867067,1.3408829863054068,0.939008988648833,0
2025-08-25,0.019544558251396334,0.019357358251396336,0.02083692277864846,0.14400000000000002,0.12,5,0.0214653574339478,0.02119052787535044,-0.0012923645272521246,-0.001479564527252123,-0.002107999182551463,-0.0018331696239541027,0.00018719999999999848,0.019357358251396336,0.02083692277864846,-0.001479564527252123,1.2834740494224377,1.368822861546256,0.9376480226028616,1
2025-08-26,-0.0031303948003893224,-0.0032551948003893224,-0.0037212743328440823,0.096,0.12,5,-1.0380525194739813e-05,-2.713673228396048e-06,0.0005908795324547599,0.00046607953245475986,-0.0032448142751945828,-0.0032524811271609265,0.0001248,-0.0032551948003893224,-0.0037212743328440823,0.00046607953245475986,1.2792960913703233,1.3637290961653739,0.9380866734951502,1
2025-08-27,-0.014660927974928387,-0.014785727974928387,-0.014927018327870134,0.096,0.12,5,-0.015632454902351687,-0.01556462814563057,0.0002660903529417471,0.00014129035294174752,0.0008467269274233004,0.0007789001707021841,0.00012479999999999956,-0.014785727974928387,-0.014927018327870134,0.00014129035294174752,1.2603807673639327,1.3433726869526637,0.9382212245382242,1
2025-08-28,0.015632109308219788,0.015320109308219787,0.017704778516881126,0.24,0.3,5,0.018050749368275613,0.017913501585241878,-0.0020726692086613374,-0.002384669208661339,-0.002730640060055826,-0.002593392277022091,0.0003120000000000015,0.015320109308219787,0.017704778516881126,-0.002384669208661339,1.279689938489926,1.367156802840788,0.9360227998945575,0
2025-08-29,0.00543992625744807,0.00525272625744807,0.00738770396941435,0.14400000000000002,0.12,5,0.006095025024629631,0.006078048715994099,-0.0019477777119662797,-0.00213497771196628,-0.0008422987671815613,-0.0008253224585460291,0.0001872000000000002,0.00525272625744807,0.00738770396941435,-0.00213497771196628,1.286411799431224,1.3772569525799467,0.9340390673079944,1
2025-09-01,0.012378840525443299,0.0119108405254433,0.005993649960034597,0.36000000000000004,0.3,5,0.007016201347127836,0.007243853783153299,0.006385190565408701,0.0059171905654087035,0.004894639178315465,0.004666986742290002,0.00046799999999999793,0.0119108405254433,0.005993649960034597,0.0059171905654087035,1.301734045224298,1.385511748658735,0.9395330256018838,0
2025-09-02,-0.008075763068312694,-0.008543763068312693,-0.00735199469302994,0.36000000000000004,0.3,5,-0.01179062562031663,-0.011836523851304103,-0.0007237683752827542,-0.0011917683752827538,0.003246862552003937,0.00329276078299141,0.00046799999999999967,-0.008543763068312693,-0.00735199469302994,-0.0011917683752827538,1.2906123379639454,1.3753254736354652,0.9384050268133306,0
2025-09-03,-0.004751324748909924,-0.005219324748909924,-0.006819624069982377,0.36000000000000004,0.3,5,-0.010270549080774476,-0.009922237107091923,0.0020682993210724534,0.0016002993210724537,0.005051224331864552,0.004702912358181999,0.00046799999999999967,-0.005219324748909924,-0.006819624069982377,0.0016002993210724537,1.2838762130471617,1.365946270931401,0.9399170672882485,0
2025-09-04,-0.018585845454444826,-0.018741845454444826,-0.021216303869546982,0.12,0.3,5,-0.01980428305052617,-0.019690331148044363,0.0026304584151021562,0.0024744584151021563,0.0010624375960813434,0.0009484856935995378,0.0001559999999999999,-0.018741845454444826,-0.021216303869546982,0.0024744584151021563,1.259814003479594,1.3369659397778457,0.9422932671635064,0
2025-09-05,0.022155445441780622,0.021999445441780625,0.021789657928137807,0.12,0.3,5,0.022938444834101974,0.022922489632124413,0.00036578751364281514,0.00020978751364281872,-0.0009389993923213484,-0.0009230441903437872,0.00015599999999999642,0.021999445441780625,0.021789657928137807,0.00020978751364281872,1.2875292129159346,1.3660979702671763,0.9424867329713729,0
2025-09-08,0.004120041062199051,0.0038080410621990513,0.0016250834104036826,0.24,0.3,5,0.008107912224117388,0.00806969781663725,0.0024949576517953685,0.0021829576517953687,-0.004299871161918337,-0.0042616567544381985,0.0003119999999999998,0.0038080410621990513,0.0016250834104036826,0.0021829576517953687,1.2924321770274991,1.3683179934156435,0.9445408035607896,0
2025-09-09,-0.006958527723391141,-0.007114527723391141,-0.007009375761109604,0.12,0.3,5,-0.0067861771375554245,-0.0068383782909386985,5.084803771846294e-05,-0.00010515196228153695,-0.00032835058583571657,-0.0002761494324524426,0.0001559999999999999,-0.007114527723391141,-0.007009375761109604,-0.00010515196228153695,1.2832371324734342,1.3587269384391059,0.9444407821542173,0
2025-09-10,0.002097087179911392,0.0016290871799113918,0.0020527433658958927,0.36000000000000004,0.3,5,0.0007727815705963166,0.0007067629683010255,4.434381401549918e-05,-0.0004236561859845009,0.0008563056093150752,0.0009223242116103662,0.0004680000000000001,0.0016290871799113918,0.0020527433658958927,-0.0004236561859845009,1.285327637634733,1.3615160561480508,0.9440414836319542,0
2025-09-11,0.017669728566105786,0.017513728566105786,0.02309587678617797,0.12,0.3,5,0.022169237004069958,0.021876628313881458,-0.005426148220072185,-0.005582148220072185,-0.004655508437964171,-0.004362899747775671,0.0001559999999999999,0.017513728566105786,0.02309587678617797,-0.005582148220072185,1.3078385169987816,1.3929614632232492,0.9388906667758798,0
2025-09-12,-0.005993953315664782,-0.006118753315664783,-0.0057247806717385386,0.096,0.12,5,-0.0036895891545762347,-0.0039203792516235925,-0.00026917264392624374,-0.00039397264392624417,-0.002429164161088548,-0.0021983740640411902,0.00012480000000000043,-0.006118753315664783,-0.0057247806717385386,-0.00039397264392624417,1.299836175736541,1.384987064362112,0.9385186397644882,1
2025-09-15,0.002016258319370254,0.001392258319370254,0.002445312890452467,0.48,0.3,5,0.0010811785935497522,0.0013022410527502933,-0.00042905457108221266,-0.0010530545710822129,0.0003110797258205017,9.001726661996066e-05,0.0006240000000000002,0.001392258319370254,0.002445312890452467,-0.0010530545710822129,1.3016458834660285,1.3883737910837066,0.9375327392560602,0
2025-09-16,-0.004843756537007149,-0.004843756537007149,-0.0021440283647959912,0.0,0.3,5,0.0004075183609173949,0.00020862770438874532,-0.002699728172211158,-0.002699728172211158,-0.005251274897924544,-0.005052384241395895,0.0,-0.004843756537007149,-0.0021440283647959912,-0.002699728172211158,1.2953410277091215,1.3853970782946838,0.9349962173325684,0
2025-09-17,0.007446358037416027,0.007134358037416027,0.006120769210039123,0.24,0.3,5,0.006363924235254552,0.006370414893020288,0.001325588827376904,0.0010135888273769041,0.0007704338021614753,0.0007639431443957389,0.0003119999999999998,0.007134358037416027,0.006120769210039123,0.0010135888273769041,1.304582454381353,1.393876774075188,0.9359381536771209,0
2025-09-18,-0.012894888463255757,-0.013518888463255756,-0.011626836427765741,0.48,0.3,5,-0.010970809179781967,-0.011082210961680846,-0.0012680520354900159,-0.0018920520354900154,-0.0025480792834737895,-0.00243667750157491,0.0006239999999999996,-0.013518888463255756,-0.011626836427765741,-0.0018920520354900154,1.2869459496894509,1.377670396822554,0.934146478473843,0
2025-09-19,-0.0014515287264066242,-0.0019195287264066239,0.0008471337622097952,0.36000000000000004,0.3,5,0.0012583288176890015,0.001153358917585615,-0.0022986624886164194,-0.002766662488616419,-0.0031778575440956254,-0.0030728876439922387,0.00046799999999999967,-0.0019195287264066239,0.0008471337622097952,-0.002766662488616419,1.2844756199696892,1.3788374679288995,0.9315641979899576,0
2025-09-22,0.002884616852908181,0.0027286168529081813,0.004595484215122125,0.12,0.3,5,0.0042505248300893144,0.004150607048857237,-0.0017108673622139442,-0.001866867362213944,-0.0015219079771811332,-0.0014219901959490553,0.0001559999999999999,0.0027286168529081813,0.004595484215122125,-0.001866867362213944,1.287980461793488,1.3851738937479856,0.9298330466714811,0
2025-09-23,-0.0026235670805945244,-0.002935567080594524,-0.0006257230341430997,0.24,0.3,5,-0.0025698872606615027,-0.002573847368585043,-0.0019978440464514247,-0.0023098440464514244,-0.0003656798199330215,-0.00036171971200948125,0.0003119999999999998,-0.002935567080594524,-0.0006257230341430997,-0.0023098440464514244,1.2841995087493983,1.3843071585363738,0.9276839325942523,0
2025-09-24,0.015031327919814427,0.014719327919814427,0.010242250609604042,0.24,0.3,5,0.01078481745884871,0.011006204283279968,0.004789077310210384,0.004477077310210385,0.003934510460965717,0.0037131236365344593,0.0003119999999999998,0.014719327919814427,0.010242250609604042,0.004477077310210385,1.303102062433145,1.3984855793747721,0.9317951372911041,0
2025-09-25,0.016163204982278592,0.015539204982278593,0.006004440404209221,0.48,0.3,5,0.0035625212320135394,0.003868169134478552,0.01015876457806937,0.009534764578069371,0.011976683750265053,0.011671035847800042,0.0006239999999999996,0.015539204982278593,0.006004440404209221,0.009534764578069371,1.323351232494124,1.406882702692274,0.9406265568278717,0
2025-09-26,-0.0034445337789398216,-0.0040685337789398215,-0.00945660568359008,0.48,0.3,5,-0.006855106080252375,-0.006483544652739701,0.006012071904650258,0.005388071904650259,0.002786572301312553,0.0024150108737998792,0.000624,-0.0040685337789398215,-0.00945660568359008,0.005388071904650259,1.31796713330332,1.3935783677298497,0.9457431055350688,0
2025-09-29,0.019107939444481074,0.018951939444481078,0.015385351809531267,0.12,0.3,5,0.014367303298790437,0.014598192581935246,0.0037225876349498074,0.003566587634949811,0.004584636145690641,0.004353746862545832,0.00015599999999999642,0.018951939444481078,0.015385351809531267,0.003566587634949811,1.3429451666035008,1.4150190611915257,0.9490650715847357,0
2025-09-30,0.017433137722669422,0.017121137722669422,0.00446763292402208,0.24,0.3,5,0.006614513403975582,0.007247152328267003,0.012965504798647342,0.012653504798647342,0.010506624318693841,0.009873985394402419,0.0003119999999999998,0.017121137722669422,0.00446763292402208,0.012653504798647342,1.3659379157549125,1.4213408469374238,0.9610206578514305,0
2025-10-09,0.023243735023690412,0.022775735023690416,0.014822892311246116,0.36000000000000004,0.3,5,0.017627431937104532,0.01772848985571544,0.008420842712444296,0.0079528427124443,0.005148303086585884,0.0050472451679749765,0.0004679999999999962,0.022775735023690416,0.014822892311246116,0.0079528427124443,1.3970481557829584,1.4424092292491526,0.9685518696453385,0
2025-10-10,-0.01635210843097419,-0.01666410843097419,-0.019672630662990076,0.24,0.3,5,-0.016340654798955148,-0.016141734548224082,0.003320522232015885,0.0030085222320158853,-0.0003234536320190426,-0.0005223738827501087,0.0003119999999999998,-0.01666410843097419,-0.019672630662990076,0.0030085222320158853,1.3737675938316987,1.414033245217246,0.9715242540995838,0
2025-10-13,-0.011163160625263568,-0.011319160625263567,-0.004950491939920476,0.12,0.3,5,-0.0020422710652928918,-0.0023830725577531483,-0.006212668685343092,-0.0063686686853430905,-0.009276889559970674,-0.00893608806751042,0.00015599999999999815,-0.011319160625263567,-0.004950491939920476,-0.0063686686853430905,1.3582176977753357,1.4070330850340185,0.9653061553577452,0
2025-10-14,-0.010192666710201706,-0.010504666710201706,-0.011953495211176945,0.24,0.3,5,-0.01109399628150812,-0.010999172664202314,0.0017608285009752395,0.0014488285009752397,0.0005893295713064149,0.0004945059540006087,0.0003119999999999998,-0.010504666710201706,-0.011953495211176945,0.0014488285009752397,1.3439500735403085,1.3902141217900967,0.966721638397532,0
2025-10-15,0.015373950836368803,0.015061950836368803,0.014809990358365388,0.24,0.3,5,0.011726873759370933,0.011879429320135262,0.0005639604780034151,0.00025196047800341535,0.0033350770769978704,0.003182521516233541,0.0003119999999999998,0.015061950836368803,0.014809990358365388,0.00025196047800341535,1.3641925834745068,1.4108031795298714,0.9669616593358565,0
2025-10-16,0.0025525544993257763,0.0023965544993257764,0.0026342035633508676,0.12,0.3,5,-0.000944658905040171,-0.000773961765713296,-8.164906402509126e-05,-0.00023764906402509115,0.0033412134043659474,0.0031705162650390722,0.0001559999999999999,0.0023965544993257764,0.0026342035633508676,-0.00023764906402509115,1.3674619453483796,1.4145195222925757,0.9667324655456662,0
2025-10-17,-0.026026304422998324,-0.026338304422998324,-0.02255906985368905,0.24,0.3,5,-0.023829661938715548,-0.023935422525267234,-0.003467234569309273,-0.0037792345693092727,-0.0025086424842827755,-0.00240288189773109,0.0003119999999999998,-0.026338304422998324,-0.02255906985368905,-0.0037792345693092727,1.3314453163449285,1.3826092775797707,0.9629946348078875,0
2025-10-20,0.004630077842323149,0.0044740778423231495,0.005313326102133198,0.12,0.3,5,0.0045636131131792015,0.004488479445376931,-0.0006832482598100485,-0.0008392482598100484,-8.953527085605196e-05,-1.4401603053781215e-05,0.0001559999999999999,0.0044740778423231495,0.005313326102133198,-0.0008392482598100484,1.3374023063330522,1.389955531543387,0.9621907147259737,0
2025-10-21,0.010449387100999016,0.009981387100999016,0.015347735117563044,0.36000000000000004,0.3,5,0.012626177785696153,0.012406599287133842,-0.004898348016564028,-0.005366348016564028,-0.002644790684697137,-0.002425212186134826,0.00046799999999999967,0.009981387100999016,0.015347735117563044,-0.005366348016564028,1.3507514364623314,1.4112882008667063,0.9571053138776349,0
2025-10-22,-0.010273312782767025,-0.010585312782767024,-0.003320730623673107,0.24,0.3,5,-0.0037670076386979766,-0.003990304164678906,-0.006952582159093917,-0.007264582159093917,-0.006818305144069048,-0.006595008618088118,0.0003119999999999998,-0.010585312782767024,-0.003320730623673107,-0.007264582159093917,1.3364533100156057,1.4066016929192597,0.9501291778214286,0
2025-10-23,0.003197406844324333,0.002729406844324333,0.002999344593550113,0.36000000000000004,0.3,5,0.003606907321006141,0.0035988638551318433,0.00019806225077422012,-0.00026993774922578,-0.000877500476681808,-0.0008694570108075104,0.0004680000000000001,0.002729406844324333,0.002999344593550113,-0.00026993774922578,1.3401010348270823,1.4108205761021955,0.9498734690484196,0
2025-10-24,0.007358279097167948,0.007046279097167948,0.011796511885009409,0.24,0.3,5,0.010839265917763267,0.010569470079089455,-0.004438232787841461,-0.0047502327878414605,-0.003792986820595319,-0.0035231909819215066,0.0003119999999999998,0.007046279097167948,0.011796511885009409,-0.0047502327878414605,1.3495437607368774,1.4274633377958008,0.9454139556542013,0
2025-10-27,0.01687750711341752,0.01656550711341752,0.011872743557892473,0.24,0.3,5,0.012712747090242968,0.013091763449703484,0.005004763555525045,0.004692763555525045,0.003852760023174551,0.0034737436637140347,0.0003119999999999998,0.01656550711341752,0.011872743557892473,0.004692763555525045,1.3718996375052324,1.4444112439437435,0.9497985032015333,0
2025-10-28,-0.006533385255280976,-0.006845385255280976,-0.005098707625962318,0.24,0.3,5,-0.00544114859083556,-0.0055503722884935455,-0.0014346776293186585,-0.0017466776293186582,-0.001404236664445416,-0.0012950129667874304,0.0003119999999999998,-0.006845385255280976,-0.005098707625962318,-0.0017466776293186582,1.3625084559549288,1.437046613319222,0.9481310093399625,0
2025-10-29,0.013069694259142804,0.012757694259142804,0.011906462377341054,0.24,0.3,5,0.01515396685215478,0.015163328589419536,0.0011632318818017504,0.0008512318818017506,-0.002396272593011976,-0.0024056343302767316,0.0003119999999999998,0.012757694259142804,0.011906462377341054,0.0008512318818017506,1.3798909222614983,1.4541567547551926,0.9489285922918284,0
2025-10-30,-0.00809061987725923,-0.00871461987725923,-0.00798822571402924,0.48,0.3,5,-0.006103669312745959,-0.0060566508405876995,-0.00010239416322999073,-0.0007263941632299903,-0.002610950564513271,-0.002657969036671531,0.0006239999999999996,-0.00871461987725923,-0.00798822571402924,-0.0007263941632299903,1.3678656974019088,1.4425406223746278,0.9482337455081207,0
2025-10-31,-0.012915245878027474,-0.013383245878027474,-0.014701636612666436,0.36000000000000004,0.3,5,-0.01135572032963733,-0.011367119253533219,0.0017863907346389613,0.0013183907346389617,-0.0020275255483901446,-0.002016126624494255,0.00046799999999999967,-0.013383245878027474,-0.014701636612666436,0.0013183907346389617,1.3495592144454593,1.4213329143454663,0.9495025414696322,0
2025-11-03,0.004894274540790776,0.004582274540790777,0.0027442603301301993,0.24,0.3,5,0.004506661920667598,0.004470524426220283,0.002150014210660577,0.0018380142106605773,7.561262012317858e-05,0.00011175011457049359,0.0003119999999999998,0.004582274540790777,0.0027442603301301993,0.0018380142106605773,1.3557432652751025,1.4252334218782128,0.9512429644601414,0
2025-11-04,-0.007008403017953748,-0.007476403017953747,-0.0074577253445586855,0.36000000000000004,0.3,5,-0.009403907919436707,-0.00929345827197551,0.0004493223266049378,-1.8677673395061864e-05,0.0019275049014829595,0.0018170552540217634,0.00046799999999999967,-0.007476403017953747,-0.0074577253445586855,-1.8677673395061864e-05,1.3456071822350293,1.4146044224659595,0.9512250639577012,0
2025-11-05,0.0026932847772613245,0.0023812847772613243,0.0018529027329989844,0.24,0.3,5,0.0014923771142792092,0.0016222401547011638,0.0008403820442623401,0.0005283820442623399,0.0008889076629821151,0.0007590446225601605,0.0003120000000000002,0.0023812847772613243,0.0018529027329989844,0.0005283820442623399,1.348811456134259,1.4172255468664592,0.9517267446360487,0
2025-11-06,0.013473834061515623,0.013161834061515623,0.01429490516735954,0.24,0.3,5,0.013869905009918618,0.013849332691805336,-0.0008210711058439166,-0.0011330711058439163,-0.0007080709484029949,-0.0006874986302897127,0.0003119999999999998,0.013161834061515623,0.01429490516735954,-0.0011330711058439163,1.3665642887001694,1.4374846516596744,0.9506635685621947,0
2025-11-07,-0.004220557610069093,-0.004532557610069094,-0.0031126241188909054,0.24,0.3,5,-0.0010475876223376061,-0.0011207914283993352,-0.0011079334911781877,-0.0014199334911781884,-0.003484969987731488,-0.0034117661816697583,0.00031200000000000064,-0.004532557610069094,-0.0031126241188909054,-0.0014199334911781884,1.3603702573337728,1.433010302262383,0.9493094747372515,0
2025-11-10,0.007513625034157973,0.007201625034157973,0.003474463421602847,0.24,0.3,5,0.005683219654032489,0.005870000583299066,0.004039161612555126,0.003727161612555126,0.0015184053801254836,0.0013316244508589066,0.0003119999999999998,0.007201625034157973,0.003474463421602847,0.003727161612555126,1.3701671338347117,1.4379892441403737,0.9528354536850476,0
2025-11-11,-0.004151204080336601,-0.0044632040803366,-0.009134129265100266,0.24,0.3,5,-0.009282485521171752,-0.009012517042749774,0.004982925184763665,0.0046709251847636656,0.004819281440835151,0.004549312962413173,0.0003119999999999998,-0.0044632040803366,-0.009134129265100266,0.0046709251847636656,1.3640517982922375,1.4248544645025716,0.9573271041182717,0
2025-11-12,-0.002010839623058547,-0.002166839623058547,-0.001345094021268145,0.12,0.3,5,-0.004647703101116375,-0.0046233650962795025,-0.0006657456017904019,-0.0008217456017904018,0.0024808634780578284,0.0024565254732209557,0.0001559999999999999,-0.002166839623058547,-0.001345094021268145,-0.0008217456017904018,1.3610961168077937,1.422937901281192,0.9565393651980758,0
2025-11-13,0.008763458930126788,0.008451458930126788,0.012089327039823683,0.24,0.3,5,0.010219287193967858,0.010061726390642147,-0.003325868109696895,-0.0036378681096968946,-0.0017678282638410696,-0.0016102674605153588,0.0003119999999999998,0.008451458930126788,0.012089327039823683,-0.0036378681096968946,1.3725993647389498,1.4401402629271407,0.9531011666523985,0
2025-11-14,-0.012994768950637869,-0.013462768950637869,-0.01572370046595184,0.36000000000000004,0.3,5,-0.014727853220194998,-0.014599080397863238,0.0027289315153139707,0.002260931515313971,0.0012650842695571297,0.0011363114472253688,0.00046799999999999967,-0.013462768950637869,-0.01572370046595184,0.002260931515313971,1.354120376629677,1.4174959288039173,0.9552904873400825,0
2025-11-17,-0.00630172804020295,-0.00661372804020295,-0.006500948826135278,0.24,0.3,5,-0.004705103718099788,-0.00476022577397867,0.00019922078593232785,-0.00011277921406767193,-0.0019086243221031612,-0.0018535022662242795,0.0003119999999999998,-0.00661372804020295,-0.006500948826135278,-0.00011277921406767193,1.3451645927249511,1.4082808603095078,0.9551820454545656,0
2025-11-18,-0.007387555156806076,-0.007699555156806075,-0.006493988487517255,0.24,0.3,5,-0.007398194274356679,-0.007424802301323111,-0.0008935666692888207,-0.0012055666692888205,-0.0003013608824493962,-0.0002747528554829645,0.0003119999999999998,-0.007699555156806075,-0.006493988487517255,-0.0012055666692888205,1.3348074237482828,1.399135500615467,0.9540229828784367,0
2025-11-19,0.007566973713168133,0.007098973713168134,0.004399858079545238,0.36000000000000004,0.3,5,0.00132255764468431,0.0014935434312113574,0.0031671156336228953,0.0026991156336228957,0.005776416068483824,0.005605430281956776,0.00046799999999999967,0.007098973713168134,0.004399858079545238,0.0026991156336228957,1.3442831865616136,1.4052914982522287,0.9565867211418474,0
2025-11-20,-0.005813477222313954,-0.006281477222313954,-0.005087709976273946,0.36000000000000004,0.3,5,-0.005320868153591743,-0.00547085993070697,-0.0007257672460400074,-0.001193767246040008,-0.0009606090687222114,-0.0008106172916069847,0.00046800000000000053,-0.006281477222313954,-0.005087709976273946,-0.001193767246040008,1.3358391023448872,1.3981417826769977,0.9554389396668909,0
2025-11-21,-0.018998567296410973,-0.019310567296410973,-0.024390352898410628,0.24,0.3,5,-0.025763206798212288,-0.025507262017137003,0.005391785601999655,0.005079785601999655,0.006452639501801315,0.00619669472072603,0.0003119999999999998,-0.019310567296410973,-0.024390352898410628,0.005079785601999655,1.310043291461879,1.3640406111954928,0.9604137008162178,0
2025-11-24,-0.0031408743703477656,-0.0032968743703477663,-0.0012483811999961514,0.12,0.3,5,0.0030756100516588143,0.0028920995894960782,-0.0018924931703516142,-0.002048493170351615,-0.00637248442200658,-0.0061889739598438446,0.00015600000000000076,-0.0032968743703477663,-0.0012483811999961514,-0.002048493170351615,1.3057242433102123,1.3623377685404452,0.9584438407731393,0
2025-11-25,0.008358100421521011,0.008046100421521011,0.009522582019015013,0.24,0.3,5,0.010096292380421737,0.009884344927583076,-0.0011644815974940024,-0.0014764815974940022,-0.002050191958900726,-0.0018382445060620648,0.0003119999999999998,0.008046100421521011,0.009522582019015013,-0.0014764815974940022,1.316230231694701,1.3753107416789734,0.9570420646085065,0
2025-11-26,0.003115221340383584,0.002803221340383584,0.006061992586102516,0.24,0.3,5,0.0022657940353047606,0.0022236181274849216,-0.0029467712457189317,-0.003258771245718932,0.0005374273050788234,0.0005796032128986624,0.0003120000000000002,0.002803221340383584,0.006061992586102516,-0.003258771245718932,1.3199199163690458,1.3836478651986184,0.9539420755580579,0
2025-11-27,-0.00029334261740220123,-0.00044934261740220123,-0.0004920283896928668,0.12,0.3,5,-0.0007339026637734868,-0.000700591391038844,0.00019868577229066554,4.268577229066554e-05,0.0002845600463712856,0.00025124877363664273,0.000156,-0.00044934261740220123,-0.0004920283896928668,4.268577229066554e-05,1.3193268200990633,1.3829670711676028,0.9539828153574115,0
2025-11-28,0.0026164535847445934,0.0024604535847445935,0.0024934431651024713,0.12,0.3,5,0.004859040986961571,0.0048340400016604335,0.00012301041964212205,-3.2989580357877836e-05,-0.0023985874022169774,-0.00237358641691584,0.0001559999999999999,0.0024604535847445935,0.0024934431651024713,-3.2989580357877836e-05,1.3225729625030258,1.3864154209587674,0.953951422141863,0
2025-12-01,0.018026408062666383,0.017714408062666383,0.0110067869884507,0.24,0.3,5,0.011959686391286585,0.012424100057086987,0.007019621074215682,0.006707621074215683,0.005754721671379798,0.005290308005579397,0.0003119999999999998,0.017714408062666383,0.0110067869884507,0.006707621074215683,1.3460015596534538,1.4016754001747638,0.9602805039495104,0
2025-12-02,-0.009480598709875566,-0.009948598709875566,-0.004840155074452679,0.36000000000000004,0.3,5,-0.006198479279527709,-0.006544165837254579,-0.004640443635422887,-0.005108443635422887,-0.003750119430347857,-0.0034044328726209865,0.00046799999999999967,-0.009948598709875566,-0.004840155074452679,-0.005108443635422887,1.332610730273595,1.3948910738738725,0.9553511060707318,0
2025-12-03,-0.0008605591459605465,-0.0011725591459605467,-0.005112953160864575,0.24,0.3,5,-0.005000853111505455,-0.004763208643803772,0.004252394014904029,0.003940394014904028,0.003828293965544908,0.0035906494978432254,0.0003120000000000002,-0.0011725591459605467,-0.005112953160864575,0.003940394014904028,1.3310481653738075,1.3877590611486472,0.9591349122751177,0
2025-12-04,0.0011595419806782492,0.0008475419806782492,0.0034247701514389384,0.24,0.3,5,0.0009313245825375313,0.000869786425303732,-0.002265228170760689,-0.0025772281707606894,-8.378260185928216e-05,-2.2244444625482847e-05,0.000312,0.0008475419806782492,0.0034247701514389384,-0.0025772281707606894,1.3321762845722664,1.392511816958658,0.956671439587372,0
2025-12-05,0.013319333882240287,0.013007333882240287,0.00835144516969999,0.24,0.3,5,0.007720127058138751,0.00802050694807169,0.004967888712540298,0.004655888712540298,0.005287206824101536,0.004986826934168596,0.0003119999999999998,0.013007333882240287,0.00835144516969999,0.004655888712540298,1.3495043462957004,1.4041413030461476,0.9610887047963637,0
2025-12-08,0.006043598266426393,0.005731598266426393,0.008118093849742936,0.24,0.3,5,0.006879370479184481,0.006784708465554794,-0.0020744955833165426,-0.0023864955833165424,-0.001147772212758088,-0.0010531101991284007,0.0003119999999999998,0.005731598266426393,0.008118093849742936,-0.0023864955833165424,1.3572391630674636,1.4155402539225765,0.9588135408416992,0
2025-12-09,-0.01127476399854803,-0.01158676399854803,-0.005091421450446942,0.24,0.3,5,-0.006018703356159288,-0.006382960243987808,-0.0061833425481010885,-0.006495342548101088,-0.005568060642388743,-0.005203803754560222,0.0003119999999999998,-0.01158676399854803,-0.005091421450446942,-0.006495342548101088,1.341513153195414,1.408333141909784,0.9525538477183332,0
2025-12-10,-0.0010598899870988502,-0.00121588998709885,-0.0013909503131558365,0.12,0.3,5,0.002946383618608418,0.002869696273756071,0.0003310603260569863,0.00017506032605698642,-0.004162273605707268,-0.004085586260854921,0.0001559999999999999,-0.00121588998709885,-0.0013909503131558365,0.00017506032605698642,1.3398820207848823,1.406374220485017,0.9527208343756447,0
2025-12-11,-0.006740347029927337,-0.006896347029927337,-0.008633273294054389,0.12,0.3,5,-0.00923353148576364,-0.009127232224017198,0.0018929262641270515,0.0017369262641270516,0.0023371844558363036,0.0022308851940898607,0.0001559999999999999,-0.006896347029927337,-0.008633273294054389,0.0017369262641270516,1.3306417293903894,1.394232607485857,0.9543900510187194,0
2025-12-12,0.007176910294427023,0.006864910294427023,0.006318987752869765,0.24,0.3,5,0.008005980663373788,0.008026394513348599,0.0008579225415572579,0.0005459225415572581,-0.0011410703689467647,-0.0011614842189215761,0.0003119999999999998,0.006864910294427023,0.006318987752869765,0.0005459225415572581,1.3397764654966755,1.403042746257212,0.9549078023963938,0
2025-12-15,-0.000346479996726122,-0.0005024799967261219,-0.006306639452515306,0.12,0.3,5,-0.005720191574973248,-0.005453466096829537,0.005960159455789184,0.005804159455789184,0.005217711578247126,0.004950986100103415,0.0001559999999999999,-0.0005024799967261219,-0.006306639452515306,0.005804159455789184,1.3391032546226789,1.3941942615201008,0.9604854155421958,0
2025-12-16,-0.010553547261887286,-0.010865547261887286,-0.01197372283965692,0.24,0.3,5,-0.010831453130127214,-0.010765666951257004,0.0014201755777696334,0.0011081755777696337,-3.409413176007174e-05,-9.988031063028202e-05,0.0003119999999999998,-0.010865547261887286,-0.01197372283965692,0.0011081755777696337,1.3245531649210291,1.377500565848019,0.9615627011416911,0
2025-12-17,0.016923796890802274,0.016767796890802274,0.01830339132077219,0.12,0.3,5,0.01769395113709344,0.01764078073838064,-0.0013795944299699152,-0.001535594429969915,-0.0009261542462911665,-0.0008729838475783659,0.0001559999999999999,0.016767796890802274,0.01830339132077219,-0.001535594429969915,1.3467630033614941,1.4027134977493205,0.960112671277777,0
2025-12-18,-0.0038866635239441106,-0.0040426635239441105,-0.005913349163459758,0.12,0.3,5,-0.004247257257328622,-0.0041335068650820515,0.0020266856395156473,0.0018706856395156474,0.00020459373338451142,9.084334113794099e-05,0.0001559999999999999,-0.0040426635239441105,-0.005913349163459758,0.0018706856395156474,1.3413184936924072,1.394418763060831,0.961919424225284,0
2025-12-19,0.002911679178773485,0.002911679178773485,0.003379354464773998,0.0,0.3,5,0.004692877676630094,0.004644182998466573,-0.00046767528600051306,-0.00046767528600051306,-0.0017811984978566087,-0.0017325038196930875,0.0,0.002911679178773485,0.003379354464773998,-0.00046767528600051306,1.3452239828225954,1.3991309983335452,0.9614710734197466,0
2025-12-22,0.005976102230434517,0.005820102230434516,0.009510443561734139,0.12,0.3,5,0.009290267744987714,0.009162387961229276,-0.003534341331299622,-0.003690341331299623,-0.0034701655145531977,-0.00334228573079476,0.00015600000000000076,0.005820102230434516,0.009510443561734139,-0.003690341331299623,1.3530533239254552,1.412437354728669,0.9579563436180704,0
2025-12-23,0.0025805971867725597,0.0024245971867725598,0.001975573244433315,0.12,0.3,5,-0.0005394533533233356,-0.0004597703721801833,0.0006050239423392445,0.0004490239423392446,0.0029640505400958953,0.002884367558952743,0.0001559999999999999,0.0024245971867725598,0.001975573244433315,0.0004490239423392446,1.356333933208198,1.4152277281761092,0.9583856408439572,0
2025-12-24,0.0025358475052364372,0.002067847505236437,0.0028836327110881577,0.36000000000000004,0.3,5,0.005142302693407991,0.005078701695481793,-0.0003477852058517204,-0.0008157852058517205,-0.003074455188171554,-0.0030108541902453562,0.0004680000000000001,0.002067847505236437,0.0028836327110881577,-0.0008157852058517205,1.3591386249482502,1.419308725146717,0.957606052064362,0
2025-12-25,0.003523236748840983,0.0030552367488409834,0.0018293035828247373,0.36000000000000004,0.3,5,0.0027225045581310754,0.0028313531559530617,0.0016939331660162458,0.0012259331660162461,0.000332732190709908,0.00022388359288792173,0.00046799999999999967,0.0030552367488409834,0.0018293035828247373,0.0012259331660162461,1.3632911152219613,1.4219050716827621,0.9587778694737802,0
2025-12-26,0.005568301729491661,0.005256301729491661,0.0031672992843112535,0.24,0.3,5,0.004159178185470064,0.004315170506463285,0.0024010024451804075,0.0020890024451804077,0.001097123544021597,0.0009411312230283766,0.0003119999999999998,0.005256301729491661,0.0031672992843112535,0.0020890024451804077,1.3704569846687034,1.4264086705986616,0.9607744350667222,0
2025-12-29,-0.0076859278375206435,-0.008153927837520643,-0.0038365856172325463,0.36000000000000004,0.3,5,-0.002526907498980813,-0.002831676034603642,-0.003849342220288097,-0.004317342220288097,-0.00562702033853983,-0.005322251802917001,0.00046799999999999967,-0.008153927837520643,-0.0038365856172325463,-0.004317342220288097,1.3592823773112885,1.420936131608747,0.9566104676164047,0
2025-12-30,0.0014012261145958992,0.0009332261145958992,0.0025670930770997913,0.36000000000000004,0.3,5,0.0009150718568134735,0.0010234115668477234,-0.0011658669625038921,-0.001633866962503892,1.8154257782425657e-05,-9.018545225182421e-05,0.000468,0.0009332261145958992,0.0025670930770997913,-0.001633866962503892,1.3605508951229055,1.4245838069152008,0.9550514954041542,0
2025-12-31,0.0006775987321788702,0.0003655987321788696,-0.0045884770946363895,0.24,0.3,5,-0.0016685816364105028,-0.001458308130468227,0.00526607582681526,0.004954075826815259,0.0020341803685893726,0.0018239068626470967,0.00031200000000000064,0.0003655987321788696,-0.0045884770946363895,0.004954075826815259,1.3610483108052274,1.4180471367477805,0.959804702914688,0
2026-01-05,0.015120671472874974,0.014964671472874974,0.018964869843331567,0.12,0.3,5,0.016805119781326365,0.016645564690513672,-0.0038441983704565925,-0.0040001983704565924,-0.001840448308451391,-0.001680893217638698,0.0001559999999999999,0.014964671472874974,0.018964869843331567,-0.0040001983704565924,1.3814159516351392,1.4449402161279112,0.956036752397271,0
2026-01-06,0.019485399460120213,0.01901739946012021,0.0154624909095884,0.36000000000000004,0.3,5,0.017569733312452426,0.01770088985039685,0.004022908550531813,0.00355490855053181,0.0014476661476677845,0.001316509609723359,0.00046800000000000314,0.01901739946012021,0.0154624909095884,0.00355490855053181,1.4076868906079667,1.4672825910846878,0.9593836246413412,0
2026-01-07,0.00028542968780056934,0.00012942968780056902,-0.0029281771254092703,0.12,0.3,5,-0.0005963027853808176,-0.0004748650106226574,0.0032136068132098397,0.0030576068132098394,0.0007257324731813866,0.0006042946984232264,0.00015600000000000032,0.00012942968780056902,-0.0029281771254092703,0.0030576068132098394,1.4078690870827388,1.4629861277649625,0.9623256573413808,0
2026-01-08,-0.00175832753932935,-0.00207032753932935,-0.008167245026855396,0.24,0.3,5,-0.0023393454503573617,-0.002115938597048425,0.0064089174875260465,0.006096917487526046,0.0002690179110280116,4.5611057719074834e-05,0.0003120000000000002,-0.00207032753932935,-0.008167245026855396,0.006096917487526046,1.404954336939981,1.4510375615886157,0.96824119108386,0
2026-01-09,0.007378480949676835,0.007066480949676835,0.004489247588721934,0.24,0.3,5,0.008481710400223894,0.00840474908728489,0.002889233360954901,0.0025772333609549013,-0.0014152294505470585,-0.0013382681376080553,0.0003119999999999998,0.007066480949676835,0.004489247588721934,0.0025772333609549013,1.4148824199971333,1.4575516284631225,0.9707254222541807,0
2026-01-12,0.00831298513855416,0.00800098513855416,0.006512693284052684,0.24,0.3,5,0.012335792953194322,0.012372875311865403,0.0018002918545014755,0.0014882918545014757,-0.004334807814640162,-0.004371890173311244,0.0003119999999999998,0.00800098513855416,0.006512693284052684,0.0014882918545014757,1.4262028732123317,1.4670442151649743,0.9721607968386625,0
2026-01-13,-0.0029453618263450675,-0.0032573618263450673,-0.006029981113445548,0.24,0.3,5,-0.007400460191119146,-0.00718669838055245,0.003084619287100481,0.002772619287100481,0.004143098364774079,0.0039293365542073825,0.0003119999999999998,-0.0032573618263450673,-0.006029981113445548,0.002772619287100481,1.4215572144165063,1.45819796625494,0.9748725806191203,0
2026-01-14,-0.002333930496141874,-0.002645930496141874,-0.004012113003053819,0.24,0.3,5,-0.0014547803696708034,-0.0014452834869675714,0.001678182506911945,0.0013661825069119448,-0.0011911501264710706,-0.0012006470091743026,0.0003120000000000002,-0.002645930496141874,-0.004012113003053819,0.0013661825069119448,1.417795872830871,1.452347511233502,0.9762097995587257,0
2026-01-15,0.011304891032244578,0.011148891032244578,0.0020031292739712825,0.12,0.3,5,-0.0022474290396836093,-0.0016244177049422686,0.009301761758273295,0.009145761758273295,0.013396320071928187,0.012773308737186847,0.0001559999999999999,0.011148891032244578,0.0020031292739712825,0.009145761758273295,1.4336027245230285,1.4552567510492331,0.985120133261301,0
2026-01-16,0.011186369835953076,0.010874369835953076,-0.0041159193929286575,0.24,0.3,5,-0.004033811361375609,-0.003102093901906989,0.015302289228881733,0.014990289228881733,0.014908181197328684,0.013976463737860064,0.0003119999999999998,0.010874369835953076,-0.0041159193929286575,0.014990289228881733,1.4491922507473218,1.4492670315658993,0.9999484009385788,0
2026-01-19,0.0007449994195722963,0.00027699941957229617,0.0005458303951026977,0.36000000000000004,0.3,5,0.004303188402637857,0.004240817807744774,0.00019916902446959856,-0.00026883097553040153,-0.004026188983065561,-0.003963818388172478,0.0004680000000000001,0.00027699941957229617,0.0005458303951026977,-0.00026883097553040153,1.4495936761596275,1.4500580855623482,0.9996797304829754,0
2026-01-20,-0.0031120209638144125,-0.0037360209638144124,-0.003290219893497426,0.48,0.3,5,-0.0001611697976806184,-0.00011665307216364482,0.00017819892968301337,-0.0004458010703169866,-0.003574851166133794,-0.0036193678916507676,0.000624,-0.0037360209638144124,-0.003290219893497426,-0.0004458010703169866,1.4441779637964824,1.445287075602504,0.9992326010349472,0
2026-01-21,-0.0021310945392402523,-0.002443094539240252,0.0008881348113625176,0.24,0.3,5,0.0009117453330330392,0.0007994260324520447,-0.00301922935060277,-0.0033312293506027697,-0.0033548398722732914,-0.003242520571692297,0.0003119999999999998,-0.002443094539240252,0.0008881348113625176,-0.0033312293506027697,1.44064970049944,1.446570685366759,0.9959068817533671,0
2026-01-22,-0.004427057212315813,-0.004895057212315813,0.00013548393489548616,0.36000000000000004,0.3,5,0.0027833170962965922,0.0025123857537039896,-0.004562541147211299,-0.005030541147211299,-0.007678374308612405,-0.0074074429660198025,0.00046799999999999967,-0.004895057212315813,0.00013548393489548616,-0.005030541147211299,1.4335976377925896,1.446766672455317,0.99089760988178,0
2026-01-23,-0.0015318706303238437,-0.001999870630323844,-0.004490644862106263,0.36000000000000004,0.3,5,0.0034497980886243674,0.003517604845866242,0.0029587742317824196,0.0024907742317824195,-0.005449668718948211,-0.0055174754761900865,0.0004680000000000001,-0.001999870630323844,-0.004490644862106263,0.0024907742317824195,1.4307306279810668,1.440269757130989,0.9933768454814158,0
2026-01-26,0.0007117024920613409,0.0003997024920613409,0.0009500060031939483,0.24,0.3,5,-0.0004050040189167244,-0.00038789599796487076,-0.00023830351113260742,-0.0005503035111326074,0.0008047065109780653,0.0007875984900262117,0.00031200000000000005,0.0003997024920613409,0.0009500060031939483,-0.0005503035111326074,1.4313024945785395,1.4416380220464822,0.9928307055516815,0
2026-01-27,-0.0016688713407801356,-0.002292871340780136,-0.0002702803760555872,0.48,0.3,5,-0.0041662138446531055,-0.00406918768741799,-0.0013985909647245484,-0.002022590964724549,0.0018733425038729695,0.0017763163466378538,0.0006240000000000004,-0.002292871340780136,-0.0002702803760555872,-0.002022590964724549,1.4280207021087332,1.4412483755797474,0.9908220722429656,0
2026-01-28,0.0077804311740147306,0.007624431174014731,0.0026137708381157587,0.12,0.3,5,0.0018026224355875103,0.0021204152509234925,0.005166660335898972,0.005010660335898972,0.00582180873842722,0.005504015923091238,0.0001559999999999999,0.007624431174014731,0.0026137708381157587,0.005010660335898972,1.4389085476670296,1.4450154685543195,0.9957738024123717,0
2026-01-29,0.011262226023618918,0.010794226023618918,0.00760457087734423,0.36000000000000004,0.3,5,0.0035458548658488707,0.003631948831796153,0.0036576551462746878,0.003189655146274688,0.007248371157770047,0.007162277191822765,0.00046799999999999967,0.010794226023618918,0.00760457087734423,0.003189655146274688,1.4544404517578646,1.4560041911037995,0.9989260062879699,0
2026-01-30,-0.016418816817990303,-0.016730816817990303,-0.009998086401063921,0.24,0.3,5,-0.012437609523556502,-0.012730567576758691,-0.006420730416926382,-0.006732730416926382,-0.0042932072944338005,-0.004000249241231612,0.0003119999999999998,-0.016730816817990303,-0.009998086401063921,-0.006732730416926382,1.4301064749868289,1.4414469354008326,0.9921325855739184,0
2026-02-02,-0.0376710796237604,-0.038139079623760404,-0.021324468242318484,0.36000000000000004,0.3,5,-0.02120504234943981,-0.02183720918417545,-0.016346611381441917,-0.01681461138144192,-0.016934037274320593,-0.016301870439584955,0.00046800000000000314,-0.038139079623760404,-0.021324468242318484,-0.01681461138144192,1.375563530266851,1.4107088460038901,0.9750867687286465,0
2026-02-03,0.01913156377144293,0.01866356377144293,0.011751571039204878,0.36000000000000004,0.3,5,0.016259896146619338,0.016478971651545406,0.007379992732238053,0.006911992732238054,0.002403667624823594,0.002184592119897525,0.00046799999999999967,0.01866356377144293,0.011751571039204878,0.006911992732238054,1.4012364479356576,1.4272868912233396,0.9817482781857865,0
2026-02-04,0.014218059757369741,0.013750059757369742,0.008277877887535423,0.36000000000000004,0.3,5,0.009558409191670772,0.009843380612605087,0.005940181869834318,0.005472181869834319,0.00419165056569897,0.003906679144764655,0.00046799999999999967,0.013750059757369742,0.008277877887535423,0.005472181869834319,1.4205035328289772,1.4391017978193665,0.9870764771341605,0
2026-02-05,-0.008391090443325304,-0.008859090443325304,-0.006015387460044153,0.36000000000000004,0.3,5,-0.007557780559609111,-0.007622637971041284,-0.0023757029832811513,-0.002843702983281151,-0.0013013098837161927,-0.00123645247228402,0.00046799999999999967,-0.008859090443325304,-0.006015387460044153,-0.002843702983281151,1.4079191635565822,1.430445042911037,0.9842525377216776,0
2026-02-06,-0.003418636042073193,-0.003574636042073193,-0.005743146631732476,0.12,0.3,5,-0.0037528874217503034,-0.003654692791220399,0.0023245105896592833,0.0021685105896592834,0.00017825137967711043,8.005674914720587e-05,0.0001559999999999999,-0.003574636042073193,-0.005743146631732476,0.0021685105896592834,1.4028863649702072,1.422229787280964,0.986399228532727,0
2026-02-09,0.015572529391202346,0.015416529391202347,0.01625033737324122,0.12,0.3,5,0.015104438338132924,0.0151652592523475,-0.0006778079820388729,-0.0008338079820388727,0.00031209105306942257,0.0002512701388548474,0.0001559999999999999,0.015416529391202347,0.01625033737324122,-0.0008338079820388727,1.4245140038482873,1.4453415011465527,0.9855899126388169,0
2026-02-10,0.011301041986549696,0.010833041986549696,0.001110328021331597,0.36000000000000004,0.3,5,0.0016556115773827757,0.002247477509928711,0.010190713965218099,0.009722713965218099,0.00917743040916692,0.008585564476620984,0.00046799999999999967,0.010833041986549696,0.001110328021331597,0.009722713965218099,1.4399458238624037,1.4469463043156692,0.9951618934079407,0
2026-02-11,-0.0013292684940727348,-0.0016412684940727347,-0.0022177062756191246,0.24,0.3,5,-0.0005302601048580609,-0.0005961001191367719,0.0008884377815463898,0.0005764377815463898,-0.0011110083892146739,-0.0010451683749359629,0.000312,-0.0016412684940727347,-0.0022177062756191246,0.0005764377815463898,1.4375824861485267,1.4437374024161045,0.9957368173344561,0
2026-02-12,0.007774789729140412,0.007306789729140412,0.0012218332122886366,0.36000000000000004,0.3,5,0.002278639829806195,0.002592851708407745,0.006552956516851775,0.006084956516851776,0.005028149899334217,0.004713938020732667,0.00046799999999999967,0.007306789729140412,0.0012218332122886366,0.006084956516851776,1.4480865990931087,1.4455014087241997,1.0017884384984381,0
2026-02-13,-0.017002871466189173,-0.017314871466189173,-0.012537646374315758,0.24,0.3,5,-0.011199696618596511,-0.011393788398016006,-0.004465225091873415,-0.004777225091873415,-0.006115174847592662,-0.005921083068173167,0.0003119999999999998,-0.017314871466189173,-0.012537646374315758,-0.004777225091873415,1.4230131657579006,1.4273782232280405,0.9969419055166273,0
2026-02-24,0.012730136408334914,0.012418136408334914,0.010114656114909693,0.24,0.3,5,0.010101252463447924,0.010688725801783216,0.0026154802934252215,0.0023034802934252217,0.0023168839448869903,0.0017294106065516984,0.0003119999999999998,0.012418136408334914,0.010114656114909693,0.0023034802934252217,1.4406843373611387,1.441815663101903,0.9992153464761713,0
2026-02-25,0.009377629599831457,0.008909629599831458,0.006020506659098812,0.36000000000000004,0.3,5,0.006272012032643374,0.006144696975833473,0.003357122940732645,0.0028891229407326455,0.002637617567188084,0.0027649326239979847,0.00046799999999999967,0.008909629599831458,0.006020506659098812,0.0028891229407326455,1.453520301177305,1.450496123902801,1.0020849261329752,0
2026-02-26,0.0017706890652065908,0.0014586890652065901,-0.0019028963916318808,0.24,0.3,5,0.0020603391303814895,0.0022031888346833463,0.0036735854568384716,0.003361585456838471,-0.0006016500651748993,-0.0007444997694767562,0.00031200000000000064,0.0014586890652065901,-0.0019028963916318808,0.003361585456838471,1.4556405353466881,1.4477359800625502,1.0054599425537496,0
2026-02-27,0.0003306863001982952,1.8686300198295005e-05,-0.0034329242419604,0.24,0.3,5,0.0020565143233621497,0.0020335035482986256,0.0037636105421586952,0.003451610542158695,-0.0020378280231638547,-0.0020148172481003306,0.0003120000000000002,1.8686300198295005e-05,-0.0034329242419604,0.003451610542158695,1.4556677358827124,1.4427660121206352,1.0089423535442963,0
2026-03-02,0.010773603179556052,0.010305603179556052,0.003825780276590196,0.36000000000000004,0.3,5,0.0012509106955110284,0.0019939885517003494,0.006947822902965856,0.006479822902965856,0.009054692484045024,0.008311614627855703,0.00046799999999999967,0.010305603179556052,0.003825780276590196,0.006479822902965856,1.4706692699300024,1.4482857178735409,1.0154552045775376,0
2026-03-03,-0.005483876356709697,-0.005795876356709697,-0.015389658924727434,0.24,0.3,5,-0.01849913467223179,-0.01794915844272312,0.009905782568017737,0.009593782568017737,0.012703258315522095,0.012153282086013422,0.0003119999999999998,-0.005795876356709697,-0.015389658924727434,0.009593782568017737,1.4621454526798754,1.425997094649913,1.0253495313318552,0
2026-03-04,-0.007663071840584653,-0.008131071840584652,-0.01144172844746838,0.36000000000000004,0.3,5,-0.009598508094210478,-0.009522308265448325,0.0037786566068837273,0.0033106566068837277,0.001467436253625826,0.0013912364248636726,0.00046799999999999967,-0.008131071840584652,-0.01144172844746838,0.0033106566068837277,1.450256642962751,1.4096812231260498,1.0287834009356547,0
2026-03-05,0.007703450583242427,0.0072354505832424275,0.00979167386817359,0.36000000000000004,0.3,5,0.008919376893181166,0.008716840687200682,-0.002088223284931162,-0.002556223284931162,-0.0016839263099387384,-0.0014813901039582543,0.00046799999999999967,0.0072354505832424275,0.00979167386817359,-0.002556223284931162,1.460749903235927,1.423484361920988,1.0261791013036836,0
2026-03-06,0.002917549137552282,0.002761549137552282,0.0027426300464266085,0.12,0.3,5,0.006524795263954002,0.006459936828226572,0.00017491909112567336,1.8919091125673467e-05,-0.00376324612640172,-0.00369838769067429,0.0001559999999999999,0.002761549137552282,0.0027426300464266085,1.8919091125673467e-05,1.4647838358713878,1.4273884529026108,1.0261984625787977,0
2026-03-09,-0.00422588699661309,-0.0045378869966130895,-0.009652288121355102,0.24,0.3,5,-0.008565920728459103,-0.008521165424397084,0.005426401124742012,0.005114401124742012,0.004028033731846014,0.003983278427783995,0.0003119999999999998,-0.0045378869966130895,-0.009652288121355102,0.005114401124742012,1.458136812349738,1.4136108882940996,1.0314980058687655,0
2026-03-10,0.008514552545675364,0.008202552545675364,0.012848375450559502,0.24,0.3,5,0.011313517589956433,0.010705830529010365,-0.004333822904884137,-0.004645822904884137,-0.0031109650442810687,-0.002503277983335,0.0003119999999999998,0.008202552545675364,0.012848375450559502,-0.004645822904884137,1.4700972561718202,1.4317734917279012,1.0267666391823393,0
2026-03-11,0.004989648796386348,0.004521648796386347,0.0063617649194198655,0.36000000000000004,0.3,5,0.006139343325440624,0.00608021090108657,-0.0013721161230335179,-0.0018401161230335184,-0.0016176945290542772,-0.0015585621047002228,0.00046800000000000053,0.004521648796386347,0.0063617649194198655,-0.0018401161230335184,1.4767445196607605,1.4408820981001311,1.0248892130785132,0
2026-03-12,0.00045237130208767955,-1.5628697912320553e-05,-0.0035999181123742563,0.36000000000000004,0.3,5,-0.0016468213710081046,-0.001211553542918361,0.004052289414461936,0.0035842894144619357,0.001631192673095784,0.0011959248450060405,0.0004680000000000001,-1.5628697912320553e-05,-0.0035999181123742563,0.0035842894144619357,1.4767214400667692,1.4356950405373847,1.0285759847119262,0
2026-03-13,-0.005031381577572736,-0.005187381577572736,-0.003929570950994221,0.12,0.3,5,-0.007182864895359471,-0.007165963369309257,-0.0011018106265785147,-0.0012578106265785146,0.0019954833177867354,0.001978581791736521,0.0001559999999999999,-0.005187381577572736,-0.003929570950994221,-0.0012578106265785146,1.4690611224733603,1.4300533750116025,1.0272771269543988,0
2026-03-16,-0.0039686577815592795,-0.004124657781559279,0.000518103976321127,0.12,0.3,5,-0.0033140165754100676,-0.0034976754198201795,-0.004486761757880407,-0.0046427617578804065,-0.0008106412061492118,-0.0006269823617390999,0.0001559999999999999,-0.004124657781559279,0.000518103976321127,-0.0046427617578804065,1.4630017480829645,1.4307942913515475,1.0225101937616716,0
2026-03-17,-0.011496110538051886,-0.011652110538051886,-0.007303750047816027,0.12,0.3,5,-0.009817753113681854,-0.009997474884485304,-0.00419236049023586,-0.00434836049023586,-0.0018343574243700322,-0.0016546356535665826,0.0001559999999999999,-0.011652110538051886,-0.007303750047816027,-0.00434836049023586,1.4459546899969387,1.4203441274776738,1.0180312376584015,0
2026-03-18,0.00989414121975975,0.009426141219759751,0.004505331304397675,0.36000000000000004,0.3,5,0.003284069393273026,0.0036010863639328885,0.005388809915362076,0.004920809915362076,0.006142071826486725,0.005825054855826862,0.00046799999999999967,0.009426141219759751,0.004505331304397675,0.004920809915362076,1.459584463102224,1.4267432483382163,1.023018307465102,0
2026-03-19,-0.012548147721090393,-0.012704147721090393,-0.01611763471408778,0.12,0.3,5,-0.01759268308157892,-0.01767863186067253,0.0035694869929973876,0.0034134869929973877,0.004888535360488526,0.004974484139582137,0.0001559999999999999,-0.012704147721090393,-0.01611763471408778,0.0034134869929973877,1.4410416864715647,1.4037475218307098,1.0265675729152615,0
2026-03-20,-0.0016708747617022591,-0.0021388747617022592,-0.0035418526381852944,0.36000000000000004,0.3,5,-0.009111305189945997,-0.009034849306130046,0.0018709778764830353,0.0014029778764830352,0.006972430428243737,0.006895974544427787,0.0004680000000000001,-0.0021388747617022592,-0.0035418526381852944,0.0014029778764830352,1.4379594787778098,1.3987756549671677,1.0280129437994556,0
2026-03-23,-0.02303597326254853,-0.02334797326254853,-0.032629782335646285,0.24,0.3,5,-0.03468213911298809,-0.03430014534627541,0.009593809073097755,0.009281809073097756,0.011334165850439563,0.01095217208372688,0.0003119999999999998,-0.02334797326254853,-0.032629782335646285,0.009281809073097756,1.4043860393146772,1.353133909809188,1.0378766130491228,0
2026-03-24,0.01053902270429333,0.01038302270429333,0.01283959647687416,0.12,0.3,5,0.016049616189641114,0.015812642184917618,-0.0023005737725808294,-0.0024565737725808293,-0.005666593485347784,-0.005429619480624287,0.0001559999999999999,0.01038302270429333,0.01283959647687416,-0.0024565737725808293,1.418967811446474,1.370507603190313,1.03535931369031,0
2026-03-25,-0.0017405422956105407,-0.0020525422956105405,0.014021696630834857,0.24,0.3,5,0.015160079268579431,0.014535995956914035,-0.015762238926445397,-0.016074238926445397,-0.01721262156418997,-0.016588538252524578,0.0003119999999999998,-0.0020525422956105405,0.014021696630834857,-0.016074238926445397,1.4160553199973702,1.3897244450325001,1.0189468315528223,0
2026-03-26,-0.011550251000288921,-0.01186225100028892,-0.013208100134136647,0.24,0.3,5,-0.014881572210475614,-0.014759019105292275,0.0016578491338477257,0.001345849133847726,0.003019321210186693,0.002896768105003354,0.0003119999999999998,-0.01186225100028892,-0.013208100134136647,0.001345849133847726,1.399257716361267,1.3713688254036533,1.0203365356139,0
2026-03-27,0.004536294714583357,0.004380294714583357,0.005591358618961317,0.12,0.3,5,0.006531457793729503,0.006445787260610703,-0.0010550639043779607,-0.0012110639043779606,-0.0021511630791461464,-0.002065492546027346,0.0001559999999999999,0.004380294714583357,0.005591358618961317,-0.0012110639043779606,1.4053868775405842,1.379036640305349,1.0191077136495814,0
2026-03-30,-0.002082980927405286,-0.002238980927405286,-0.002358608632785697,0.12,0.3,5,-0.0021081770482857787,-0.0018958356442929027,0.00027562770538041084,0.00011962770538041095,-0.0001308038791195073,-0.00034314528311238336,0.0001559999999999999,-0.002238980927405286,-0.002358608632785697,0.00011962770538041095,1.4022402431261451,1.375784032580597,1.0192299153929876,0
2026-03-31,-0.0023083043541479937,-0.0024643043541479935,-0.009327953338750472,0.12,0.3,5,-0.011763975790504566,-0.011333110046483871,0.007019648984602478,0.0068636489846024785,0.009299671436356571,0.008868805692335877,0.0001559999999999999,-0.0024643043541479935,-0.009327953338750472,0.0068636489846024785,1.398784696389448,1.3629507833204872,1.0262914211631768,0
2026-04-01,0.010486543433586595,0.010330543433586595,0.0170823950197585,0.12,0.3,5,0.0169186985293947,0.016567399259435633,-0.006595851586171906,-0.006751851586171906,-0.006588155095808106,-0.006236855825849038,0.0001559999999999999,0.010330543433586595,0.0170823950197585,-0.006751851586171906,1.4132349024497353,1.3862332469936571,1.0194784359087021,0
2026-04-02,-0.002499996804274973,-0.002655996804274973,-0.010418030065309614,0.12,0.3,5,-0.011041783345041712,-0.010556946958247174,0.00791803326103464,0.007762033261034641,0.00838578654076674,0.0079009501539722,0.0001559999999999999,-0.002655996804274973,-0.010418030065309614,0.007762033261034641,1.4094813550651388,1.3717914273489455,1.0274749695651846,0
2026-04-03,-0.003476342119379962,-0.003632342119379962,-0.008512152532686557,0.12,0.3,5,-0.010703917405980876,-0.010443250623837868,0.005035810413306595,0.004879810413306595,0.007071575286600914,0.006810908504457906,0.0001559999999999999,-0.003632342119379962,-0.008512152532686557,0.004879810413306595,1.404361636572655,1.3601145294763195,1.0325318979669835,0
2026-04-07,-0.0027598873585098107,-0.0029158873585098106,-3.88894865052114e-05,0.12,0.3,5,0.001931543452017981,0.001794275528630637,-0.0027209978720045993,-0.0028769978720045992,-0.004847430810527791,-0.004710162887140447,0.0001559999999999999,-0.0029158873585098106,-3.88894865052114e-05,-0.0028769978720045992,1.4002666762297966,1.3600616353206798,1.0295611903644626,0
2026-04-08,0.029395368843290214,0.029083368843290214,0.03489150897571358,0.24,0.3,5,0.03492820895960296,0.034571157827957555,-0.0054961401324233675,-0.005808140132423367,-0.005844840116312748,-0.005487788984667341,0.0003119999999999998,0.029083368843290214,0.03489150897571358,-0.005808140132423367,1.4409911484535556,1.407516238076995,1.0237829656745525,0
2026-04-09,-0.0042829658098513905,-0.004594965809851391,-0.006382753251184425,0.24,0.3,5,-0.009306320217717975,-0.009057983205411284,0.002099787441333035,0.0017877874413330342,0.004711354407866584,0.004463017395559893,0.00031200000000000064,-0.004594965809851391,-0.006382753251184425,0.0017877874413330342,1.434369843394113,1.3985324092323141,1.025625029441735,0
2026-04-10,0.0076727353463267685,0.007360735346326769,0.015404808135002224,0.24,0.3,5,0.01137345592140451,0.011149565997872465,-0.007732072788675455,-0.008044072788675454,-0.004012720575077741,-0.0037888306515456967,0.0003119999999999998,0.007360735346326769,0.015404808135002224,-0.008044072788675454,1.4449278602000892,1.4200765326671203,1.017499991698542,0
2026-04-13,0.005328305996543244,0.005172305996543244,0.002068147209394633,0.12,0.3,5,0.0017420674645444137,0.0018852459770101568,0.003260158787148611,0.003104158787148611,0.0034302385319988304,0.0032870600195330875,0.0001559999999999999,0.005172305996543244,0.002068147209394633,0.003104158787148611,1.4524014692359744,1.4230134599852826,1.0206519545155923,0
2026-04-14,0.013831638325003278,0.013706838325003278,0.011865532843009508,0.096,0.12,5,0.009551607298901196,0.009757047248024769,0.0019661054819937705,0.001841305481993771,0.004155231026102083,0.00394979107697851,0.00012479999999999956,0.013706838325003278,0.011865532843009508,0.001841305481993771,1.472309301357789,1.4398982729307825,1.0225092487686902,1
2026-04-15,-0.006355299620138642,-0.0064176996201386425,-0.003411259779961817,0.048,0.12,5,-0.00461284782062317,-0.004901399141779344,-0.0029440398401768247,-0.0030064398401768253,-0.0018048517995154726,-0.0015163004783592983,6.240000000000065e-05,-0.0064176996201386425,-0.003411259779961817,-0.0030064398401768253,1.4628604625137387,1.4349864058650972,1.019424613734816,1
2026-04-16,0.015305813877479512,0.015149813877479512,0.010962347679302376,0.12,0.3,5,0.007376435327590161,0.007623796026230885,0.004343466198177137,0.004187466198177137,0.007773378549889351,0.0075260178512486274,0.0001559999999999999,0.015149813877479512,0.010962347679302376,0.004187466198177137,1.4850225262495453,1.4507172257612628,1.0236471311425153,0
2026-04-17,-0.005330927742780446,-0.005798927742780446,-0.0016754818010366046,0.36000000000000004,0.3,5,-0.0028453626786495044,-0.0029288296889903734,-0.003655445941743841,-0.004123445941743842,-0.002953565064130942,-0.002870098053790073,0.00046800000000000053,-0.005798927742780446,-0.0016754818010366046,-0.004123445941743842,1.4764109879234228,1.4482865754510494,1.0194190935337604,0
2026-04-20,0.0049888714671684625,0.0049888714671684625,0.006084224584341991,0.0,0.3,5,0.007740219522728802,0.007649369439870331,-0.0010953531171735281,-0.0010953531171735281,-0.002751348055560339,-0.0026604979727018682,0.0,0.0049888714671684625,0.006084224584341991,-0.0010953531171735281,1.483776612574888,1.4570982762385811,1.0183092223574484,0
2026-04-21,0.000942059549036114,0.000786059549036114,0.0022186503212999753,0.12,0.3,5,-0.00029150448517726836,-0.0003147479108782062,-0.0012765907722638613,-0.0014325907722638614,0.0010775640342133824,0.0011008074599143203,0.000156,0.000786059549036114,0.0022186503212999753,-0.0014325907722638614,1.484942949349839,1.4603310677973236,1.0168536314095122,0
2026-04-22,0.013677325596551748,0.013365325596551748,0.006633812898791724,0.24,0.3,5,0.00400587926254336,0.004408413664755638,0.007043512697760023,0.006731512697760024,0.009359446334008387,0.00895691193179611,0.0003119999999999998,0.013365325596551748,0.006633812898791724,0.006731512697760024,1.5047896953602033,1.4700186308713838,1.0236534855807973,0
2026-04-23,0.0037018980841702753,0.0035458980841702754,-0.002770986162049738,0.12,0.3,5,-0.003127280096411283,-0.0027721375217913857,0.006472884246220013,0.006316884246220013,0.0066731781805815585,0.006318035605961661,0.0001559999999999999,0.0035458980841702754,-0.002770986162049738,0.006316884246220013,1.5101255262580602,1.465945229587284,1.0301377539754433,0
2026-04-24,-0.007376264224218295,-0.007688264224218295,-0.003543113317804214,0.24,0.3,5,-0.0031964117792591205,-0.0034055171215139437,-0.0038331509064140814,-0.004145150906414081,-0.004491852444959175,-0.004282747102704352,0.0003119999999999998,-0.007688264224218295,-0.003543113317804214,-0.004145150906414081,1.4985152822004515,1.4607512195211616,1.025852494370444,0
2026-04-27,0.00041528990556199746,-5.2710094438002586e-05,0.0003308823591079424,0.36000000000000004,0.3,5,0.002508687943135326,0.0024178574712632375,8.440754645405507e-05,-0.000383592453545945,-0.0025613980375733284,-0.00247056756570124,0.00046800000000000005,-5.2710094438002586e-05,0.0003308823591079424,-0.000383592453545945,1.49843629531841,1.4612345563307465,1.025459115257361,0
2026-04-28,0.0026009533699676564,0.0022889533699676566,-0.002670036004802201,0.24,0.3,5,-0.003579021622641116,-0.0032852990363686886,0.005270989374769858,0.004958989374769858,0.005867974992608773,0.005574252406336345,0.0003119999999999998,0.0022889533699676566,-0.002670036004802201,0.004958989374769858,1.501866146126261,1.4573330074538822,1.0305579702405718,0
2026-04-29,0.007029199622911979,0.006717199622911978,0.010957590906644388,0.24,0.3,5,0.01094630329218685,0.0107934967719286,-0.003928391283732409,-0.00424039128373241,-0.004229103669274872,-0.004076297149016622,0.00031200000000000064,0.006717199622911978,0.010957590906644388,-0.00424039128373241,1.5119544808366847,1.4733018663643116,1.0262353665293025,0
2026-04-30,-0.000590854402002214,-0.000746854402002214,-0.000631950278512261,0.12,0.3,5,-0.0002252790720401076,-0.00022036971720168125,4.109587651004705e-05,-0.00011490412348995295,-0.0005215753299621064,-0.0005264846848005327,0.000156,-0.000746854402002214,-0.000631950278512261,-0.00011490412348995295,1.5108252709770449,1.47237081283953,1.0261173732881554,0
2026-05-06,0.012628575841523541,0.012316575841523542,0.014516714129485075,0.24,0.3,5,0.013870864836932844,0.013767869068361924,-0.001888138287961534,-0.002200138287961534,-0.0015542889954093028,-0.0014512932268383825,0.0003119999999999998,0.012316575841523542,0.014516714129485075,-0.002200138287961534,1.529433465010324,1.493744799022119,1.0238920771550593,0
2026-05-07,0.0029696509630767307,0.002657650963076731,0.0048013435543941,0.24,0.3,5,0.0031010071568413774,0.0029900141772999313,-0.001831692591317369,-0.0021436925913173688,-0.0004433561937646465,-0.0003323632142232004,0.0003119999999999998,0.002657650963076731,0.0048013435543941,-0.0021436925913173688,1.5334981653315705,1.5009167809848136,1.0217076554540079,0
2026-05-08,-0.0012844246150372184,-0.0017524246150372185,-0.005835637753443534,0.36000000000000004,0.3,5,-0.0020985623229297177,-0.0019528239424247149,0.004551213138406316,0.004083213138406316,0.0003461377078924992,0.00020039932738749643,0.0004680000000000001,-0.0017524246150372185,-0.005835637753443534,0.004083213138406316,1.530810825399529,1.4921579743529216,1.0259039938873558,0
2026-05-11,0.01772914369200719,0.017573143692007194,0.016405139649273703,0.12,0.3,5,0.01278415909925979,0.012881792464376183,0.001324004042733487,0.0011680040427334906,0.004788984592747405,0.004691351227631011,0.00015599999999999642,0.017573143692007194,0.016405139649273703,0.0011680040427334906,1.557711983999555,1.5166370343009588,1.027082913557843,0
2026-05-12,-0.002649145401069808,-0.0029611454010698077,-0.0007653927837600882,0.24,0.3,5,-0.0057244909708005385,-0.005726474221600078,-0.0018837526173097197,-0.0021957526173097194,0.002763345569730731,0.0027653288205302705,0.0003119999999999998,-0.0029611454010698077,-0.0007653927837600882,-0.0021957526173097194,1.5530993723219433,1.5154762112593214,1.0248259661109151,0
2026-05-13,0.013339021533169173,0.013183021533169173,0.010164657910955333,0.12,0.3,5,0.008810473159924795,0.008952818657482799,0.0031743636222138407,0.003018363622213841,0.0043725483732443785,0.004230202875686375,0.0001559999999999999,0.013183021533169173,0.010164657910955333,0.003018363622213841,1.573573914790415,1.5308805085189632,1.0278881376004685,0
2026-05-14,-0.017047596612505267,-0.017047596612505267,-0.016754476789772044,0.0,0.3,5,-0.019711937767036936,-0.019689253144530454,-0.00029311982273322323,-0.00029311982273322323,0.0026643411545316693,0.002641656532025187,0.0,-0.017047596612505267,-0.016754476789772044,-0.00029311982273322323,1.5467482614511074,1.5052314065710677,1.0275817091636532,0
2026-05-15,-0.01728133176627822,-0.017593331766278218,-0.011192046648137222,0.24,0.3,5,-0.01102579442309014,-0.011317189297135268,-0.006089285118140997,-0.006401285118140997,-0.006567537343188079,-0.00627614246914295,0.0003119999999999998,-0.017593331766278218,-0.011192046648137222,-0.006401285118140997,1.519535806128484,1.488384786452483,1.0209294128504554,0
2026-05-18,-0.0024288008496505,-0.0028968008496505007,-0.005364441345053539,0.36000000000000004,0.3,5,-0.005098585576348414,-0.005126321473628842,0.0029356404954030387,0.002467640495403038,0.0022017847266979137,0.0022295206239783417,0.00046800000000000053,-0.0028968008496505007,-0.005364441345053539,0.002467640495403038,1.5151340135142166,1.4804004335666887,1.0234622870677261,0
2026-05-19,0.008862487461026981,0.008550487461026981,0.004005256041260452,0.24,0.3,5,0.007279920822962953,0.007479564324074595,0.004857231419766529,0.004545231419766529,0.0012705666380640286,0.0010709231369523866,0.0003119999999999998,0.008550487461026981,0.004005256041260452,0.004545231419766529,1.5280891478985454,1.4863298163467162,1.0280956023976364,0
2026-05-20,0.0007556314279781569,0.0002876314279781569,-0.0004498768896807892,0.36000000000000004,0.3,5,-0.003985477715339994,-0.0037900350666617544,0.0012055083176589461,0.0007375083176589461,0.004273109143318151,0.004077666494639911,0.000468,0.0002876314279781569,-0.0004498768896807892,0.0007375083176589461,1.5285286743622333,1.4856611509118984,1.02885417271901,0
2026-05-21,-0.023149682694446616,-0.023617682694446616,-0.013936627703218019,0.36000000000000004,0.3,5,-0.01438734339719324,-0.014893763038973587,-0.009213054991228598,-0.009681054991228597,-0.009230339297253375,-0.008723919655473028,0.00046799999999999967,-0.023617682694446616,-0.013936627703218019,-0.009681054991228597,1.4924283691417828,1.4649560445585048,1.01875300264832,0
2026-05-22,0.019134565692988565,0.018822565692988565,0.012961893146399506,0.24,0.3,5,0.007413207762600475,0.007817385515245419,0.006172672546589059,0.0058606725465890595,0.011409357930388091,0.011005180177743146,0.0003119999999999998,0.018822565692988565,0.012961893146399506,0.0058606725465890595,1.5205197001620339,1.4839446482722443,1.024647180696648,0
2026-05-25,0.028101159547300192,0.027633159547300192,0.015789533647179166,0.36000000000000004,0.3,5,0.007886591992335127,0.008913340170194907,0.012311625900121026,0.011843625900121026,0.019746567554965067,0.018719819377105283,0.00046799999999999967,0.027633159547300192,0.015789533647179166,0.011843625900121026,1.5625364636314245,1.5073754422266903,1.036594082575241,0
2026-05-26,0.011450107990960492,0.011450107990960492,0.005334020210592705,0.0,0.3,5,0.002745705292546053,0.003129768802235058,0.006116087780367787,0.006116087780367787,0.008704402698414439,0.008320339188725434,0.0,0.011450107990960492,0.005334020210592705,0.006116087780367787,1.580427674879818,1.5154158133004785,1.042900345244351,0
2026-05-27,-0.017224690250582896,-0.0173806902505829,-0.00801922160402091,0.12,0.3,5,-0.009646701122576961,-0.010164920482068681,-0.009205468646561986,-0.00936146864656199,-0.007733989128005938,-0.007215769768514218,0.00015600000000000336,-0.0173806902505829,-0.00801922160402091,-0.00936146864656199,1.552958750999283,1.5032633580713843,1.033058341148989,0
2026-05-28,0.014538426379426775,0.014070426379426775,0.0012309879805745272,0.36000000000000004,0.3,5,-0.004051134460228202,-0.003280145028700445,0.013307438398852248,0.012839438398852248,0.01812156083965498,0.01735057140812722,0.00046799999999999967,0.014070426379426775,0.0012309879805745272,0.012839438398852248,1.574809542775505,1.5051138571968083,1.046305922469215,0
2026-05-29,-0.009296137418349462,-0.009608137418349462,-0.004495531360024674,0.24,0.3,5,-0.003552095535564028,-0.0038386003093856262,-0.004800606058324788,-0.005112606058324788,-0.006056041882785434,-0.005769537108963836,0.0003119999999999998,-0.009608137418349462,-0.004495531360024674,-0.005112606058324788,1.5596785562807898,1.4983475706513725,1.0409324157029567,0
2026-06-01,-0.01590410260573389,-0.01606010260573389,-0.009784242267255161,0.12,0.3,5,-0.0002532616782524777,-0.0006277114412500294,-0.006119860338478729,-0.006275860338478729,-0.015806840927481414,-0.01543239116448386,0.0001559999999999999,-0.01606010260573389,-0.009784242267255161,-0.006275860338478729,1.5346299586349574,1.4836873750195663,1.0343351196977864,0
2026-06-02,0.015499733376049225,0.015031733376049225,0.014512756098171264,0.36000000000000004,0.3,5,0.0014994929948496825,0.0017876345354136856,0.0009869772778779602,0.0005189772778779606,0.013532240381199542,0.01324409884063554,0.00046799999999999967,0.015031733376049225,0.014512756098171264,0.0005189772778779606,1.5576981070040556,1.5052197680191612,1.034864237169802,0
2026-06-03,0.0019993966387044535,0.0018433966387044537,0.004934318523100112,0.12,0.3,5,-0.0016006675009896116,-0.0016558179261505965,-0.0029349218843956583,-0.003090921884395658,0.0034440641396940655,0.0034992145648550504,0.0001559999999999999,0.0018433966387044537,0.004934318523100112,-0.003090921884395658,1.560569562458623,1.5126470018018345,1.031681258482451,0
2026-06-04,-0.006985346813240461,-0.007297346813240461,-0.006897148545385257,0.24,0.3,5,-0.008960047100832272,-0.00906944356634797,-8.819826785520443e-05,-0.0004001982678552042,0.001662700287591811,0.0017720967531075094,0.0003119999999999998,-0.007297346813240461,-0.006897148545385257,-0.0004001982678552042,1.5491815451351756,1.5022140507336756,1.0312655139782252,0
2026-06-05,-0.013963716942452598,-0.0145877169424526,-0.017906230158246328,0.48,0.3,5,-0.00970594344221688,-0.009638199843320731,0.00394251321579373,0.0033185132157937287,-0.00488177350023572,-0.004949517099131868,0.0006240000000000013,-0.0145877169424526,-0.017906230158246328,0.0033185132157937287,1.5265825232622723,1.4753150601942868,1.034750179437085,0
2026-06-08,-0.01608771405271832,-0.01639971405271832,-0.021441938447014586,0.24,0.3,5,-0.02396548311250473,-0.02356109766135375,0.005354224394296267,0.005042224394296267,0.007565769059786412,0.007161383608635431,0.0003119999999999998,-0.01639971405271832,-0.021441938447014586,0.005042224394296267,1.5015470064028937,1.4436814454836473,1.0400819454321246,0
2026-06-09,0.0191877493853998,0.0188757493853998,0.018706324319753387,0.24,0.3,5,0.014265503586339602,0.014250184613794226,0.0004814250656464125,0.00016942506564641274,0.004610245799060197,0.004625564771605573,0.0003119999999999998,0.0188757493853998,0.018706324319753387,0.00016942506564641274,1.529889831386152,1.4706874188172747,1.0402549255616043,0
2026-06-10,-0.01964625581890289,-0.01995825581890289,-0.011082777817184142,0.24,0.3,5,-0.005808625365643207,-0.006390337414919367,-0.00856347800171875,-0.00887547800171875,-0.014149630453259683,-0.013567918403983524,0.0003119999999999998,-0.01995825581890289,-0.011082777817184142,-0.00887547800171875,1.499355898756609,1.454388116915995,1.0309186944788626,0
2026-06-11,-0.00317603999666326,-0.00333203999666326,-0.00551342237528385,0.12,0.3,5,-0.003099152834289433,-0.002992954408794658,0.0023373823786205896,0.0021813823786205897,-0.00023288716237382682,-0.0003390855878686017,0.0001559999999999999,-0.00333203999666326,-0.00551342237528385,0.0021813823786205897,1.494359984932719,1.4463694609298434,1.033179989829171,0
2026-06-12,0.01076414752436683,0.01060814752436683,0.011627193407640402,0.12,0.3,5,0.014982691505801008,0.014699210522276959,-0.0008630458832735721,-0.001019045883273572,-0.0043745439814341786,-0.004091062997910129,0.0001559999999999999,0.01060814752436683,0.011627193407640402,-0.001019045883273572,1.510212376107396,1.4631866783909793,1.0321392330937085,0
2026-06-15,0.019572571676506657,0.019416571676506657,0.023944802867113424,0.12,0.3,5,0.016718709072056574,0.016537866662595206,-0.004372231190606767,-0.004528231190606767,0.0026978626044500825,0.0028787050139114506,0.0001559999999999999,0.019416571676506657,0.023944802867113424,-0.004528231190606767,1.5395355229548326,1.4982223949628377,1.027574763353487,0
2026-06-16,0.0022080175044370326,0.0018960175044370324,-0.0015291985878318481,0.24,0.3,5,-0.005067015474849995,-0.00478663092762477,0.0037372160922688807,0.0034252160922688805,0.006963032979287027,0.006682648432061802,0.0003120000000000002,0.0018960175044370324,-0.0015291985878318481,0.0034252160922688805,1.542454509255058,1.4959313153922025,1.0310998194797854,0
2026-06-17,0.023568478174281576,0.023100478174281576,0.009654311684853756,0.36000000000000004,0.3,5,0.003892814032428159,0.004641502867129739,0.01391416648942782,0.01344616648942782,0.019207664141853417,0.018458975307151838,0.00046799999999999967,0.023100478174281576,0.009654311684853756,0.01344616648942782,1.5780859459809267,1.5103735025701321,1.044831588541226,0
2026-06-18,0.006339399382873941,0.006183399382873941,0.002070918762576923,0.12,0.3,5,-0.010963575415294104,-0.010458688526477645,0.004268480620297018,0.004112480620297018,0.017146974798168044,0.016642087909351587,0.0001559999999999999,0.006183399382873941,0.002070918762576923,0.004112480620297018,1.5878438816454272,1.5135013633951035,1.0491195581638313,0
2026-06-22,0.02448613508207283,0.02436133508207283,0.023890973257115533,0.096,0.12,5,0.0233990328233113,0.023644883792781086,0.0005951618249572972,0.0004703618249572959,0.0009623022587615278,0.0007164512892917432,0.0001248000000000013,0.02436133508207283,0.023890973257115533,0.0004703618249572959,1.6265258785042107,1.5496603839925838,1.0496015096634197,1
2026-06-23,-0.025531318616972148,-0.025656118616972146,-0.027723651372339675,0.096,0.12,5,-0.01989036944067124,-0.019663721466008376,0.002192332755367527,0.0020675327553675293,-0.005765749176300905,-0.005992397150963769,0.00012479999999999783,-0.025656118616972146,-0.027723651372339675,0.0020675327553675293,1.5847955376317318,1.5066981397612473,1.0518334733477934,1
2026-06-24,0.021035916094683266,0.020879916094683267,0.004804197109151254,0.12,0.3,5,-0.004448611362131384,-0.0035667997168035946,0.016231718985532013,0.016075718985532013,0.025328527456814652,0.02444671581148686,0.0001559999999999999,0.020879916094683267,0.004804197109151254,0.016075718985532013,1.6178859354847108,1.513936614608652,1.068661607013798,0
2026-06-25,0.024436699285844153,0.02428069928584415,0.01559453627101659,0.12,0.3,5,0.005749075749616389,0.006525337254421088,0.008842163014827563,0.00868616301482756,0.01853162353622776,0.017755362031423062,0.00015600000000000336,0.02428069928584415,0.01559453627101659,0.00868616301482756,1.6571693373630119,1.5375457540571866,1.0778016413431402,0
2026-06-26,-0.027063502109599954,-0.027219502109599954,-0.030255011858519643,0.12,0.3,5,-0.025269153961382455,-0.025147671582626645,0.0031915097489196888,0.003035509748919689,-0.0019503481482174984,-0.002071830526973309,0.0001559999999999999,-0.027219502109599954,-0.030255011858519643,0.003035509748919689,1.612062013088695,1.49102728903517,1.0811753915864581,0
2026-06-29,0.01883497155016663,0.01852297155016663,0.012057896720166994,0.24,0.3,5,0.011302865575363648,0.011578049279880629,0.006777074829999636,0.006465074829999636,0.007220105974802982,0.006944922270286001,0.0003119999999999998,0.01852297155016663,0.012057896720166994,0.006465074829999636,1.6419221918942413,1.5090059420933066,1.0880819923190972,0
2026-06-30,0.013839939575844406,0.013371939575844406,0.010658137201712714,0.36000000000000004,0.3,5,0.0018944117823783524,0.0023151031623333228,0.003181802374131692,0.002713802374131692,0.011477527793466055,0.011056836413511083,0.00046799999999999967,0.013371939575844406,0.010658137201712714,0.002713802374131692,1.6638778762324893,1.5250891344623367,1.0910036919377055,0
2026-07-01,-0.013203305902895729,-0.013671305902895729,-0.004107998003306745,0.36000000000000004,0.3,5,0.011933299851082331,0.011134536044736843,-0.009095307899588984,-0.009563307899588983,-0.02560460575397806,-0.02480584194763257,0.00046799999999999967,-0.013671305902895729,-0.004107998003306745,-0.009563307899588983,1.6411304928014543,1.5188240713431007,1.0805270496866681,0
2026-07-02,-0.03812082865715115,-0.03843282865715115,-0.029579002105938224,0.24,0.3,5,-0.013443951359153999,-0.014115626845341817,-0.008541826551212925,-0.008853826551212925,-0.024988877297997147,-0.02431720181180933,0.0003119999999999998,-0.03843282865715115,-0.029579002105938224,-0.008853826551212925,1.57805720576759,1.4738987709382936,1.0706686489486577,0
2026-07-03,-0.004316958806768365,-0.004628958806768365,0.006208679154940722,0.24,0.3,5,0.010405073703864759,0.009913628308544191,-0.010525637961709087,-0.010837637961709086,-0.015034032510633124,-0.014542587115312556,0.0003119999999999998,-0.004628958806768365,0.006208679154940722,-0.010837637961709086,1.5707524439673677,1.483049735513911,1.059136727753143,0
2026-07-06,-0.008015436570520371,-0.008015436570520371,-3.6285356719178985e-05,0.0,0.3,5,0.005069314594415906,0.004534770699502447,-0.007979151213801192,-0.007979151213801192,-0.013084751164936279,-0.012550207270022817,0.0,-0.008015436570520371,-3.6285356719178985e-05,-0.007979151213801192,1.5581621773847574,1.4829959225252256,1.0506854089871938,0
2026-07-07,-0.011732006679070279,-0.011732006679070279,-0.010271710149405311,0.0,0.3,5,-0.01540998381537282,-0.015405353943126652,-0.001460296529664968,-0.001460296529664968,0.003677977136302541,0.0036733472640563727,0.0,-0.011732006679070279,-0.010271710149405311,-0.001460296529664968,1.5398818083126047,1.4677630182562966,1.049135173157575,0
2026-07-08,-0.010470080409564087,-0.010470080409564087,-0.0076641462704545305,0.0,0.3,5,-0.0073225676335704785,-0.007490974758047264,-0.0028059341391095567,-0.0028059341391095567,-0.0031475127759936087,-0.0029791056515168233,0.0,-0.010470080409564087,-0.0076641462704545305,-0.0028059341391095567,1.5237591219583468,1.4565138677940166,1.0461686329606854,0
2026-07-09,0.0355239297897577,0.0355239297897577,0.025397506374573497,0.0,0.3,5,0.010000129529760177,0.010838005332938262,0.010126423415184202,0.010126423415184202,0.025523800259997523,0.024685924456819438,0.0,0.0355239297897577,0.025397506374573497,0.010126423415184202,1.5778890340232978,1.4935056880359698,1.0565001838716102,0
2026-07-10,-0.03518850775183467,-0.03518850775183467,-0.01958976173081617,0.0,0.3,5,0.000996105784521271,-0.00022517313622437613,-0.015598746021018503,-0.015598746021018503,-0.03618461353635594,-0.0349633346156103,0.0,-0.03518850775183467,-0.01958976173081617,-0.015598746021018503,1.522365473518034,1.4642482674637265,1.0396908142872345,0
2026-07-13,-0.02306388955187317,-0.023219889551873173,-0.01786394276908443,0.12,0.3,5,-0.018531634117192865,-0.018795506794784516,-0.0051999467827887405,-0.005355946782788744,-0.004688255434680308,-0.004424382757088657,0.00015600000000000336,-0.023219889551873173,-0.01786394276908443,-0.005355946782788744,1.4870163153653602,1.4380910202140234,1.034021000384284,0
2026-07-14,0.022777376456247857,0.022309376456247858,0.021535836373731465,0.36000000000000004,0.3,5,0.012858788092054797,0.012883522856126336,0.0012415400825163923,0.0007735400825163927,0.00945058836419306,0.009425853600121522,0.00046799999999999967,0.022309376456247858,0.021535836373731465,0.0007735400825163927,1.5201907221414286,1.469061513115885,1.0348039946381131,0
2026-07-15,-0.00660245532912927,-0.00691445532912927,-0.0020263100067507978,0.24,0.3,5,0.006850249615075,0.006446644375279867,-0.004576145322378472,-0.004888145322378472,-0.01376470494420427,-0.013361099704409136,0.0003119999999999998,-0.00691445532912927,-0.0020263100067507978,-0.004888145322378472,1.509679431301425,1.4660847390713259,1.0297354518932607,0
2026-07-16,-0.01850179760838805,-0.01865779760838805,-0.018456738835110675,0.12,0.3,5,-0.008483655989165848,-0.008686016280079617,-4.505877327737329e-05,-0.00020105877327737318,-0.0101741416192222,-0.009971781328308432,0.0001559999999999999,-0.01865779760838805,-0.018456738835110675,-0.00020105877327737318,1.4815121380186567,1.439025595932145,1.0295245214585573,0
2026-07-17,-0.026975444679090046,-0.026975444679090046,-0.03604160143217072,0.0,0.3,5,-0.026307400823253717,-0.02596434581486428,0.009066156753080677,0.009066156753080677,-0.000668043855836329,-0.0010110988642257658,0.0,-0.026975444679090046,-0.03604160143217072,0.009066156753080677,1.441547689298134,1.3871608089528666,1.0392073363046659,0
2026-07-20,0.020941370814091205,0.020629370814091205,0.015284619866577032,0.24,0.3,5,0.015190520445580736,0.01541188207501455,0.005656750947514173,0.005344750947514174,0.005438850368510469,0.005217488739076655,0.0003119999999999998,0.020629370814091205,0.015284619866577032,0.005344750947514174,1.4712859111268617,1.4083630346115248,1.044678023328476,0
2026-07-21,0.016661480739278756,0.016505480739278756,0.030643338324720437,0.12,0.3,5,0.018787342539377114,0.018202083641713926,-0.013981857585441682,-0.014137857585441681,-0.0022818618000983587,-0.0016966029024351702,0.0001559999999999999,0.016505480739278756,0.030643338324720437,-0.014137857585441681,1.4955701923949385,1.4515199795651557,1.0303476448481126,0
2026-07-22,0.0014146861765396259,0.001258686176539626,-0.0046388350070549755,0.12,0.3,5,0.004091000018689014,0.00428707078827552,0.006053521183594601,0.0058975211835946015,-0.002832313842149388,-0.003028384611735894,0.0001559999999999999,0.001258686176539626,-0.0046388350070549755,0.0058975211835946015,1.4974526459221507,1.444786617870509,1.0364524611456236,0
2026-07-23,-0.0021466043644665575,-0.0024586043644665577,0.0022804840164942775,0.24,0.3,5,0.0058790081943401835,0.005566144347787377,-0.004427088380960835,-0.004739088380960835,-0.008337612558806742,-0.008024748712253935,0.0003120000000000002,-0.0024586043644665577,0.0022804840164942775,-0.004739088380960835,1.4937710023113044,1.4480814306598075,1.0315517972153532,0
2026-07-24,-0.015122294799350703,-0.015590294799350703,-0.016668796530491914,0.36000000000000004,0.3,5,-0.023265808900630527,-0.02291188264649949,0.0015465017311412105,0.0010785017311412109,0.007675514101279824,0.007321587847148788,0.00046799999999999967,-0.015590294799350703,-0.016668796530491914,0.0010785017311412109,1.4704826720225497,1.4239436559325556,1.032683186512401,0
2026-07-27,0.0075857744192028,0.0074297744192028,0.011450485038076552,0.12,0.3,5,0.012393086524845415,0.012111335589323804,-0.003864710618873752,-0.004020710618873752,-0.0049633121056426146,-0.004681561170121004,0.0001559999999999999,0.0074297744192028,0.011450485038076552,-0.004020710618873752,1.4814080265630238,1.4402485014598754,1.0285780718129045,0
2026-07-28,-0.023073374346795263,-0.023229374346795263,-0.02826278735373078,0.12,0.3,5,-0.01297609179414004,-0.012954660108523204,0.005189413006935515,0.005033413006935515,-0.010253282552655223,-0.010274714238272059,0.0001559999999999999,-0.023229374346795263,-0.02826278735373078,0.005033413006935515,1.4469958449536442,1.3995430643265856,1.0339059096047833,0
2026-07-29,0.004686725500697313,0.004530725500697313,0.00672693772118671,0.12,0.3,5,0.01009392901725865,0.009977507896167269,-0.002040212220489397,-0.002196212220489397,-0.005563203516561338,-0.005446782395469956,0.0001559999999999999,0.004530725500697313,0.00672693772118671,-0.002196212220489397,1.4535517859277787,1.4089577033584293,1.0316504054472706,0
2026-07-30,0.0016805782373116975,0.0015245782373116976,-0.010986829794752628,0.12,0.3,5,-0.002726789068479783,-0.0021640939497087185,0.012667408032064325,0.012511408032064325,0.0042513673057914805,0.003688672187020416,0.0001559999999999999,0.0015245782373116976,-0.010986829794752628,0.012511408032064325,1.4557678393474096,1.3934777248836248,1.0447011913799964,0
2026-07-31,0.0006224381636037576,0.0006224381636037576,0.008456937823493771,0.0,0.3,5,0.010613309594116532,0.010140215528750498,-0.007834499659890012,-0.007834499659890012,-0.009990871430512773,-0.00951777736514674,0.0,0.0006224381636037576,0.008456937823493771,-0.007834499659890012,1.4566739648079663,1.4052622793613891,1.036585117384593,0
2026-08-03,-0.008574173436581338,-0.008730173436581338,-0.009811850267625766,0.12,0.3,5,-0.004535693995416159,-0.004612121774328604,0.0012376768310444278,0.0010816768310444279,-0.004194479441165179,-0.004118051662252734,0.0001559999999999999,-0.008730173436581338,-0.009811850267625766,0.0010816768310444279,1.4439569484546402,1.3914740562895527,1.0377174780426996,0
2026-08-04,0.0050195837197822436,0.004863583719782244,0.012711872334478791,0.12,0.3,5,0.0032392689296255723,0.0029785855516551744,-0.007692288614696547,-0.007848288614696547,0.0016243147901566714,0.0018849981681270693,0.0001559999999999999,0.004863583719782244,0.012711872334478791,-0.007848288614696547,1.4509797539612108,1.4091622968498447,1.0296754016232539,0
2026-08-05,0.011851434458411574,0.011695434458411574,0.012437593057265106,0.12,0.3,5,0.011886735643592076,0.011850884629768235,-0.0005861585988535326,-0.0007421585988535324,-0.0001913011851805025,-0.00015545017135666118,0.0001559999999999999,0.011695434458411574,0.012437593057265106,-0.0007421585988535324,1.4679495925741461,1.426688884049704,1.0289206069982981,0
2026-08-06,0.0013336052963476867,0.0011776052963476868,-0.0014694874144267622,0.12,0.3,5,-0.0019053928453137722,-0.001793240903686212,0.002803092710774449,0.002647092710774449,0.003082998141661459,0.002970846200033899,0.0001559999999999999,0.0011776052963476868,-0.0014694874144267622,0.002647092710774449,1.469678257789133,1.4245923826902904,1.0316482634939403,0
2026-08-07,0.0037645616536462613,0.0036085616536462614,0.009271947441557238,0.12,0.3,5,0.008654329780671089,0.008360085423362022,-0.005507385787910976,-0.005663385787910976,-0.005045768127024827,-0.00475152376971576,0.0001559999999999999,0.0036085616536462614,0.009271947441557238,-0.005663385787910976,1.4749816823933886,1.4378011283882377,1.0258593161954392,0
2026-08-10,0.009790056336100597,0.009478056336100597,0.001616424037262032,0.24,0.3,5,0.006432942621423441,0.006853303898884084,0.008173632298838565,0.007861632298838565,0.0030451137146771563,0.002624752437216513,0.0003119999999999998,0.009478056336100597,0.001616424037262032,0.007861632298838565,1.4889616418738294,1.440125224692967,1.0339112296232948,0
2026-08-11,-0.00817942877292502,-0.00833542877292502,-0.008131816066385134,0.12,0.3,5,-0.009079005379513075,-0.009052463666998566,-4.761270653988632e-05,-0.0002036127065398862,0.0007435766065880551,0.0007170348940735462,0.0001559999999999999,-0.00833542877292502,-0.008131816066385134,-0.0002036127065398862,1.4765505081623727,1.4284143912532021,1.0336989862353172,0
2026-08-12,0.0031248691565067244,0.002968869156506724,0.00581668719253936,0.12,0.3,5,0.0038692662660478497,0.0037949547601967737,-0.002691818036032636,-0.0028478180360326363,-0.0009003971095411256,-0.0008260856036900496,0.00015600000000000032,0.002968869156506724,0.00581668719253936,-0.0028478180360326363,1.48093419342408,1.4367230309484436,1.0307722236807542,0
2026-08-13,-0.007558843571586156,-0.007714843571586156,-0.005748386269506245,0.12,0.3,5,-0.008175025310009769,-0.008167414379564667,-0.0018104573020799111,-0.001966457302079911,0.00046018173842361267,0.0004525708079785116,0.0001559999999999999,-0.007714843571586156,-0.005748386269506245,-0.001966457302079911,1.4695090177820003,1.4284641920042562,1.028733534944376,0
2026-08-14,0.0014864032750057433,0.0013304032750057432,0.0004137907700709764,0.12,0.3,5,-0.0013730149038329428,-0.0013490918987968399,0.0010726125049347669,0.0009166125049347668,0.002703418178838686,0.002679495173802583,0.0001560000000000001,0.0013304032750057432,0.0004137907700709764,0.0009166125049347668,1.4714640573919078,1.4290552773022844,1.0296760949441235,0
2026-08-17,0.016836871657965526,0.016680871657965522,0.01612062047357754,0.12,0.3,5,0.010702644132695406,0.010787644066311858,0.0007162511843879851,0.0005602511843879818,0.0059782275252701165,0.0058932275916536644,0.00015600000000000336,0.016680871657965522,0.01612062047357754,0.0005602511843879818,1.4960093604825715,1.4520925350634377,1.0302438201138573,0
2026-08-18,-0.0021057601834512506,-0.002417760183451251,-0.003223873389162746,0.24,0.3,5,-0.000940117671645531,-0.000940117671645531,0.0011181132057114952,0.0008061132057114949,-0.0014776425118057197,-0.0014776425118057197,0.0003120000000000002,-0.002417760183451251,-0.003223873389162746,0.0008061132057114949,1.4923923686167262,1.4474111725810448,1.0310769993266462,0
2026-08-19,-0.026387059809344957,-0.027167059809344956,-0.029014666554544877,0.6,0.3,5,-0.00723166177135095,-0.009913705815926063,0.00262760674519992,0.0018476067451999208,-0.019935398037994007,-0.017253353993418895,0.0007799999999999994,-0.027167059809344956,-0.029014666554544877,0.0018476067451999208,1.4518484558795055,1.405415020041283,1.033038949474767,0
