date,gross_ret,net_ret,hs300_ret,turnover,satellite_w,n_hold,unselected_ew_ret,uni_ew_ret,gross_vs_hs300,net_vs_hs300,net_vs_unselected,net_vs_uni,cost,strategy_ret,benchmark_ret,excess_ret,nav,bench,excess_nav,heat
2024-09-02,0.0,0.0,0.0,0.0,0.3,216,-0.02846255992487292,-0.01899191595999029,0.0016989863861258808,0.0016989863861258808,0.013174507315803864,0.0037038633509212347,0.0,0.0,0.0,0.0,1.0,1.0,1.0,0
2024-09-03,0.0012006514292619871,0.0012006514292619871,0.0025780005029079067,0.0,0.3,216,0.010182393391660402,0.004650160388985881,-0.0013773490736459196,-0.0013773490736459196,-0.008981741962398414,-0.003449508959723894,0.0,0.0012006514292619871,0.0025780005029079067,-0.0013773490736459196,1.001200651429262,1.002578000502908,0.9986261926025156,0
2024-09-04,-0.006703899041462562,-0.006703899041462562,-0.006495728239892196,0.0,0.3,216,-0.005136290577517186,-0.006937460738234467,-0.00020817080157036622,-0.00020817080157036622,-0.0015676084639453759,0.00023356169677190512,0.0,-0.006703899041462562,-0.006495728239892196,-0.00020817080157036622,0.9944887033418337,0.9960655262723466,0.9984169485953259,0
2024-09-05,0.0017480975415252722,0.0017480975415252722,0.0017197467446989911,0.0,0.3,216,0.00634815629719296,0.0029586545569093977,2.8350796826281076e-05,2.8350796826281076e-05,-0.004600058755667688,-0.0012105570153841255,0.0,0.0017480975415252722,0.0017197467446989911,2.8350796826281076e-05,0.9962271665992201,0.9977785067186603,0.9984452059159482,0
2024-09-06,-0.0075634227786472875,-0.0075634227786472875,-0.008107447398330248,0.0,0.3,216,-0.01426033027260148,-0.010376178909312165,0.00054402461968296,0.00054402461968296,0.006696907493954192,0.002812756130664878,0.0,-0.0075634227786472875,-0.008107447398330248,0.00054402461968296,0.9886922793546563,0.9896890699602543,0.9989928244780575,0
2024-09-09,-0.012314092262508906,-0.012314092262508906,-0.01188176802005425,0.0,0.3,216,-0.004567816384783638,-0.010015857452060064,-0.00043232424245465487,-0.00043232424245465487,-0.007746275877725268,-0.0022982348104488414,0.0,-0.012314092262508906,-0.01188176802005425,-0.00043232424245465487,0.9765174314074528,0.9779298140190034,0.9985557423535887,0
2024-09-10,0.0005458694765093904,0.0005458694765093904,0.0008780590347814421,0.0,0.3,216,0.0035240114735867593,0.002257252849961206,-0.00033218955827205173,-0.00033218955827205173,-0.0029781419970773687,-0.0017113833734518156,0.0,0.0005458694765093904,0.0008780590347814421,-0.00033218955827205173,0.9770504824665376,0.9787884941275848,0.9982243235678855,0
2024-09-11,-0.005144953863501408,-0.005144953863501408,-0.0030119015373893943,0.0,0.3,216,0.003765981230409604,-0.002003058856578034,-0.002133052326112014,-0.002133052326112014,-0.008910935093911013,-0.0031418950069233742,0.0,-0.005144953863501408,-0.0030119015373893943,-0.002133052326112014,0.9720236028119354,0.9758404795573429,0.9960886263427616,0
2024-09-12,-0.003380681363775692,-0.003380681363775692,-0.004285826513225288,0.0,0.3,216,-0.006488783397154014,-0.003829552953039806,0.0009051451494495964,0.0009051451494495964,0.0031081020333783224,0.00044887158926411406,0.0,-0.003380681363775692,-0.004285826513225288,0.0009051451494495964,0.9687375007327591,0.9716581965573775,0.9969941118852632,0
2024-09-13,-0.004059063367708553,-0.004059063367708553,-0.004169521036684776,0.0,0.3,216,-0.005971351197140508,-0.004231912163445407,0.00011045766897622294,0.00011045766897622294,0.001912287829431955,0.00017284879573685463,0.0,-0.004059063367708553,-0.004169521036684776,0.00011045766897622294,0.9648053338306092,0.9676068472663644,0.997104698624581,0
2024-09-18,0.00467809822376858,0.00467809822376858,0.003723418903301967,0.0,0.3,216,0.00018479267645166164,0.003425347313896656,0.0009546793204666133,0.0009546793204666133,0.004493305547316919,0.0012527509098719243,0.0,0.00467809822376858,0.003723418903301967,0.0009546793204666133,0.9693187879490847,0.9712096528924403,0.9980530826297656,0
2024-09-19,0.008359822026213786,0.008359822026213786,0.007891964522851236,0.0,0.3,216,0.009114051268305522,0.009504836373537233,0.0004678575033625499,0.0004678575033625499,-0.0007542292420917359,-0.0011450143473234475,0.0,0.008359822026213786,0.007891964522851236,0.0004678575033625499,0.9774221205030043,0.9788744050173181,0.9985163729822027,0
2024-09-20,0.002284975925714628,0.002284975925714628,0.0015688185210196437,0.0,0.3,216,-0.0005204310582358193,0.001545069526573294,0.0007161574046949844,0.0007161574046949844,0.0028054069839504475,0.0007399063991413342,0.0,0.002284975925714628,0.0015688185210196437,0.0007161574046949844,0.9796555065176146,0.9804100813136614,0.9992303477795376,0
2024-09-23,0.004790511146868697,0.004790511146868697,0.0036594870738808627,0.0,0.3,216,-0.005510129763840167,0.0013557621616575573,0.001131024072987834,0.001131024072987834,0.010300640910708864,0.0034347489852111397,0.0,0.004790511146868697,0.0036594870738808627,0.001131024072987834,0.9843485571416785,0.9839978793333312,1.0003563806545852,0
2024-09-24,0.04280046475205758,0.04280046475205758,0.04331009197407876,0.0,0.3,216,0.041715759492008904,0.04145028062184154,-0.0005096272220211778,-0.0005096272220211778,0.0010847052600486753,0.0013501841302160367,0.0,0.04280046475205758,0.04331009197407876,-0.0005096272220211778,1.0264791328653597,1.0266149179895563,0.9998677350953925,0
2024-09-25,0.014599452038906705,0.014391533482690995,0.014804697860234306,0.15993735093516204,0.12,216,0.010117906227645117,0.012301889284346907,-0.00020524582132760115,-0.00041316437754331144,0.004273627255045877,0.0020896441983440876,0.0002079185562157103,0.014391533482690995,0.014804697860234306,-0.00041316437754331144,1.0412517416752751,1.041813641669201,0.9994606521056629,1
2024-09-26,0.04133614776924326,0.04133614776924326,0.04227135235789281,0.0,0.12,216,0.04118859211140802,0.04002978671378727,-0.0009352045886495478,-0.0009352045886495478,0.0001475556578352452,0.001306361055455993,0.0,0.04133614776924326,0.04227135235789281,-0.0009352045886495478,1.0842930775341462,1.0858525132074592,0.9985638605111234,1
2024-09-27,0.04405890472020741,0.04393811579242315,0.044668600332991026,0.0929145598340464,0.12,216,0.06846307570011038,0.049463490385826106,-0.0006096956127836159,-0.0007304845405678786,-0.024524959907687237,-0.005525374593402958,0.00012078892778426276,0.04393811579242315,0.044668600332991026,-0.0007304845405678786,1.1319348723277645,1.1343560251404972,0.9978656147108376,1
2024-09-30,0.08465283624525803,0.08465283624525803,0.08482622266273232,0.0,0.12,216,0.12483733906048466,0.09603807440489019,-0.00017338641747428885,-0.00017338641747428885,-0.04018450281522663,-0.01138523815963216,0.0,0.08465283624525803,0.08482622266273232,-0.00017338641747428885,1.2277563697152238,1.230579161907877,0.9977061270984983,1
2024-10-08,0.05893697177606947,0.05893697177606947,0.05929575100342732,0.0,0.12,216,0.1147807062263205,0.06913413130049267,-0.00035877922735785134,-0.00035877922735785134,-0.05584373445025103,-0.010197159524423204,0.0,0.05893697177606947,0.05929575100342732,-0.00035877922735785134,1.3001166122250196,1.3035472774823726,0.997368208030031,1
2024-10-09,-0.07095340874096712,-0.07095340874096712,-0.07051351423870533,0.0,0.12,216,-0.06180457383445916,-0.07022059194577288,-0.00043989450226178395,-0.00043989450226178395,-0.009148834906507954,-0.000732816795194241,0.0,-0.07095340874096712,-0.07051351423870533,-0.00043989450226178395,1.2078689068268964,1.2116295779707937,0.9968961874055636,1
2024-10-10,0.011058986521834527,0.011058986521834527,0.010567282642378606,0.0,0.12,216,-0.01651082180306656,0.006240798021316843,0.0004917038794559209,0.0004917038794559209,0.027569808324901086,0.004818188500517684,0.0,0.011058986521834527,0.010567282642378606,0.0004917038794559209,1.221226712787638,1.224433210179077,0.997381239446315,1
2024-10-11,-0.027621364999413166,-0.027621364999413166,-0.0276705274934671,0.0,0.12,216,-0.03891652033176689,-0.030340737235474046,4.916249405393508e-05,4.916249405393508e-05,0.011295155332353722,0.0027193722360608803,0.0,-0.027621364999413166,-0.0276705274934671,4.916249405393508e-05,1.187494764006697,1.1905524973729027,0.9974316685967626,1
2024-10-14,0.019274837786976497,0.019274837786976497,0.01908212330471004,0.0,0.12,216,0.025318053171071508,0.021974891389790186,0.00019271448226645602,0.00019271448226645602,-0.00604321538409501,-0.0027000536028136887,0.0,0.019274837786976497,0.01908212330471004,0.00019271448226645602,1.2103835329558101,1.213270766928503,0.9976202888494526,1
2024-10-15,-0.026239550789005063,-0.026239550789005063,-0.026593888980664726,0.0,0.3,216,-0.02395437275659293,-0.024974155356228652,0.000354338191659663,0.000354338191659663,-0.0022851780324121343,-0.001265395432776411,0.0,-0.026239550789005063,-0.026593888980664726,0.000354338191659663,1.1786236127686407,1.1810051788493205,0.9979834414587408,0
2024-10-16,-0.005485841487155035,-0.005485841487155035,-0.0063293392841365925,0.0,0.3,216,-0.016846217884554676,-0.00714641829021469,0.0008434977969815575,0.0008434977969815575,0.011360376397399641,0.0016605768030596548,0.0,-0.005485841487155035,-0.0063293392841365925,0.0008434977969815575,1.1721578704559739,1.1735301963760607,0.998830600248443,0
2024-10-17,-0.011174121853871724,-0.011174121853871724,-0.011318359041118442,0.0,0.3,216,0.00021322416853278848,-0.0079179155727336,0.00014423718724671832,0.00014423718724671832,-0.011387346022404512,-0.0032562062811381243,0.0,-0.011174121853871724,-0.011318359041118442,0.00014423718724671832,1.159060035579524,1.1602477602678822,0.9989763180511686,0
2024-10-18,0.03467955190411971,0.03467955190411971,0.036167972956809846,0.0,0.3,216,0.05978661152414237,0.038884036039276364,-0.0014884210526901337,-0.0014884210526901337,-0.02510705962002266,-0.004204484135156651,0.0,0.03467955190411971,0.036167972956809846,-0.0014884210526901337,1.199255718243395,1.2022115698844502,0.9975413215817417,0
2024-10-21,0.003483392870108621,0.003483392870108621,0.0025382945322496298,0.0,0.3,216,0.014247581593231537,0.007984338981305001,0.0009450983378589913,0.0009450983378589913,-0.010764188723122917,-0.004500946111196381,0.0,0.003483392870108621,0.0025382945322496298,0.0009450983378589913,1.2034331970617609,1.205263136938895,0.9984817092458483,0
2024-10-22,0.006041267045392235,0.006041267045392235,0.005737475837933825,0.0,0.3,216,0.006215932935720337,0.006560038291142257,0.00030379120745840926,0.00030379120745840926,-0.0001746658903281021,-0.0005187712457500222,0.0,0.006041267045392235,0.005737475837933825,0.00030379120745840926,1.210703458376501,1.2121783050654342,0.9987833087898289,0
2024-10-23,0.004381140241966996,0.004381140241966996,0.003899513754633155,0.0,0.3,216,-0.0008248205535582767,0.0038003564769304794,0.00048162648733384144,0.00048162648733384144,0.005205960795525273,0.0005807837650365169,0.0,0.004381140241966996,0.003899513754633155,0.00048162648733384144,1.2160077200190829,1.2169052110391048,0.9992624807488042,0
2024-10-24,-0.01076088735841125,-0.01076088735841125,-0.011168680307748202,0.0,0.3,216,-0.009197159726223099,-0.009661997416856805,0.00040779294933695164,0.00040779294933695164,-0.0015637276321881517,-0.001098889941554446,0.0,-0.01076088735841125,-0.011168680307748202,0.00040779294933695164,1.202922397916999,1.2033139857721762,0.9996745754974949,0
2024-10-25,0.006744453794228123,0.006744453794228123,0.007021829940663693,0.0,0.3,216,0.014688320542209587,0.008406709938239334,-0.00027737614643557045,-0.00027737614643557045,-0.007943866747981466,-0.001662256144011211,0.0,0.006744453794228123,0.007021829940663693,-0.00027737614643557045,1.2110354524477922,1.2117634519454905,0.9993992230938064,0
2024-10-28,0.0029373338528192504,0.0029373338528192504,0.001955277256894483,0.0,0.3,216,0.0005699942231992147,0.003992042227167738,0.0009820565959247672,0.0009820565959247672,0.002367339629620036,-0.0010547083743484877,0.0,0.0029373338528192504,0.001955277256894483,0.0009820565959247672,1.2145926678792316,1.2141327854638155,1.00037877439842,0
2024-10-29,-0.009659315678599534,-0.009659315678599534,-0.009966280598025845,0.0,0.3,216,-0.011583225104156646,-0.009737822554868132,0.000306964919426311,0.000306964919426311,0.0019239094255571118,7.850687626859837e-05,0.0,-0.009659315678599534,-0.009966280598025845,0.000306964919426311,1.2028605338792737,1.2020323974406204,1.0006889468540254,0
2024-10-30,-0.007817561351039101,-0.007817561351039101,-0.008969031370703484,0.0,0.3,216,-0.006933578074839309,-0.0056584681771796345,0.001151470019664383,0.001151470019664383,-0.0008839832761997918,-0.0021590931738594667,0.0,-0.007817561351039101,-0.008969031370703484,0.001151470019664383,1.193457097858929,1.1912513311593735,1.001851638392218,0
2024-10-31,0.0010342490219541639,0.0010342490219541639,0.0004090296910201907,0.0,0.3,216,0.005596605703157238,0.0033641174520067717,0.0006252193309339731,0.0006252193309339731,-0.004562356681203075,-0.002329868430052608,0.0,0.0010342490219541639,0.0004090296910201907,0.0006252193309339731,1.1946914296951339,1.191738588323285,1.0024777593012268,0
2024-11-01,0.00025393587317560176,0.00025393587317560176,-0.00026196083946306015,0.0,0.3,216,-0.018631833564275477,-0.004015953539034172,0.0005158967126386619,0.0005158967126386619,0.01888576943745108,0.004269889412209774,0.0,0.00025393587317560176,-0.00026196083946306015,0.0005158967126386619,1.194994804706509,1.1914263994822674,1.0029950697968355,0
2024-11-04,0.01395383068073732,0.01395383068073732,0.014072317308986726,0.0,0.3,216,0.022431303826416633,0.016068856388935678,-0.0001184866282494066,-0.0001184866282494066,-0.008477473145679313,-0.002115025708198359,0.0,0.01395383068073732,0.014072317308986726,-0.0001184866282494066,1.2116695598757445,1.2081925298260854,1.0028778774606062,0
2024-11-05,0.025375015844386034,0.025375015844386034,0.025302059422141587,0.0,0.3,216,0.03594464763804208,0.028443083964860283,7.295642224444676e-05,7.295642224444676e-05,-0.010569631793656047,-0.003068068120474249,0.0,0.025375015844386034,0.025302059422141587,7.295642224444676e-05,1.2424156941557518,1.2387622890091325,1.0029492382671268,0
2024-11-06,-0.0034458457177303226,-0.003747818037190973,-0.005016451058795446,0.232286399585116,0.3,216,0.0002410803448367707,0.00047588595370933487,0.0015706053410651233,0.001268633021604473,-0.003988898382027744,-0.004223703990900308,0.0003019723194606504,-0.003747818037190973,-0.005016451058795446,0.001268633021604473,1.2377593462075058,1.2325480986128368,1.0042280277747653,0
2024-11-07,0.025970767003592344,0.025970767003592344,0.030169870504388685,0.0,0.3,216,0.025402261248354423,0.025755503491320268,-0.004199103500796341,-0.004199103500796341,0.0005685057552379212,0.0002152635122720757,0.0,0.025970767003592344,0.030169870504388685,-0.004199103500796341,1.2699049057943796,1.2697339151384166,1.0001346665265254,0
2024-11-08,-0.00915137615907624,-0.00915137615907624,-0.010046131707898032,0.0,0.12,216,0.005658900070884642,-0.004462759762237957,0.0008947555488217924,0.0008947555488217924,-0.014810276229960881,-0.004688616396838282,0.0,-0.00915137615907624,-0.010046131707898032,0.0008947555488217924,1.258283528315199,1.256978000992951,1.001038623843231,1
2024-11-11,0.007860467271743225,0.007860467271743225,0.006599388359831204,0.0,0.12,216,0.032314400301266734,0.011276689576978666,0.0012610789119120204,0.0012610789119120204,-0.02445393302952351,-0.003416222305235441,0.0,0.007860467271743225,0.006599388359831204,0.0012610789119120204,1.2681742248080943,1.2652732869812677,1.0022927361674945,1
2024-11-12,-0.011487629277691345,-0.011487629277691345,-0.010986869649649456,0.0,0.12,216,-0.009943021020721747,-0.011434769444844057,-0.0005007596280418893,-0.0005007596280418893,-0.0015446082569695978,-5.285983284728825e-05,0.0,-0.011487629277691345,-0.010986869649649456,-0.0005007596280418893,1.2536059094539753,1.251371894306021,1.001785252775869,1
2024-11-13,0.008120880841517603,0.008120880841517603,0.006154841359331531,0.0,0.3,216,0.0072874621932031165,0.007736057880675536,0.0019660394821860716,0.0019660394821860716,0.0008334186483144861,0.00038482296084206644,0.0,0.008120880841517603,0.006154841359331531,0.0019660394821860716,1.2637862936668733,1.2590738897970009,1.0037427540258437,0
2024-11-14,-0.01966392070471679,-0.01966392070471679,-0.017337121223454655,0.0,0.3,216,-0.03270478900906949,-0.021674215129206333,-0.0023267994812621352,-0.0023267994812621352,0.013040868304352703,0.0020102944244895435,0.0,-0.01966392070471679,-0.017337121223454655,-0.0023267994812621352,1.2389353002005,1.2372451731403036,1.001366040536579,0
2024-11-15,-0.017202460751605,-0.017202460751605,-0.01752350859020335,0.0,0.3,216,-0.03400757193466436,-0.018711916643422855,0.00032104783859835187,0.00032104783859835187,0.01680511118305936,0.0015094558918178555,0.0,-0.017202460751605,-0.01752350859020335,0.00032104783859835187,1.217622564325023,1.2155642967205917,1.001693260989965,0
2024-11-18,-0.0053512539314168085,-0.0056532262508774585,-0.004648774646679343,0.232286399585116,0.3,216,-0.021742431375299257,-0.009967902016100379,-0.0007024792847374652,-0.001004451604198115,0.016089205124421798,0.00431467576522292,0.00030197231946064995,-0.0056532262508774585,-0.004648774646679343,-0.001004451604198115,1.21073906848072,1.2099134122365884,1.0006824093656466,0
2024-11-19,0.006472971807508474,0.006472971807508474,0.006710897679074179,0.0,0.3,216,0.02372217967432983,0.010758560583356143,-0.00023792587156570497,-0.00023792587156570497,-0.017249207866821357,-0.004285588775847669,0.0,0.006472971807508474,0.006710897679074179,-0.00023792587156570497,1.2185761483372448,1.2180330173466476,1.0004459082659192,0
2024-11-20,0.0030916679096728993,0.0030916679096728993,0.002233277088395047,0.0,0.3,216,0.006370000087772751,0.005417065383056372,0.0008583908212778523,0.0008583908212778523,-0.0032783321780998514,-0.0023253974733834725,0.0,0.0030916679096728993,0.002233277088395047,0.0008583908212778523,1.2223435811105519,1.2207532225771967,1.0013027682450002,0
2024-11-21,0.0008735587169310529,0.0008735587169310529,0.000884445819000268,0.0,0.3,216,-0.000944707573866678,0.0003216352796387966,-1.0887102069215065e-05,-1.0887102069215065e-05,0.0018182662907977308,0.0005519234372922563,0.0,0.0008735587169310529,0.000884445819000268,-1.0887102069215065e-05,1.2234113700009157,1.2218329126609362,1.0012918765926364,0
2024-11-22,-0.03058552964887387,-0.03058552964887387,-0.030982644840837792,0.0,0.3,216,-0.03654377025981882,-0.031494876040665074,0.0003971151919639204,0.0003971151919639204,0.005958240610944951,0.000909346391791202,0.0,-0.03058552964887387,-0.030982644840837792,0.0003971151919639204,1.1859926852709832,1.183977297473116,1.0017022182791584,0
2024-11-25,-0.004534497003848073,-0.004534497003848073,-0.0045549331325313025,0.0,0.3,216,-0.004383794658411305,-0.004459604680726278,2.0436128683229415e-05,2.0436128683229415e-05,-0.00015070234543676769,-7.489232312179496e-05,0.0,-0.004534497003848073,-0.0045549331325313025,2.0436128683229415e-05,1.1806148049930363,1.1785843600526908,1.0017227828649065,0
2024-11-26,-0.002173725976732816,-0.002173725976732816,-0.002054577245043876,0.0,0.3,216,-0.004695582273314193,-0.0030511547558916973,-0.00011914873168894025,-0.00011914873168894025,0.0025218562965813765,0.000877428779158881,0.0,-0.002173725976732816,-0.002054577245043876,-0.00011914873168894025,1.1780484719229076,1.176162867445162,1.0016031831389487,0
2024-11-27,0.017970136125223437,0.017970136125223437,0.01741062090060419,0.0,0.3,216,0.025170602125054186,0.02080950211239322,0.0005595152246192468,0.0005595152246192468,-0.007200465999830749,-0.0028393659871697834,0.0,0.017970136125223437,0.01741062090060419,0.0005595152246192468,1.1992181633254737,1.1966405932476174,1.0021540052145992,0
2024-11-28,-0.008663326331059318,-0.008663326331059318,-0.008828719057143108,0.0,0.3,216,-0.008311621675556314,-0.008283404515758225,0.00016539272608379063,0.00016539272608379063,-0.00035170465550300387,-0.00037992181530109234,0.0,-0.008663326331059318,-0.008828719057143108,0.00016539272608379063,1.1888289450344516,1.1860757896374612,1.0023212305832765,0
2024-11-29,0.011402797859904562,0.011402797859904562,0.011370465020404508,0.0,0.3,216,0.019276370346061406,0.01357369159870899,3.233283950005404e-05,3.233283950005404e-05,-0.007873572486156845,-0.0021708937388044275,0.0,0.011402797859904562,0.011370465020404508,3.233283950005404e-05,1.2023849211846829,1.1995620229150825,1.0023532741247847,0
2024-12-02,0.008838435076801958,0.008838435076801958,0.007927522132046061,0.0,0.3,216,0.014613885944610073,0.011945054083605595,0.0009109129447558966,0.0009109129447558966,-0.005775450867808115,-0.003106619006803637,0.0,0.008838435076801958,0.007927522132046061,0.0009109129447558966,1.2130121222478993,1.2090715774005039,1.0032591493514946,0
2024-12-03,0.0016163417809391225,0.0016163417809391225,0.0010789252898952828,0.0,0.3,216,-0.0072057293994922346,0.00012890145432566677,0.0005374164910438397,0.0005374164910438397,0.008822071180431356,0.0014874403266134557,0.0,0.0016163417809391225,0.0010789252898952828,0.0005374164910438397,1.2149727644218744,1.210376075302655,1.0037977362681016,0
2024-12-04,-0.005654869718569619,-0.005654869718569619,-0.00539852919027739,0.0,0.3,216,-0.008452535584644908,-0.006847071784298137,-0.0002563405282922284,-0.0002563405282922284,0.002797665866075289,0.0011922020657285188,0.0,-0.005654869718569619,-0.00539852919027739,-0.0002563405282922284,1.2081022517274582,1.2038418247289202,1.0035390255688261,0
2024-12-05,-0.0015901287380990909,-0.0015901287380990909,-0.0022817886768612405,0.0,0.3,216,0.001640009406211726,0.0004586356119418482,0.0006916599387621497,0.0006916599387621497,-0.003230138144310817,-0.002048764350040939,0.0,-0.0015901287380990909,-0.0022817886768612405,0.0006916599387621497,1.2061812136184242,1.2010949120845218,1.0042347207391589,0
2024-12-06,0.012455340312481302,0.012455340312481302,0.0131457967245463,0.0,0.3,216,0.012533969913718395,0.011302558422141316,-0.0006904564120649975,-0.0006904564120649975,-7.86296012370933e-05,0.001152781890339986,0.0,0.012455340312481302,0.0131457967245463,-0.0006904564120649975,1.2212046111125636,1.2168842616456716,1.0035503372038432,0
2024-12-09,-0.001957169924928868,-0.002259522107661221,-0.0016535282354097625,0.23257860210181047,0.3,217,-0.006072948383338782,-0.002465758274138779,-0.00030364168951910533,-0.0006059938722514585,0.0038134262756775606,0.00020623616647755813,0.0003023521827323532,-0.002259522107661221,-0.0016535282354097625,-0.0006059938722514585,1.218445272295777,1.2148721091598147,1.0029411845979685,0
2024-12-10,0.00719934679822367,0.00719934679822367,0.007327765333219327,0.0,0.3,217,0.005270152938223534,0.0050386065188412835,-0.00012841853499565709,-0.00012841853499565709,0.0019291938600001363,0.0021607402793823866,0.0,0.00719934679822367,0.007327765333219327,-0.00012841853499565709,1.2272172823656904,1.2237744068856111,1.0028133252834084,0
2024-12-11,3.269583089062834e-05,3.269583089062834e-05,-0.00170338300760009,0.0,0.3,217,0.0016728745229550057,0.0019467111247313273,0.0017360788384907183,0.0017360788384907183,-0.0016401786920643773,-0.001914015293840699,0.0,3.269583089062834e-05,-0.00170338300760009,0.0017360788384907183,1.2272574072544207,1.2216898503557863,1.0045572588632157,0
2024-12-12,0.009367369659406847,0.009367369659406847,0.00994627297803663,0.0,0.3,217,0.0070492248153072425,0.007874559167886241,-0.0005789033186297827,-0.0005789033186297827,0.0023181448440996047,0.0014928104915206061,0.0,0.009367369659406847,0.00994627297803663,-0.0005789033186297827,1.238753581055418,1.2338411111019216,1.0039814445387616,0
2024-12-13,-0.022314529003082013,-0.022314529003082013,-0.023662377167826598,0.0,0.3,217,-0.018756174680163537,-0.02047732375463744,0.0013478481647445847,0.0013478481647445847,-0.0035583543229184764,-0.001837205248444572,0.0,-0.022314529003082013,-0.023662377167826598,0.0013478481647445847,1.2111113783432852,1.2046454973658578,1.005367455397929,0
2024-12-16,-0.005459934799504815,-0.005762141840736033,-0.005425430735347847,0.23246695479324397,0.3,217,-0.009205105167932813,-0.006577406568377923,-3.450406415696824e-05,-0.000336711105388186,0.0034429633271967804,0.0008152647276418899,0.00030220704123121774,-0.005762141840736033,-0.005425430735347847,-0.000336711105388186,1.204132782796342,1.1981097766592508,1.0050270903838925,0
2024-12-17,0.0014428629671399498,0.0014428629671399498,0.002605371342234264,0.0,0.3,217,-0.001611502398729185,-0.0013638209397264073,-0.0011625083750943141,-0.0011625083750943141,0.0030543653658691348,0.002806683906866357,0.0,0.0014428629671399498,0.002605371342234264,-0.0011625083750943141,1.2058701813961579,1.2012312975362094,1.0038617740558902,0
2024-12-18,0.005053703757042957,0.005053703757042957,0.005062832968225184,0.0,0.3,217,0.006177973544864799,0.005323027025230439,-9.129211182227169e-06,-9.129211182227169e-06,-0.0011242697878218423,-0.00026932326818748277,0.0,0.005053703757042957,0.005062832968225184,-9.129211182227169e-06,1.2119642920623859,1.2073129309518396,1.0038526557541956,0
2024-12-19,0.004386557134696891,0.004084350093465674,0.0009065448300180634,0.23246695479324397,0.3,217,0.011092153043810027,0.004100165800153023,0.0034800123046788275,0.0031778052634476106,-0.007007802950344353,-1.5815706687349017e-05,0.0003022070412312169,0.004084350093465674,0.0009065448300180634,0.0031778052634476106,1.216914378531948,1.208407414247608,1.007039814704908,0
2024-12-20,-0.004036699158148194,-0.004036699158148194,-0.004491081973005184,0.0,0.3,217,0.006908499510758772,-0.001428576286184561,0.0004543828148569906,0.0004543828148569906,-0.010945198668906966,-0.0026081228719636324,0.0,-0.004036699158148194,-0.004491081973005184,0.0004543828148569906,1.2120020612845896,1.2029803574934348,1.0074994605979708,0
2024-12-23,0.001233264625847888,0.0009310575846166705,0.0014837270075716003,0.23246695479324397,0.3,217,-0.01180812818499242,-0.0030844805944951078,-0.0002504623817237122,-0.0005526694229549298,0.01273918576960909,0.004015538179111778,0.0003022070412312175,0.0009310575846166705,0.0014837270075716003,-0.0005526694229549298,1.2131305049963197,1.2047652519394259,1.0069434713886605,0
2024-12-24,0.012666662536821846,0.01266308455517047,0.012740685196085622,0.0027522935779816346,0.3,218,0.012317961202100594,0.012447971975835798,-7.402265926377549e-05,-7.76006409151514e-05,0.0003451233530698764,0.0002151125793346722,3.5779816513759055e-06,0.01266308455517047,0.012740685196085622,-7.76006409151514e-05,1.228492479157545,1.220114786749569,1.0068663149557382,0
2024-12-25,7.034294243847539e-05,-0.00023083672605098506,0.0004872118254637403,0.2316766680688157,0.3,218,-0.0036120671617991987,-0.0008385909886391519,-0.0004168688830252649,-0.0007180485515147254,0.0033812304357482134,0.0006077542625881669,0.00030117966848946045,-0.00023083672605098506,0.0004872118254637403,-0.0007180485515147254,1.228208897975678,1.2207092411020966,1.0061436881290506,0
2024-12-26,0.0009003754083065005,0.0005991957398170402,0.00046441852805623185,0.2316766680688157,0.3,218,0.015293149069809685,0.005109841144256778,0.00043595688025026866,0.0001347772117608083,-0.014693953329992645,-0.0045106454044397375,0.00030117966848946034,0.0005991957398170402,0.00046441852805623185,0.0001347772117608083,1.2289448355149504,1.2212761610910339,1.0062792304216155,0
2024-12-27,-0.0011647906357515048,-0.0011647906357515048,-0.0016174124605663476,0.0,0.3,218,-0.006208102629471804,-0.001729230027619602,0.0004526218248148428,0.0004526218248148428,0.005043311993720299,0.0005644393918680971,0.0,-0.0011647906357515048,-0.0016174124605663476,0.0004526218248148428,1.2275133720786875,1.2193008538102925,1.0067354322296511,0
2024-12-30,0.0044012804383382585,0.0044012804383382585,0.004527520975912136,0.0,0.3,218,-0.0035563704751977866,0.002078607525243399,-0.00012624053757387746,-0.00012624053757387746,0.007957650913536046,0.0023226729130948597,0.0,0.0044012804383382585,0.004527520975912136,-0.00012624053757387746,1.232916002671016,1.224821264001866,1.0066089142204324,0
2024-12-31,-0.016184770010995792,-0.016184770010995792,-0.016039789801335358,0.0,0.3,218,-0.028108271810658645,-0.019603643309654414,-0.00014498020966043426,-0.00014498020966043426,0.011923501799662853,0.0034188732986586215,0.0,-0.016184770010995792,-0.016039789801335358,-0.00014498020966043426,1.2129615407249092,1.2051753883830703,1.0064605968698759,0
2025-01-02,-0.02931134931764605,-0.02931134931764605,-0.029102488699299323,0.0,0.3,218,-0.03702496536311849,-0.03168848876669343,-0.0002088606183467262,-0.0002088606183467262,0.007713616045472438,0.002377139449047383,0.0,-0.02931134931764605,-0.029102488699299323,-0.0002088606183467262,1.1774080012958514,1.1701017852619784,1.006244085878595,0
2025-01-03,-0.012298871094471727,-0.012298871094471727,-0.011839194018461785,0.0,0.3,218,-0.01893214997233732,-0.014864446900060974,-0.00045967707600994175,-0.00045967707600994175,0.006633278877865594,0.002565575805589247,0.0,-0.012298871094471727,-0.011839194018461785,-0.00045967707600994175,1.1629272120623142,1.1562487232049132,1.005775996741332,0
2025-01-06,-0.0013418719361459415,-0.0013418719361459415,-0.0016410144531968651,0.0,0.3,218,-0.002992475232247632,-0.001271569984378546,0.00029914251705092363,0.00029914251705092363,0.0016506032961016903,-7.030195176739541e-05,0.0,-0.0013418719361459415,-0.0016410144531968651,0.00029914251705092363,1.1613667126726672,1.1543513023386436,1.0060773616487553,0
2025-01-07,0.0077798109772125555,0.0077798109772125555,0.0071997925586930744,0.0,0.3,218,0.017007106597028792,0.01122737876488367,0.0005800184185194811,0.0005800184185194811,-0.009227295619816236,-0.0034475677876711144,0.0,0.0077798109772125555,0.0071997925586930744,0.0005800184185194811,1.1704019261724872,1.162662392255339,1.0066567336904524,0
2025-01-08,-0.0018165355864858204,-0.0018165355864858204,-0.0018150707349940953,0.0,0.3,218,0.0009847399195693353,-0.0010737027481339191,-1.4648514917250683e-06,-1.4648514917250683e-06,-0.002801275506055156,-0.0007428328383519013,0.0,-0.0018165355864858204,-0.0018150707349940953,-1.4648514917250683e-06,1.1682758494231031,1.160552077772478,1.0066552564064595,0
2025-01-09,-0.0024336887508208766,-0.0024336887508208766,-0.0024643624763153182,0.0,0.3,218,0.003671803858577948,-0.0007619804538916558,3.067372549444159e-05,3.067372549444159e-05,-0.0061054926093988245,-0.0016717082969292208,0.0,-0.0024336887508208766,-0.0024643624763153182,3.067372549444159e-05,1.1654326296305064,1.1576920567802058,1.0066862105557057,0
2025-01-10,-0.012685324938691811,-0.012685324938691811,-0.012539216550759513,0.0,0.3,218,-0.019892253983654632,-0.014893927917408262,-0.0001461083879322981,-0.0001461083879322981,0.007206929044962821,0.0022086029787164504,0.0,-0.012685324938691811,-0.012539216550759513,-0.0001461083879322981,1.1506487380294894,1.1431755053811445,1.0065372575017282,0
2025-01-13,-0.002298669488734787,-0.002298669488734787,-0.0026705028286013732,0.0,0.3,218,-0.0011728549596551087,-0.0014039353014148707,0.00037183333986658606,0.00037183333986658606,-0.0011258145290796784,-0.0008947341873199164,0.0,-0.002298669488734787,-0.0026705028286013732,0.00037183333986658606,1.1480037768831297,1.1401226519604364,1.0069125237614933,0
2025-01-14,0.026662483457630094,0.026662483457630094,0.026333420460855406,0.0,0.3,218,0.03808382689215498,0.03039809355077612,0.0003290629967746886,0.0003290629967746886,-0.011421343434524889,-0.003735610093146026,0.0,0.026662483457630094,0.026333420460855406,0.0003290629967746886,1.178612408593573,1.170145981131456,1.0072353600308317,0
2025-01-15,-0.006401103740539525,-0.006411691975833642,-0.006416240428871345,0.008144796380090464,0.3,221,-0.013044128795471552,-0.008061731460790332,1.5136688331820157e-05,4.54845303770289e-06,0.00663243681963791,0.00165003948495669,1.0588235294117267e-05,-0.006411691975833642,-0.006416240428871345,4.54845303770289e-06,1.1710555088707755,1.162638043179639,1.0072399709785136,0
2025-01-16,0.0015683979490900496,0.0015683979490900496,0.001147937342895089,0.0,0.3,221,0.007453800000703778,0.003819972847612218,0.00042046060619496065,0.00042046060619496065,-0.0058854020516137286,-0.0022515748985221682,0.0,0.0015683979490900496,0.001147937342895089,0.00042046060619496065,1.1728921899291591,1.1639726788056755,1.0076629901078398,0
2025-01-17,0.003469182209196243,0.003469182209196243,0.003146866542629967,0.0,0.3,221,0.008729519247683904,0.005354548259351475,0.00032231566656627623,0.00032231566656627623,-0.005260337038487661,-0.0018853660501552318,0.0,0.003469182209196243,0.003146866542629967,0.00032231566656627623,1.1769611666477666,1.1676355454851444,1.0079867568255192,0
2025-01-20,0.0034691955500325256,0.0034691955500325256,0.004546679156274047,0.0,0.3,221,0.006547862560712356,0.00238418986781572,-0.0010774836062415216,-0.0010774836062415216,-0.00307866701067983,0.0010850056822168056,0.0,0.0034691955500325256,0.004546679156274047,-0.0010774836062415216,1.1810442750896621,1.1729444096819264,1.0069055833685523,0
2025-01-21,0.0005179173091911267,0.0005179173091911267,0.0007671927581140991,0.0,0.3,221,0.005843904094723255,0.0014317103288324828,-0.00024927544892297245,-0.00024927544892297245,-0.0053259867855321285,-0.0009137930196413561,0.0,0.0005179173091911267,0.0007671927581140991,-0.00024927544892297245,1.1816559583626522,1.1738442841387047,1.0066547789425744,0
2025-01-22,-0.008115479265027047,-0.008115479265027047,-0.009288150425773356,0.0,0.3,221,-0.002143731817164343,-0.004523356430686002,0.0011726711607463088,0.0011726711607463088,-0.005971747447862705,-0.0035921228343410456,0.0,-0.008115479265027047,-0.009288150425773356,0.0011726711607463088,1.1720662539341644,1.16294144185119,1.007846321194341,0
2025-01-23,0.0023220793759777805,0.0023220793759777805,0.0017717331022466531,0.0,0.3,221,-0.005857021142759126,0.0011383265744556628,0.0005503462737311273,0.0005503462737311273,0.008179100518736906,0.0011837528015221177,0.0,0.0023220793759777805,0.0017717331022466531,0.0005503462737311273,1.1747878848097044,1.1650018636996924,1.0084000046823398,0
2025-01-24,0.008035226152470156,0.008035226152470156,0.007655562720718434,0.0,0.3,221,0.00996942848507111,0.0091642777693324,0.00037966343175172175,0.00037966343175172175,-0.001934202332600955,-0.0011290516168622443,0.0,0.008035226152470156,0.007655562720718434,0.00037966343175172175,1.1842275711453323,1.1739206085369993,1.0087799486041718,0
2025-01-27,-0.0036287614493511026,-0.0036287614493511026,-0.004117939283883265,0.0,0.3,221,-0.015613170683223168,-0.005825125189914723,0.0004891778345321625,0.0004891778345321625,0.011984409233872065,0.0021963637405636206,0.0,-0.0036287614493511026,-0.004117939283883265,0.0004891778345321625,1.1799302917879013,1.1690864747469447,1.0092754618885689,0
2025-02-05,-0.006055566786566804,-0.006055566786566804,-0.005762362551355316,0.0,0.3,221,0.007118752989889608,-0.0030806454822848127,-0.00029320423521148834,-0.00029320423521148834,-0.013174319776456412,-0.0029749213042819913,0.0,-0.006055566786566804,-0.005762362551355316,-0.00029320423521148834,1.1727851451024864,1.1623497746255669,1.0089778229451467,0
2025-02-06,0.012584274356706272,0.012584274356706272,0.012581168146756472,0.0,0.3,221,0.027825883757573066,0.016542591540636906,3.1062099497998485e-06,3.1062099497998485e-06,-0.015241609400866794,-0.003958317183930634,0.0,0.012584274356706272,0.012581168146756472,3.1062099497998485e-06,1.1875437951299255,1.1769734925854756,1.0089809181014178,0
2025-02-07,0.012873543642366213,0.012873543642366213,0.012977774668958997,0.0,0.3,221,0.015903991830543713,0.013517064780633876,-0.0001042310265927833,-0.0001042310265927833,-0.0030304481881774994,-0.0006435211382676623,0.0,0.012873543642366213,0.012977774668958997,-0.0001042310265927833,1.2028316920037516,1.1922479893635876,1.0088770983340585,0
2025-02-10,0.0026058014281234946,0.0026058014281234946,0.00214735119259557,0.0,0.3,221,0.0046451998387809605,0.003993805708065047,0.0004584502355279244,0.0004584502355279244,-0.002039398410657466,-0.0013880042799415526,0.0,0.0026058014281234946,0.00214735119259557,0.0004584502355279244,1.2059660325445671,1.1948081645054172,1.0093386272128202,0
2025-02-11,-0.004130560994546434,-0.004130560994546434,-0.004595312999142842,0.0,0.3,221,-0.0052608202455476675,-0.003592270916723295,0.000464752004596408,0.000464752004596408,0.0011302592510012335,-0.0005382900778231389,0.0,-0.004130560994546434,-0.004595312999142842,0.000464752004596408,1.2009847162897906,1.1893176470155835,1.0098098849398929,0
2025-02-12,0.00913090562233385,0.00913090562233385,0.009457950369587964,0.0,0.3,221,0.013762603045808336,0.009766894985879793,-0.0003270447472541148,-0.0003270447472541148,-0.004631697423474487,-0.0006359893635459433,0.0,0.00913090562233385,0.009457950369587964,-0.0003270447472541148,1.211950794388098,1.2005661542947321,1.0094827261726813,0
2025-02-13,-0.00396512477855463,-0.00396512477855463,-0.0037557192387680516,0.0,0.3,221,-0.013160804792531984,-0.006644122424678752,-0.00020940553978657846,-0.00020940553978657846,0.009195680013977355,0.002678997646124122,0.0,-0.00396512477855463,-0.0037557192387680516,-0.00020940553978657846,1.2071452582628808,1.1960571648916336,1.0092705379782176,0
2025-02-14,0.008153202558159807,0.008153202558159807,0.008672852121708985,0.0,0.3,221,0.008352013519182334,0.007317372993474166,-0.0005196495635491783,-0.0005196495635491783,-0.00019881096102252784,0.0008358295646856409,0.0,0.008153202558159807,0.008672852121708985,-0.0005196495635491783,1.2169873580706203,1.2064303918118493,1.00875058049799,0
2025-02-17,0.0020604999930419537,0.0020604999930419537,0.002129926858497555,0.0,0.3,221,0.010108575602470818,0.0038696347643657866,-6.942686545560132e-05,-6.942686545560132e-05,-0.008048075609428863,-0.001809134771323833,0.0,0.0020604999930419537,0.002129926858497555,-6.942686545560132e-05,1.219494960513457,1.209000000306277,1.0086806949582476,0
2025-02-18,-0.009457258149269763,-0.009457258149269763,-0.008769168289908702,0.0,0.3,221,-0.019020361722019957,-0.01309559480487409,-0.0006880898593610608,-0.0006880898593610608,0.009563103572750194,0.0036383366556043267,0.0,-0.009457258149269763,-0.008769168289908702,-0.0006880898593610608,1.2079618818601476,1.1983980758410917,1.0079804918013937,0
2025-02-19,0.006525671938802679,0.006525671938802679,0.006996887049368183,0.0,0.3,221,0.01956166671948479,0.009016898780527976,-0.0004712151105655043,-0.0004712151105655043,-0.013035994780682111,-0.002491226841725297,0.0,0.006525671938802679,0.006996887049368183,-0.0004712151105655043,1.2158446448157456,1.206783131817932,1.0075088164218562,0
2025-02-20,-0.002664286708886864,-0.002664286708886864,-0.0028588431505905954,0.0,0.3,221,0.002036010851960793,-0.0011145159219584056,0.00019455644170373156,0.00019455644170373156,-0.004700297560847657,-0.0015497707869284582,0.0,-0.002664286708886864,-0.0028588431505905954,0.00019455644170373156,1.2126052860884917,1.203333128127286,1.0077053957416062,0
2025-02-21,0.011830056540482468,0.011830056540482468,0.012611202042792646,0.0,0.3,221,0.022372137831029145,0.013279969050217576,-0.0007811455023101783,-0.0007811455023101783,-0.010542081290546677,-0.0014499125097351077,0.0,0.011830056540482468,0.012611202042792646,-0.0007811455023101783,1.2269504751842066,1.218508605330885,1.006928034661708,0
2025-02-24,-0.0010387370131311672,-0.0010387370131311672,-0.00219359629040905,0.0,0.3,221,-0.004184251241685074,0.00016988938390112787,0.0011548592772778828,0.0011548592772778828,0.0031455142285539066,-0.001208626397032295,0.0,-0.0010387370131311672,-0.00219359629040905,0.0011548592772778828,1.225675996312354,1.2158356893743996,1.0080934512976978,0
2025-02-25,-0.01112176588874908,-0.01112176588874908,-0.011100640451211952,0.0,0.3,221,-0.00709274666570578,-0.010145960160211714,-2.1125437537128366e-05,-2.1125437537128366e-05,-0.0040290192230433,-0.0009758057285373656,0.0,-0.01112176588874908,-0.011100640451211952,-2.1125437537128366e-05,1.2120443148259088,1.202339134538903,1.0080719158249205,0
2025-02-26,0.008714174840142502,0.008714174840142502,0.008735061870637661,0.0,0.3,221,0.014456389762584093,0.010124384314019335,-2.0887030495159165e-05,-2.0887030495159165e-05,-0.005742214922441591,-0.0014102094738768327,0.0,0.008714174840142502,0.008735061870637661,-2.0887030495159165e-05,1.2226062808993026,1.2128416412685892,1.0080510425256342,0
2025-02-27,-0.0002836397505663092,-0.0005849307879833487,0.0020643235292401307,0.23176233647464572,0.3,221,-0.007376854365158394,-0.0005912119138476528,-0.00234796327980644,-0.0026492543172234794,0.006791923577175046,6.28112586430413e-06,0.0003012910374170395,-0.0005849307879833487,0.0020643235292401307,-0.0026492543172234794,1.2218911408440227,1.2153453388059021,1.0053859605406905,0
2025-02-28,-0.02190897181843422,-0.02190897181843422,-0.01967361890815733,0.0,0.3,221,-0.03219991633658319,-0.021926080155110654,-0.002235352910276888,-0.002235352910276888,0.010290944518148968,1.710833667643505e-05,0.0,-0.02190897181843422,-0.01967361890815733,-0.002235352910276888,1.1951207622740767,1.1914350977684294,1.0030934664528102,0
2025-03-03,0.00044540507331769074,0.0001441140359006512,-0.000404853543350181,0.23176233647464572,0.3,221,-0.0011082164884282605,0.0012627751576067784,0.0008502586166678717,0.0005489675792508322,0.0012523305243289117,-0.0011186611217061271,0.00030129103741703955,0.0001441140359006512,-0.000404853543350181,0.0005489675792508322,1.1952929959505167,1.190952741047426,1.0036443552741425,0
2025-03-04,-0.0004192810464135354,-0.0004192810464135354,-0.0008365750079118994,0.0,0.3,221,0.01091844026733167,0.0031240625288467675,0.000417293961498364,0.000417293961498364,-0.011337721313745205,-0.003543343575260303,0.0,-0.0004192810464135354,-0.0008365750079118994,0.000417293961498364,1.1947918322524038,1.1899564197486616,1.0040635206663817,0
2025-03-05,0.004850774495629102,0.004850774495629102,0.004465589188650476,0.0,0.3,221,0.0028137272308098624,0.005017464851530048,0.00038518530697862624,0.00038518530697862624,0.00203704726481924,-0.0001666903559009456,0.0,0.004850774495629102,0.004465589188650476,0.00038518530697862624,1.2005874979998798,1.1952702762716565,1.0044485517909882,0
2025-03-06,0.012814868460118365,0.012814868460118365,0.013751525725120839,0.0,0.3,221,0.017563396422546264,0.012449127868360667,-0.0009366572650024736,-0.0009366572650024736,-0.0047485279624278984,0.0003657405917576982,0.0,0.012814868460118365,0.013751525725120839,-0.0009366572650024736,1.215972868861611,1.2117070662242784,1.0035204900229104,0
2025-03-07,-0.0033072483798774538,-0.0036085394172944932,-0.0030894509881347343,0.23176233647464572,0.3,221,-0.006880448976387457,-0.0037532859017534313,-0.00021779739174271947,-0.000519088429159759,0.0032719095590929637,0.0001447464844589381,0.0003012910374170395,-0.0036085394172944932,-0.0030894509881347343,-0.000519088429159759,1.211584982833963,1.207963556631202,1.0029979598166527,0
2025-03-10,-0.002758556014137496,-0.002758556014137496,-0.003857110761489757,0.0,0.3,221,-0.00032271400743083176,-0.0014180794985110688,0.001098554747352261,0.001098554747352261,-0.0024358420067066644,-0.0013404765156264271,0.0,-0.002758556014137496,-0.003857110761489757,0.001098554747352261,1.2082427577929278,1.2033043073974323,1.0041040743934313,0
2025-03-11,0.003346468472391631,0.003346468472391631,0.0032106226381793945,0.0,0.3,221,0.0014317466612303671,0.003858167293059848,0.0001358458342122365,0.0001358458342122365,0.001914721811161264,-0.0005116988206682171,0.0,0.003346468472391631,0.0032106226381793945,0.0001358458342122365,1.2122861040888773,1.2071676634473814,1.004240041210911,0
2025-03-12,-0.0030684209906618473,-0.0030684209906618473,-0.003598757674812214,0.0,0.3,221,-0.005794224672938405,-0.0030685753807914895,0.0005303366841503667,0.0005303366841503667,0.002725803682276558,1.5439012964217277e-07,0.0,-0.0030684209906618473,-0.003598757674812214,0.0005303366841503667,1.2085662999604032,1.202823359553765,1.0047745501124694,0
2025-03-13,-0.0036658350798907773,-0.003967126117307817,-0.003985555727998191,0.23176233647464572,0.3,221,-0.012709233549768394,-0.005428556584316289,0.000319720648107414,1.84296106903745e-05,0.008742107432460577,0.0014614304670084724,0.0003012910374170395,-0.003967126117307817,-0.003985555727998191,1.84296106903745e-05,1.2037717650273323,1.1980294400233253,1.0047931418145244,0
2025-03-14,0.022528900683841335,0.022528900683841335,0.02428108769263604,0.0,0.3,221,0.024948183291930298,0.020114281037691913,-0.0017521870087947033,-0.0017521870087947033,-0.002419282608088963,0.002414619646149422,0.0,0.022528900683841335,0.02428108769263604,-0.0017521870087947033,1.2308914195676455,1.2271188979148913,1.0030742918711173,0
2025-03-17,-0.0023871299028299896,-0.002688420940247029,-0.00243827823527365,0.23176233647464572,0.3,221,-0.0013924399620156422,-0.000672799288735101,5.1148332443660266e-05,-0.0002501427049733792,-0.001295980978231387,-0.002015621651511928,0.0003012910374170395,-0.002688420940247029,-0.00243827823527365,-0.0002501427049733792,1.2275822653001094,1.2241268406140124,1.002822766866515,0
2025-03-18,0.0031846016070376654,0.0031846016070376654,0.0027360222995087558,0.0,0.3,221,0.007352817878728475,0.002861822472385365,0.0004485793075289096,0.0004485793075289096,-0.004168216271690809,0.0003227791346523002,0.0,0.0031846016070376654,0.0027360222995087558,0.0004485793075289096,1.231491625754955,1.2274760789473596,1.0032713849796886,0
2025-03-19,-0.0025858843871364567,-0.0025869114751725744,0.0006100970703337705,0.0007900677200902735,0.3,222,-0.009317518462308211,-0.0050282618490509285,-0.003195981457470227,-0.003197008545506345,0.006730606987135637,0.002441350373878354,1.027088036117691e-06,-0.0025869114751725744,0.0006100970703337705,-0.003197008545506345,1.2283058659367108,1.2282249585070302,1.0000658734616328,0
2025-03-20,-0.00851526542299573,-0.00851526542299573,-0.008771752205892658,0.0,0.3,222,-0.006732655824860005,-0.0060480030326255,0.00025648678289692806,0.00025648678289692806,-0.001782609598135725,-0.0024672623903702296,0.0,-0.00851526542299573,-0.008771752205892658,0.00025648678289692806,1.217846515467637,1.2174512735179137,1.0003246470378901,0
2025-03-21,-0.014723976374835874,-0.014723976374835874,-0.015168886637703216,0.0,0.3,222,-0.018764259793505787,-0.013383803321455785,0.0004449102628673422,0.0004449102628673422,0.004040283418669913,-0.0013401730533800886,0.0,-0.014723976374835874,-0.015168886637703216,0.0004449102628673422,1.1999149721457152,1.198983893162993,1.0007765567060838,0
2025-03-24,0.004663683865398647,0.004362148266594425,0.005148037563891261,0.23195046061863206,0.3,222,0.0043154522569905235,0.0037103209352349125,-0.0004843536984926143,-0.0007858892972968361,4.669600960390159e-05,0.0006518273313595125,0.00030153559880422183,0.004362148266594425,0.005148037563891261,-0.0007858892972968361,1.2051491791615214,1.2051563072834968,0.9999940853133056,0
2025-03-25,-0.00026343999839842087,-0.00026343999839842087,-0.0006489449174740258,0.0,0.3,222,-0.009146373152214674,-0.0018210466505095464,0.00038550491907560496,0.00038550491907560496,0.008882933153816254,0.0015576066521111255,0.0,-0.00026343999839842087,-0.0006489449174740258,0.00038550491907560496,1.2048316946636932,1.2043742272231235,1.0003798382846705,0
2025-03-26,-0.0028935977169659757,-0.0028935977169659757,-0.00329031765698351,0.0,0.3,222,-0.0010612505945524764,-0.0017558783442400698,0.00039671994001753454,0.00039671994001753454,-0.0018323471224134993,-0.0011377193727259058,0.0,-0.0028935977169659757,-0.00329031765698351,0.00039671994001753454,1.2013453964226861,1.2004114534376753,1.00077801905533,0
2025-03-27,0.00247416024771512,0.00247416024771512,0.003330929367335367,0.0,0.3,222,0.004495363610366295,0.0014230874319590594,-0.0008567691196202467,-0.0008567691196202467,-0.002021203362651175,0.0010510728157560607,0.0,0.00247416024771512,0.003330929367335367,-0.0008567691196202467,1.2043177174462907,1.2044099392008165,0.9999234299290265,0
2025-03-28,-0.004440459646179716,-0.004440459646179716,-0.004385476729204085,0.0,0.3,222,-0.006875234892376457,-0.0051465752529206545,-5.498291697563114e-05,-5.498291697563114e-05,0.00243477524619674,0.0007061156067409381,0.0,-0.004440459646179716,-0.004385476729204085,-5.498291697563114e-05,1.1989699932207911,1.1991280274400293,0.9998682090522264,0
2025-03-31,-0.007282111337260894,-0.007282111337260894,-0.007116070832446364,0.0,0.3,222,-0.00831655445217042,-0.007813474975968066,-0.0001660405048145297,-0.0001660405048145297,0.0010344431149095258,0.0005313636387071722,0.0,-0.007282111337260894,-0.007116070832446364,-0.0001660405048145297,1.1902389602401224,1.1905949474595945,0.9997010005625913,0
2025-04-01,0.0012974807881342436,0.0012974807881342436,9.736821308825583e-05,0.0,0.3,222,0.0018978898620593224,0.0035492837321329665,0.0012001125750459877,0.0012001125750459877,-0.0006004090739250788,-0.0022518029439987227,0.0,0.0012974807881342436,9.736821308825583e-05,0.0012001125750459877,1.191783272424323,1.1907108735621406,1.0009006374981477,0
2025-04-02,-0.0007200754838264634,-0.0007200754838264634,-0.0008483971215664798,0.0,0.3,222,-0.0008432402143782284,-0.0005150068975923976,0.00012832163774001643,0.00012832163774001643,0.00012316473055176496,-0.00020506858623406583,0.0,-0.0007200754838264634,-0.0008483971215664798,0.00012832163774001643,1.1909250985078157,1.1897006778843926,1.0010291837654497,0
2025-04-03,-0.005921586450635313,-0.005921586450635313,-0.005890866967951491,0.0,0.3,222,-0.011806775723234781,-0.007436328748101115,-3.0719482683821964e-05,-3.0719482683821964e-05,0.005885189272599468,0.0015147422974658015,0.0,-0.005921586450635313,-0.005890866967951491,-3.0719482683821964e-05,1.1838729325807702,1.1826923094592938,1.0009982504426838,0
2025-04-07,-0.07161559395097263,-0.07161559395097263,-0.07045514967046262,0.0,0.3,222,-0.09537088414446429,-0.07879586536852333,-0.0011604442805100007,-0.0011604442805100007,0.023755290193491665,0.007180271417550704,0.0,-0.07161559395097263,-0.07045514967046262,-0.0011604442805100007,1.0990891693515186,1.0993655457822342,0.9997486036998559,0
2025-04-08,0.016287292951824385,0.016287292951824385,0.017082996163803488,0.0,0.3,222,0.007475439109013535,0.012738950433108971,-0.0007957032119791027,-0.0007957032119791027,0.00881185384281085,0.003548342518715414,0.0,0.016287292951824385,0.017082996163803488,-0.0007957032119791027,1.116990356632924,1.1181460031834498,0.9989664618509251,0
2025-04-09,0.011523269016060309,0.011523269016060309,0.009870632380828193,0.0,0.3,222,0.021737466866622788,0.01663961326811701,0.001652636635232116,0.001652636635232116,-0.01021419785056248,-0.0051163442520567,0.0,0.011523269016060309,0.009870632380828193,0.001652636635232116,1.1298617370007502,1.129182811328966,1.000601253990915,0
2025-04-10,0.01377394719283638,0.01377394719283638,0.013106454027012049,0.0,0.3,222,0.023753426597771406,0.01733808962896517,0.0006674931658243316,0.0006674931658243316,-0.009979479404935026,-0.0035641424361287886,0.0,0.01377394719283638,0.013106454027012049,0.0006674931658243316,1.145424392901405,1.1439823939337412,1.0012605080072126,0
2025-04-11,0.0033206267993520673,0.0033206267993520673,0.00412346061303448,0.0,0.3,222,0.010926807048657082,0.00380230207770832,-0.0008028338136824124,-0.0008028338136824124,-0.007606180249305015,-0.00048167527835625253,0.0,0.0033206267993520673,0.00412346061303448,-0.0008028338136824124,1.149227919837105,1.148699560277132,1.0004599632299376,0
2025-04-14,0.0039169020801891555,0.003666058509345585,0.0022998164492906703,0.19295659295659265,0.3,222,0.004889047907172626,0.004533761728973107,0.0016170856308984852,0.0013662420600549148,-0.0012229893978270407,-0.0008677032196275215,0.0002508435708435705,0.003666058509345585,0.0022998164492906703,0.0013662420600549148,1.1534410566318012,1.1513413584211503,1.001823697372889,0
2025-04-15,0.0005597724887682617,0.0005597724887682617,0.0005566695508354425,0.0,0.12,222,-0.0053646454414717935,-0.0023981321463854457,3.1029379328192464e-06,3.1029379328192464e-06,0.0059244179302400555,0.0029579046351537073,0.0,0.0005597724887682617,0.0005566695508354425,3.1029379328192464e-06,1.1540867212027195,1.1519822750980009,1.001826804240143,1
2025-04-16,0.004142391695386977,0.004142391695386977,0.003080265023603479,0.0,0.3,222,-0.003207976622841217,0.0013185827198636505,0.0010621266717834978,0.0010621266717834978,0.007350368318228193,0.0028238089755233263,0.0,0.004142391695386977,0.003080265023603479,0.0010621266717834978,1.158867400452386,1.1555306858077965,1.0028876036660652,0
2025-04-17,-2.8494625883041956e-06,-2.8494625883041956e-06,-0.00015858162768633832,0.0,0.3,222,-0.002783144097149483,-0.0010320725917805245,0.00015573216509803413,0.00015573216509803413,0.0027802946345611788,0.0010292231291922204,0.0,-2.8494625883041956e-06,-0.00015858162768633832,0.00015573216509803413,1.1588640983030836,1.1553474398707997,1.0030438102954355,0
2025-04-18,5.6471100750449814e-05,5.6471100750449814e-05,7.976730744463367e-05,0.0,0.3,222,0.0014534062923529708,0.0009403285429318708,-2.329620669418386e-05,-2.329620669418386e-05,-0.001396935191602521,-0.000883857442181421,0.0,5.6471100750449814e-05,7.976730744463367e-05,-2.329620669418386e-05,1.158929540634335,1.1554395988252413,1.003020445043291,0
2025-04-21,0.0021725541994374884,0.0021725541994374884,0.003275685794360994,0.0,0.3,222,0.011766141557831221,0.0073012713921937955,-0.0011031315949235057,-0.0011031315949235057,-0.009593587358393732,-0.005128717192756307,0.0,0.0021725541994374884,0.003275685794360994,-0.0011031315949235057,1.1614473778746923,1.1592244559053553,1.0019175940932,0
2025-04-22,0.0004804030852546225,0.0004804030852546225,-0.00024529175372134393,0.0,0.3,222,-0.006123477206266698,-0.002557295460291408,0.0007256948389759664,0.0007256948389759664,0.0066038802915213204,0.0030376985455460304,0.0,0.0004804030852546225,-0.00024529175372134393,0.0007256948389759664,1.1620053407783841,1.1589401077056096,1.0026448589123753,0
2025-04-23,-0.0004065307583022878,-0.0004065307583022878,0.0007743755325448909,0.0,0.3,222,0.007139996655367417,0.0013776513257281163,-0.0011809062908471786,-0.0011809062908471786,-0.007546527413669704,-0.0017841820840304042,0.0,-0.0004065307583022878,0.0007743755325448909,-0.0011809062908471786,1.161532949866046,1.1598375625687019,1.0014617454651058,0
2025-04-24,5.176725815310543e-05,5.176725815310543e-05,-0.0006667753928667475,0.0,0.3,222,-0.008840546666680403,-0.003763469983004362,0.0007185426510198529,0.0007185426510198529,0.008892313924833509,0.0038152372411574677,0.0,5.176725815310543e-05,-0.0006667753928667475,0.0007185426510198529,1.161593079242115,1.1590642114222585,1.0021818185696143,0
2025-04-25,0.00047116185707343853,0.00047116185707343853,0.0006966308203342209,0.0,0.3,222,0.006981793167191218,0.0032995968811258152,-0.00022546896326078233,-0.00022546896326078233,-0.00651063131011778,-0.0028284350240523766,0.0,0.00047116185707343853,0.0006966308203342209,-0.00022546896326078233,1.1621403775944943,1.1598716512746816,1.0019560149757254,0
2025-04-28,-0.0018581158715923114,-0.002377493393994663,-0.001419305239403923,0.3995211710787326,0.3,222,-0.0068026658976059655,-0.0028783193145612367,-0.0004388106321883884,-0.00095818815459074,0.004425172503611303,0.0005008259205665738,0.0005193775224023515,-0.002377493393994663,-0.001419305239403923,-0.00095818815459074,1.159377396523869,1.1582254393629914,1.000994588032457,0
2025-04-29,-0.0014669631438465878,-0.0014669631438465878,-0.0017299734177331771,0.0,0.3,222,0.0016566248560956876,-0.0018366920683347164,0.00026301027388658934,0.00026301027388658934,-0.0031235879999422754,0.00036972892448812857,0.0,-0.0014669631438465878,-0.0017299734177331771,0.00026301027388658934,1.1576766326133596,1.156221740141151,1.0012583161358228,0
2025-04-30,0.0002156230876376778,0.0002156230876376778,-0.0011936711113711418,0.0,0.3,222,0.009568792507618589,0.0018136910944083027,0.0014092941990088196,0.0014092941990088196,-0.009353169419980911,-0.0015980680067706249,0.0,0.0002156230876376778,-0.0011936711113711418,0.0014092941990088196,1.15792625442337,1.1548415916516053,1.0026710700359804,0
2025-05-06,0.01277802505939417,0.01277802505939417,0.01007059806997379,0.0,0.3,222,0.019202236647944262,0.0151918493450705,0.0027074269894203796,0.0027074269894203796,-0.0064242115885500915,-0.00241382428567633,0.0,0.01277802505939417,0.01007059806997379,0.0027074269894203796,1.172722265119322,1.1664715371556174,1.0053586630831532,0
2025-05-07,0.005222236195596003,0.005222236195596003,0.006061269004120851,0.0,0.3,222,0.0032145463276449307,0.004537146080025798,-0.0008390328085248477,-0.0008390328085248477,0.002007689867951072,0.0006850901155702046,0.0,0.005222236195596003,0.006061269004120851,-0.0008390328085248477,1.1788464977796096,1.1735418349279678,1.0045202162323998,0
2025-05-08,0.006082598373085368,0.006082598373085368,0.005550983955379785,0.0,0.3,222,0.009486000306798428,0.0049858615309600575,0.0005316144177055834,0.0005316144177055834,-0.0034034019337130603,0.0010967368421253105,0.0,0.006082598373085368,0.005550983955379785,0.0005316144177055834,1.1860169475691213,1.18005614682462,1.0050512857041092,0
2025-05-09,-0.003993745251960902,-0.003993745251960902,-0.0017492554886566758,0.0,0.3,222,-0.011338939483805453,-0.005861940127330674,-0.002244489763304226,-0.002244489763304226,0.007345194231844552,0.0018681948753697724,0.0,-0.003993745251960902,-0.0017492554886566758,-0.002244489763304226,1.181280298016022,1.177991927132864,1.0027915054487355,0
2025-05-12,0.013533297757503743,0.013533297757503743,0.011557771724635346,0.0,0.3,222,0.019970132663215907,0.013922549867349318,0.0019755260328683973,0.0019755260328683973,-0.006436834905712164,-0.000389252109845575,0.0,0.013533297757503743,0.011557771724635346,0.0019755260328683973,1.1972669160241456,1.191606888920129,1.004749911364767,0
2025-05-13,0.0007123066265654667,0.0007123066265654667,0.0014518804456762346,0.0,0.3,222,-0.0037268679248093437,0.0005382114955518091,-0.0007395738191107679,-0.0007395738191107679,0.00443917455137481,0.00017409513101365758,0.0,0.0007123066265654667,0.0014518804456762346,-0.0007395738191107679,1.1981197371821972,1.1933369596610852,1.0040079019445358,0
2025-05-14,0.01034223682116334,0.01034223682116334,0.012050664094831687,0.0,0.3,222,0.0075800592258661904,0.009440206793065562,-0.0017084272736683469,-0.0017084272736683469,0.0027621775952971495,0.0009020300280977774,0.0,0.01034223682116334,0.012050664094831687,-0.0017084272736683469,1.2105109752442456,1.2077174625139087,1.0023130515348533,0
2025-05-15,-0.010840748017546947,-0.010840748017546947,-0.009132557660878726,0.0,0.3,222,-0.017772428145622785,-0.01218165845651105,-0.001708190356668221,-0.001708190356668221,0.006931680128075837,0.001340910438964102,0.0,-0.010840748017546947,-0.009132557660878726,-0.001708190356668221,1.1973881307891476,1.1966879131494503,1.000585129700069,0
2025-05-16,-0.0036083619017850503,-0.0036083619017850503,-0.004636006272728532,0.0,0.3,222,0.0005891968612006589,-0.0027186464860095706,0.001027644370943482,0.001027644370943482,-0.004197558762985709,-0.0008897154157754797,0.0,-0.0036083619017850503,-0.004636006272728532,0.001027644370943482,1.1930675210763584,1.191140060477591,1.0016181645322169,0
2025-05-19,-0.0027119198800859513,-0.0027119198800859513,-0.003070156289188164,0.0,0.3,222,-0.0015476652309371955,-0.0015462327403990028,0.00035823640910221267,0.00035823640910221267,-0.0011642546491487558,-0.0011656871396869485,0.0,-0.0027119198800859513,-0.003070156289188164,0.00035823640910221267,1.1898320175476667,1.1874830743296119,1.0019780856408256,0
2025-05-20,0.005449271149611074,0.005449271149611074,0.005422855831583195,0.0,0.3,222,0.003891514349485187,0.0042856580141960735,2.6415318027878457e-05,2.6415318027878457e-05,0.001557756800125887,0.0011636131354150004,0.0,0.005449271149611074,0.005422855831583195,2.6415318027878457e-05,1.1963157348337727,1.1939226238441465,1.002004410454943,0
2025-05-21,0.0042492471713465145,0.0042492471713465145,0.004671473451456354,0.0,0.3,222,-0.00026916574768504433,0.003338547428906087,-0.00042222628010983934,-0.00042222628010983934,0.004518412919031559,0.0009106997424404273,0.0,0.0042492471713465145,0.004671473451456354,-0.00042222628010983934,1.2013991760860523,1.1995000016845276,1.0015833050428158,0
2025-05-22,-0.0022027371410106083,-0.0022027371410106083,-0.0006423277491894863,0.0,0.3,222,-0.0011092099879134176,-0.0028101698861003354,-0.001560409391821122,-0.001560409391821122,-0.0010935271530971907,0.0006074327450897271,0.0,-0.0022027371410106083,-0.0006423277491894863,-0.001560409391821122,1.198752809499708,1.198729529548293,1.0000194205205104,0
2025-05-23,-0.008442461197520673,-0.008442461197520673,-0.008071560769940644,0.0,0.3,222,-0.012227857166913563,-0.009065018919644358,-0.00037090042758002907,-0.00037090042758002907,0.0037853959693928893,0.0006225577221236848,0.0,-0.008442461197520673,-0.008071560769940644,-0.00037090042758002907,1.1886323854200878,1.1890539113038214,0.9996454947250697,0
2025-05-26,-0.0033576475915387915,-0.0033576475915387915,-0.005709900802728041,0.0,0.3,222,0.00038985943423026274,-0.00022754942955726393,0.002352253211189249,0.002352253211189249,-0.003747507025769054,-0.0031300981619815276,0.0,-0.0033576475915387915,-0.005709900802728041,0.002352253211189249,1.184641376753957,1.1822645314211808,1.0020104175246796,0
2025-05-27,-0.006237775589049458,-0.006237775589049458,-0.0053650848563330245,0.0,0.3,222,-0.00607409607152963,-0.0056416736218544376,-0.0008726907327164333,-0.0008726907327164333,-0.00016367951751982811,-0.0005961019671950202,0.0,-0.006237775589049458,-0.0053650848563330245,-0.0008726907327164333,1.1772518496922633,1.1759215818874733,1.0011312555405734,0
2025-05-28,-0.0005465682333645098,-0.0008481038321687316,-0.0008231240693037378,0.23195046061863206,0.3,222,-0.0005378227161817731,-0.0005083198028012833,0.00027655583593922805,-2.4979762864993783e-05,-0.00031028111598695846,-0.00033978402936744834,0.00030153559880422183,-0.0008481038321687316,-0.0008231240693037378,-2.4979762864993783e-05,1.1762534178871116,1.174953652529808,1.001106226917551,0
2025-05-29,0.006379160181760962,0.006379160181760962,0.005855530391425834,0.0,0.3,222,0.01931727564748394,0.010574107786553997,0.0005236297903351284,0.0005236297903351284,-0.012938115465722978,-0.004194947604793034,0.0,0.006379160181760962,0.005855530391425834,0.0005236297903351284,1.1837569268541572,1.1818336293507132,1.0016273843083148,0
2025-05-30,-0.004575306311083308,-0.004575306311083308,-0.004785938517424926,0.0,0.3,222,-0.007732981532129742,-0.005000219874969159,0.00021063220634161793,0.00021063220634161793,0.003157675221046434,0.00042491356388585106,0.0,-0.004575306311083308,-0.004785938517424926,0.00021063220634161793,1.1783408763159329,1.1761774462628156,1.0018393738631797,0
2025-06-03,0.0030484684984381765,0.0030484684984381765,0.0030676269245482057,0.0,0.3,222,0.0016929493799852677,0.0026841388066053276,-1.9158426110029228e-05,-1.9158426110029228e-05,0.0013555191184529088,0.00036432969183284886,0.0,0.0030484684984381765,0.0030676269245482057,-1.9158426110029228e-05,1.1819330113578042,1.1797855198650178,1.0018202388965005,0
2025-06-04,0.0047852796613380745,0.0047852796613380745,0.004343235940006185,0.0,0.3,222,0.008817243023901277,0.006600242156510667,0.00044204372133188966,0.00044204372133188966,-0.004031963362563203,-0.0018149624951725929,0.0,0.0047852796613380745,0.004343235940006185,0.00044204372133188966,1.1875888913581187,1.1849096067363944,1.0022611721657857,0
2025-06-05,0.0025144931135206243,0.0025144931135206243,0.002277949253231437,0.0,0.3,222,0.015148123659212158,0.006103220888189206,0.0002365438602891872,0.0002365438602891872,-0.012633630545691533,-0.0035887277746685813,0.0,0.0025144931135206243,0.002277949253231437,0.0002365438602891872,1.1905750754471323,1.1876087706902063,1.0024977120665772,0
2025-06-06,-0.0004944863335535058,-0.0004944863335535058,-0.0009210957304880418,0.0,0.3,222,0.0015947932453773323,0.0007768267361749159,0.000426609396934536,0.000426609396934536,-0.002089279578930838,-0.0012713130697284219,0.0,-0.0004944863335535058,-0.0009210957304880418,0.000426609396934536,1.1899863523432541,1.1865148693220333,1.002925781303697,0
2025-06-09,0.0033082724871653342,0.0033082724871653342,0.0029070330980449643,0.0,0.3,222,0.012850059351124378,0.006425469062566866,0.0004012393891203699,0.0004012393891203699,-0.009541786863959043,-0.003117196575401532,0.0,0.0033082724871653342,0.0029070330980449643,0.0004012393891203699,1.1939231514528135,1.189964107318475,1.003327028193531,0
2025-06-10,-0.005357081585639044,-0.005357081585639044,-0.005091235023245155,0.0,0.3,222,-0.01389062512134014,-0.007846981601159328,-0.00026584656239388854,-0.00026584656239388854,0.008533543535701096,0.0024899000155202845,0.0,-0.005357081585639044,-0.005091235023245155,-0.00026584656239388854,1.1875272077234975,1.1839057203788905,1.0030589322124805,0
2025-06-11,0.007542069758510182,0.007542069758510182,0.007543723327272378,0.0,0.3,222,0.005757585378819769,0.007096804378238228,-1.653568762196092e-06,-1.653568762196092e-06,0.001784484379690413,0.0004452653802719539,0.0,0.007542069758510182,0.007543723327272378,-1.653568762196092e-06,1.196483620764277,1.1928367775790039,1.0030572860041043,0
2025-06-12,-0.00024690953322859834,-0.00024690953322859834,-0.0006229097475155543,0.0,0.3,222,0.002069458501283211,0.000991910898281041,0.00037600021428695594,0.00037600021428695594,-0.0023163680345118093,-0.0012388204315096395,0.0,-0.00024690953322859834,-0.0006229097475155543,0.00037600021428695594,1.1961881975519586,1.192093747923055,1.003434670835274,0
2025-06-13,-0.006389099505579577,-0.006389099505579577,-0.007198244118646335,0.0,0.3,222,-0.0072324843522816465,-0.005169597075055528,0.0008091446130667583,0.0008091446130667583,0.0008433848467020695,-0.0012195024305240486,0.0,-0.006389099505579577,-0.007198244118646335,0.0008091446130667583,1.1885456321303993,1.1835127661131928,1.0042524813937876,0
2025-06-16,0.0031006810643388607,0.0031006810643388607,0.002487693256285839,0.0,0.3,222,0.0013230288416005184,0.003718748701911236,0.0006129878080530218,0.0006129878080530218,0.0017776522227383423,-0.0006180676375723755,0.0,0.0031006810643388607,0.002487693256285839,0.0006129878080530218,1.1922309330660485,1.1864569828401808,1.0048665483109602,0
2025-06-17,-0.000374875151472419,-0.000374875151472419,-0.0008819516551094031,0.0,0.3,222,-0.002706058352383227,-9.759625955960858e-05,0.0005070765036369841,0.0005070765036369841,0.002331183200910808,-0.0002772788919128104,0.0,-0.000374875151472419,-0.0008819516551094031,0.0005070765036369841,1.1917839953144254,1.1854105851404488,1.0053765423169572,0
2025-06-18,0.0013888802289642277,0.0013888802289642277,0.0011864989125354164,0.0,0.3,222,0.008639933675987595,0.0035606023032088573,0.00020238131642881128,0.00020238131642881128,-0.007251053447023367,-0.0021717220742446296,0.0,0.0013888802289642277,0.0011864989125354164,0.00020238131642881128,1.1934392405427137,1.186817073510626,1.0055797706149434,0
2025-06-19,-0.008653902563957941,-0.008653902563957941,-0.008227055543231554,0.0,0.3,222,-0.011006028824522677,-0.009987900041950618,-0.0004268470207263869,-0.0004268470207263869,0.002352126260564736,0.0013339974779926767,0.0,-0.008653902563957941,-0.008227055543231554,-0.0004268470207263869,1.183111333639053,1.1770530635271985,1.0051469813040546,0
2025-06-20,0.000614815563893342,0.000614815563893342,0.0009245422018608895,0.0,0.3,222,-0.005339810451351714,-0.0014261425986925654,-0.0003097266379675476,-0.0003097266379675476,0.005954626015245056,0.0020409581625859072,0.0,0.000614815563893342,0.0009245422018608895,-0.0003097266379675476,1.183838728900793,1.1781412987582591,1.0048359480722209,0
2025-06-23,0.0031467785295761176,0.0031467785295761176,0.002926524815408671,0.0,0.3,222,0.004693668530788648,0.003887140478619837,0.00022025371416744665,0.00022025371416744665,-0.0015468900012125305,-0.0007403619490437196,0.0,0.0031467785295761176,0.002926524815408671,0.00022025371416744665,1.1875640071953786,1.181589158505133,1.0050566211167717,0
2025-06-24,0.011548826059625527,0.011548826059625527,0.011957951441788905,0.0,0.3,222,0.016402756810922087,0.012081576691367817,-0.00040912538216337883,-0.00040912538216337883,-0.004853930751296561,-0.0005327506317422907,0.0,0.011548826059625527,0.011957951441788905,-0.00040912538216337883,1.20127897734915,1.1957185442866816,1.0046502858795967,0
2025-06-25,0.013949981749811323,0.013949981749811323,0.014352333286424601,0.0,0.3,222,0.019475407259522917,0.014658828205595803,-0.00040235153661327856,-0.00040235153661327856,-0.005525425509711595,-0.0007088464557844804,0.0,0.013949981749811323,0.014352333286424601,-0.00040235153661327856,1.2180367971596024,1.2128798953510425,1.004251782743144,0
2025-06-26,-0.0029277891739798775,-0.0029277891739798775,-0.00354708716738128,0.0,0.3,222,-0.00515133220876223,-0.002411075224619703,0.0006192979934014024,0.0006192979934014024,0.002223543034782353,-0.0005167139493601745,0.0,-0.0029277891739798775,-0.00354708716738128,0.0006192979934014024,1.2144706422113696,1.208577704638668,1.0048759277538248,0
2025-06-27,-0.004890874854576295,-0.004890874854576295,-0.006148398405025679,0.0,0.3,222,0.006614397431209594,0.00021211610190631237,0.001257523550449384,0.001257523550449384,-0.011505272285785888,-0.0051029909564826075,0.0,-0.004890874854576295,-0.006148398405025679,0.001257523550449384,1.2085308182857568,1.201146887407118,1.00614740041876,0
2025-06-30,0.004042094810158882,0.004042094810158882,0.003651755342974017,0.0,0.3,222,0.013447091743369726,0.007111047603423446,0.0003903394671848654,0.0003903394671848654,-0.009404996933210844,-0.003068952793264564,0.0,0.004042094810158882,0.003651755342974017,0.0003903394671848654,1.2134158144342668,1.2055331819709036,1.0065387104903043,0
2025-07-01,0.0017648636357164215,0.0017648636357164215,0.0016978571391006447,0.0,0.3,222,-0.0028791689110037664,0.0007089022190004417,6.700649661577681e-05,6.700649661577681e-05,0.0046440325467201875,0.0010559614167159799,0.0,0.0017648636357164215,0.0016978571391006447,6.700649661577681e-05,1.215557327880165,1.2075800050903356,1.0066060408057458,0
2025-07-02,0.0007302924695764817,0.0007302924695764817,0.00023407448889889437,0.0,0.3,222,-0.00938652236098244,-0.0009270699202774395,0.0004962179806775873,0.0004962179806775873,0.010116814830558922,0.0016573623898539212,0.0,0.0007302924695764817,0.00023407448889889437,0.0004962179806775873,1.2164450402430544,1.2078626687628315,1.007105419930739,0
2025-07-03,0.005759025868474824,0.005759025868474824,0.006182720125535335,0.0,0.3,222,0.00999586520367618,0.006106933764296898,-0.00042369425706051053,-0.00042369425706051053,-0.0042368393352013554,-0.00034790789582207337,0.0,0.005759025868474824,0.006182720125535335,-0.00042369425706051053,1.223450578697392,1.2153305455938743,1.006681337133306,0
2025-07-04,0.003401374628087251,0.003401374628087251,0.003562388906882541,0.0,0.3,222,-0.003979546174985287,0.001261565610666299,-0.00016101427879528993,-0.00016101427879528993,0.007380920803072538,0.002139809017420952,0.0,0.003401374628087251,0.003562388906882541,-0.00016101427879528993,1.227611992454492,1.2196600256476935,1.0065198224419756,0
2025-07-07,-0.0037322997183059925,-0.0037322997183059925,-0.004276225568990322,0.0,0.3,222,-0.004621739719478039,-0.003002522640620071,0.0005439258506843292,0.0005439258506843292,0.0008894400011720469,-0.0007297770776859215,0.0,-0.0037322997183059925,-0.004276225568990322,0.0005439258506843292,1.2230301765608649,1.2144444842605435,1.0070696457611639,0
2025-07-08,0.008944061051667012,0.008944061051667012,0.008392593859549047,0.0,0.3,222,0.017557964217225292,0.01207622692714495,0.0005514671921179656,0.0005514671921179656,-0.00861390316555828,-0.0031321658754779377,0.0,0.008944061051667012,0.008392593859549047,0.0005514671921179656,1.2339690331280564,1.2246368235819118,1.0076203894627707,0
2025-07-09,-0.0019073558707345208,-0.0019073558707345208,-0.001763707246055457,0.0,0.3,222,-0.007078005374548808,-0.003479848749148314,-0.0001436486246790638,-0.0001436486246790638,0.0051706495038142865,0.001572492878413793,0.0,-0.0019073558707345208,-0.001763707246055457,-0.0001436486246790638,1.2316154150484149,1.2224769227423742,1.0074753904438052,0
2025-07-10,0.004780518291878166,0.004780518291878166,0.004665956105733837,0.0,0.3,222,-0.0012996009786330701,0.003443033067998006,0.0001145621861443286,0.0001145621861443286,0.006080119270511236,0.0013374852238801599,0.0,0.004780518291878166,0.004665956105733837,0.0001145621861443286,1.2375031750686127,1.2281809464041626,1.0075902729901025,0
2025-07-11,0.0012389610572897324,0.0012389610572897324,0.0011926860393338679,0.0,0.3,222,0.006286423059694751,0.0026149608603892273,4.627501795586458e-05,4.627501795586458e-05,-0.005047462002405019,-0.0013759998030994948,0.0,0.0012389610572897324,0.0011926860393338679,4.627501795586458e-05,1.2390363933107953,1.2296457806727148,1.0076368437038372,0
2025-07-14,0.0014621931506078726,0.0014621931506078726,0.0007125622726074088,0.0,0.3,222,-0.001084372836925575,0.0021398551425395556,0.0007496308780004638,0.0007496308780004638,0.0025465659875334476,-0.000677661991931683,0.0,0.0014621931506078726,0.0007125622726074088,0.0007496308780004638,1.2408481038384482,1.2305219798646931,1.0083916615409751,0
2025-07-15,0.0031651801123748803,0.002863644513570659,0.00034761460367627173,0.23195046061863206,0.3,222,0.007136853954250406,0.0022675065617207405,0.0028175655086986086,0.002516029909894387,-0.004273209440679748,0.0005961379518499184,0.0003015355988042214,0.002863644513570659,0.00034761460367627173,0.002516029909894387,1.2444014517031796,1.2309497272750387,1.0109279234806112,0
2025-07-16,-0.00345469492464743,-0.00345469492464743,-0.0029515575814113015,0.0,0.3,222,-0.00032102155034658813,-0.0019909566811457005,-0.0005031373432361286,-0.0005031373432361286,-0.003133673374300842,-0.0014637382435017296,0.0,-0.00345469492464743,-0.0029515575814113015,-0.0005031373432361286,1.2401024243237566,1.2273165082751638,1.0104177821795632,0
2025-07-17,0.009111420980652506,0.009111420980652506,0.00681001374051049,0.0,0.3,222,0.014476949216586371,0.009359661474628885,0.0023014072401420158,0.0023014072401420158,-0.005365528235933866,-0.00024824049397637916,0.0,0.009111420980652506,0.00681001374051049,0.0023014072401420158,1.251401519570898,1.235674550560473,1.0127274362034013,0
2025-07-18,0.004908016826836182,0.004908016826836182,0.005962982691001262,0.0,0.3,222,0.0015335842204797251,0.005601845606224386,-0.0010549658641650795,-0.0010549658641650795,0.0033744326063564574,-0.0006938287793882038,0.0,0.004908016826836182,0.005962982691001262,-0.0010549658641650795,1.2575434192860806,1.2430428565171758,1.0116653763728898,0
2025-07-21,0.007724143476965881,0.007724143476965881,0.006667063195941569,0.0,0.3,222,0.005737880084537745,0.010363584499010346,0.0010570802810243116,0.0010570802810243116,0.0019862633924281363,-0.0026394410220444645,0.0,0.007724143476965881,0.006667063195941569,0.0010570802810243116,1.2672568650851606,1.2513303017968396,1.0127277052792947,0
2025-07-22,0.00862503518078959,0.00862503518078959,0.008163046119558537,0.0,0.3,222,0.004180884240774922,0.010487414178446378,0.00046198906123105267,0.00046198906123105267,0.004444150940014668,-0.0018623789976567884,0.0,0.00862503518078959,0.008163046119558537,0.00046198906123105267,1.2781870001296172,1.2615449687612084,1.0131917860880937,0
2025-07-23,-0.0007800955039252026,-0.0007800955039252026,0.00019672450184127221,0.0,0.3,222,-0.001706712916114302,-0.001824054839046636,-0.0009768200057664747,-0.0009768200057664747,0.0009266174121890994,0.0010439593351214333,0.0,-0.0007800955039252026,0.00019672450184127221,-0.0009768200057664747,1.2771898921976403,1.2617931455667384,1.012202274742891,0
2025-07-24,0.00860979049487321,0.00860979049487321,0.0071043554995868785,0.0,0.3,222,0.012126665357645875,0.011390444235450653,0.0015054349952863307,0.0015054349952863307,-0.0035168748627726655,-0.002780653740577444,0.0,0.00860979049487321,0.0071043554995868785,0.0015054349952863307,1.2881862295916318,1.2707573726397865,1.0137153301858401,0
2025-07-25,-0.0043742605827565475,-0.0043742605827565475,-0.005271922389312067,0.0,0.3,222,0.001086279836146424,-0.0037236809986526693,0.0008976618065555195,0.0008976618065555195,-0.005460540418902971,-0.0006505795841038782,0.0,-0.0043742605827565475,-0.005271922389312067,0.0008976618065555195,1.2825513673442792,1.2640580383955835,1.0146301264554027,0
2025-07-28,0.0029141333382439894,0.0029141333382439894,0.0020984873048641717,0.0,0.3,222,0.003303244733815157,0.0017359939034510144,0.0008156460333798177,0.0008156460333798177,-0.00038911139557116755,0.001178139434792975,0.0,0.0029141333382439894,0.0020984873048641717,0.0008156460333798177,1.2862888930418677,1.266710648141768,1.0154559724660248,0
2025-07-29,0.005800906458873675,0.005800906458873675,0.003917115239085778,0.0,0.3,222,0.011444745002988435,0.0054377504199973024,0.0018837912197878972,0.0018837912197878972,-0.00564383854411476,0.0003631560388763725,0.0,0.005800906458873675,0.003917115239085778,0.0018837912197878972,1.2937505345894917,1.2716724997251163,1.0173614156704245,0
2025-07-30,-0.0006150216955566908,-0.0006150216955566908,-0.00018949790929712051,0.0,0.3,222,-0.007284487489319245,-0.0005757948401415895,-0.0004255237862595703,-0.0004255237862595703,0.006669465793762554,-3.9226855415101336e-05,0.0,-0.0006150216955566908,-0.00018949790929712051,-0.0004255237862595703,1.292954849942081,1.2714315204451077,1.0169284221374648,0
2025-07-31,-0.017168564701472332,-0.017168564701472332,-0.018222684852631565,0.0,0.3,222,-0.014284185530832536,-0.017491924065666326,0.001054120151159233,0.001054120151159233,-0.002884379170639797,0.00032335936419399317,0.0,-0.017168564701472332,-0.018222684852631565,0.001054120151159233,1.270756670944768,1.2482626245363342,1.0180202835255034,0
2025-08-01,-0.00471970328416752,-0.00471970328416752,-0.0050698411558057765,0.0,0.3,222,-0.006082717764560676,-0.003801142866405647,0.00035013787163825673,0.00035013787163825673,0.0013630144803931559,-0.000918560417761873,0.0,-0.00471970328416752,-0.0050698411558057765,0.00035013787163825673,1.2647590765115322,1.2419341313092058,1.0183785473213987,0
2025-08-04,0.003364569298753783,0.003063033699949561,0.0038900068425371526,0.23195046061863206,0.3,222,0.004521061569895346,0.003969304110904545,-0.0005254375437833696,-0.0008269731425875914,-0.0014580278699457849,-0.0009062704109549838,0.00030153559880422183,0.003063033699949561,0.0038900068425371526,-0.0008269731425875914,1.268633076185204,1.2467652635779791,1.017539638972992,0
2025-08-05,0.00730179521421068,0.007000259615406458,0.008044729775498416,0.23195046061863206,0.3,222,0.005912840028819296,0.007467862006471409,-0.0007429345612877357,-0.0010444701600919575,0.0010874195865871626,-0.0004676023910649505,0.00030153559880422183,0.007000259615406458,0.008044729775498416,-0.0010444701600919575,1.2775138370751922,1.2567951532169421,1.016485330807664,0
2025-08-06,0.003216092125618972,0.003216092125618972,0.0024455519136337145,0.0,0.3,222,0.009468759170442726,0.004874246128064224,0.0007705402119852576,0.0007705402119852576,-0.006252667044823754,-0.0016581540024452517,0.0,0.003216092125618972,0.0024455519136337145,0.0007705402119852576,1.281622439266979,1.2598687110089375,1.017266662841893,0
2025-08-07,0.0001610663492303464,0.0001610663492303464,0.00028705585229782393,0.0,0.3,222,-0.004003518719192489,0.0003222048075166468,-0.00012598950306747753,-0.00012598950306747753,0.004164585068422835,-0.0001611384582863004,0.0,0.0001610663492303464,0.00028705585229782393,-0.00012598950306747753,1.2818288655143635,1.2602303636955596,1.017138534700487,0
2025-08-08,-0.0014931703544792151,-0.0014931703544792151,-0.0023572022613742583,0.0,0.3,222,-0.00782162063090841,-0.0008685362526368741,0.0008640319068950431,0.0008640319068950431,0.006328450276429195,-0.000624634101842341,0.0,-0.0014931703544792151,-0.0023572022613742583,0.0008640319068950431,1.2799148766528616,1.257259745832404,1.0180194513469119,0
2025-08-11,0.005792318669704873,0.005792318669704873,0.004273773803145531,0.0,0.3,222,0.013008851384609091,0.0068636156241780885,0.0015185448665593418,0.0015185448665593418,-0.007216532714904219,-0.001071296954473216,0.0,0.005792318669704873,0.004273773803145531,0.0015185448665593418,1.287328551488531,1.2626329895978918,1.0195587808128663,0
2025-08-12,0.0056744273795246054,0.0056744273795246054,0.005170295984199713,0.0,0.3,222,0.005552756102406834,0.004416853463989334,0.0005041313953248923,0.0005041313953248923,0.00012167127711777172,0.0012575739155352714,0.0,0.0056744273795246054,0.005170295984199713,0.0005041313953248923,1.2946334038675413,1.269161175873528,1.0200701285843239,0
2025-08-13,0.00928892576052404,0.00928892576052404,0.00790390482687342,0.0,0.3,222,0.013050800580849998,0.007445348657485541,0.0013850209336506193,0.0013850209336506193,-0.0037618748203259583,0.0018435771030384986,0.0,0.00928892576052404,0.00790390482687342,0.0013850209336506193,1.3066591574431614,1.279192505017595,1.0214718678524377,0
2025-08-14,-0.002856937491594307,-0.002856937491594307,-0.0007816208179632911,0.0,0.3,222,-0.009375209226960515,-0.006159444660754613,-0.0020753166736310158,-0.0020753166736310158,0.006518271735366208,0.0033025071691603065,0.0,-0.002856937491594307,-0.0007816208179632911,-0.0020753166736310158,1.302926113907527,1.2781926615254906,1.0193503320168633,0
2025-08-15,0.008650864947975288,0.008650864947975288,0.006958548113727536,0.0,0.3,222,0.01531425839520797,0.011830255956594125,0.0016923168342477517,0.0016923168342477517,-0.0066633934472326815,-0.0031793910086188367,0.0,0.008650864947975288,0.006958548113727536,0.0016923168342477517,1.3141975517561313,1.2870870266593293,1.0210634747575447,0
2025-08-18,0.010037668783252874,0.010037668783252874,0.008818677858427604,0.0,0.3,222,0.023654301851592806,0.011718236547780486,0.0012189909248252698,0.0012189909248252698,-0.013616633068339932,-0.0016805677645276122,0.0,0.010037668783252874,0.008818677858427604,0.0012189909248252698,1.3273890314964212,1.2984374325231993,1.0222972614991248,0
2025-08-19,-0.004088847132795859,-0.004088847132795859,-0.003783165709871472,0.0,0.3,222,-0.0007022968585192482,-0.001756331450789373,-0.00030568142292438684,-0.00030568142292438684,-0.003386550274276611,-0.0023325156820064863,0.0,-0.004088847132795859,-0.003783165709871472,-0.00030568142292438684,1.3219615406608822,1.293525228552064,1.021983577499025,0
2025-08-20,0.011563847903927548,0.011563847903927548,0.011370458515621573,0.0,0.3,222,0.020214676287017966,0.013591420967985886,0.0001933893883059746,0.0001933893883059746,-0.008650828383090418,-0.002027573064058338,0.0,0.011563847903927548,0.011370458515621573,0.0001933893883059746,1.3372485028519263,1.308233203502225,1.02217899627683,0
2025-08-21,0.003470617041350404,0.003470617041350404,0.0039038526937729134,0.0,0.3,222,-0.0011167112703140765,0.002440246309859166,-0.0004332356524225094,-0.0004332356524225094,0.004587328311664481,0.0010303707314912379,0.0,0.003470617041350404,0.0039038526937729134,-0.0004332356524225094,1.3418895802944444,1.3133403532178003,1.021737873968995,0
2025-08-22,0.022046079073215208,0.022045053335849062,0.020971435942042538,0.0007890287431899553,0.3,223,0.039544435975592776,0.02085243148802027,0.00107464313117267,0.0010736173938065245,-0.017499382639743714,0.0011926218478287912,1.025737366145557e-06,0.022045053335849062,0.020971435942042538,0.0010736173938065245,1.3714716076628557,1.3408829863054068,1.0228122973218796,0
2025-08-25,0.021295155502639083,0.021295155502639083,0.02083692277864846,0.0,0.12,223,0.020694837733276288,0.02119052787535044,0.0004582327239906238,0.0004582327239906238,0.0006003177693627952,0.00010462762728864414,0.0,0.021295155502639083,0.02083692277864846,0.0004582327239906238,1.4006773088154907,1.368822861546256,1.0232714167509236,1
2025-08-26,-0.003281104363563884,-0.003281104363563884,-0.0037212743328440823,0.0,0.12,223,0.003757607751619904,-2.713673228396048e-06,0.00044016996928019844,0.00044016996928019844,-0.007038712115183788,-0.003278390690335488,0.0,-0.003281104363563884,-0.0037212743328440823,0.00044016996928019844,1.3960815403855913,1.3637290961653739,1.0237235124711999,1
2025-08-27,-0.014758266557114008,-0.014758266557114008,-0.014927018327870134,0.0,0.12,223,-0.010868763858729525,-0.01556462814563057,0.00016875177075612556,0.00016875177075612556,-0.0038895026983844835,0.0008063615885165621,0.0,-0.014758266557114008,-0.014927018327870134,0.00016875177075612556,1.3754777968771144,1.3433726869526637,1.023898885421944,1
2025-08-28,0.0202236284767462,0.0202236284767462,0.017704778516881126,0.0,0.3,223,0.02916579595845126,0.017913501585241878,0.002518849959865073,0.002518849959865073,-0.008942167481705062,0.002310126891504321,0.0,0.0202236284767462,0.017704778516881126,0.002518849959865073,1.4032949488191706,1.367156802840788,1.0264330659828425,0
2025-08-29,0.007530510336340506,0.007530510336340506,0.00738770396941435,0.0,0.12,223,0.009827763813947515,0.006078048715994099,0.0001428063669261558,0.0001428063669261558,-0.0022972534776070095,0.0014524616203464066,0.0,0.007530510336340506,0.00738770396941435,0.0001428063669261558,1.413862475936188,1.3772569525799467,1.0265785722030083,1
2025-09-01,0.006560800747204994,0.006560800747204994,0.005993649960034597,0.0,0.3,223,0.01890225147816206,0.007243853783153299,0.0005671507871703972,0.0005671507871703972,-0.012341450730957066,-0.0006830530359483045,0.0,0.006560800747204994,0.005993649960034597,0.0005671507871703972,1.423138545924755,1.385511748658735,1.0271573281875417,0
2025-09-02,-0.010419916326217547,-0.010419916326217547,-0.00735199469302994,0.0,0.3,223,-0.02433933474428006,-0.011836523851304103,-0.0030679216331876077,-0.0030679216331876077,0.013919418418062511,0.0014166075250865561,0.0,-0.010419916326217547,-0.00735199469302994,-0.0030679216331876077,1.4083095613556043,1.3753254736354652,1.023982750521555,0
2025-09-03,-0.006652035606735108,-0.006652035606735108,-0.006819624069982377,0.0,0.3,223,-0.011305494463793203,-0.009922237107091923,0.0001675884632472693,0.0001675884632472693,0.004653458857058095,0.0032702015003568145,0.0,-0.006652035606735108,-0.006819624069982377,0.0001675884632472693,1.3989414360081613,1.365946270931401,1.024155536552885,0
2025-09-04,-0.02216343322977407,-0.02216343322977407,-0.021216303869546982,0.0,0.3,223,-0.034835132362913766,-0.019690331148044363,-0.0009471293602270892,-0.0009471293602270892,0.012671699133139695,-0.0024731020817297077,0.0,-0.02216343322977407,-0.021216303869546982,-0.0009471293602270892,1.36793609089883,1.3369659397778457,1.0231645026993959,0
2025-09-05,0.02505348494456578,0.02505348494456578,0.021789657928137807,0.0,0.3,223,0.03446614157804704,0.022922489632124413,0.003263827016427974,0.003263827016427974,-0.009412656633481259,0.002130995312441368,0.0,0.02505348494456578,0.021789657928137807,0.003263827016427974,1.4022076571572921,1.3660979702671763,1.0264327212806368,0
2025-09-08,0.002854965995446692,0.0028462719586642288,0.0016250834104036826,0.0066877206018948684,0.3,224,0.01099579129480828,0.00806969781663725,0.0012298825850430095,0.0012211885482605461,-0.008149519336144051,-0.005223425857973021,8.694036782463423e-06,0.0028462719586642288,0.0016250834104036826,0.0012211885482605461,1.406198721492083,1.3683179934156435,1.0276841554804672,0
2025-09-09,-0.008198963973752924,-0.008207562173275246,-0.007009375761109604,0.0066139996325555745,0.3,225,-0.015877615685076497,-0.0068383782909386985,-0.0011895882126433197,-0.0011981864121656423,0.00767005351180125,-0.001369183882336548,8.598199522322561e-06,-0.008207562173275246,-0.007009375761109604,-0.0011981864121656423,1.3946572580574566,1.3587269384391059,1.0264441063188363,0
2025-09-10,0.0030808681893133285,0.0030808681893133285,0.0020527433658958927,0.0,0.3,225,0.004658420828966222,0.0007067629683010255,0.0010281248234174358,0.0010281248234174358,-0.0015775526396528934,0.002374105221012303,0.0,0.0030808681893133285,0.0020527433658958927,0.0010281248234174358,1.3989540132388008,1.3615160561480508,1.02749725713604,0
2025-09-11,0.02488021953017864,0.02488021953017864,0.02309587678617797,0.0,0.3,225,0.034899689977992455,0.021876628313881458,0.0017843427440006679,0.0017843427440006679,-0.010019470447813816,0.0030035912162971815,0.0,0.02488021953017864,0.02309587678617797,0.0017843427440006679,1.4337602962008067,1.3929614632232492,1.0292892761606993,0
2025-09-12,-0.005192816376365361,-0.0051932171103103155,-0.0057247806717385386,0.00030825688073391166,0.12,226,-0.0048916007714999415,-0.0039203792516235925,0.0005319642953731775,0.000531563561428223,-0.00030161633881037406,-0.001272837858686723,4.0073394495451775e-07,-0.0051932171103103155,-0.0057247806717385386,0.000531563561428223,1.4263144676984931,1.384987064362112,1.0298395590831135,1
2025-09-15,0.0026000382404487423,0.0026000382404487423,0.002445312890452467,0.0,0.3,226,0.002329118379085072,0.0013022410527502933,0.00015472534999627554,0.00015472534999627554,0.00027091986136367017,0.001297797187698449,0.0,0.0026000382404487423,0.002445312890452467,0.00015472534999627554,1.4300229398574145,1.3883737910837066,1.029998512678058,0
2025-09-16,-0.001337890775890029,-0.001337890775890029,-0.0021440283647959912,0.0,0.3,226,0.007254927998569797,0.00020862770438874532,0.0008061375889059621,0.0008061375889059621,-0.008592818774459826,-0.0015465184802787744,0.0,-0.001337890775890029,-0.0021440283647959912,0.0008061375889059621,1.428109725356868,1.3853970782946838,1.0308306172514525,0
2025-09-17,0.006388581397346598,0.006388581397346598,0.006120769210039123,0.0,0.3,226,0.009319570272589239,0.006370414893020288,0.00026781218730747517,0.00026781218730747517,-0.0029309888752426403,1.8166504326309896e-05,0.0,0.006388581397346598,0.006120769210039123,0.00026781218730747517,1.4372333205816525,1.393876774075188,1.0311050067788314,0
2025-09-18,-0.01004407703954716,-0.010052570687460046,-0.011626836427765741,0.006533575317604365,0.3,227,-0.0037503346332695637,-0.011082210961680846,0.0015827593882185818,0.0015742657403056953,-0.006302236054190482,0.0010296402742208006,8.493647912886579e-06,-0.010052570687460046,-0.011626836427765741,0.0015742657403056953,1.4227854310321326,1.377670396822554,1.0327473351489815,0
2025-09-19,0.0009816071584081796,0.0009816071584081796,0.0008471337622097952,0.0,0.3,227,-0.001122865571405804,0.001153358917585615,0.0001344733961983844,0.0001344733961983844,0.0021044727298139836,-0.00017175175917743548,0.0,0.0009816071584081796,0.0008471337622097952,0.0001344733961983844,1.4241820473961124,1.3788374679288995,1.0328860946427016,0
2025-09-22,0.005704202006087355,0.005695799851688792,0.004595484215122125,0.006463195691202896,0.3,228,0.014255840835140357,0.004150607048857237,0.0011087177909652295,0.0011003156365666667,-0.008560040983451565,0.0015451928028315555,8.402154398562747e-06,0.005695799851688792,0.004595484215122125,0.0011003156365666667,1.4322939032904491,1.3851738937479856,1.0340173964836767,0
2025-09-23,-0.002022000705663899,-0.002022000705663899,-0.0006257230341430997,0.0,0.3,228,0.00040532963490153164,-0.002573847368585043,-0.0013962776715207995,-0.0013962776715207995,-0.002427330340565431,0.0005518466629211437,0.0,-0.002022000705663899,-0.0006257230341430997,-0.0013962776715207995,1.4293978040072777,1.3843071585363738,1.0325727171118426,0
2025-09-24,0.01134495019678157,0.01134495019678157,0.010242250609604042,0.0,0.3,228,0.020718199241718794,0.011006204283279968,0.0011026995871775275,0.0011026995871775275,-0.009373249044937224,0.00033874591350160216,0.0,0.01134495019678157,0.010242250609604042,0.0011026995871775275,1.445614250905129,1.3984855793747721,1.0336997908490604,0
2025-09-25,0.006181733169499626,0.006181733169499626,0.006004440404209221,0.0,0.3,228,0.01043277834226951,0.003868169134478552,0.00017729276529040473,0.00017729276529040473,-0.004251045172769884,0.0023135640350210743,0.0,0.006181733169499626,0.006004440404209221,0.00017729276529040473,1.4545506524702505,1.406882702692274,1.0338819644926738,0
2025-09-26,-0.010461014006296853,-0.010461014006296853,-0.00945660568359008,0.0,0.3,228,-0.013529522471611495,-0.006483544652739701,-0.0010044083227067728,-0.0010044083227067728,0.003068508465314642,-0.003977469353557152,0.0,-0.010461014006296853,-0.00945660568359008,-0.0010044083227067728,1.439334577721891,1.3935783677298497,1.0328336109770264,0
2025-09-29,0.015067046742439577,0.015067046742439577,0.015385351809531267,0.0,0.3,228,0.019590792709794705,0.014598192581935246,-0.00031830506709168947,-0.00031830506709168947,-0.0045237459673551274,0.0004688541605043315,0.0,0.015067046742439577,0.015385351809531267,-0.00031830506709168947,1.4610210990824364,1.4150190611915257,1.0325098361941318,0
2025-09-30,0.0060363822696451325,0.0060363822696451325,0.00446763292402208,0.0,0.3,228,0.014017807537576293,0.007247152328267003,0.0015687493456230522,0.0015687493456230522,-0.00798142526793116,-0.0012107700586218703,0.0,0.0060363822696451325,0.00446763292402208,0.0015687493456230522,1.4698403809405152,1.4213408469374238,1.0341223810654523,0
2025-10-09,0.016474139233036734,0.016474139233036734,0.014822892311246116,0.0,0.3,228,0.022127067438261382,0.01772848985571544,0.001651246921790618,0.001651246921790618,-0.005652928205224648,-0.001254350622678705,0.0,0.016474139233036734,0.014822892311246116,0.001651246921790618,1.494054736026469,1.4424092292491526,1.0358050307291784,0
2025-10-10,-0.021170819892515187,-0.021170819892515187,-0.019672630662990076,0.0,0.3,228,-0.0358775699090622,-0.016141734548224082,-0.0014981892295251112,-0.0014981892295251112,0.014706750016547011,-0.005029085344291105,0.0,-0.021170819892515187,-0.019672630662990076,-0.0014981892295251112,1.4624243723004933,1.414033245217246,1.034222057541379,0
2025-10-13,-0.004179542060021917,-0.004179542060021917,-0.004950491939920476,0.0,0.3,228,-0.002310092200458269,-0.0023830725577531483,0.0007709498798985593,0.0007709498798985593,-0.0018694498595636477,-0.0017964695022687684,0.0,-0.004179542060021917,-0.004950491939920476,0.0007709498798985593,1.4563121081268622,1.4070330850340185,1.0350233577426164,0
2025-10-14,-0.013583480745293464,-0.013583480745293464,-0.011953495211176945,0.0,0.3,228,-0.028492406200400226,-0.010999172664202314,-0.0016299855341165188,-0.0016299855341165188,0.014908925455106761,-0.00258430808109115,0.0,-0.013583480745293464,-0.011953495211176945,-0.0016299855341165188,1.4365303206469833,1.3902141217900967,1.033315874246226,0
2025-10-15,0.014008481831469632,0.01370463462368356,0.014809990358365388,0.2337286213739015,0.3,228,0.011780823501102562,0.011879429320135262,-0.0008015085268957556,-0.001105355734681828,0.0019238111225809984,0.0018252053035482975,0.0003038472077860725,0.01370463462368356,0.014809990358365388,-0.001105355734681828,1.4562174438172932,1.4108031795298714,1.0321903614525134,0
2025-10-16,0.0016596302792012093,0.0013557830714151376,0.0026342035633508676,0.2337286213739015,0.3,228,-0.0039399755971602675,-0.000773961765713296,-0.0009745732841496583,-0.00127842049193573,0.005295758668575405,0.0021297448371284337,0.00030384720778607165,0.0013557830714151376,0.0026342035633508676,-0.00127842049193573,1.45819175877592,1.4145195222925757,1.0308742550350687,0
2025-10-17,-0.025223387221493636,-0.025223387221493636,-0.02255906985368905,0.0,0.3,228,-0.032413129617440514,-0.023935422525267234,-0.0026643173678045848,-0.0026643173678045848,0.007189742395946878,-0.001287964696226402,0.0,-0.025223387221493636,-0.02255906985368905,-0.0026643173678045848,1.4214112234011242,1.3826092775797707,1.0280642886248208,0
2025-10-20,0.0066931557173394475,0.006389308509553375,0.005313326102133198,0.2337286213739015,0.3,228,0.005045489481005246,0.004488479445376931,0.0013798296152062496,0.001075982407420177,0.0013438190285481287,0.0019008290641764443,0.0003038472077860725,0.006389308509553375,0.005313326102133198,0.001075982407420177,1.4304930582263757,1.389955531543387,1.029164621286824,0
2025-10-21,0.014040085987611289,0.014040085987611289,0.015347735117563044,0.0,0.3,228,0.01693384167532528,0.012406599287133842,-0.0013076491299517552,-0.0013076491299517552,-0.0028937556877139912,0.0016334867004774468,0.0,0.014040085987611289,0.015347735117563044,-0.0013076491299517552,1.4505773037685552,1.4112882008667063,1.0278391776234794,0
2025-10-22,-0.0034377687300676616,-0.0037416159378537333,-0.003320730623673107,0.2337286213739015,0.3,228,-0.007926532946330361,-0.003990304164678906,-0.00011703810639455449,-0.00042088531418062614,0.004184917008476628,0.00024868822682517274,0.00030384720778607165,-0.0037416159378537333,-0.003320730623673107,-0.00042088531418062614,1.445149800609686,1.4066016929192597,1.0274051338658803,0
2025-10-23,0.002373245104750218,0.002373245104750218,0.002999344593550113,0.0,0.3,228,0.0005689282376271008,0.0035988638551318433,-0.0006260994887998948,-0.0006260994887998948,0.001804316867123117,-0.0012256187503816253,0.0,0.002373245104750218,0.002999344593550113,-0.0006260994887998948,1.4485794952996136,1.4108205761021955,1.026763799619182,0
2025-10-24,0.012972749683008768,0.012972749683008768,0.011796511885009409,0.0,0.3,228,0.02548750608488734,0.010569470079089455,0.0011762377979993594,0.0011762377979993594,-0.012514756401878572,0.0024032796039193133,0.0,0.012972749683008768,0.011796511885009409,0.0011762377979993594,1.4673715544880748,1.4274633377958008,1.0279574372494202,0
2025-10-27,0.0129009468373547,0.0129009468373547,0.011872743557892473,0.0,0.3,228,0.019375158446253687,0.013091763449703484,0.001028203279462226,0.001028203279462226,-0.006474211608898987,-0.00019081661234878443,0.0,0.0129009468373547,0.011872743557892473,0.001028203279462226,1.4863020369031719,1.4444112439437435,1.0290019848122007,0
2025-10-28,-0.005138765996865904,-0.005138765996865904,-0.005098707625962318,0.0,0.3,228,-0.00397205699213773,-0.0055503722884935455,-4.0058370903586424e-05,-4.0058370903586424e-05,-0.0011667090047281737,0.00041160629162764143,0.0,-0.005138765996865904,-0.005098707625962318,-4.0058370903586424e-05,1.4786642785348614,1.437046613319222,1.02896055342249,0
2025-10-29,0.014350658345897046,0.014350658345897046,0.011906462377341054,0.0,0.3,228,0.018495355341907643,0.015163328589419536,0.002444195968555992,0.002444195968555992,-0.004144696996010597,-0.0008126702435224901,0.0,0.014350658345897046,0.011906462377341054,0.002444195968555992,1.4998840844043975,1.4541567547551926,1.031445942467807,0
2025-10-30,-0.008122237939898351,-0.008122237939898351,-0.00798822571402924,0.0,0.3,228,-0.014697512689486082,-0.0060566508405876995,-0.00013401222586911093,-0.00013401222586911093,0.006575274749587731,-0.0020655870993106515,0.0,-0.008122237939898351,-0.00798822571402924,-0.00013401222586911093,1.4877016689885985,1.4425406223746278,1.0313066030262836,0
2025-10-31,-0.01454277658801454,-0.01454277658801454,-0.014701636612666436,0.0,0.3,228,-0.0158788881146885,-0.011367119253533219,0.00015886002465189536,0.00015886002465189536,0.0013361115266739589,-0.0031756573344813212,0.0,-0.01454277658801454,-0.014701636612666436,0.00015886002465189536,1.466066355986881,1.4213329143454663,1.0314728809766673,0
2025-11-03,0.0036939905594533416,0.0036939905594533416,0.0027442603301301993,0.0,0.3,228,-7.128812953781015e-05,0.004470524426220283,0.0009497302293231423,0.0009497302293231423,0.003765278688991152,-0.0007765338667669415,0.0,0.0036939905594533416,0.0027442603301301993,0.0009497302293231423,1.4714819912654287,1.4252334218782128,1.0324498209747763,0
2025-11-04,-0.009090746712429421,-0.009090746712429421,-0.0074577253445586855,0.0,0.3,228,-0.012527647489067205,-0.00929345827197551,-0.0016330213678707357,-0.0016330213678707357,0.0034369007766377833,0.00020271155954608953,0.0,-0.009090746712429421,-0.0074577253445586855,-0.0016330213678707357,1.4581051211909335,1.4146044224659595,1.030751140060161,0
2025-11-05,0.00035738864910730864,5.354144132123655e-05,0.0018529027329989844,0.2337286213739015,0.3,228,0.0007074908681322084,0.0016222401547011638,-0.0014955140838916758,-0.001799361291677748,-0.0006539494268109719,-0.0015686987133799273,0.0003038472077860721,5.354144132123655e-05,0.0018529027329989844,-0.001799361291677748,1.4581831902407199,1.4172255468664592,1.028899876568567,0
2025-11-06,0.014122310576986924,0.014122310576986924,0.01429490516735954,0.0,0.3,228,0.014091622898284351,0.013849332691805336,-0.00017259459037261525,-0.00017259459037261525,3.068767870257304e-05,0.0002729778851815884,0.0,0.014122310576986924,0.01429490516735954,-0.00017259459037261525,1.478776106131441,1.4374846516596744,1.0287247967650248,0
2025-11-07,-0.0023808837074428347,-0.0026847309152289063,-0.0031126241188909054,0.2337286213739015,0.3,228,-0.0028184084194781468,-0.0011207914283993352,0.0007317404114480707,0.0004278932036619991,0.00013367750424924047,-0.001563939486829571,0.00030384720778607165,-0.0026847309152289063,-0.0031126241188909054,0.0004278932036619991,1.474805990202608,1.433010302262383,1.0291663555204311,0
2025-11-10,0.002686438184176454,0.002686438184176454,0.003474463421602847,0.0,0.3,228,0.0023881679378663797,0.005870000583299066,-0.0007880252374263931,-0.0007880252374263931,0.0002982702463100741,-0.0031835623991226126,0.0,0.002686438184176454,0.003474463421602847,-0.0007880252374263931,1.4787679653289405,1.4379892441403737,1.0283581545235718,0
2025-11-11,-0.01000261301667882,-0.01000261301667882,-0.009134129265100266,0.0,0.3,228,-0.012092187668358697,-0.009012517042749774,-0.0008684837515785544,-0.0008684837515785544,0.002089574651679877,-0.0009900959739290466,0.0,-0.01000261301667882,-0.009134129265100266,-0.0008684837515785544,1.4639764216302935,1.4248544645025716,1.0274568091705982,0
2025-11-12,-0.0023838567479212303,-0.0023838567479212303,-0.001345094021268145,0.0,0.3,228,-0.010040229699099113,-0.0046233650962795025,-0.0010387627266530853,-0.0010387627266530853,0.007656372951177883,0.002239508348358272,0.0,-0.0023838567479212303,-0.001345094021268145,-0.0010387627266530853,1.4604865115587926,1.422937901281192,1.0263880878032643,0
2025-11-13,0.011934036964830398,0.011934036964830398,0.012089327039823683,0.0,0.3,228,0.010903194734004699,0.010061726390642147,-0.0001552900749932848,-0.0001552900749932848,0.0010308422308256994,0.001872310574188251,0.0,0.011934036964830398,0.012089327039823683,-0.0001552900749932848,1.4779160115743715,1.4401402629271407,1.0262306037958067,0
2025-11-14,-0.01689790541552862,-0.01689790541552862,-0.01572370046595184,0.0,0.3,228,-0.017260273430230885,-0.014599080397863238,-0.00117420494957678,-0.00117420494957678,0.0003623680147022655,-0.002298825017665382,0.0,-0.01689790541552862,-0.01572370046595184,-0.00117420494957678,1.4529423265986925,1.4174959288039173,1.0250063489245327,0
2025-11-17,-0.006004657067098751,-0.006308504274884823,-0.006500948826135278,0.2337286213739015,0.3,228,-0.002736797466101537,-0.00476022577397867,0.0004962917590365266,0.00019244455125045495,-0.0035717068087832856,-0.0015482785009061526,0.00030384720778607165,-0.006308504274884823,-0.006500948826135278,0.00019244455125045495,1.4437764337201835,1.4082808603095078,1.025204896559394,0
2025-11-18,-0.0070293012090025565,-0.0070293012090025565,-0.006493988487517255,0.0,0.3,228,-0.004705778780646963,-0.007424802301323111,-0.0005353127214853017,-0.0005353127214853017,-0.002323522428355594,0.00039550109232055434,0.0,-0.0070293012090025565,-0.006493988487517255,-0.0005353127214853017,1.4336276942891049,1.399135500615467,1.0246525041059031,0
2025-11-19,0.004109925023680039,0.004106518910142921,0.004399858079545238,0.00262008733624454,0.3,229,-0.005006301438566257,0.0014935434312113574,-0.0002899330558651988,-0.0002933391694023169,0.009112820348709178,0.0026129754789315637,3.406113537118144e-06,0.004106518910142921,0.004399858079545238,-0.0002933391694023169,1.4395149135258078,1.4052914982522287,1.024353250066725,0
2025-11-20,-0.00475235935081292,-0.00475235935081292,-0.005087709976273946,0.0,0.3,229,-0.010100899423368217,-0.00547085993070697,0.0003353506254610266,0.0003353506254610266,0.005348540072555297,0.0007185005798940498,0.0,-0.00475235935081292,-0.005087709976273946,0.0003353506254610266,1.4326738213658787,1.3981417826769977,1.0246985242246056,0
2025-11-21,-0.024426633680339552,-0.024426633680339552,-0.024390352898410628,0.0,0.3,229,-0.02959215701999296,-0.025507262017137003,-3.628078192892403e-05,-3.628078192892403e-05,0.005165523339653408,0.0010806283367974512,0.0,-0.024426633680339552,-0.024390352898410628,-3.628078192892403e-05,1.3976784227479622,1.3640406111954928,1.0246604179350556,0
2025-11-24,-0.00045429357421592647,-0.00045429357421592647,-0.0012483811999961514,0.0,0.3,229,0.007995605189417472,0.0028920995894960782,0.0007940876257802249,0.0007940876257802249,-0.008449898763633399,-0.0033463931637120045,0.0,-0.00045429357421592647,-0.0012483811999961514,0.0007940876257802249,1.3970434664216875,1.3623377685404452,1.0254751051337472,0
2025-11-25,0.009434153381387362,0.009427400134634115,0.009522582019015013,0.005194805194805185,0.3,231,0.012231875122495978,0.009884344927583076,-8.842863762765184e-05,-9.518188438089811e-05,-0.002804474987861863,-0.00045694479294896076,6.753246753246275e-06,0.009427400134634115,0.009522582019015013,-9.518188438089811e-05,1.410213954185121,1.3753107416789734,1.0253784191807722,0
2025-11-26,0.0046177588759763865,0.0046177588759763865,0.006061992586102516,0.0,0.3,231,0.005860025288288858,0.0022236181274849216,-0.0014442337101261294,-0.0014442337101261294,-0.0012422664123124712,0.002394140748491465,0.0,0.0046177588759763865,0.006061992586102516,-0.0014442337101261294,1.4167259821890852,1.3836478651986184,1.0239064561312488,0
2025-11-27,-0.00047208445610034716,-0.00047208445610034716,-0.0004920283896928668,0.0,0.3,231,-0.0016235462700414922,-0.000700591391038844,1.9943933592519612e-05,1.9943933592519612e-05,0.001151461813941145,0.0002285069349384968,0.0,-0.00047208445610034716,-0.0004920283896928668,1.9943933592519612e-05,1.41605716787434,1.3829670711676028,1.023926886906136,0
2025-11-28,0.002887650539495054,0.002887650539495054,0.0024934431651024713,0.0,0.3,231,0.00851074423709912,0.0048340400016604335,0.0003942073743925826,0.0003942073743925826,-0.0056230936976040665,-0.0019463894621653795,0.0,0.002887650539495054,0.0024934431651024713,0.0003942073743925826,1.4201462461191083,1.3864154209587674,1.0243295224868565,0
2025-12-01,0.011307621589936576,0.011304259520971057,0.0110067869884507,0.002586206896551728,0.3,232,0.012981811662034524,0.012424100057086987,0.0003008346014858748,0.00029747253252035595,-0.001677552141063467,-0.0011198405361159298,3.362068965518869e-06,0.011304259520971057,0.0110067869884507,0.00029747253252035595,1.4361999478429717,1.4016754001747638,1.024630915020627,0
2025-12-02,-0.005278124166346713,-0.005278124166346713,-0.004840155074452679,0.0,0.3,232,-0.007484791159266738,-0.006544165837254579,-0.0004379690918940339,-0.0004379690918940339,0.002206666992920025,0.0012660416709078665,0.0,-0.005278124166346713,-0.004840155074452679,-0.0004379690918940339,1.4286195061905558,1.3948910738738725,1.0241799757331682,0
2025-12-03,-0.0045717296473197664,-0.0045717296473197664,-0.005112953160864575,0.0,0.3,232,-0.010056057885155885,-0.004763208643803772,0.0005412235135448086,0.0005412235135448086,0.005484328237836118,0.0001914789964840057,0.0,-0.0045717296473197664,-0.005112953160864575,0.0005412235135448086,1.4220882440393652,1.3877590611486472,1.024737134746073,0
2025-12-04,0.002257035661021721,0.002257035661021721,0.0034247701514389384,0.0,0.3,232,0.0057688388354401625,0.000869786425303732,-0.0011677344904172174,-0.0011677344904172174,-0.0035118031744184415,0.001387249235717989,0.0,0.002257035661021721,0.0034247701514389384,-0.0011677344904172174,1.4252979479192818,1.392511816958658,1.0235445980144218,0
2025-12-05,0.008267922772348113,0.008267922772348113,0.00835144516969999,0.0,0.3,232,0.007848031716143528,0.00802050694807169,-8.352239735187617e-05,-8.352239735187617e-05,0.00041989105620458475,0.00024741582427642225,0.0,0.008267922772348113,0.00835144516969999,-8.352239735187617e-05,1.4370822012802646,1.4041413030461476,1.023459817158469,0
2025-12-08,0.006890194348198051,0.006890194348198051,0.008118093849742936,0.0,0.3,232,0.0166618250042178,0.006784708465554794,-0.0012278995015448848,-0.0012278995015448848,-0.00977163065601975,0.00010548588264325687,0.0,0.006890194348198051,0.008118093849742936,-0.0012278995015448848,1.446983976941422,1.4155402539225765,1.0222132312604408,0
2025-12-09,-0.005915271092607576,-0.005915271092607576,-0.005091421450446942,0.0,0.3,232,-0.001314586416016158,-0.006382960243987808,-0.0008238496421606335,-0.0008238496421606335,-0.004600684676591418,0.00046768915138023243,0.0,-0.005915271092607576,-0.005091421450446942,-0.0008238496421606335,1.438424674451154,1.408333141909784,1.0213667715726438,0
2025-12-10,0.0002543072216428078,0.0002543072216428078,-0.0013909503131558365,0.0,0.3,232,-0.0014565849796061596,0.002869696273756071,0.0016452575347986444,0.0016452575347986444,0.0017108922012489675,-0.002615389052113263,0.0,0.0002543072216428078,-0.0013909503131558365,0.0016452575347986444,1.438790476233656,1.406374220485017,1.0230495235737895,0
2025-12-11,-0.008482285831478267,-0.008482285831478267,-0.008633273294054389,0.0,0.3,232,-0.012690575061754491,-0.009127232224017198,0.0001509874625761215,0.0001509874625761215,0.004208289230276224,0.0006449463925389306,0.0,-0.008482285831478267,-0.008633273294054389,0.0001509874625761215,1.4265862441626336,1.394232607485857,1.0232053364001563,0
2025-12-12,0.006243924254994371,0.006240576615509393,0.006318987752869765,0.0025751072961373357,0.3,233,0.015164773754962878,0.008026394513348599,-7.50634978753939e-05,-7.84111373603718e-05,-0.008924197139453485,-0.001785817897839206,3.3476394849778907e-06,0.006240576615509393,0.006318987752869765,-7.84111373603718e-05,1.4354889649179623,1.403042746257212,1.0231256094992862,0
2025-12-15,-0.0054081783544202445,-0.0054081783544202445,-0.006306639452515306,0.0,0.3,233,-0.0131884501744211,-0.005453466096829537,0.0008984610980950613,0.0008984610980950613,0.0077802718200008555,4.5287742409292654e-05,0.0,-0.0054081783544202445,-0.006306639452515306,0.0008984610980950613,1.427725584569884,1.3941942615201008,1.0240506821576096,0
2025-12-16,-0.011240475258640418,-0.011240475258640418,-0.01197372283965692,0.0,0.3,233,-0.015370802456219197,-0.010765666951257004,0.0007332475810165016,0.0007332475810165016,0.004130327197578779,-0.00047480830738341404,0.0,-0.011240475258640418,-0.01197372283965692,0.0007332475810165016,1.4116772704603981,1.377500565848019,1.0248106646630226,0
2025-12-17,0.017326875038978708,0.017326875038978708,0.01830339132077219,0.0,0.3,233,0.026958083184546133,0.01764078073838064,-0.0009765162817934811,-0.0009765162817934811,-0.009631208145567425,-0.00031390569940193194,0.0,0.017326875038978708,0.01830339132077219,-0.0009765162817934811,1.4361372261210321,1.4027134977493205,1.0238279081404296,0
2025-12-18,-0.004997793205786589,-0.004997793205786589,-0.005913349163459758,0.0,0.3,233,-0.008906180944506688,-0.0041335068650820515,0.0009155559576731693,0.0009155559576731693,0.003908387738720099,-0.0008642863407045372,0.0,-0.004997793205786589,-0.005913349163459758,0.0009155559576731693,1.4289597092497472,1.394418763060831,1.0247708558604711,0
2025-12-19,0.003812584301122131,0.003812584301122131,0.003379354464773998,0.0,0.3,233,0.004034342127607227,0.004644182998466573,0.00043322983634813293,0.00043322983634813293,-0.00022175782648509558,-0.0008315986973444415,0.0,0.003812584301122131,0.003379354464773998,0.00043322983634813293,1.4344077386041687,1.3991309983335452,1.0252133219209927,0
2025-12-22,0.008906215758632974,0.008906215758632974,0.009510443561734139,0.0,0.3,233,0.014867838221532412,0.009162387961229276,-0.0006042278031011643,-0.0006042278031011643,-0.005961622462899437,-0.00025617220259630154,0.0,0.008906215758632974,0.009510443561734139,-0.0006042278031011643,1.4471828834100304,1.412437354728669,1.0245996953882857,0
2025-12-23,0.0015774332336846446,0.0015774332336846446,0.001975573244433315,0.0,0.3,233,-0.004325305724735004,-0.0004597703721801833,-0.00039814001074867057,-0.00039814001074867057,0.005902738958419649,0.002037203605864828,0.0,0.0015774332336846446,0.001975573244433315,-0.00039814001074867057,1.449465717785541,1.4152277281761092,1.024192565569328,0
2025-12-24,0.0030884272109728333,0.0030884272109728333,0.0028836327110881577,0.0,0.3,233,0.010580256885274725,0.005078701695481793,0.00020479449988467565,0.00020479449988467565,-0.007491829674301891,-0.00199027448450896,0.0,0.0030884272109728333,0.0028836327110881577,0.00020479449988467565,1.453942287149722,1.419308725146717,1.0244017114736084,0
2025-12-25,0.002326510139166708,0.002326510139166708,0.0018293035828247373,0.0,0.3,233,0.0005167424338935194,0.0028313531559530617,0.0004972065563419708,0.0004972065563419708,0.0018097677052731887,-0.0005048430167863536,0.0,0.002326510139166708,0.0018293035828247373,0.0004972065563419708,1.4573248986225391,1.4219050716827621,1.0249101206860871,0
2025-12-26,0.003587029348710671,0.0035836960153773374,0.0031672992843112535,0.002564102564102533,0.3,234,0.0033918692284440315,0.004315170506463285,0.0004197300643994173,0.00041639673106608384,0.00019182678693330582,-0.0007314744910859473,3.3333333333334866e-06,0.0035836960153773374,0.0031672992843112535,0.00041639673106608384,1.4625475080548431,1.4264086705986616,1.0253355424718598,0
2025-12-29,-0.0034575341177116724,-0.0034575341177116724,-0.0038365856172325463,0.0,0.3,234,-0.0037320932107231166,-0.002831676034603642,0.0003790514995208739,0.0003790514995208739,0.0002745590930114442,-0.0006258580831080304,0.0,-0.0034575341177116724,-0.0038365856172325463,0.0003790514995208739,1.4574907001469692,1.420936131608747,1.0257256942976292,0
2025-12-30,0.00205846317173279,0.00205846317173279,0.0025670930770997913,0.0,0.3,234,0.0020110668712467242,0.0010234115668477234,-0.0005086299053670014,-0.0005086299053670014,4.7396300486065614e-05,0.0010350516048850665,0.0,0.00205846317173279,0.0025670930770997913,-0.0005086299053670014,1.460490891076365,1.4245838069152008,1.0252053153958822,0
2025-12-31,-0.003288510420979926,-0.003288510420979926,-0.0045884770946363895,0.0,0.3,234,-0.00590715959378547,-0.001458308130468227,0.0012999666736564636,0.0012999666736564636,0.002618649172805544,-0.0018302022905116989,0.0,-0.003288510420979926,-0.0045884770946363895,0.0012999666736564636,1.4556880515613142,1.4180471367477805,1.0265441915420819,0
2026-01-05,0.017409650596937713,0.017409650596937713,0.018964869843331567,0.0,0.3,234,0.027115912883533905,0.016645564690513672,-0.0015552192463938533,-0.0015552192463938533,-0.009706262286596191,0.0007640859064240411,0.0,0.017409650596937713,0.018964869843331567,-0.0015552192463938533,1.4810310719171336,1.4449402161279112,1.0249774041765805,0
2026-01-06,0.0160860278871775,0.015783998901670256,0.0154624909095884,0.23232998885172754,0.3,234,0.020401890616875168,0.01770088985039685,0.0006235369775891009,0.0003215079920818563,-0.004617891715204912,-0.0019168909487265948,0.0003020289855072446,0.015783998901670256,0.0154624909095884,0.0003215079920818563,1.504407664729613,1.4672825910846878,1.02530192470796,0
2026-01-07,-0.002463049130682879,-0.002463049130682879,-0.0029281771254092703,0.0,0.3,234,0.003148013841956135,-0.0004748650106226574,0.0004651279947263912,0.0004651279947263912,-0.0056110629726390145,-0.001988184120060222,0.0,-0.002463049130682879,-0.0029281771254092703,0.0004651279947263912,1.5007022347388081,1.4629861277649625,1.0257802218750123,0
2026-01-08,-0.005327224731580606,-0.005327224731580606,-0.008167245026855396,0.0,0.3,234,-0.0016092323074044842,-0.002115938597048425,0.0028400202952747903,0.0028400202952747903,-0.003717992424176122,-0.0032112861345321812,0.0,-0.005327224731580606,-0.008167245026855396,0.0028400202952747903,1.4927076566791693,1.4510375615886157,1.0287174475655423,0
2026-01-09,0.0069129567637188395,0.0069129567637188395,0.004489247588721934,0.0,0.3,234,0.012232814625687623,0.00840474908728489,0.0024237091749969054,0.0024237091749969054,-0.0053198578619687836,-0.0014917923235660512,0.0,0.0069129567637188395,0.004489247588721934,0.0024237091749969054,1.5030266801706647,1.4575516284631225,1.0311996164111814,0
2026-01-12,0.009046147887508623,0.009046147887508623,0.006512693284052684,0.0,0.3,234,0.023087018184078077,0.012372875311865403,0.002533454603455939,0.002533454603455939,-0.014040870296569453,-0.0033267274243567804,0.0,0.009046147887508623,0.006512693284052684,0.002533454603455939,1.5166232817983596,1.4670442151649743,1.0337952095246223,0
2026-01-13,-0.007258093286768968,-0.007258093286768968,-0.006029981113445548,0.0,0.3,234,-0.020221198610797103,-0.00718669838055245,-0.0012281121733234198,-0.0012281121733234198,0.012963105324028135,-7.139490621651829e-05,0.0,-0.007258093286768968,-0.006029981113445548,-0.0012281121733234198,1.5056154885381814,1.45819796625494,1.0325178908355104,0
2026-01-14,-0.0016153179155155956,-0.0016153179155155956,-0.004012113003053819,0.0,0.3,234,0.004926442835479631,-0.0014452834869675714,0.0023967950875382234,0.0023967950875382234,-0.006541760750995227,-0.00017003442854802422,0.0,-0.0016153179155155956,-0.004012113003053819,0.0023967950875382234,1.503183440865668,1.452347511233502,1.0350025935521383,0
2026-01-15,0.0016320952787383517,0.0016320952787383517,0.0020031292739712825,0.0,0.3,234,-0.0017931024444942083,-0.0016244177049422686,-0.0003710339952329308,-0.0003710339952329308,0.0034251977232325603,0.00325651298368062,0.0,0.0016320952787383517,0.0020031292739712825,-0.0003710339952329308,1.5056367794625825,1.4552567510492331,1.0346193401109636,0
2026-01-16,-0.0031715215631265446,-0.0031715215631265446,-0.0041159193929286575,0.0,0.3,234,0.00391692933072995,-0.003102093901906989,0.0009443978298021129,0.0009443978298021129,-0.0070884508938564945,-6.942766121955561e-05,0.0,-0.0031715215631265446,-0.0041159193929286575,0.0009443978298021129,1.5008616199502804,1.4492670315658993,1.0356004706245434,0
2026-01-19,0.0030608151844251216,0.0030608151844251216,0.0005458303951026977,0.0,0.3,234,-0.0053372671512107485,0.004240817807744774,0.002514984789322424,0.002514984789322424,0.008398082335635871,-0.0011800026233196523,0.0,0.0030608151844251216,0.0005458303951026977,0.002514984789322424,1.505455479986345,1.4500580855623482,1.0382035692056524,0
2026-01-20,-0.004307047585657551,-0.004307047585657551,-0.003290219893497426,0.0,0.3,234,-0.011900164049274476,-0.00011665307216364482,-0.0010168276921601249,-0.0010168276921601249,0.007593116463616926,-0.004190394513493906,0.0,-0.004307047585657551,-0.003290219893497426,-0.0010168276921601249,1.498971411595955,1.445287075602504,1.037144410200355,0
2026-01-21,0.0017625803256744333,0.0017625803256744333,0.0008881348113625176,0.0,0.3,234,0.011200092767673435,0.0007994260324520447,0.0008744455143119157,0.0008744455143119157,-0.009437512441999002,0.0009631542932223886,0.0,0.0017625803256744333,0.0008881348113625176,0.0008744455143119157,1.5016134691147824,1.446570685366759,1.038050531719484,0
2026-01-22,0.0012199171107149986,0.0012199171107149986,0.00013548393489548616,0.0,0.3,234,0.006876768992826027,0.0025123857537039896,0.0010844331758195125,0.0010844331758195125,-0.005656851882111028,-0.001292468642988991,0.0,0.0012199171107149986,0.00013548393489548616,0.0010844331758195125,1.5034453130794356,1.446766672455317,1.0391760756611355,0
2026-01-23,-0.002226304049543338,-0.002226304049543338,-0.004490644862106263,0.0,0.3,234,0.015761426698658994,0.003517604845866242,0.0022643408125629255,0.0022643408125629255,-0.01798773074820233,-0.0057439088954095805,0.0,-0.002226304049543338,-0.004490644862106263,0.0022643408125629255,1.50009818669066,1.440269757130989,1.0415397388325704,0
2026-01-26,0.0011589103190543185,0.0008568813335470724,0.0009500060031939483,0.23232998885172754,0.3,234,-0.007520083642746034,-0.00038789599796487076,0.00020890431586037018,-9.312466964687591e-05,0.008376964976293106,0.0012447773315119432,0.0003020289855072461,0.0008568813335470724,0.0009500060031939483,-9.312466964687591e-05,1.501383592825323,1.4416380220464822,1.0414428378449874,0
2026-01-27,-0.00191915116993763,-0.00191915116993763,-0.0002702803760555872,0.0,0.3,234,0.0020432119020381096,-0.00406918768741799,-0.0016488707938820428,-0.0016488707938820428,-0.00396236307197574,0.00215003651748036,0.0,-0.00191915116993763,-0.0002702803760555872,-0.0016488707938820428,1.498502210746627,1.4412483755797474,1.0397251689139626,0
2026-01-28,0.0027109867702065906,0.0027109867702065906,0.0026137708381157587,0.0,0.3,234,-0.0009001312279010994,0.0021204152509234925,9.721593209083192e-05,9.721593209083192e-05,0.00361111799810769,0.0005905715192830981,0.0,0.0027109867702065906,0.0026137708381157587,9.721593209083192e-05,1.5025646304150866,1.4450154685543195,1.0398259832597798,0
2026-01-29,0.007508389784874144,0.007508389784874144,0.00760457087734423,0.0,0.3,234,-0.009421300039009229,0.003631948831796153,-9.618109247008615e-05,-9.618109247008615e-05,0.016929689823883372,0.0038764409530779908,0.0,0.007508389784874144,0.00760457087734423,-9.618109247008615e-05,1.5138464713372086,1.4560041911037995,1.0397267264660541,0
2026-01-30,-0.010042764868664083,-0.010344793854171329,-0.009998086401063921,0.23232998885172754,0.3,234,-0.009857199113146881,-0.012730567576758691,-4.46784676001611e-05,-0.0003467074531074074,-0.0004875947410244476,0.0023857737225873622,0.0003020289855072463,-0.010344793854171329,-0.009998086401063921,-0.0003467074531074074,1.4981860416643606,1.4414469354008326,1.039362604942339,0
2026-02-02,-0.020613128383046405,-0.02091515736855365,-0.021324468242318484,0.23232998885172754,0.3,234,-0.025874279631507627,-0.02183720918417545,0.0007113398592720789,0.0004093108737648343,0.004959122262953978,0.0009220518156217994,0.0003020289855072446,-0.02091515736855365,-0.021324468242318484,0.0004093108737648343,1.4668512448355802,1.4107088460038901,1.0397972969338956,0
2026-02-03,0.01228529845357081,0.01228529845357081,0.011751571039204878,0.0,0.3,234,0.02706780827037177,0.016478971651545406,0.0005337274143659317,0.0005337274143659317,-0.01478250981680096,-0.004193673197974597,0.0,0.01228529845357081,0.011751571039204878,0.0005337274143659317,1.484871950165377,1.4272868912233396,1.0403458192575992,0
2026-02-04,0.009312867373355113,0.009312867373355113,0.008277877887535423,0.0,0.3,234,0.0030033632189941295,0.009843380612605087,0.00103498948581969,0.00103498948581969,0.006309504154360984,-0.0005305132392499738,0.0,0.009312867373355113,0.008277877887535423,0.00103498948581969,1.4987003657036824,1.4391017978193665,1.0414137262385634,0
2026-02-05,-0.006095078060473689,-0.006095078060473689,-0.006015387460044153,0.0,0.3,234,-0.012705305667762316,-0.007622637971041284,-7.969060042953627e-05,-7.969060042953627e-05,0.006610227607288627,0.0015275599105675948,0.0,-0.006095078060473689,-0.006015387460044153,-7.969060042953627e-05,1.489565669985458,1.430445042911037,1.041330233109905,0
2026-02-06,-0.0049330006688853316,-0.0049330006688853316,-0.005743146631732476,0.0,0.3,234,-0.005069720451840465,-0.003654692791220399,0.0008101459628471449,0.0008101459628471449,0.00013671978295513344,-0.0012783078776649327,0.0,-0.0049330006688853316,-0.005743146631732476,0.0008101459628471449,1.482217641539071,1.422229787280964,1.042178735668863,0
2026-02-09,0.01526561456186628,0.01526561456186628,0.01625033737324122,0.0,0.3,234,0.02262888898317507,0.0151652592523475,-0.0009847228113749398,-0.0009847228113749398,-0.0073632744213087895,0.00010035530951878029,0.0,0.01526561456186628,0.01625033737324122,-0.0009847228113749398,1.504844604751605,1.4453415011465527,1.0411688888458888,0
2026-02-10,0.0027197065559801227,0.0024176775704728773,0.001110328021331597,0.23232998885172754,0.3,234,0.000666535448564539,0.002247477509928711,0.0016093785346485258,0.0013073495491412804,0.0017511421219083383,0.00017020006054416616,0.00030202898550724545,0.0024176775704728773,0.001110328021331597,0.0013073495491412804,1.5084828337995604,1.4469463043156692,1.042528550852476,0
2026-02-11,-0.002292035687814817,-0.002292035687814817,-0.0022177062756191246,0.0,0.3,234,-0.006833186714239005,-0.0005961001191367719,-7.432941219569222e-05,-7.432941219569222e-05,0.004541151026424189,-0.001695935568678045,0.0,-0.002292035687814817,-0.0022177062756191246,-7.432941219569222e-05,1.5050253373100357,1.4437374024161045,1.0424508880848868,0
2026-02-12,0.0027190034862282025,0.0027190034862282025,0.0012218332122886366,0.0,0.3,234,0.009493024620995256,0.002592851708407745,0.0014971702739395658,0.0014971702739395658,-0.006774021134767053,0.00012615177782045748,0.0,0.0027190034862282025,0.0012218332122886366,0.0014971702739395658,1.5091175064490434,1.4455014087241997,1.044009709946247,0
2026-02-13,-0.011593050798527155,-0.011593050798527155,-0.012537646374315758,0.0,0.3,234,-0.01052910713338392,-0.011393788398016006,0.0009445955757886038,0.0009445955757886038,-0.0010639436651432351,-0.00019926240051114895,0.0,-0.011593050798527155,-0.012537646374315758,0.0009445955757886038,1.491622230535833,1.4273782232280405,1.0450083980982305,0
2026-02-24,0.010680220060908324,0.010378191075401078,0.010114656114909693,0.23232998885172754,0.3,234,0.00874234483570735,0.010688725801783216,0.0005655639459986317,0.0002635349604913854,0.0016358462396937282,-0.00031053472638213793,0.0003020289855072463,0.010378191075401078,0.010114656114909693,0.0002635349604913854,1.50710257105665,1.441815663101903,1.0452810366994416,0
2026-02-25,0.00625893936129121,0.005956910375783966,0.006020506659098812,0.23232998885172754,0.3,234,0.0068452234757012745,0.006144696975833473,0.0002384327021923982,-6.359628331484637e-05,-0.0008883130999173088,-0.00018778660004950716,0.0003020289855072446,0.005956910375783966,0.006020506659098812,-6.359628331484637e-05,1.516080245999548,1.450496123902801,1.0452149585345198,0
2026-02-26,0.000803347702109449,0.000803347702109449,-0.0019028963916318808,0.0,0.3,234,0.002134148998977626,0.0022031888346833463,0.00270624409374133,0.00270624409374133,-0.0013308012968681771,-0.0013998411325738974,0.0,0.000803347702109449,-0.0019028963916318808,0.00270624409374133,1.5172981855813852,1.4477359800625502,1.048048958150387,0
2026-02-27,-0.0030796139790122135,-0.0030796139790122135,-0.0034329242419604,0.0,0.3,234,0.00030216401233594726,0.0020335035482986256,0.00035331026294818657,0.00035331026294818657,-0.0033817779913481606,-0.0051131175273108394,0.0,-0.0030796139790122135,-0.0034329242419604,0.00035331026294818657,1.5126254928787388,1.4427660121206352,1.0484205201475612,0
2026-03-02,0.0032205484143190796,0.0032205484143190796,0.003825780276590196,0.0,0.3,234,-0.006673468615630296,0.0019939885517003494,-0.0006052318622711164,-0.0006052318622711164,0.009894017029949376,0.0012265598626187302,0.0,0.0032205484143190796,0.003825780276590196,-0.0006052318622711164,1.517496976511288,1.4482857178735409,1.047788400992704,0
2026-03-03,-0.018542176864836845,-0.018544902231713154,-0.015389658924727434,0.0020964360587002306,0.3,235,-0.0317614883838813,-0.01794915844272312,-0.003152517940109411,-0.00315524330698572,0.013216586152168145,-0.0005957437889900358,2.725366876309143e-06,-0.018544902231713154,-0.015389658924727434,-0.00315524330698572,1.489355143444966,1.425997094649913,1.0444306997768515,0
2026-03-04,-0.011825857499525347,-0.01212786048428177,-0.01144172844746838,0.23230998827417174,0.3,236,-0.006856534218647094,-0.009522308265448325,-0.0003841290520569668,-0.0006861320368133899,-0.0052713262656346755,-0.002605552218833445,0.0003020029847564231,-0.01212786048428177,-0.01144172844746838,-0.0006861320368133899,1.471292452053718,1.4096812231260498,1.0437057881717695,0
2026-03-05,0.009660213373975256,0.009660213373975256,0.00979167386817359,0.0,0.3,236,0.006429344362155342,0.008716840687200682,-0.0001314604941983332,-0.0001314604941983332,0.003230869011819914,0.0009433726867745743,0.0,0.009660213373975256,0.00979167386817359,-0.0001314604941983332,1.4855054510760761,1.423484361920988,1.0435699125429034,0
2026-03-06,0.00373266431253186,0.00373266431253186,0.0027426300464266085,0.0,0.3,236,0.008039152508770332,0.006459936828226572,0.0009900342661052514,0.0009900342661052514,-0.004306488196238472,-0.002727272515694712,0.0,0.00373266431253186,0.0027426300464266085,0.0009900342661052514,1.4910503442593794,1.4273884529026108,1.0446002566626564,0
2026-03-09,-0.009497343066765598,-0.009497343066765598,-0.009652288121355102,0.0,0.3,236,-0.004767676915068299,-0.008521165424397084,0.00015494505458950314,0.00015494505458950314,-0.004729666151697299,-0.0009761776423685142,0.0,-0.009497343066765598,-0.009652288121355102,0.00015494505458950314,1.4768893276101291,1.4136108882940996,1.0447636898102786,0
2026-03-10,0.011699666093400994,0.011699666093400994,0.012848375450559502,0.0,0.3,236,0.016940398728378207,0.010705830529010365,-0.0011487093571585071,-0.0011487093571585071,-0.005240732634977213,0.00099383556439063,0.0,0.011699666093400994,0.012848375450559502,-0.0011487093571585071,1.4941684396000752,1.4317734917279012,1.0435787840972486,0
2026-03-11,0.006668252046925721,0.006668252046925721,0.0063617649194198655,0.0,0.3,236,0.0011201349814213095,0.00608021090108657,0.0003064871275058551,0.0003064871275058551,0.005548117065504411,0.0005880411458391507,0.0,0.006668252046925721,0.0063617649194198655,0.0003064871275058551,1.50413193135589,1.4408820981001311,1.0438966056550754,0
2026-03-12,-0.003642973704620668,-0.003944357525588405,-0.0035999181123742563,0.23183370843672077,0.3,236,-0.007661825876880197,-0.001211553542918361,-4.305559224641181e-05,-0.00034443941321414887,0.0037174683512917915,-0.002732803982670044,0.00030138382096773705,-0.003944357525588405,-0.0035999181123742563,-0.00034443941321414887,1.4981990972529686,1.4356950405373847,1.0435357474608176,0
2026-03-13,-0.006014912135482149,-0.006022993641266987,-0.003929570950994221,0.00621654291141428,0.3,237,-0.0103002794376733,-0.007165963369309257,-0.0020853411844879276,-0.002093422690272766,0.004277285796406312,0.0011429697280422695,8.081505784838551e-06,-0.006022993641266987,-0.003929570950994221,-0.002093422690272766,1.489175453616862,1.4300533750116025,1.0413425677938628,0
2026-03-16,-0.0008755099324723296,-0.0011773030247652597,0.000518103976321127,0.23214853253302306,0.3,237,9.786885326782115e-05,-0.0034976754198201795,-0.0013936139087934566,-0.0016954070010863867,-0.0012751718780330808,0.0023203723950549196,0.0003017930922929301,-0.0011773030247652597,0.000518103976321127,-0.0016954070010863867,1.4874222428509127,1.4307942913515475,1.039577982552526,0
2026-03-17,-0.00739473863749123,-0.00739473863749123,-0.007303750047816027,0.0,0.3,237,-0.018899494269979406,-0.009997474884485304,-9.098858967520294e-05,-9.098858967520294e-05,0.011504755632488177,0.002602736246994074,0.0,-0.00739473863749123,-0.007303750047816027,-9.098858967520294e-05,1.4764231441214393,1.4203441274776738,1.0394826968752662,0
2026-03-18,0.0036426891988501045,0.0036426891988501045,0.004505331304397675,0.0,0.3,237,0.011072916059330203,0.0036010863639328885,-0.0008626421055475705,-0.0008626421055475705,-0.0074302268604800985,4.160283491721605e-05,0.0,0.0036426891988501045,0.004505331304397675,-0.0008626421055475705,1.4818012947614627,1.4267432483382163,1.0385900171508606,0
2026-03-19,-0.01674813194441891,-0.01674813194441891,-0.01611763471408778,0.0,0.3,237,-0.016112600946666014,-0.01767863186067253,-0.0006304972303311299,-0.0006304972303311299,-0.0006355309977528964,0.0009304999162536194,0.0,-0.01674813194441891,-0.01611763471408778,-0.0006304972303311299,1.4569838911613868,1.4037475218307098,1.037924461844284,0
2026-03-20,-0.005269006308861826,-0.005269006308861826,-0.0035418526381852944,0.0,0.3,237,-0.00779626235872169,-0.009034849306130046,-0.001727153670676532,-0.001727153670676532,0.002527256049859864,0.0037658429972682195,0.0,-0.005269006308861826,-0.0035418526381852944,-0.001727153670676532,1.4493070338469474,1.3987756549671677,1.0361254349118378,0
2026-03-23,-0.0329442303703514,-0.0329442303703514,-0.032629782335646285,0.0,0.3,237,-0.03769491611471409,-0.03430014534627541,-0.0003144480347051157,-0.0003144480347051157,0.004750685744362687,0.001355914975924008,0.0,-0.0329442303703514,-0.032629782335646285,-0.0003144480347051157,1.4015607290465228,1.353133909809188,1.0357886376849161,0
2026-03-24,0.01370971931111887,0.01370971931111887,0.01283959647687416,0.0,0.3,237,0.015893198671699846,0.015812642184917618,0.0008701228342447107,0.0008701228342447107,-0.002183479360580975,-0.002102922873798747,0.0,0.01370971931111887,0.01283959647687416,0.0008701228342447107,1.420775733239238,1.370507603190313,1.0366784758668315,0
2026-03-25,0.01409140815190545,0.01409140815190545,0.014021696630834857,0.0,0.3,237,0.015609442706814353,0.014535995956914035,6.9711521070593e-05,6.9711521070593e-05,-0.0015180345549089033,-0.0004445878050085856,0.0,0.01409140815190545,0.014021696630834857,6.9711521070593e-05,1.4407964639886348,1.3897244450325001,1.0367497449862735,0
2026-03-26,-0.01321628491824953,-0.01321628491824953,-0.013208100134136647,0.0,0.3,237,-0.02064566258457653,-0.014759019105292275,-8.18478411288362e-06,-8.18478411288362e-06,0.007429377666327001,0.0015427341870427446,0.0,-0.01321628491824953,-0.013208100134136647,-8.18478411288362e-06,1.4217544874113546,1.3713688254036533,1.0367411458349802,0
2026-03-27,0.005781906652626617,0.005781906652626617,0.005591358618961317,0.0,0.3,237,0.008166020003670131,0.006445787260610703,0.0001905480336652993,0.0001905480336652993,-0.0023841133510435148,-0.0006638806079840862,0.0,0.005781906652626617,0.005591358618961317,0.0001905480336652993,1.4299749391405199,1.379036640305349,1.0369375963962002,0
2026-03-30,-0.0019048803235732611,-0.0019048803235732611,-0.002358608632785697,0.0,0.3,237,-0.0054761100150291266,-0.0018958356442929027,0.00045372830921243585,0.00045372830921243585,0.003571229691455865,-9.04467928035846e-06,0.0,-0.0019048803235732611,-0.002358608632785697,0.00045372830921243585,1.4272510080157481,1.375784032580597,1.0374091966590229,0
2026-03-31,-0.009102449109170054,-0.009102449109170054,-0.009327953338750472,0.0,0.3,237,-0.021864693686930205,-0.011333110046483871,0.00022550422958041855,0.00022550422958041855,0.012762244577760151,0.0022306609373138175,0.0,-0.009102449109170054,-0.009327953338750472,0.00022550422958041855,1.4142595283492732,1.3629507833204872,1.0376453395505485,0
2026-04-01,0.016255525777999765,0.016255525777999765,0.0170823950197585,0.0,0.3,237,0.02487338045828596,0.016567399259435633,-0.0008268692417587355,-0.0008268692417587355,-0.008617854680286193,-0.00031187348143586757,0.0,0.016255525777999765,0.0170823950197585,-0.0008268692417587355,1.4372490605691364,1.3862332469936571,1.0368017530138727,0
2026-04-02,-0.00976749870146534,-0.00976749870146534,-0.010418030065309614,0.0,0.3,237,-0.019547317840867013,-0.010556946958247174,0.0006505313638442735,0.0006505313638442735,0.009779819139401673,0.0007894482567818335,0.0,-0.00976749870146534,-0.010418030065309614,0.0006505313638442735,1.423210732236345,1.3717914273489455,1.0374833257172118,0
2026-04-03,-0.00902869412623109,-0.00902869412623109,-0.008512152532686557,0.0,0.3,237,-0.011174665468371415,-0.010443250623837868,-0.0005165415935445335,-0.0005165415935445335,0.0021459713421403247,0.0014145564976067778,0.0,-0.00902869412623109,-0.008512152532686557,-0.0005165415935445335,1.4103609978578135,1.3601145294763195,1.036942821573151,0
2026-04-07,0.00019418739774659455,0.00019418739774659455,-3.88894865052114e-05,0.0,0.3,237,0.005747902375669265,0.001794275528630637,0.00023307688425180595,0.00023307688425180595,-0.00555371497792267,-0.0016000881308840425,0.0,0.00019418739774659455,-3.88894865052114e-05,0.00023307688425180595,1.410634872189871,1.3600616353206798,1.0371845183746153,0
2026-04-08,0.0338103185356967,0.0338103185356967,0.03489150897571358,0.0,0.3,237,0.04591781799292781,0.034571157827957555,-0.0010811904400168798,-0.0010811904400168798,-0.012107499457231108,-0.0007608392922608537,0.0,0.0338103185356967,0.03489150897571358,-0.0010811904400168798,1.458328886556172,1.407516238076995,1.0361009323406452,0
2026-04-09,-0.006995547084820889,-0.006995547084820889,-0.006382753251184425,0.0,0.3,237,-0.011350164841623954,-0.009057983205411284,-0.000612793833636464,-0.000612793833636464,0.0043546177568030645,0.0020624361205903944,0.0,-0.006995547084820889,-0.006382753251184425,-0.000612793833636464,1.448127078165114,1.3985324092323141,1.0354619375320901,0
2026-04-10,0.013287133605054291,0.013287133605054291,0.015404808135002224,0.0,0.3,237,0.02168540251036436,0.011149565997872465,-0.0021176745299479327,-0.0021176745299479327,-0.00839826890531007,0.0021375676071818256,0.0,0.013287133605054291,0.015404808135002224,-0.0021176745299479327,1.4673685361297908,1.4200765326671203,1.033302432914548,0
2026-04-13,0.001602475448357719,0.001602475448357719,0.002068147209394633,0.0,0.3,237,0.007356880252959219,0.0018852459770101568,-0.000465671761036914,-0.000465671761036914,-0.0057544048046015,-0.0002827705286524379,0.0,0.001602475448357719,0.002068147209394633,-0.000465671761036914,1.4697199581826312,1.4230134599852826,1.0328222462476437,0
2026-04-14,0.011557372546800861,0.011557372546800861,0.011865532843009508,0.0,0.12,237,0.011727080239461765,0.009757047248024769,-0.0003081602962086462,-0.0003081602962086462,-0.00016970769266090417,0.0018003252987760926,0.0,0.011557372546800861,0.011865532843009508,-0.0003081602962086462,1.4867060592788164,1.4398982729307825,1.032507703653787,1
2026-04-15,-0.003419388242786773,-0.003419388242786773,-0.003411259779961817,0.0,0.12,237,-0.0101560900101114,-0.004901399141779344,-8.128462824955919e-06,-8.128462824955919e-06,0.006736701767324628,0.0014820108989925711,0.0,-0.003419388242786773,-0.003411259779961817,-8.128462824955919e-06,1.4816224340592385,1.4349864058650972,1.0324992822256225,1
2026-04-16,0.009527405323675702,0.009527405323675702,0.010962347679302376,0.0,0.3,237,0.012971007702926075,0.007623796026230885,-0.0014349423556266738,-0.0014349423556266738,-0.003443602379250373,0.0019036092974448167,0.0,0.009527405323675702,0.010962347679302376,-0.0014349423556266738,1.495738451525172,1.4507172257612628,1.0310337707200548,0
2026-04-17,-0.002537557148139084,-0.002537557148139084,-0.0016754818010366046,0.0,0.3,237,0.003216630323572896,-0.0029288296889903734,-0.0008620753471024795,-0.0008620753471024795,-0.00575418747171198,0.00039127254085128934,0.0,-0.002537557148139084,-0.0016754818010366046,-0.0008620753471024795,1.4919429297257578,1.4482865754510494,1.0301434502084728,0
2026-04-20,0.006141073495579541,0.006141073495579541,0.006084224584341991,0.0,0.3,237,0.01269916983624025,0.007649369439870331,5.684891123755066e-05,5.684891123755066e-05,-0.006558096340660709,-0.0015082959442907894,0.0,0.006141073495579541,0.006084224584341991,5.684891123755066e-05,1.501105060908414,1.4570982762385811,1.030201658589175,0
2026-04-21,0.0020507198129770324,0.0020507198129770324,0.0022186503212999753,0.0,0.3,237,-0.007873266301746517,-0.0003147479108782062,-0.00016793050832294293,-0.00016793050832294293,0.00992398611472355,0.0023654677238552383,0.0,0.0020507198129770324,0.0022186503212999753,-0.00016793050832294293,1.5041834067981792,1.4603310677973236,1.0300290392828524,0
2026-04-22,0.005252831516529368,0.005252831516529368,0.006633812898791724,0.0,0.3,237,0.01362233139351603,0.004408413664755638,-0.0013809813822623562,-0.0013809813822623562,-0.008369499876986663,0.0008444178517737306,0.0,0.005252831516529368,0.006633812898791724,-0.0013809813822623562,1.5120846288040493,1.4700186308713838,1.0286159624437752,0
2026-04-23,-0.0023486864831039605,-0.0023486864831039605,-0.002770986162049738,0.0,0.3,237,-0.008120603763665794,-0.0027721375217913857,0.0004222996789457773,0.0004222996789457773,0.005771917280561834,0.00042345103868742526,0.0,-0.0023486864831039605,-0.002770986162049738,0.0004222996789457773,1.508533216075068,1.465945229587284,1.0290515536516833,0
2026-04-24,-0.0037420633523860755,-0.0037420633523860755,-0.003543113317804214,0.0,0.3,237,-0.0003242489367258869,-0.0034055171215139437,-0.0001989500345818615,-0.0001989500345818615,-0.0034178144156601885,-0.0003365462308721318,0.0,-0.0037420633523860755,-0.003543113317804214,-0.0001989500345818615,1.5028881892113364,1.4607512195211616,1.0288460958492216,0
2026-04-27,0.0002590330906193183,0.0002590330906193183,0.0003308823591079424,0.0,0.3,237,0.011184149111644781,0.0024178574712632375,-7.18492684886241e-05,-7.18492684886241e-05,-0.010925116021025463,-0.0021588243806439193,0.0,0.0002590330906193183,0.0003308823591079424,-7.18492684886241e-05,1.5032774869838432,1.4612345563307465,1.0287721984611897,0
2026-04-28,-0.0020313781178731808,-0.0020313781178731808,-0.002670036004802201,0.0,0.3,237,-0.01374097159753714,-0.0032852990363686886,0.0006386578869290202,0.0006386578869290202,0.01170959347966396,0.001253920918495508,0.0,-0.0020313781178731808,-0.002670036004802201,0.0006386578869290202,1.500223761991693,1.4573330074538822,1.0294309909392263,0
2026-04-29,0.012186827091989257,0.011885033999696329,0.010957590906644388,0.23214853253302306,0.3,237,0.006439613684173693,0.0107934967719286,0.0012292361853448695,0.0009274430930519412,0.005445420315522636,0.0010915372277677284,0.00030179309229292836,0.011885033999696329,0.010957590906644388,0.0009274430930519412,1.5180539724101165,1.4733018663643116,1.030375381357685,0
2026-04-30,-0.00019527001545097773,-0.00019527001545097773,-0.000631950278512261,0.0,0.3,237,0.006116322552250749,-0.00022036971720168125,0.0004366802630612833,0.0004366802630612833,-0.006311592567701727,2.5099701750703525e-05,0.0,-0.00019527001545097773,-0.000631950278512261,0.0004366802630612833,1.5177575419874687,1.47237081283953,1.0308256104726827,0
2026-05-06,0.015185772284186338,0.015185772284186338,0.014516714129485075,0.0,0.3,237,0.025433428468038817,0.013767869068361924,0.0006690581547012624,0.0006690581547012624,-0.01024765618385248,0.0014179032158244138,0.0,0.015185772284186338,0.014516714129485075,0.0006690581547012624,1.5408058624026968,1.493744799022119,1.0315054240934505,0
2026-05-07,0.005531850659832847,0.005531850659832847,0.0048013435543941,0.0,0.3,237,0.006332878854520118,0.0029900141772999313,0.0007305071054387472,0.0007305071054387472,-0.0008010281946872711,0.0025418364825329155,0.0,0.005531850659832847,0.0048013435543941,0.0007305071054387472,1.5493293703293034,1.5009167809848136,1.032255345504715,0
2026-05-08,-0.004432963416095986,-0.004432963416095986,-0.005835637753443534,0.0,0.3,237,-0.0026498111513962915,-0.0019528239424247149,0.0014026743373475488,0.0014026743373475488,-0.0017831522646996941,-0.0024801394736712707,0.0,-0.004432963416095986,-0.005835637753443534,0.0014026743373475488,1.5424612499111505,1.4921579743529216,1.0337117627106762,0
2026-05-11,0.016420235818992688,0.016420235818992688,0.016405139649273703,0.0,0.3,237,0.025130041227398533,0.012881792464376183,1.5096169718984559e-05,1.5096169718984559e-05,-0.008709805408405845,0.003538443354616505,0.0,0.016420235818992688,0.016405139649273703,1.5096169718984559e-05,1.5677888273763498,1.5166370343009588,1.033727115927225,0
2026-05-12,-0.0026762801385004087,-0.0026762801385004087,-0.0007653927837600882,0.0,0.3,237,-0.005904293612227945,-0.005726474221600078,-0.0019108873547403205,-0.0019108873547403205,0.0032280134737275364,0.0030501940830996695,0.0,-0.0026762801385004087,-0.0007653927837600882,-0.0019108873547403205,1.5635929852762798,1.5154762112593214,1.031750266787081,0
2026-05-13,0.012318297609615966,0.012318297609615966,0.010164657910955333,0.0,0.3,237,0.01786208859329408,0.008952818657482799,0.0021536396986606334,0.0021536396986606334,-0.005543790983678113,0.0033654789521331673,0.0,0.012318297609615966,0.010164657910955333,0.0021536396986606334,1.5828537890092207,1.5308805085189632,1.0339499263339231,0
2026-05-14,-0.01906726993901736,-0.01906726993901736,-0.016754476789772044,0.0,0.3,237,-0.025574899508482487,-0.019689253144530454,-0.002312793149245318,-0.002312793149245318,0.006507629569465125,0.0006219832055130922,0.0,-0.01906726993901736,-0.016754476789772044,-0.002312793149245318,1.5526730885401856,1.5052314065710677,1.0315178661314213,0
2026-05-15,-0.011374906642923894,-0.011374906642923894,-0.011192046648137222,0.0,0.3,237,-0.010871731360072032,-0.011317189297135268,-0.00018285999478667193,-0.00018285999478667193,-0.0005031752828518615,-5.7717345788625696e-05,0.0,-0.011374906642923894,-0.011192046648137222,-0.00018285999478667193,1.5350115771110608,1.488384786452483,1.0313271078036959,0
2026-05-18,-0.0038108019466625404,-0.0038108019466625404,-0.005364441345053539,0.0,0.3,237,0.0010333474733140616,-0.005126321473628842,0.0015536393983909985,0.0015536393983909985,-0.004844149419976602,0.001315519526966302,0.0,-0.0038108019466625404,-0.005364441345053539,0.0015536393983909985,1.5291619520048565,1.4804004335666887,1.0329380600900582,0
2026-05-19,0.005526927064301545,0.005526927064301545,0.004005256041260452,0.0,0.3,237,0.009799049057910054,0.007479564324074595,0.001521671023041093,0.001521671023041093,-0.004272121993608509,-0.0019526372597730495,0.0,0.005526927064301545,0.004005256041260452,0.001521671023041093,1.5376135185830921,1.4863298163467162,1.0345035816898482,0
2026-05-20,-0.0013409082786283338,-0.0013409082786283338,-0.0004498768896807892,0.0,0.3,237,0.0037802717889314167,-0.0037900350666617544,-0.0008910313889475446,-0.0008910313889475446,-0.005121180067559751,0.002449126788033421,0.0,-0.0013409082786283338,-0.0004498768896807892,-0.0008910313889475446,1.5355517198866933,1.4856611509118984,1.033581391654599,0
2026-05-21,-0.015093283538232114,-0.015093283538232114,-0.013936627703218019,0.0,0.3,237,-0.02495876350514025,-0.014893763038973587,-0.0011566558350140956,-0.0011566558350140956,0.009865479966908137,-0.0001995204992585268,0.0,-0.015093283538232114,-0.013936627703218019,-0.0011566558350140956,1.5123752023908235,1.4649560445585048,1.032368997014248,0
2026-05-22,0.011665948325325375,0.011364155233032445,0.012961893146399506,0.23214853253302306,0.3,237,0.017398442444751062,0.007817385515245419,-0.0012959448210741308,-0.001597737913367061,-0.006034287211718618,0.003546769717787026,0.0003017930922929301,0.011364155233032445,0.012961893146399506,-0.001597737913367061,1.5295620689613816,1.4839446482722443,1.0307406484077757,0
2026-05-25,0.013152294334800255,0.013152294334800255,0.015789533647179166,0.0,0.3,237,0.016326705074115235,0.008913340170194907,-0.0026372393123789105,-0.0026372393123789105,-0.00317441073931498,0.004238954164605348,0.0,0.013152294334800255,0.015789533647179166,-0.0026372393123789105,1.549679319495708,1.5073754422266903,1.0280645923264655,0
2026-05-26,0.005427078071924149,0.005125284979631219,0.005334020210592705,0.23214853253302306,0.3,237,-0.004542391845573964,0.003129768802235058,9.305786133144422e-05,-0.00020873523096148587,0.009667676825205182,0.001995516177396161,0.0003017930922929301,0.005125284979631219,0.005334020210592705,-0.00020873523096148587,1.5576218676351645,1.5154158133004785,1.0278511375981778,0
2026-05-27,-0.008307969994845427,-0.008307969994845427,-0.00801922160402091,0.0,0.3,237,-0.010814784197734293,-0.010164920482068681,-0.000288748390824517,-0.000288748390824517,0.0025068142028888667,0.0018569504872232544,0.0,-0.008307969994845427,-0.00801922160402091,-0.000288748390824517,1.5446811918955365,1.5032633580713843,1.0275519479682451,0
2026-05-28,0.0012463944891715362,0.0012463944891715362,0.0012309879805745272,0.0,0.3,237,0.0024313659535689343,-0.003280145028700445,1.5406508597009053e-05,1.5406508597009053e-05,-0.001184971464397398,0.004526539517871981,0.0,0.0012463944891715362,0.0012309879805745272,1.5406508597009053e-05,1.5466064740206422,1.5051138571968083,1.0275677594923693,0
2026-05-29,-0.006980147735675604,-0.006980147735675604,-0.004495531360024674,0.0,0.3,237,-0.020797905305084564,-0.0038386003093856262,-0.00248461637565093,-0.00248461637565093,0.013817757569408961,-0.0031415474262899775,0.0,-0.006980147735675604,-0.004495531360024674,-0.00248461637565093,1.5358109323430258,1.4983475706513725,1.0250031183855206,0
2026-06-01,-0.007898457354182405,-0.007898457354182405,-0.009784242267255161,0.0,0.3,237,-0.009393560185508845,-0.0006277114412500294,0.001885784913072756,0.001885784913072756,0.0014951028313264399,-0.007270745912932376,0.0,-0.007898457354182405,-0.009784242267255161,0.001885784913072756,1.5236803951898272,1.4836873750195663,1.0269551529814247,0
2026-06-02,0.011175800548857256,0.010874007456564326,0.014512756098171264,0.23214853253302306,0.3,237,0.001594777127111168,0.0017876345354136856,-0.0033369555493140083,-0.0036387486416069384,0.009279230329453159,0.00908637292115064,0.0003017930922929301,0.010874007456564326,0.014512756098171264,-0.0036387486416069384,1.5402489071685423,1.5052197680191612,1.0232717772471716,0
2026-06-03,0.0035400079622298544,0.0032382148699369247,0.004934318523100112,0.23214853253302306,0.3,237,0.005434296415513783,-0.0016558179261505965,-0.0013943105608702575,-0.0016961036531631872,-0.0021960815455768583,0.004894032796087521,0.00030179309229292966,0.0032382148699369247,0.004934318523100112,-0.0016961036531631872,1.5452365640831398,1.5126470018018345,1.0215447240780469,0
2026-06-04,-0.005931390113037758,-0.005931390113037758,-0.006897148545385257,0.0,0.3,237,-0.007719048320065963,-0.00906944356634797,0.0009657584323474987,0.0009657584323474987,0.0017876582070282055,0.0031380534533102123,0.0,-0.005931390113037758,-0.006897148545385257,0.0009657584323474987,1.5360711632046327,1.5022140507336756,1.0225381412551835,0
2026-06-05,-0.016545102975423616,-0.016545102975423616,-0.017906230158246328,0.0,0.3,237,-0.0194824487789882,-0.009638199843320731,0.001361127182822712,0.001361127182822712,0.002937345803564584,-0.006906903132102885,0.0,-0.016545102975423616,-0.017906230158246328,0.001361127182822712,1.5106567076318331,1.4753150601942868,1.0239553220807576,0
2026-06-08,-0.023577284318547866,-0.023879077410840797,-0.021441938447014586,0.23214853253302306,0.3,237,-0.0348484809216695,-0.02356109766135375,-0.00213534587153328,-0.0024371389638262117,0.010969403510828701,-0.0003179797494870483,0.00030179309229293183,-0.023879077410840797,-0.021441938447014586,-0.0024371389638262117,1.4745836191690866,1.4436814454836473,1.021405119378733,0
2026-06-09,0.016328491738945787,0.016328491738945787,0.018706324319753387,0.0,0.3,237,0.027099804223824072,0.014250184613794226,-0.0023778325808076,-0.0023778325808076,-0.010771312484878285,0.0020783071251515607,0.0,0.016328491738945787,0.018706324319753387,-0.0023778325808076,1.4986613456130737,1.4706874188172747,1.0190209873545364,0
2026-06-10,-0.009462392936714909,-0.009462392936714909,-0.011082777817184142,0.0,0.3,237,-0.009227753150009203,-0.006390337414919367,0.001620384880469233,0.001620384880469233,-0.00023463978670570582,-0.0030720555217955414,0.0,-0.009462392936714909,-0.011082777817184142,0.001620384880469233,1.484480423081817,1.454388116915995,1.0206906985940123,0
2026-06-11,-0.004630749411223308,-0.004630749411223308,-0.00551342237528385,0.0,0.3,237,-0.0044793532199157915,-0.002992954408794658,0.0008826729640605416,0.0008826729640605416,-0.00015139619130751653,-0.0016377950024286498,0.0,-0.004630749411223308,-0.00551342237528385,0.0008826729640605416,1.4776061662366582,1.4463694609298434,1.0215966294578243,0
2026-06-12,0.012695533360083222,0.012695533360083222,0.011627193407640402,0.0,0.3,237,0.013495494537782381,0.014699210522276959,0.0010683399524428205,0.0010683399524428205,-0.0007999611776991593,-0.0020036771621937365,0.0,0.012695533360083222,0.011627193407640402,0.0010683399524428205,1.4963651646131801,1.4631866783909793,1.0226754977421515,0
2026-06-15,0.020918842585040114,0.020918842585040114,0.023944802867113424,0.0,0.3,237,0.02605797597449252,0.016537866662595206,-0.0030259602820733103,-0.0030259602820733103,-0.005139133389452405,0.004380975922444907,0.0,0.020918842585040114,0.023944802867113424,-0.0030259602820733103,1.527667391941461,1.4982223949628377,1.019653288508849,0
2026-06-16,-0.0010159832470652576,-0.00131810335832143,-0.0015291985878318481,0.23240008558167147,0.3,238,0.0018529713102235065,-0.00478663092762477,0.0005132153407665905,0.00021109522951041817,-0.0031710746685449367,0.0034685275693033396,0.00030212011125617237,-0.00131810335832143,-0.0015291985878318481,0.00021109522951041817,1.5256537684217448,1.4959313153922025,1.0198688621086522,0
2026-06-17,0.00902935506793375,0.00902935506793375,0.009654311684853756,0.0,0.3,238,0.014310331540410753,0.004641502867129739,-0.0006249566169200058,-0.0006249566169200058,-0.005280976472477003,0.004387852200804011,0.0,0.00902935506793375,0.009654311684853756,-0.0006249566169200058,1.5394294380075557,1.5103735025701321,1.0192375828813074,0
2026-06-18,0.001284611577131052,0.001284611577131052,0.002070918762576923,0.0,0.3,238,0.00306742271125637,-0.010458688526477645,-0.0007863071854458711,-0.0007863071854458711,-0.0017828111341253179,0.011743300103608698,0.0,0.001284611577131052,0.002070918762576923,-0.0007863071854458711,1.5414070068857966,1.5135013633951035,1.0184378053205678,0
2026-06-22,0.02392267615912583,0.02392267615912583,0.023890973257115533,0.0,0.12,238,0.0188246213594912,0.023644883792781086,3.170290201029782e-05,3.170290201029782e-05,0.0050980547996346305,0.00027779236634474513,0.0,0.02392267615912583,0.023890973257115533,3.170290201029782e-05,1.5782815875409328,1.5496603839925838,1.0184693393752564,1
2026-06-23,-0.02767104687073832,-0.02767104687073832,-0.027723651372339675,0.0,0.12,238,-0.02487197873526447,-0.019663721466008376,5.2604501601355436e-05,5.2604501601355436e-05,-0.002799068135473849,-0.008007325404729943,0.0,-0.02767104687073832,-0.027723651372339675,5.2604501601355436e-05,1.5346088837568646,1.5066981397612473,1.0185244431243805,1
2026-06-24,0.004137895442484102,0.004137895442484102,0.004804197109151254,0.0,0.3,238,0.005380639057530699,-0.0035667997168035946,-0.0006663016666671514,-0.0006663016666671514,-0.0012427436150465971,0.007704695159287697,0.0,0.004137895442484102,0.004804197109151254,-0.0006663016666671514,1.5409589348629575,1.513936614608652,1.0178490433440577,0
2026-06-25,0.013958326458528738,0.013958326458528738,0.01559453627101659,0.0,0.3,238,0.013382928432447061,0.006525337254421088,-0.0016362098124878526,-0.0016362098124878526,0.0005753980260816763,0.007432989204107649,0.0,0.013958326458528738,0.01559453627101659,-0.0016362098124878526,1.5624681427349616,1.5375457540571866,1.0162092013275126,0
2026-06-26,-0.030429114803098848,-0.030429114803098848,-0.030255011858519643,0.0,0.3,238,-0.025128254267387528,-0.025147671582626645,-0.00017410294457920542,-0.00017410294457920542,-0.00530086053571132,-0.005281443220472203,0.0,-0.030429114803098848,-0.030255011858519643,-0.00017410294457920542,1.5149236202434948,1.49102728903517,1.0160267564410495,0
2026-06-29,0.011649254173157923,0.011347204582021021,0.012057896720166994,0.23234583933607966,0.3,238,0.02107172076039975,0.011578049279880629,-0.0004086425470090707,-0.0007106921381459727,-0.009724516178378727,-0.0002308446978596078,0.000302049591136902,0.011347204582021021,0.012057896720166994,-0.0007106921381459727,1.5321137684885338,1.5090059420933066,1.0153132772712423,0
2026-06-30,0.01079948161259775,0.010497432021460848,0.010658137201712714,0.23234583933607966,0.3,238,0.019454274151293263,0.0023151031623333228,0.0001413444108850359,-0.0001607051802518661,-0.008956842129832415,0.008182328859127525,0.000302049591136902,0.010497432021460848,0.010658137201712714,-0.0001607051802518661,1.5481970286223863,1.5250891344623367,1.0151518318751882,0
2026-07-01,-0.0014625345885390143,-0.0014625345885390143,-0.004107998003306745,0.0,0.3,238,0.0020718831449248656,0.011134536044736843,0.0026454634147677313,0.0026454634147677313,-0.0035344177334638797,-0.012597070633275857,0.0,-0.0014625345885390143,-0.004107998003306745,0.0026454634147677313,1.5459327369181526,1.5188240713431007,1.0178484566359813,0
2026-07-02,-0.027023281695279653,-0.027023281695279653,-0.029579002105938224,0.0,0.3,238,-0.03298675427647765,-0.014115626845341817,0.0025557204106585706,0.0025557204106585706,0.005963472581198,-0.012907654849937836,0.0,-0.027023281695279653,-0.029579002105938224,0.0025557204106585706,1.5041565610864587,1.4738987709382936,1.0205290829633453,0
2026-07-03,0.006572876621656523,0.00627082703051962,0.006208679154940722,0.23234583933607966,0.3,238,0.010576494914477166,0.009913628308544191,0.00036419746671580155,6.214787557889869e-05,-0.004305667883957546,-0.0036428012780245706,0.00030204959113690286,0.00627082703051962,0.006208679154940722,6.214787557889869e-05,1.513588866707853,1.483049735513911,1.0205921153300765,0
2026-07-06,0.0020005095738565536,0.0020005095738565536,-3.6285356719178985e-05,0.0,0.3,238,-0.004006034059051891,0.004534770699502447,0.0020367949305757325,0.0020367949305757325,0.006006543632908445,-0.0025342611256458933,0.0,0.0020005095738565536,-3.6285356719178985e-05,0.0020367949305757325,1.5166168157265845,1.4829959225252256,1.0226709276072112,0
2026-07-07,-0.012100848644290313,-0.012100848644290313,-0.010271710149405311,0.0,0.3,238,-0.01147984776187905,-0.015405353943126652,-0.001829138494885002,-0.001829138494885002,-0.0006210008824112621,0.0033045052988363386,0.0,-0.012100848644290313,-0.010271710149405311,-0.001829138494885002,1.4982644651880916,1.4677630182562966,1.0207809071031309,0
2026-07-08,-0.007892416005663937,-0.007892416005663937,-0.0076641462704545305,0.0,0.3,238,-0.003617195997651609,-0.007490974758047264,-0.00022826973520940694,-0.00022826973520940694,-0.004275220008012328,-0.00040144124761667347,0.0,-0.007892416005663937,-0.0076641462704545305,-0.00022826973520940694,1.4864395387423237,1.4565138677940166,1.020546094074361,0
2026-07-09,0.01930046800586379,0.01930046800586379,0.025397506374573497,0.0,0.3,238,0.0328319559153205,0.010838005332938262,-0.006097038368709708,-0.006097038368709708,-0.013531487909456713,0.008462462672925528,0.0,0.01930046800586379,0.025397506374573497,-0.006097038368709708,1.5151285175024707,1.4935056880359698,1.0144779023205033,0
2026-07-10,-0.013257778683847646,-0.013257778683847646,-0.01958976173081617,0.0,0.3,238,-0.006612358852764339,-0.00022517313622437613,0.006331983046968522,0.006331983046968522,-0.006645419831083308,-0.01303260554762327,0.0,-0.013257778683847646,-0.01958976173081617,0.006331983046968522,1.4950412789398366,1.4642482674637265,1.0210299114981694,0
2026-07-13,-0.01734367555254343,-0.01734367555254343,-0.01786394276908443,0.0,0.3,238,-0.03028572305242947,-0.018795506794784516,0.0005202672165409983,0.0005202672165409983,0.01294204749988604,0.0014518312422410855,0.0,-0.01734367555254343,-0.01786394276908443,0.0005202672165409983,1.4691117680602446,1.4380910202140234,1.0215707819673365,0
2026-07-14,0.019520275515106784,0.019520275515106784,0.021535836373731465,0.0,0.3,238,0.005403467172445462,0.012883522856126336,-0.0020155608586246813,-0.0020155608586246813,0.014116808342661321,0.006636752658980448,0.0,0.019520275515106784,0.021535836373731465,-0.0020155608586246813,1.4977892345352661,1.469061513115885,1.0195551521586386,0
2026-07-15,0.0013708050133526251,0.0013708050133526251,-0.0020263100067507978,0.0,0.3,238,-0.004090562570701566,0.006446644375279867,0.003397115020103423,0.003397115020103423,0.00546136758405419,-0.005075839361927242,0.0,0.0013708050133526251,-0.0020263100067507978,0.003397115020103423,1.4998424115269124,1.4660847390713259,1.0230257307479853,0
2026-07-16,-0.015311124756122223,-0.015311124756122223,-0.018456738835110675,0.0,0.3,238,-0.011527694870546869,-0.008686016280079617,0.0031456140789884526,0.0031456140789884526,-0.003783429885575354,-0.006625108476042606,0.0,-0.015311124756122223,-0.018456738835110675,0.0031456140789884526,1.4768781372495008,1.439025595932145,1.0263042863340013,0
2026-07-17,-0.03129938497317094,-0.03129938497317094,-0.03604160143217072,0.0,0.3,238,-0.04889841367232721,-0.02596434581486428,0.004742216458999783,0.004742216458999783,0.01759902869915627,-0.005335039158306659,0.0,-0.03129938497317094,-0.03604160143217072,0.004742216458999783,1.430652759873269,1.3871608089528666,1.0313532148830196,0
2026-07-20,0.01565275176072199,0.01565275176072199,0.015284619866577032,0.0,0.3,238,0.012011485762812442,0.01541188207501455,0.0003681318941449567,0.0003681318941449567,0.003641265997909546,0.0002408696857074382,0.0,0.01565275176072199,0.015284619866577032,0.0003681318941449567,1.453046412379357,1.4083630346115248,1.0317271730865596,0
2026-07-21,0.025319966073997783,0.025319966073997783,0.030643338324720437,0.0,0.3,238,0.038282229896477823,0.018202083641713926,-0.005323372250722654,-0.005323372250722654,-0.01296226382248004,0.007117882432283857,0.0,0.025319966073997783,0.030643338324720437,-0.005323372250722654,1.4898374982447464,1.4515199795651557,1.0263982027247534,0
2026-07-22,-0.0018025507977681543,-0.0018025507977681543,-0.0046388350070549755,0.0,0.3,238,0.0022812605761105406,0.00428707078827552,0.002836284209286821,0.002836284209286821,-0.004083811373878695,-0.0060896215860436744,0.0,-0.0018025507977681543,-0.0046388350070549755,0.002836284209286821,1.4871519904737405,1.444786617870509,1.0293229270531825,0
2026-07-23,0.004044564329418194,0.004044564329418194,0.0022804840164942775,0.0,0.3,238,-0.00436197733797828,0.005566144347787377,0.0017640803129239163,0.0017640803129239163,0.008406541667396475,-0.0015215800183691836,0.0,0.004044564329418194,0.0022804840164942775,0.0017640803129239163,1.4931668723668339,1.4480814306598075,1.0311346038644273,0
2026-07-24,-0.01860940159581518,-0.01860940159581518,-0.016668796530491914,0.0,0.3,238,-0.022235289929624733,-0.02291188264649949,-0.0019406050653232657,-0.0019406050653232657,0.0036258883338095536,0.004302481050684311,0.0,-0.01860940159581518,-0.016668796530491914,-0.0019406050653232657,1.4653799303893922,1.4239436559325556,1.0290996587429575,0
2026-07-27,0.011575147905898366,0.011575147905898366,0.011450485038076552,0.0,0.3,238,0.013362260606593596,0.012111335589323804,0.00012466286782181375,0.00012466286782181375,-0.0017871127006952297,-0.0005361876834254382,0.0,0.011575147905898366,0.011450485038076552,0.00012466286782181375,1.4823419198219843,1.4402485014598754,1.0292264968992795,0
2026-07-28,-0.02242086209809972,-0.02242086209809972,-0.02826278735373078,0.0,0.3,238,-0.029948046296672828,-0.012954660108523204,0.005841925255631059,0.005841925255631059,0.007527184198573109,-0.009466201989576515,0.0,-0.02242086209809972,-0.02826278735373078,0.005841925255631059,1.4491065360554232,1.3995430643265856,1.0354140383330654,0
2026-07-29,0.008094633867638533,0.008094633867638533,0.00672693772118671,0.0,0.3,238,0.004899209795871788,0.009977507896167269,0.0013676961464518227,0.0013676961464518227,0.003195424071766745,-0.0018828740285287363,0.0,0.008094633867638533,0.00672693772118671,0.0013676961464518227,1.4608365228999936,1.4089577033584293,1.0368207075470786,0
2026-07-30,-0.007214773656633983,-0.007214773656633983,-0.010986829794752628,0.0,0.3,238,-0.017087395767887877,-0.0021640939497087185,0.003772056138118645,0.003772056138118645,0.009872622111253893,-0.005050679706925265,0.0,-0.007214773656633983,-0.010986829794752628,0.003772056138118645,1.4502969180379257,1.3934777248836248,1.0407750996945762,0
2026-07-31,0.008085168457732056,0.008085168457732056,0.008456937823493771,0.0,0.3,238,0.02374005881012454,0.010140215528750498,-0.0003717693657617153,-0.0003717693657617153,-0.01565489035239248,-0.002055047071018442,0.0,0.008085168457732056,0.008456937823493771,-0.0003717693657617153,1.462022812933992,1.4052622793613891,1.0403914161834595,0
2026-08-03,-0.007627292773216332,-0.007627292773216332,-0.009811850267625766,0.0,0.3,238,-0.012868403186539661,-0.004612121774328604,0.0021845574944094337,0.0021845574944094337,0.005241110413323329,-0.003015170998887728,0.0,-0.007627292773216332,-0.009811850267625766,0.0021845574944094337,1.4508715368986231,1.3914740562895527,1.042686732347319,0
2026-08-04,0.008690449061406326,0.008690449061406326,0.012711872334478791,0.0,0.3,238,0.016796942138476535,0.0029785855516551744,-0.004021423273072465,-0.004021423273072465,-0.008106493077070209,0.005711863509751151,0.0,0.008690449061406326,0.012711872334478791,-0.004021423273072465,1.463480262084685,1.4091622968498447,1.0385462805499885,0
2026-08-05,0.011718220673440388,0.011718220673440388,0.012437593057265106,0.0,0.3,238,0.019996742130597333,0.011850884629768235,-0.0007193723838247179,-0.0007193723838247179,-0.008278521457156945,-0.00013266395632784665,0.0,0.011718220673440388,0.012437593057265106,-0.0007193723838247179,1.4806296467470175,1.426688884049704,1.0378083570288994,0
2026-08-06,-0.001381886714093156,-0.001381886714093156,-0.0014694874144267622,0.0,0.3,238,-0.003586203075095499,-0.001793240903686212,8.760070033360617e-05,8.760070033360617e-05,0.002204316361002343,0.00041135418959305594,0.0,-0.001381886714093156,-0.0014694874144267622,8.760070033360617e-05,1.4785835843096853,1.4245923826902904,1.0378994035595182,0
2026-08-07,0.008366784211290177,0.008366784211290177,0.009271947441557238,0.0,0.3,238,0.016519943352759848,0.008360085423362022,-0.0009051632302670611,-0.0009051632302670611,-0.008153159141469671,6.69878792815444e-06,0.0,0.008366784211290177,0.009271947441557238,-0.0009051632302670611,1.4909545740979604,1.4378011283882377,1.036968565860918,0
2026-08-10,0.0032478136290963132,0.0032478136290963132,0.001616424037262032,0.0,0.3,238,0.006096188853343005,0.006853303898884084,0.0016313895918342813,0.0016313895918342813,-0.002848375224246692,-0.003605490269787771,0.0,0.0032478136290963132,0.001616424037262032,0.0016313895918342813,1.4957969166840792,1.440125224692967,1.0386575354952077,0
2026-08-11,-0.008798411339020483,-0.008798411339020483,-0.008131816066385134,0.0,0.3,238,-0.00394454953655814,-0.009052463666998566,-0.000666595272635349,-0.000666595272635349,-0.004853861802462342,0.00025405232797808333,0.0,-0.008798411339020483,-0.008131816066385134,-0.000666595272635349,1.482636280131454,1.4284143912532021,1.0379594949548787,0
2026-08-12,0.005093557910282593,0.005093557910282593,0.00581668719253936,0.0,0.3,238,0.005388780687777222,0.0037949547601967737,-0.0007231292822567677,-0.0007231292822567677,-0.00029522277749462894,0.001298603150085819,0.0,0.005093557910282593,0.00581668719253936,-0.0007231292822567677,1.4901881738841898,1.4367230309484436,1.0372132566848682,0
2026-08-13,-0.006534771408471612,-0.006534771408471612,-0.005748386269506245,0.0,0.3,238,-0.007155747470452569,-0.008167414379564667,-0.0007863851389653675,-0.0007863851389653675,0.0006209760619809565,0.001632642971093055,0.0,-0.006534771408471612,-0.005748386269506245,-0.0007863851389653675,1.480450134812249,1.4284641920042562,1.0363928918197467,0
2026-08-14,-0.00046860738216586163,-0.0004718709804922214,0.0004137907700709764,0.0025104602510460376,0.3,239,0.003373782441412885,-0.0013490918987968399,-0.0008823981522368381,-0.0008856617505631978,-0.0038456534219051064,0.0008772209183046185,3.263598326359797e-06,-0.0004718709804922214,0.0004137907700709764,-0.0008856617505631978,1.4797515533555654,1.4290552773022844,1.0354753779356831,0
2026-08-17,0.01389763277235281,0.01389763277235281,0.01612062047357754,0.0,0.3,239,0.018923480437861653,0.010787644066311858,-0.0022229877012247302,-0.0022229877012247302,-0.005025847665508842,0.0031099887060409524,0.0,0.01389763277235281,0.01612062047357754,-0.0022229877012247302,1.5003165970384196,1.4520925350634377,1.0332100474387984,0
2026-08-18,-0.0023256508701014473,-0.0023256508701014473,-0.003223873389162746,0.0,0.3,239,0.001914399015451984,-0.000940117671645531,0.0008982225190612985,0.0008982225190612985,-0.004240049885553432,-0.0013855331984559162,0.0,-0.0023256508701014473,-0.003223873389162746,0.0008982225190612985,1.4968273844390896,1.4474111725810448,1.034141101570969,0
2026-08-19,-0.021018795489834707,-0.021018795489834707,-0.029014666554544877,0.0,0.3,239,0.008461853418861853,-0.009913705815926063,0.00799587106471017,0.00799587106471017,-0.02948064890869656,-0.011105089673908644,0.0,-0.021018795489834707,-0.029014666554544877,0.00799587106471017,1.4653658757619803,1.405415020041283,1.0426570478227395,0
