date,close,label,pos_state,eq_state,benchmark,pos_event,eq_event
2010-07-05,2512.651,bottom_watch,0.0,1.0,1.0,0.0,1.0
2010-07-06,2562.902,bottom_watch,0.0,1.0,1.0199991960682164,0.0,1.0
2010-07-07,2580.477,bottom_watch,0.0,1.0,1.0269938005715875,0.0,1.0
2010-07-08,2575.921,bottom_watch,0.0,1.0,1.025180576212136,0.0,1.0
2010-07-09,2647.104,bottom_watch,0.0,1.0,1.053510415891423,0.0,1.0
2010-07-12,2676.218,bottom_watch,0.0,1.0,1.0650973812121143,0.0,1.0
2010-07-13,2634.593,bottom_watch,0.0,1.0,1.0485312126514983,0.0,1.0
2010-07-14,2653.609,bottom_watch,0.0,1.0,1.0560993150262412,0.0,1.0
2010-07-15,2608.519,bottom_watch,0.0,1.0,1.0381541248665251,0.0,1.0
2010-07-16,2616.128,bottom_watch,0.0,1.0,1.0411824005801045,0.0,1.0
2010-07-19,2682.472,bottom_watch,0.0,1.0,1.0675863858530292,0.0,1.0
2010-07-20,2741.503,bottom_watch,0.0,1.0,1.091079899277695,0.0,1.0
2010-07-21,2747.335,bottom_watch,0.0,1.0,1.093400953813323,0.0,1.0
2010-07-22,2781.286,bottom_watch,0.0,1.0,1.106912977568313,0.0,1.0
2010-07-23,2793.076,bottom_watch,0.0,1.0,1.1116052328795363,0.0,1.0
2010-07-26,2811.055,bottom_watch,0.0,1.0,1.1187606237396277,0.0,1.0
2010-07-27,2795.724,bottom_watch,0.0,1.0,1.1126590998909118,0.0,1.0
2010-07-28,2863.724,bottom_watch,0.0,1.0,1.1397221500319779,0.0,1.0
2010-07-29,2877.976,bottom_watch,0.0,1.0,1.14539424695272,0.0,1.0
2010-07-30,2868.846,bottom_watch,0.0,1.0,1.1417606344852502,0.0,1.0
2010-08-02,2917.275,bottom_watch,0.0,1.0,1.1610347000040988,0.0,1.0
2010-08-03,2865.971,bottom_watch,0.0,1.0,1.1406164246447275,0.0,1.0
2010-08-04,2876.434,bottom_watch,0.0,1.0,1.1447805524921684,0.0,1.0
2010-08-05,2850.829,bottom_watch,0.0,1.0,1.1345901201559625,0.0,1.0
2010-08-06,2897.659,bottom_watch,0.0,1.0,1.1532278060104644,0.0,1.0
2010-08-09,2918.241,bottom_watch,0.0,1.0,1.1614191545105148,0.0,1.0
2010-08-10,2832.638,bottom_watch,0.0,1.0,1.1273503562571958,0.0,1.0
2010-08-11,2850.211,bottom_watch,0.0,1.0,1.134344164788504,0.0,1.0
2010-08-12,2816.386,bottom_watch,0.0,1.0,1.120882287273481,0.0,1.0
2010-08-13,2855.547,bottom_watch,0.0,1.0,1.1364678182525147,0.0,1.0
2010-08-16,2922.083,watch,0.0,1.0,1.162948216843485,0.0,1.0
2010-08-17,2942.291,watch,0.0,1.0,1.1709907185677595,0.0,1.0
2010-08-18,2937.362,watch,0.0,1.0,1.1690290454185635,0.0,1.0
2010-08-19,2955.395,watch,0.0,1.0,1.1762059275243553,0.0,1.0
2010-08-20,2898.333,watch,0.0,1.0,1.1534960485956862,0.0,1.0
2010-08-23,2896.192,watch,0.0,1.0,1.152643960502274,0.0,1.0
2010-08-24,2911.827,watch,0.0,1.0,1.1588664721045618,0.0,1.0
2010-08-25,2843.023,watch,0.0,1.0,1.131483441194181,0.0,1.0
2010-08-26,2850.093,watch,0.0,1.0,1.1342972024367888,0.0,1.0
2010-08-27,2858.566,watch,0.0,1.0,1.1376693380815717,0.0,1.0
2010-08-30,2915.01,watch,0.0,1.0,1.1601332616427826,0.0,1.0
2010-08-31,2903.188,watch,0.0,1.0,1.155428270778552,0.0,1.0
2010-09-01,2884.042,watch,0.0,1.0,1.147808430219716,0.0,1.0
2010-09-02,2921.393,watch,0.0,1.0,1.1626736064817595,0.0,1.0
2010-09-03,2920.205,watch,0.0,1.0,1.1622007990763537,0.0,1.0
2010-09-06,2975.09,watch,0.0,1.0,1.1840442624144774,0.0,1.0
2010-09-07,2983.108,watch,0.0,1.0,1.1872353144149344,0.0,1.0
2010-09-08,2980.967,watch,0.0,1.0,1.1863832263215222,0.0,1.0
2010-09-09,2926.46,watch,0.0,1.0,1.1646902017033,0.0,1.0
2010-09-10,2932.554,watch,0.0,1.0,1.1671155285791772,0.0,1.0
2010-09-13,2962.319,watch,0.0,1.0,1.1789615828063658,0.0,1.0
2010-09-14,2965.009,watch,0.0,1.0,1.180032165231064,0.0,1.0
2010-09-15,2913.194,watch,0.0,1.0,1.1594105190096031,0.0,1.0
2010-09-16,2857.789,watch,0.0,1.0,1.1373601029351066,0.0,1.0
2010-09-17,2861.369,watch,0.0,1.0,1.1387848929278275,0.0,1.0
2010-09-20,2849.828,watch,0.0,1.0,1.1341917361384442,0.0,1.0
2010-09-21,2857.476,watch,0.0,1.0,1.1372355333072512,0.0,1.0
2010-09-27,2905.029,watch,0.0,1.0,1.1561609630625178,0.0,1.0
2010-09-28,2880.907,watch,0.0,1.0,1.1465607440110062,0.0,1.0
2010-09-29,2874.812,watch,0.0,1.0,1.144135019149097,0.0,1.0
2010-09-30,2935.574,watch,0.0,1.0,1.1683174463942656,0.0,1.0
2010-10-08,3044.233,watch,0.0,1.0,1.211562210589532,0.0,1.0
2010-10-11,3132.895,watch,0.0,1.0,1.2468484481131672,0.0,1.0
2010-10-12,3172.726,watch,0.0,1.0,1.2627006297332968,0.0,1.0
2010-10-13,3217.577,watch,0.0,1.0,1.2805507012314876,0.0,1.0
2010-10-14,3224.14,watch,0.0,1.0,1.283162683556132,0.0,1.0
2010-10-15,3327.683,watch,0.0,1.0,1.3243713512143145,0.0,1.0
2010-10-18,3306.16,watch,0.0,1.0,1.3158054978586353,0.0,1.0
2010-10-19,3375.674,watch,0.0,1.0,1.3434710988513718,0.0,1.0
2010-10-20,3396.879,watch,0.0,1.0,1.351910392649038,0.0,1.0
2010-10-21,3374.685,watch,0.0,1.0,1.3430774906662317,0.0,1.0
2010-10-22,3378.655,watch,0.0,1.0,1.3446574952112322,0.0,1.0
2010-10-25,3481.081,watch,0.0,1.0,1.3854216124722447,0.0,1.0
2010-10-26,3466.084,watch,0.0,1.0,1.379453015958045,0.0,1.0
2010-10-27,3403.872,watch,0.0,1.0,1.3546935089672214,0.0,1.0
2010-10-28,3397.692,watch,0.0,1.0,1.3522339552926361,0.0,1.0
2010-10-29,3379.983,watch,0.0,1.0,1.345186020661046,0.0,1.0
2010-11-01,3472.995,watch,0.0,1.0,1.3822034974216464,0.0,1.0
2010-11-02,3463.131,watch,0.0,1.0,1.378277763207066,0.0,1.0
2010-11-03,3420.341,watch,0.0,1.0,1.3612479409197686,0.0,1.0
2010-11-04,3480.505,watch,0.0,1.0,1.3851923725181086,0.0,1.0
2010-11-05,3520.798,watch,0.0,1.0,1.4012284236847847,0.0,1.0
2010-11-08,3548.566,watch,0.0,1.0,1.4122796998070957,0.0,1.0
2010-11-09,3523.954,watch,0.0,1.0,1.402484467600156,0.0,1.0
2010-11-10,3499.111,watch,0.0,1.0,1.3925973006199426,0.0,1.0
2010-11-11,3509.975,watch,0.0,1.0,1.3969210208660092,0.0,1.0
2010-11-12,3291.833,watch,0.0,1.0,1.3101035519855322,0.0,1.0
2010-11-15,3314.893,watch,0.0,1.0,1.3192811098716057,0.0,1.0
2010-11-16,3169.538,watch,0.0,1.0,1.2614318502649193,0.0,1.0
2010-11-17,3103.906,watch,0.0,1.0,1.2353112310464127,0.0,1.0
2010-11-18,3147.962,watch,0.0,1.0,1.2528449036495717,0.0,1.0
2010-11-19,3178.846,watch,0.0,1.0,1.2651363042459935,0.0,1.0
2010-11-22,3171.941,watch,0.0,1.0,1.2623882106985806,0.0,1.0
2010-11-23,3107.176,watch,0.0,1.0,1.2366126453693727,0.0,1.0
2010-11-24,3177.043,watch,0.0,1.0,1.2644187354312237,0.0,1.0
2010-11-25,3223.484,watch,0.0,1.0,1.2829016047194772,0.0,1.0
2010-11-26,3194.853,watch,0.0,1.0,1.271506866651994,0.0,1.0
2010-11-29,3190.05,watch,0.0,1.0,1.2695953397427655,0.0,1.0
2010-11-30,3136.985,watch,0.0,1.0,1.2484762109819467,0.0,1.0
2010-12-01,3136.024,watch,0.0,1.0,1.2480937464056883,0.0,1.0
2010-12-02,3155.059,watch,0.0,1.0,1.2556694105150294,0.0,1.0
2010-12-03,3158.156,watch,0.0,1.0,1.2569019732545426,0.0,1.0
2010-12-06,3165.57,watch,0.0,1.0,1.259852641691982,0.0,1.0
2010-12-07,3200.339,watch,0.0,1.0,1.273690218020728,0.0,1.0
2010-12-08,3171.882,watch,0.0,1.0,1.2623647295227232,0.0,1.0
2010-12-09,3123.366,watch,0.0,1.0,1.2430560392191354,0.0,1.0
2010-12-10,3161.977,watch,0.0,1.0,1.2584226778808518,0.0,1.0
2010-12-13,3261.061,watch,0.0,1.0,1.2978567258246372,0.0,1.0
2010-12-14,3269.474,watch,0.0,1.0,1.3012049823075311,0.0,1.0
2010-12-15,3247.644,watch,0.0,1.0,1.2925169472401856,0.0,1.0
2010-12-16,3230.665,watch,0.0,1.0,1.2857595424115804,0.0,1.0
2010-12-17,3225.661,watch,0.0,1.0,1.283768020310023,0.0,1.0
2010-12-20,3178.657,watch,0.0,1.0,1.2650610848860426,0.0,1.0
2010-12-21,3249.509,watch,0.0,1.0,1.2932591911889078,0.0,1.0
2010-12-22,3215.453,watch,0.0,1.0,1.2797053789006114,0.0,1.0
2010-12-23,3188.607,watch,0.0,1.0,1.2690210458993312,0.0,1.0
2010-12-24,3162.955,watch,0.0,1.0,1.2588119082196454,0.0,1.0
2010-12-27,3099.709,watch,0.0,1.0,1.233640883672265,0.0,1.0
2010-12-28,3044.931,watch,0.0,1.0,1.2118400048395104,0.0,1.0
2010-12-29,3061.83,watch,0.0,1.0,1.218565570785597,0.0,1.0
2010-12-30,3064.098,watch,0.0,1.0,1.2194682031050077,0.0,1.0
2010-12-31,3128.261,watch,0.0,1.0,1.2450041808432608,0.0,1.0
2011-01-04,3189.682,bottom_watch,0.0,1.0,1.2694488808831788,0.0,1.0
2011-01-05,3175.662,bottom_watch,0.0,1.0,1.2638691167217413,0.0,1.0
2011-01-06,3159.643,bottom_watch,0.0,1.0,1.2574937784833629,0.0,1.0
2011-01-07,3166.624,bottom_watch,0.0,1.0,1.2602721189691684,0.0,1.0
2011-01-10,3108.187,bottom_watch,0.0,1.0,1.2370150092472052,0.0,1.0
2011-01-11,3124.922,bottom_watch,0.0,1.0,1.2436753054841279,0.0,1.0
2011-01-12,3142.337,bottom_watch,0.0,1.0,1.2506062322224611,0.0,1.0
2011-01-13,3141.284,bottom_watch,0.0,1.0,1.2501871529313062,0.0,1.0
2011-01-14,3091.862,bottom_watch,0.0,1.0,1.230517887283192,0.0,1.0
2011-01-17,2974.35,bottom_watch,0.0,1.0,1.1837497527511776,0.0,1.0
2011-01-18,2977.648,bottom_watch,0.0,1.0,1.1850623106830196,0.0,1.0
2011-01-19,3044.851,bottom_watch,0.0,1.0,1.211808165956991,0.0,1.0
2011-01-20,2944.713,bottom_watch,0.0,1.0,1.1719546407360193,0.0,1.0
2011-01-21,2983.456,bottom_watch,0.0,1.0,1.1873738135538918,0.0,1.0
2011-01-24,2954.232,bottom_watch,0.0,1.0,1.175743069769737,0.0,1.0
2011-01-25,2938.654,bottom_watch,0.0,1.0,1.169543243371244,0.0,1.0
2011-01-26,2978.431,bottom_watch,0.0,1.0,1.1853739337456735,0.0,1.0
2011-01-27,3026.466,bottom_watch,0.0,1.0,1.2044911927681163,0.0,1.0
2011-01-28,3036.735,bottom_watch,0.0,1.0,1.2085781113254488,0.0,1.0
2011-01-31,3076.508,bottom_watch,0.0,1.0,1.2244072097557521,0.0,1.0
2011-02-01,3077.283,bottom_watch,0.0,1.0,1.2247156489301538,0.0,1.0
2011-02-09,3040.949,bottom_watch,0.0,1.0,1.2102552244621319,0.0,1.0
2011-02-10,3104.163,bottom_watch,0.0,1.0,1.2354135134565047,0.0,1.0
2011-02-11,3120.956,bottom_watch,0.0,1.0,1.2420968928832536,0.0,1.0
2011-02-14,3219.143,bottom_watch,0.0,1.0,1.2811739473567956,0.0,1.0
2011-02-15,3217.671,bottom_watch,0.0,1.0,1.280588111918448,0.0,1.0
2011-02-16,3248.527,bottom_watch,0.0,1.0,1.292868368905988,0.0,1.0
2011-02-17,3245.907,bottom_watch,0.0,1.0,1.2918256455034942,0.0,1.0
2011-02-18,3211.876,bottom_watch,0.0,1.0,1.2782817828659852,0.0,1.0
2011-02-21,3257.908,bottom_watch,0.0,1.0,1.2966018758673608,0.0,1.0
2011-02-22,3163.578,bottom_watch,0.0,1.0,1.2590598535172612,0.0,1.0
2011-02-23,3174.742,bottom_watch,0.0,1.0,1.263502969572774,0.0,1.0
2011-02-24,3190.935,bottom_watch,0.0,1.0,1.2699475573806311,0.0,1.0
2011-02-25,3197.617,bottom_watch,0.0,1.0,1.2726069000430222,0.0,1.0
2011-02-28,3239.559,bottom_watch,0.0,1.0,1.2892992301756194,0.0,1.0
2011-03-01,3254.893,bottom_watch,0.0,1.0,1.29540194798243,0.0,1.0
2011-03-02,3243.298,bottom_watch,0.0,1.0,1.2907872999473464,0.0,1.0
2011-03-03,3221.718,bottom_watch,0.0,1.0,1.2821987613878727,0.0,1.0
2011-03-04,3270.666,bottom_watch,0.0,1.0,1.3016793816570627,0.0,1.0
2011-03-07,3334.51,bottom_watch,0.0,1.0,1.3270884018512719,0.0,1.0
2011-03-08,3337.457,bottom_watch,0.0,1.0,1.3282612666860618,0.0,1.0
2011-03-09,3338.858,bottom_watch,0.0,1.0,1.3288188451161742,0.0,1.0
2011-03-10,3280.259,bottom_watch,0.0,1.0,1.3054972616571103,0.0,1.0
2011-03-11,3247.376,bottom_watch,0.0,1.0,1.2924102869837475,0.0,1.0
2011-03-14,3262.92,bottom_watch,0.0,1.0,1.29859658185717,0.0,1.0
2011-03-15,3203.961,bottom_watch,0.0,1.0,1.2751317234267712,0.0,1.0
2011-03-16,3248.195,bottom_watch,0.0,1.0,1.2927362375435347,0.0,1.0
2011-03-17,3197.1,bottom_watch,0.0,1.0,1.2724011412647438,0.0,1.0
2011-03-18,3215.685,bottom_watch,0.0,1.0,1.2797977116599162,0.0,1.0
2011-03-21,3207.11,bottom_watch,0.0,1.0,1.2763849814399215,0.0,1.0
2011-03-22,3222.961,bottom_watch,0.0,1.0,1.2826934580250102,0.0,1.0
2011-03-23,3264.926,bottom_watch,0.0,1.0,1.2993949418363315,0.0,1.0
2011-03-24,3251.361,bottom_watch,0.0,1.0,1.2939962613192204,0.0,1.0
2011-03-25,3294.484,bottom_watch,0.0,1.0,1.3111586129550028,0.0,1.0
2011-03-28,3290.571,bottom_watch,0.0,1.0,1.309601293613797,0.0,1.0
2011-03-29,3257.979,bottom_watch,0.0,1.0,1.2966301328755967,0.0,1.0
2011-03-30,3256.08,bottom_watch,0.0,1.0,1.2958743574018043,0.0,1.0
2011-03-31,3223.288,bottom_watch,0.0,1.0,1.2828235994573065,0.0,1.0
2011-04-01,3272.729,bottom_watch,0.0,1.0,1.3025004268400189,0.0,1.0
2011-04-06,3311.067,bottom_watch,0.0,1.0,1.3177584153151394,0.0,1.0
2011-04-07,3324.419,bottom_watch,0.0,1.0,1.323072324807544,0.0,1.0
2011-04-08,3353.358,bottom_watch,0.0,1.0,1.334589642572725,0.0,1.0
2011-04-11,3333.427,bottom_watch,0.0,1.0,1.3266573829791721,0.0,1.0
2011-04-12,3326.771,bottom_watch,0.0,1.0,1.3240083879535998,0.0,1.0
2011-04-13,3372.031,bottom_watch,0.0,1.0,1.342021235738668,0.0,1.0
2011-04-14,3353.56,bottom_watch,0.0,1.0,1.3346700357510852,0.0,1.0
2011-04-15,3358.944,bottom_watch,0.0,1.0,1.3368127925446074,0.0,1.0
2011-04-18,3359.438,bottom_watch,0.0,1.0,1.3370093976441617,0.0,1.0
2011-04-19,3295.812,bottom_watch,0.0,1.0,1.3116871384048163,0.0,1.0
2011-04-20,3295.758,bottom_watch,0.0,1.0,1.3116656471591162,0.0,1.0
2011-04-21,3317.367,bottom_watch,0.0,1.0,1.320265727313503,0.0,1.0
2011-04-22,3299.942,bottom_watch,0.0,1.0,1.3133308207148549,0.0,1.0
2011-04-25,3249.574,bottom_watch,0.0,1.0,1.2932850602809545,0.0,1.0
2011-04-26,3230.96,bottom_watch,0.0,1.0,1.2858769482908692,0.0,1.0
2011-04-27,3209.503,bottom_watch,0.0,1.0,1.2773373620132684,0.0,1.0
2011-04-28,3161.776,bottom_watch,0.0,1.0,1.2583426826885231,0.0,1.0
2011-04-29,3192.723,watch,0.0,1.0,1.2706591564049285,0.0,1.0
2011-05-03,3211.132,watch,0.0,1.0,1.2779856812585593,0.0,1.0
2011-05-04,3129.028,watch,0.0,1.0,1.2453094361294108,0.0,1.0
2011-05-05,3126.117,watch,0.0,1.0,1.2441508987917544,0.0,1.0
2011-05-06,3121.396,watch,0.0,1.0,1.2422720067371078,0.0,1.0
2011-05-09,3129.759,watch,0.0,1.0,1.2456003639184274,0.0,1.0
2011-05-10,3153.221,watch,0.0,1.0,1.2549379121891582,0.0,1.0
2011-05-11,3145.085,bottom_watch,0.0,1.0,1.251699897836986,0.0,1.0
2011-05-12,3101.603,bottom_watch,0.0,1.0,1.2343946692159,0.0,1.0
2011-05-13,3128.093,bottom_watch,0.0,1.0,1.2449373191899713,0.0,1.0
2011-05-16,3100.463,bottom_watch,0.0,1.0,1.233940965140006,0.0,1.0
2011-05-17,3116.028,bottom_watch,0.0,1.0,1.2401356177200893,0.0,1.0
2011-05-18,3139.379,bottom_watch,0.0,1.0,1.249428989541325,0.0,1.0
2011-05-19,3120.639,bottom_watch,0.0,1.0,1.2419707313112724,0.0,1.0
2011-05-20,3121.596,bottom_watch,0.0,1.0,1.242351603943405,0.0,1.0
2011-05-23,3022.98,bottom_watch,0.0,1.0,1.2031038134623553,0.0,1.0
2011-05-24,3026.223,bottom_watch,0.0,1.0,1.204394482162465,0.0,1.0
2011-05-25,2990.343,bottom_watch,0.0,1.0,1.190114743352738,0.0,1.0
2011-05-26,2978.381,bottom_watch,0.0,1.0,1.185354034444099,0.0,1.0
2011-05-27,2963.308,bottom_watch,0.0,1.0,1.1793551909915068,0.0,1.0
2011-05-30,2954.506,bottom_watch,0.0,1.0,1.1758521179423644,0.0,1.0
2011-05-31,3001.556,bottom_watch,0.0,1.0,1.1945773607237935,0.0,1.0
2011-06-01,3004.173,bottom_watch,0.0,1.0,1.195618890168193,0.0,1.0
2011-06-02,2955.705,bottom_watch,0.0,1.0,1.1763293031941167,0.0,1.0
2011-06-03,2986.349,bottom_watch,0.0,1.0,1.188525187142982,0.0,1.0
2011-06-07,3004.262,bottom_watch,0.0,1.0,1.1956543109249955,0.0,1.0
2011-06-08,3008.652,bottom_watch,0.0,1.0,1.19740146960322,0.0,1.0
2011-06-09,2951.889,bottom_watch,0.0,1.0,1.174810588497965,0.0,1.0
2011-06-10,2961.932,bottom_watch,0.0,1.0,1.1788075622121814,0.0,1.0
2011-06-13,2950.348,bottom_watch,0.0,1.0,1.1741972920234447,0.0,1.0
2011-06-14,2993.559,bottom_watch,0.0,1.0,1.1913946664299977,0.0,1.0
2011-06-15,2963.119,bottom_watch,0.0,1.0,1.1792799716315556,0.0,1.0
2011-06-16,2917.578,bottom_watch,0.0,1.0,1.1611552897716395,0.0,1.0
2011-06-17,2892.157,bottom_watch,0.0,1.0,1.1510380868652272,0.0,1.0
2011-06-20,2874.896,bottom_watch,0.0,1.0,1.1441684499757427,0.0,1.0
2011-06-21,2909.073,bottom_watch,0.0,1.0,1.1577704185738487,0.0,1.0
2011-06-22,2908.582,bottom_watch,0.0,1.0,1.1575750074323887,0.0,1.0
2011-06-23,2957.629,bottom_watch,0.0,1.0,1.1770950283186958,0.0,1.0
2011-06-24,3027.47,bottom_watch,0.0,1.0,1.2048907707437282,0.0,1.0
2011-06-27,3036.491,bottom_watch,0.0,1.0,1.2084810027337658,0.0,1.0
2011-06-28,3041.734,bottom_watch,0.0,1.0,1.2105676434968484,0.0,1.0
2011-06-29,3000.169,bottom_watch,0.0,1.0,1.1940253540981216,0.0,1.0
2011-06-30,3044.089,bottom_watch,0.0,1.0,1.2115049006009984,0.0,1.0
2011-07-01,3049.745,bottom_watch,0.0,1.0,1.2137559095950847,0.0,1.0
2011-07-04,3121.98,bottom_watch,0.0,1.0,1.2425044305794952,0.0,1.0
2011-07-05,3122.5,bottom_watch,0.0,1.0,1.242711383315868,0.0,1.0
2011-07-06,3113.712,bottom_watch,0.0,1.0,1.239213882071167,0.0,1.0
2011-07-07,3101.68,bottom_watch,0.0,1.0,1.234425314140324,0.0,1.0
2011-07-08,3109.183,bottom_watch,0.0,1.0,1.2374114033345656,0.0,1.0
2011-07-11,3113.206,bottom_watch,0.0,1.0,1.239012501139235,0.0,1.0
2011-07-12,3056.905,bottom_watch,0.0,1.0,1.2166054895805267,0.0,1.0
2011-07-13,3106.247,bottom_watch,0.0,1.0,1.236242916346122,0.0,1.0
2011-07-14,3115.745,bottom_watch,0.0,1.0,1.2400229876731785,0.0,1.0
2011-07-15,3128.889,bottom_watch,0.0,1.0,1.245254116071034,0.0,1.0
2011-07-18,3122.6,bottom_watch,0.0,1.0,1.242751181919017,0.0,1.0
2011-07-19,3095.125,bottom_watch,0.0,1.0,1.2318165157039318,0.0,1.0
2011-07-20,3091.567,bottom_watch,0.0,1.0,1.2304004814039036,0.0,1.0
2011-07-21,3059.139,bottom_watch,0.0,1.0,1.217494590374867,0.0,1.0
2011-07-22,3067.985,bottom_watch,0.0,1.0,1.2210151748093945,0.0,1.0
2011-07-25,2968.289,bottom_watch,0.0,1.0,1.1813375594143398,0.0,1.0
2011-07-26,2977.766,bottom_watch,0.0,1.0,1.185109273034735,0.0,1.0
2011-07-27,3000.052,bottom_watch,0.0,1.0,1.1939787897324379,0.0,1.0
2011-07-28,2981.002,bottom_watch,0.0,1.0,1.1863971558326243,0.0,1.0
2011-07-29,2972.079,bottom_watch,0.0,1.0,1.1828459264736724,0.0,1.0
2011-08-01,2977.721,bottom_watch,0.0,1.0,1.1850913636633178,0.0,1.0
2011-08-02,2956.383,bottom_watch,0.0,1.0,1.176599137723464,0.0,1.0
2011-08-03,2954.87,bottom_watch,0.0,1.0,1.1759969848578251,0.0,1.0
2011-08-04,2960.309,bottom_watch,0.0,1.0,1.1781616308830791,0.0,1.0
2011-08-05,2897.417,bottom_watch,0.0,1.0,1.1531314933908445,0.0,1.0
2011-08-08,2793.897,bottom_watch,0.0,1.0,1.1119319794113864,0.0,1.0
2011-08-09,2798.19,bottom_watch,0.0,1.0,1.113640533444557,0.0,1.0
2011-08-10,2824.12,bottom_watch,0.0,1.0,1.1239603112409957,0.0,1.0
2011-08-11,2866.924,bottom_watch,0.0,1.0,1.1409957053327338,0.0,1.0
2011-08-12,2875.365,bottom_watch,0.0,1.0,1.1443551054245091,0.0,1.0
2011-08-15,2917.883,bottom_watch,0.0,1.0,1.1612766755112425,0.0,1.0
2011-08-16,2897.581,bottom_watch,0.0,1.0,1.1531967631000082,0.0,1.0
2011-08-17,2886.013,bottom_watch,0.0,1.0,1.148592860687775,0.0,1.0
2011-08-18,2834.254,bottom_watch,0.0,1.0,1.1279935016840774,0.0,1.0
2011-08-19,2807.664,bottom_watch,0.0,1.0,1.1174110531068577,0.0,1.0
2011-08-22,2777.787,bottom_watch,0.0,1.0,1.1055204244441423,0.0,1.0
2011-08-23,2821.003,bottom_watch,0.0,1.0,1.122719788780853,0.0,1.0
2011-08-24,2810.016,bottom_watch,0.0,1.0,1.1183471162529133,0.0,1.0
2011-08-25,2903.837,bottom_watch,0.0,1.0,1.1556865637129863,0.0,1.0
2011-08-26,2901.216,bottom_watch,0.0,1.0,1.154643442324461,0.0,1.0
2011-08-29,2852.809,watch,0.0,1.0,1.1353781324983054,0.0,1.0
2011-08-30,2841.74,watch,0.0,1.0,1.1309728251157838,0.0,1.0
2011-08-31,2846.776,watch,0.0,1.0,1.1329770827703487,0.0,1.0
2011-09-01,2834.535,watch,0.0,1.0,1.1281053357589252,0.0,1.0
2011-09-02,2803.854,watch,0.0,1.0,1.115894726326895,0.0,1.0
2011-09-05,2743.817,watch,0.0,1.0,1.0920008389545541,0.0,1.0
2011-09-06,2723.303,watch,0.0,1.0,1.0838365535046448,0.0,1.0
2011-09-07,2779.09,watch,0.0,1.0,1.1060390002431693,0.0,1.0
2011-09-08,2756.105,watch,0.0,1.0,1.0968912913094575,0.0,1.0
2011-09-09,2751.095,watch,0.0,1.0,1.094897381291711,0.0,1.0
2011-09-13,2720.283,watch,0.0,1.0,1.0826346356895562,0.0,1.0
2011-09-14,2733.108,watch,0.0,1.0,1.0877388065433677,0.0,1.0
2011-09-15,2729.051,watch,0.0,1.0,1.0861241772136279,0.0,1.0
2011-09-16,2733.987,watch,0.0,1.0,1.0880886362650442,0.0,1.0
2011-09-19,2679.27,watch,0.0,1.0,1.06631203458021,0.0,1.0
2011-09-20,2689.845,watch,0.0,1.0,1.0705207368631773,0.0,1.0
2011-09-21,2771.011,watch,0.0,1.0,1.1028236710947914,0.0,1.0
2011-09-22,2685.688,watch,0.0,1.0,1.0688663089302888,0.0,1.0
2011-09-23,2669.478,watch,0.0,1.0,1.0624149553598965,0.0,1.0
2011-09-26,2610.919,watch,0.0,1.0,1.039109291342092,0.0,1.0
2011-09-27,2637.879,watch,0.0,1.0,1.0498389947509617,0.0,1.0
2011-09-28,2610.59,watch,0.0,1.0,1.038978353937733,0.0,1.0
2011-09-29,2588.185,watch,0.0,1.0,1.0300614769022831,0.0,1.0
2011-09-30,2581.351,watch,0.0,1.0,1.0273416403631062,0.0,1.0
2011-10-10,2557.082,watch,0.0,1.0,1.0176829173649657,0.0,1.0
2011-10-11,2551.994,watch,0.0,1.0,1.0156579644367638,0.0,1.0
2011-10-12,2644.758,watch,0.0,1.0,1.0525767406615556,0.0,1.0
2011-10-13,2662.601,watch,0.0,1.0,1.0596780054213653,0.0,1.0
2011-10-14,2653.782,watch,0.0,1.0,1.0561681666096878,0.0,1.0
2011-10-17,2666.951,watch,0.0,1.0,1.0614092446583303,0.0,1.0
2011-10-18,2592.209,watch,0.0,1.0,1.0316629726929838,0.0,1.0
2011-10-19,2583.081,watch,0.0,1.0,1.0280301561975773,0.0,1.0
2011-10-20,2520.532,watch,0.0,1.0,1.0031365279141429,0.0,1.0
2011-10-21,2507.877,watch,0.0,1.0,0.9981000146856841,0.0,1.0
2011-10-24,2576.669,watch,0.0,1.0,1.0254782697636873,0.0,1.0
2011-10-25,2625.425,watch,0.0,1.0,1.044882476714832,0.0,1.0
2011-10-26,2651.652,watch,0.0,1.0,1.0553204563626222,0.0,1.0
2011-10-27,2657.478,watch,0.0,1.0,1.0576391229820612,0.0,1.0
2011-10-28,2709.017,watch,0.0,1.0,1.0781509250588317,0.0,1.0
2011-10-31,2695.307,watch,0.0,1.0,1.072694536567155,0.0,1.0
2011-11-01,2697.534,watch,0.0,1.0,1.073580851459275,0.0,1.0
2011-11-02,2742.39,watch,0.0,1.0,1.0914329128876228,0.0,1.0
2011-11-03,2744.301,watch,0.0,1.0,1.0921934641937932,0.0,1.0
2011-11-04,2763.746,watch,0.0,1.0,1.0999323025760437,0.0,1.0
2011-11-07,2736.248,watch,0.0,1.0,1.0889884826822345,0.0,1.0
2011-11-08,2727.71,watch,0.0,1.0,1.0855904779454046,0.0,1.0
2011-11-09,2751.654,watch,0.0,1.0,1.095119855483312,0.0,1.0
2011-11-10,2699.588,watch,0.0,1.0,1.0743983147679481,0.0,1.0
2011-11-11,2695.002,watch,0.0,1.0,1.072573150827552,0.0,1.0
2011-11-14,2750.195,watch,0.0,1.0,1.0945391938633735,0.0,1.0
2011-11-15,2744.68,watch,0.0,1.0,1.0923443008997267,0.0,1.0
2011-11-16,2670.116,watch,0.0,1.0,1.0626688704479847,0.0,1.0
2011-11-17,2662.017,watch,0.0,1.0,1.0594455815789774,0.0,1.0
2011-11-18,2606.495,watch,0.0,1.0,1.037348601138797,0.0,1.0
2011-11-21,2609.687,watch,0.0,1.0,1.038618972551301,0.0,1.0
2011-11-22,2609.475,watch,0.0,1.0,1.0385345995126258,0.0,1.0
2011-11-23,2584.011,watch,0.0,1.0,1.0284002832068597,0.0,1.0
2011-11-24,2588.915,watch,0.0,1.0,1.0303520067052683,0.0,1.0
2011-11-25,2569.973,watch,0.0,1.0,1.0228133552968552,0.0,1.0
2011-11-28,2573.321,watch,0.0,1.0,1.0241458125302714,0.0,1.0
2011-11-29,2608.569,watch,0.0,1.0,1.0381740241680992,0.0,1.0
2011-11-30,2521.52,watch,0.0,1.0,1.0035297381132513,0.0,1.0
2011-12-01,2583.613,watch,0.0,1.0,1.028241884766328,0.0,1.0
2011-12-02,2557.311,watch,0.0,1.0,1.0177740561661763,0.0,1.0
2011-12-05,2521.385,watch,0.0,1.0,1.0034760099990008,0.0,1.0
2011-12-06,2516.341,watch,0.0,1.0,1.001468568456184,0.0,1.0
2011-12-07,2528.228,watch,0.0,1.0,1.0061994284124611,0.0,1.0
2011-12-08,2525.001,watch,0.0,1.0,1.004915127488855,0.0,1.0
2011-12-09,2503.461,watch,0.0,1.0,0.9963425083706406,0.0,1.0
2011-12-12,2477.692,watch,0.0,1.0,0.986086806325271,0.0,1.0
2011-12-13,2421.928,watch,0.0,1.0,0.9638935132654709,0.0,1.0
2011-12-14,2397.48,watch,0.0,1.0,0.9541635507676947,0.0,1.0
2011-12-15,2340.788,watch,0.0,1.0,0.9316009266706752,0.0,1.0
2011-12-16,2390.129,watch,0.0,1.0,0.951237955450239,0.0,1.0
2011-12-19,2384.408,watch,0.0,1.0,0.9489610773641061,0.0,1.0
2011-12-20,2377.073,watch,0.0,1.0,0.9460418498231543,0.0,1.0
2011-12-21,2339.108,watch,0.0,1.0,0.9309323101377784,0.0,1.0
2011-12-22,2341.335,watch,0.0,1.0,0.9318186250298983,0.0,1.0
2011-12-23,2359.159,watch,0.0,1.0,0.9389123280551096,0.0,1.0
2011-12-26,2335.702,watch,0.0,1.0,0.9295767697145362,0.0,1.0
2011-12-27,2305.035,watch,0.0,1.0,0.9173717320869468,0.0,1.0
2011-12-28,2307.928,watch,0.0,1.0,0.9185231056760363,0.0,1.0
2011-12-29,2311.361,watch,0.0,1.0,0.9198893917221286,0.0,1.0
2011-12-30,2345.742,watch,0.0,1.0,0.9335725494706582,0.0,1.0
2012-01-04,2298.753,watch,0.0,1.0,0.91487158383715,0.0,1.0
2012-01-05,2276.385,watch,0.0,1.0,0.9059694322848653,0.0,1.0
2012-01-06,2290.601,watch,0.0,1.0,0.9116272017084738,0.0,1.0
2012-01-09,2368.57,bottom_watch,0.0,1.0,0.9426577745974264,0.0,1.0
2012-01-10,2447.349,bottom_watch,0.0,1.0,0.9740107161718831,0.0,1.0
2012-01-11,2435.608,bottom_watch,0.0,1.0,0.9693379621762027,0.0,1.0
2012-01-12,2435.219,bottom_watch,0.0,1.0,0.9691831456099547,0.0,1.0
2012-01-13,2394.334,bottom_watch,0.0,1.0,0.9529114867126386,0.0,1.0
2012-01-16,2345.649,bottom_watch,0.0,1.0,0.9335355367697298,0.0,1.0
2012-01-17,2460.601,bottom_watch,0.0,1.0,0.9792848270611393,0.0,1.0
2012-01-18,2422.189,bottom_watch,0.0,1.0,0.9639973876196887,0.0,1.0
2012-01-19,2468.35,bottom_watch,0.0,1.0,0.9823688208191262,0.0,1.0
2012-01-20,2504.086,bottom_watch,0.0,1.0,0.9965912496403194,0.0,1.0
2012-01-30,2460.72,bottom_watch,0.0,1.0,0.979332187398886,0.0,1.0
2012-01-31,2464.26,bottom_watch,0.0,1.0,0.9807410579503476,0.0,1.0
2012-02-01,2428.994,bottom_watch,0.0,1.0,0.966705682563953,0.0,1.0
2012-02-02,2486.238,bottom_watch,0.0,1.0,0.9894879949503527,0.0,1.0
2012-02-03,2506.09,bottom_watch,0.0,1.0,0.997388813647418,0.0,1.0
2012-02-06,2504.322,bottom_watch,0.0,1.0,0.9966851743437504,0.0,1.0
2012-02-07,2457.954,bottom_watch,0.0,1.0,0.9782313580357952,0.0,1.0
2012-02-08,2528.236,bottom_watch,0.0,1.0,1.0062026123007128,0.0,1.0
2012-02-09,2529.231,bottom_watch,0.0,1.0,1.0065986084020417,0.0,1.0
2012-02-10,2533.624,bottom_watch,0.0,1.0,1.0083469610383609,0.0,1.0
2012-02-13,2531.981,bottom_watch,0.0,1.0,1.0076930699886293,0.0,1.0
2012-02-14,2522.107,bottom_watch,0.0,1.0,1.0037633559137338,0.0,1.0
2012-02-15,2549.607,bottom_watch,0.0,1.0,1.0147079717796061,0.0,1.0
2012-02-16,2536.074,bottom_watch,0.0,1.0,1.0093220268155025,0.0,1.0
2012-02-17,2537.086,bottom_watch,0.0,1.0,1.0097247886793665,0.0,1.0
2012-02-20,2540.706,bottom_watch,0.0,1.0,1.0111654981133469,0.0,1.0
2012-02-21,2562.453,bottom_watch,0.0,1.0,1.0198205003400787,0.0,1.0
2012-02-22,2597.476,bottom_watch,0.0,1.0,1.0337591651208222,0.0,1.0
2012-02-23,2606.256,bottom_watch,0.0,1.0,1.0372534824772714,0.0,1.0
2012-02-24,2648.017,bottom_watch,0.0,1.0,1.0538737771381697,0.0,1.0
2012-02-27,2656.573,bottom_watch,0.0,1.0,1.057278945623566,0.0,1.0
2012-02-28,2662.463,bottom_watch,0.0,1.0,1.0596230833490201,0.0,1.0
2012-02-29,2634.143,bottom_watch,0.0,1.0,1.048352118937329,0.0,1.0
2012-03-01,2633.345,bottom_watch,0.0,1.0,1.048034526084203,0.0,1.0
2012-03-02,2679.934,bottom_watch,0.0,1.0,1.0665762973051167,0.0,1.0
2012-03-05,2662.698,bottom_watch,0.0,1.0,1.0597166100664195,0.0,1.0
2012-03-06,2621.052,bottom_watch,0.0,1.0,1.0431420837991425,0.0,1.0
2012-03-07,2603.005,bottom_watch,0.0,1.0,1.0359596298889098,0.0,1.0
2012-03-08,2635.791,bottom_watch,0.0,1.0,1.0490079999172186,0.0,1.0
2012-03-09,2664.302,bottom_watch,0.0,1.0,1.0603549796609235,0.0,1.0
2012-03-12,2654.402,bottom_watch,0.0,1.0,1.0564149179492095,0.0,1.0
2012-03-13,2681.073,bottom_watch,0.0,1.0,1.0670296033949795,0.0,1.0
2012-03-14,2605.106,bottom_watch,0.0,1.0,1.0367957985410625,0.0,1.0
2012-03-15,2585.546,bottom_watch,0.0,1.0,1.029011191765191,0.0,1.0
2012-03-16,2623.52,bottom_watch,0.0,1.0,1.0441243133248503,0.0,1.0
2012-03-19,2630.013,bottom_watch,0.0,1.0,1.0467084366272907,0.0,1.0
2012-03-20,2584.445,bottom_watch,0.0,1.0,1.0285730091445247,0.0,1.0
2012-03-21,2587.793,bottom_watch,0.0,1.0,1.0299054663779408,0.0,1.0
2012-03-22,2583.747,bottom_watch,0.0,1.0,1.0282952148945472,0.0,1.0
2012-03-23,2552.94,bottom_watch,0.0,1.0,1.0160344592225499,0.0,1.0
2012-03-26,2555.442,bottom_watch,0.0,1.0,1.0170302202733286,0.0,1.0
2012-03-27,2547.143,bottom_watch,0.0,1.0,1.013727334198024,0.0,1.0
2012-03-28,2474.9,bottom_watch,0.0,1.0,0.9849756293253618,0.0,1.0
2012-03-29,2443.122,bottom_watch,0.0,1.0,0.972328429216791,0.0,1.0
2012-03-30,2454.899,bottom_watch,0.0,1.0,0.9770155107096048,0.0,1.0
2012-04-05,2512.832,bottom_watch,0.0,1.0,1.0000720354716985,0.0,1.0
2012-04-06,2519.83,bottom_watch,0.0,1.0,1.0028571417200396,0.0,1.0
2012-04-09,2495.146,bottom_watch,0.0,1.0,0.9930332545188327,0.0,1.0
2012-04-10,2519.788,bottom_watch,0.0,1.0,1.0028404263067172,0.0,1.0
2012-04-11,2520.036,bottom_watch,0.0,1.0,1.0029391268425258,0.0,1.0
2012-04-12,2570.436,bottom_watch,0.0,1.0,1.0229976228294335,0.0,1.0
2012-04-13,2580.454,bottom_watch,0.0,1.0,1.026984646892863,0.0,1.0
2012-04-16,2574.044,bottom_watch,0.0,1.0,1.0244335564310358,0.0,1.0
2012-04-17,2541.883,bottom_watch,0.0,1.0,1.0116339276724062,0.0,1.0
2012-04-18,2599.908,bottom_watch,0.0,1.0,1.0347270671493969,0.0,1.0
2012-04-19,2596.056,bottom_watch,0.0,1.0,1.0331940249561118,0.0,1.0
2012-04-20,2626.839,bottom_watch,0.0,1.0,1.0454452289633536,0.0,1.0
2012-04-23,2606.038,bottom_watch,0.0,1.0,1.0371667215224076,0.0,1.0
2012-04-24,2604.866,bottom_watch,0.0,1.0,1.0367002818935058,0.0,1.0
2012-04-25,2625.99,bottom_watch,0.0,1.0,1.0451073388226217,0.0,1.0
2012-04-26,2631.487,bottom_watch,0.0,1.0,1.0472950680377016,0.0,1.0
2012-04-27,2626.157,bottom_watch,0.0,1.0,1.0451738024898798,0.0,1.0
2012-05-02,2683.487,bottom_watch,0.0,1.0,1.0679903416749874,0.0,1.0
2012-05-03,2691.518,bottom_watch,0.0,1.0,1.0711865674938537,0.0,1.0
2012-05-04,2715.879,bottom_watch,0.0,1.0,1.0808819052068905,0.0,1.0
2012-05-07,2717.778,bottom_watch,0.0,1.0,1.0816376806806831,0.0,1.0
2012-05-08,2709.116,bottom_watch,0.0,1.0,1.078190325675949,0.0,1.0
2012-05-09,2657.514,bottom_watch,0.0,1.0,1.0576534504791948,0.0,1.0
2012-05-10,2657.214,bottom_watch,0.0,1.0,1.0575340546697487,0.0,1.0
2012-05-11,2636.917,bottom_watch,0.0,1.0,1.0494561321886722,0.0,1.0
2012-05-14,2615.534,bottom_watch,0.0,1.0,1.0409459968774015,0.0,1.0
2012-05-15,2617.374,bottom_watch,0.0,1.0,1.041678291175336,0.0,1.0
2012-05-16,2574.647,bottom_watch,0.0,1.0,1.0246735420080224,0.0,1.0
2012-05-17,2613.942,bottom_watch,0.0,1.0,1.0403124031152753,0.0,1.0
2012-05-18,2573.976,bottom_watch,0.0,1.0,1.024406493380895,0.0,1.0
2012-05-21,2587.231,bottom_watch,0.0,1.0,1.0296817982282456,0.0,1.0
2012-05-22,2627.525,bottom_watch,0.0,1.0,1.045718247380953,0.0,1.0
2012-05-23,2616.869,bottom_watch,0.0,1.0,1.0414773082294355,0.0,1.0
2012-05-24,2595.26,bottom_watch,0.0,1.0,1.0328772280750487,0.0,1.0
2012-05-25,2573.103,bottom_watch,0.0,1.0,1.0240590515754073,0.0,1.0
2012-05-28,2614.689,bottom_watch,0.0,1.0,1.0406096986807953,0.0,1.0
2012-05-29,2650.854,bottom_watch,0.0,1.0,1.0550028635094963,0.0,1.0
2012-05-30,2642.258,bottom_watch,0.0,1.0,1.0515817755828403,0.0,1.0
2012-05-31,2632.042,bottom_watch,0.0,1.0,1.0475159502851767,0.0,1.0
2012-06-01,2632.998,bottom_watch,0.0,1.0,1.0478964249312779,0.0,1.0
2012-06-04,2559.026,bottom_watch,0.0,1.0,1.0184566022101755,0.0,1.0
2012-06-05,2558.842,bottom_watch,0.0,1.0,1.0183833727803824,0.0,1.0
2012-06-06,2557.401,bottom_watch,0.0,1.0,1.0178098749090105,0.0,1.0
2012-06-07,2542.184,bottom_watch,0.0,1.0,1.0117537214678842,0.0,1.0
2012-06-08,2524.329,bottom_watch,0.0,1.0,1.004647680875697,0.0,1.0
2012-06-11,2558.265,bottom_watch,0.0,1.0,1.0181537348402148,0.0,1.0
2012-06-12,2540.178,bottom_watch,0.0,1.0,1.0109553614887228,0.0,1.0
2012-06-13,2580.636,bottom_watch,0.0,1.0,1.027057080350594,0.0,1.0
2012-06-14,2560.421,bottom_watch,0.0,1.0,1.0190117927240991,0.0,1.0
2012-06-15,2568.054,bottom_watch,0.0,1.0,1.0220496201024338,0.0,1.0
2012-06-18,2581.212,bottom_watch,0.0,1.0,1.0272863203047302,0.0,1.0
2012-06-19,2558.621,bottom_watch,0.0,1.0,1.0182954178674242,0.0,1.0
2012-06-20,2552.611,bottom_watch,0.0,1.0,1.0159035218181915,0.0,1.0
2012-06-21,2512.185,bottom_watch,0.0,1.0,0.9998145385093277,0.0,1.0
2012-06-25,2456.518,bottom_watch,0.0,1.0,0.9776598500945818,0.0,1.0
2012-06-26,2454.915,bottom_watch,0.0,1.0,0.9770218784861092,0.0,1.0
2012-06-27,2447.195,bottom_watch,0.0,1.0,0.9739494263230354,0.0,1.0
2012-06-28,2425.729,bottom_watch,0.0,1.0,0.965406258171151,0.0,1.0
2012-06-29,2461.612,bottom_watch,0.0,1.0,0.9796871909389729,0.0,1.0
2012-07-02,2465.238,bottom_watch,0.0,1.0,0.9811302882891422,0.0,1.0
2012-07-03,2468.721,bottom_watch,0.0,1.0,0.9825164736368089,0.0,1.0
2012-07-04,2464.919,bottom_watch,0.0,1.0,0.9810033307450982,0.0,1.0
2012-07-05,2430.37,bottom_watch,0.0,1.0,0.9672533113432791,0.0,1.0
2012-07-06,2472.614,bottom_watch,0.0,1.0,0.984065833257385,0.0,1.0
2012-07-09,2416.036,bottom_watch,0.0,1.0,0.9615485795679549,0.0,1.0
2012-07-10,2406.706,bottom_watch,0.0,1.0,0.957835369894188,0.0,1.0
2012-07-11,2425.572,bottom_watch,0.0,1.0,0.9653437743642079,0.0,1.0
2012-07-12,2449.181,bottom_watch,0.0,1.0,0.9747398265815671,0.0,1.0
2012-07-13,2450.633,bottom_watch,0.0,1.0,0.9753177022992852,0.0,1.0
2012-07-16,2399.731,bottom_watch,0.0,1.0,0.9550594173245714,0.0,1.0
2012-07-17,2414.201,bottom_watch,0.0,1.0,0.9608182752001777,0.0,1.0
2012-07-18,2414.335,bottom_watch,0.0,1.0,0.960871605328397,0.0,1.0
2012-07-19,2424.322,bottom_watch,0.0,1.0,0.9648462918248505,0.0,1.0
2012-07-20,2398.455,bottom_watch,0.0,1.0,0.954551587148395,0.0,1.0
2012-07-23,2365.431,bottom_watch,0.0,1.0,0.9414084964445927,0.0,1.0
2012-07-24,2375.992,bottom_watch,0.0,1.0,0.9456116269231191,0.0,1.0
2012-07-25,2360.083,bottom_watch,0.0,1.0,0.9392800671482041,0.0,1.0
2012-07-26,2347.488,bottom_watch,0.0,1.0,0.9342674330816345,0.0,1.0
2012-07-27,2349.108,bottom_watch,0.0,1.0,0.9349121704526422,0.0,1.0
2012-07-30,2335.793,bottom_watch,0.0,1.0,0.9296129864434025,0.0,1.0
2012-07-31,2332.922,bottom_watch,0.0,1.0,0.9284703685470055,0.0,1.0
2012-08-01,2358.651,bottom_watch,0.0,1.0,0.9387101511511154,0.0,1.0
2012-08-02,2334.882,bottom_watch,0.0,1.0,0.9292504211687186,0.0,1.0
2012-08-03,2353.737,bottom_watch,0.0,1.0,0.9367544477923921,0.0,1.0
2012-08-06,2385.611,bottom_watch,0.0,1.0,0.9494398545599855,0.0,1.0
2012-08-07,2388.873,bottom_watch,0.0,1.0,0.9507380849946938,0.0,1.0
2012-08-08,2389.795,bottom_watch,0.0,1.0,0.9511050281157242,0.0,1.0
2012-08-09,2411.7,bottom_watch,0.0,1.0,0.9598229121354307,0.0,1.0
2012-08-10,2399.751,bottom_watch,0.0,1.0,0.9550673770452014,0.0,1.0
2012-08-13,2351.931,bottom_watch,0.0,1.0,0.9360356850195282,0.0,1.0
2012-08-14,2357.016,bottom_watch,0.0,1.0,0.9380594439896358,0.0,1.0
2012-08-15,2331.615,bottom_watch,0.0,1.0,0.9279502008038532,0.0,1.0
2012-08-16,2319.67,bottom_watch,0.0,1.0,0.9231962576577497,0.0,1.0
2012-08-17,2313.476,bottom_watch,0.0,1.0,0.9207311321787237,0.0,1.0
2012-08-20,2301.788,bottom_watch,0.0,1.0,0.9160794714427122,0.0,1.0
2012-08-21,2313.703,bottom_watch,0.0,1.0,0.920821475007871,0.0,1.0
2012-08-22,2295.586,bottom_watch,0.0,1.0,0.9136111620754342,0.0,1.0
2012-08-23,2302.199,bottom_watch,0.0,1.0,0.9162430437016531,0.0,1.0
2012-08-24,2275.677,bottom_watch,0.0,1.0,0.9056876581745743,0.0,1.0
2012-08-27,2228.204,bottom_watch,0.0,1.0,0.8867940673018267,0.0,1.0
2012-08-28,2238.411,bottom_watch,0.0,1.0,0.8908563107252071,0.0,1.0
2012-08-29,2214.814,bottom_watch,0.0,1.0,0.8814650343402256,0.0,1.0
2012-08-30,2211.37,bottom_watch,0.0,1.0,0.8800943704477868,0.0,1.0
2012-08-31,2204.868,bottom_watch,0.0,1.0,0.8775066652710631,0.0,1.0
2012-09-03,2228.369,bottom_watch,0.0,1.0,0.8868597349970221,0.0,1.0
2012-09-04,2204.407,bottom_watch,0.0,1.0,0.8773231937105482,0.0,1.0
2012-09-05,2199.875,bottom_watch,0.0,1.0,0.8755195210158525,0.0,1.0
2012-09-06,2217.823,bottom_watch,0.0,1.0,0.8826625743089679,0.0,1.0
2012-09-07,2317.179,bottom_watch,0.0,1.0,0.9222048744533176,0.0,1.0
2012-09-10,2326.666,bottom_watch,0.0,1.0,0.9259805679340278,0.0,1.0
2012-09-11,2311.89,bottom_watch,0.0,1.0,0.9200999263327866,0.0,1.0
2012-09-12,2320.071,bottom_watch,0.0,1.0,0.9233558500563758,0.0,1.0
2012-09-13,2298.461,bottom_watch,0.0,1.0,0.9147553719159575,0.0,1.0
2012-09-14,2315.542,bottom_watch,0.0,1.0,0.9215533713197743,0.0,1.0
2012-09-17,2258.705,bottom_watch,0.0,1.0,0.8989330392481895,0.0,1.0
2012-09-18,2235.239,bottom_watch,0.0,1.0,0.8895938990333327,0.0,1.0
2012-09-19,2246.236,bottom_watch,0.0,1.0,0.8939705514215872,0.0,1.0
2012-09-20,2195.951,bottom_watch,0.0,1.0,0.8739578238283003,0.0,1.0
2012-09-21,2199.063,bottom_watch,0.0,1.0,0.8751963563582856,0.0,1.0
2012-09-24,2215.516,bottom_watch,0.0,1.0,0.8817444205343292,0.0,1.0
2012-09-25,2210.154,bottom_watch,0.0,1.0,0.8796104194334998,0.0,1.0
2012-09-26,2184.891,bottom_watch,0.0,1.0,0.8695560983200623,0.0,1.0
2012-09-27,2251.717,bottom_watch,0.0,1.0,0.8961519128601637,0.0,1.0
2012-09-28,2293.106,bottom_watch,0.0,1.0,0.9126241567173489,0.0,1.0
2012-10-08,2270.054,bottom_watch,0.0,1.0,0.9034497827195274,0.0,1.0
2012-10-09,2320.157,bottom_watch,0.0,1.0,0.9233900768550838,0.0,1.0
2012-10-10,2324.117,bottom_watch,0.0,1.0,0.9249661015397694,0.0,1.0
2012-10-11,2302.533,bottom_watch,0.0,1.0,0.9163759710361697,0.0,1.0
2012-10-12,2304.531,bottom_watch,0.0,1.0,0.9171711471270794,0.0,1.0
2012-10-15,2294.857,bottom_watch,0.0,1.0,0.9133210302584812,0.0,1.0
2012-10-16,2298.162,watch,0.0,1.0,0.9146363740925433,0.0,1.0
2012-10-17,2300.803,watch,0.0,1.0,0.9156874552016986,0.0,1.0
2012-10-18,2336.077,watch,0.0,1.0,0.9297260144763453,0.0,1.0
2012-10-19,2332.47,watch,0.0,1.0,0.9282904788607742,0.0,1.0
2012-10-22,2341.592,watch,0.0,1.0,0.9319209074399919,0.0,1.0
2012-10-23,2312.077,watch,0.0,1.0,0.9201743497206749,0.0,1.0
2012-10-24,2307.779,watch,0.0,1.0,0.9184638057573468,0.0,1.0
2012-10-25,2291.239,watch,0.0,1.0,0.911881116796564,0.0,1.0
2012-10-26,2247.907,watch,0.0,1.0,0.8946355860802012,0.0,1.0
2012-10-29,2235.854,watch,0.0,1.0,0.889838660442697,0.0,1.0
2012-10-30,2239.882,watch,0.0,1.0,0.8914417481775236,0.0,1.0
2012-10-31,2254.82,watch,0.0,1.0,0.8973868635158657,0.0,1.0
2012-11-01,2297.884,watch,0.0,1.0,0.9145257339757903,0.0,1.0
2012-11-02,2306.774,watch,0.0,1.0,0.9180638297957032,0.0,1.0
2012-11-05,2301.88,watch,0.0,1.0,0.9161160861576095,0.0,1.0
2012-11-06,2292.206,watch,0.0,1.0,0.9122659692890114,0.0,1.0
2012-11-07,2287.505,watch,0.0,1.0,0.9103950369549946,0.0,1.0
2012-11-08,2245.405,watch,0.0,1.0,0.8936398250294226,0.0,1.0
2012-11-09,2240.924,watch,0.0,1.0,0.8918564496223327,0.0,1.0
2012-11-12,2251.848,watch,0.0,1.0,0.8962040490302887,0.0,1.0
2012-11-13,2212.44,watch,0.0,1.0,0.8805202155014779,0.0,1.0
2012-11-14,2223.11,watch,0.0,1.0,0.8847667264574364,0.0,1.0
2012-11-15,2193.623,watch,0.0,1.0,0.8730313123470007,0.0,1.0
2012-11-16,2177.24,watch,0.0,1.0,0.866511107193161,0.0,1.0
2012-11-19,2174.985,watch,0.0,1.0,0.8656136486921596,0.0,1.0
2012-11-20,2164.881,watch,0.0,1.0,0.8615923978300222,0.0,1.0
2012-11-21,2194.896,watch,0.0,1.0,0.8735379485650828,0.0,1.0
2012-11-22,2177.546,watch,0.0,1.0,0.8666328909187959,0.0,1.0
2012-11-23,2192.676,watch,0.0,1.0,0.8726544195751833,0.0,1.0
2012-11-26,2175.599,watch,0.0,1.0,0.8658580121154923,0.0,1.0
2012-11-27,2150.638,watch,0.0,1.0,0.8559238827835636,0.0,1.0
2012-11-28,2129.161,watch,0.0,1.0,0.8473763367853331,0.0,1.0
2012-11-29,2115.676,watch,0.0,1.0,0.8420094951507405,0.0,1.0
2012-11-30,2139.661,watch,0.0,1.0,0.8515551901159387,0.0,1.0
2012-12-03,2108.85,watch,0.0,1.0,0.8392928424998153,0.0,1.0
2012-12-04,2131.473,watch,0.0,1.0,0.8482964804901292,0.0,1.0
2012-12-05,2207.878,bottom_watch,0.0,1.0,0.8787046032258374,0.0,1.0
2012-12-06,2203.602,bottom_watch,0.0,1.0,0.877002814955202,0.0,1.0
2012-12-07,2246.757,bottom_watch,0.0,1.0,0.894177902143992,0.0,1.0
2012-12-10,2271.046,bottom_watch,0.0,1.0,0.9038445848627619,0.0,1.0
2012-12-11,2258.5,bottom_watch,0.0,1.0,0.8988514521117352,0.0,1.0
2012-12-12,2267.767,bottom_watch,0.0,1.0,0.9025395886655185,0.0,1.0
2012-12-13,2242.635,bottom_watch,0.0,1.0,0.8925374037222058,0.0,1.0
2012-12-14,2355.865,bottom_watch,0.0,1.0,0.9376013620673957,0.0,1.0
2012-12-17,2366.7,bottom_watch,0.0,1.0,0.9419135407185494,0.0,1.0
2012-12-18,2368.12,bottom_watch,0.0,1.0,0.9424786808832599,0.0,1.0
2012-12-19,2371.109,bottom_watch,0.0,1.0,0.9436682611313725,0.0,1.0
2012-12-20,2384.816,bottom_watch,0.0,1.0,0.9491234556649547,0.0,1.0
2012-12-21,2372.002,bottom_watch,0.0,1.0,0.9440236626574896,0.0,1.0
2012-12-24,2381.217,bottom_watch,0.0,1.0,0.9476911039376356,0.0,1.0
2012-12-25,2448.395,bottom_watch,0.0,1.0,0.9744270095608201,0.0,1.0
2012-12-26,2457.619,bottom_watch,0.0,1.0,0.9780980327152496,0.0,1.0
2012-12-27,2444.594,bottom_watch,0.0,1.0,0.972914264655141,0.0,1.0
2012-12-28,2480.049,bottom_watch,0.0,1.0,0.9870248594014867,0.0,1.0
2012-12-31,2522.952,bottom_watch,0.0,1.0,1.004099654110342,0.0,1.0
2013-01-04,2524.409,bottom_watch,0.0,1.0,1.0046795197582175,0.0,1.0
2013-01-07,2535.985,bottom_watch,0.0,1.0,1.0092866060587025,0.0,1.0
2013-01-08,2525.33,bottom_watch,0.0,1.0,1.005046064893216,0.0,1.0
2013-01-09,2526.126,bottom_watch,0.0,1.0,1.0053628617742794,0.0,1.0
2013-01-10,2530.569,bottom_watch,0.0,1.0,1.0071311137121728,0.0,1.0
2013-01-11,2483.23,bottom_watch,0.0,1.0,0.9882908529676444,0.0,1.0
2013-01-14,2577.725,bottom_watch,0.0,1.0,1.0258985430129393,0.0,1.0
2013-01-15,2595.856,bottom_watch,0.0,1.0,1.0331144277498168,0.0,1.0
2013-01-16,2577.092,bottom_watch,0.0,1.0,1.0256466178550085,0.0,1.0
2013-01-17,2552.758,bottom_watch,0.0,1.0,1.0159620257648216,0.0,1.0
2013-01-18,2595.439,bottom_watch,0.0,1.0,1.032948467574687,0.0,1.0
2013-01-21,2610.898,bottom_watch,0.0,1.0,1.039100933635433,0.0,1.0
2013-01-22,2596.898,bottom_watch,0.0,1.0,1.0335291291946254,0.0,1.0
2013-01-23,2607.456,bottom_watch,0.0,1.0,1.0377310657150574,0.0,1.0
2013-01-24,2582.755,bottom_watch,0.0,1.0,1.0279004127513152,0.0,1.0
2013-01-25,2571.674,bottom_watch,0.0,1.0,1.0234903295364157,0.0,1.0
2013-01-28,2651.863,bottom_watch,0.0,1.0,1.0554044314152677,0.0,1.0
2013-01-29,2675.866,bottom_watch,0.0,1.0,1.0649572901290327,0.0,1.0
2013-01-30,2688.711,bottom_watch,0.0,1.0,1.0700694207034738,0.0,1.0
2013-01-31,2686.882,bottom_watch,0.0,1.0,1.0693415042518855,0.0,1.0
2013-02-01,2743.324,bottom_watch,0.0,1.0,1.0918046318410335,0.0,1.0
2013-02-04,2748.028,bottom_watch,0.0,1.0,1.0936767581331448,0.0,1.0
2013-02-05,2771.675,bottom_watch,0.0,1.0,1.1030879338197006,0.0,1.0
2013-02-06,2775.844,bottom_watch,0.0,1.0,1.104747137584967,0.0,1.0
2013-02-07,2759.87,bottom_watch,0.0,1.0,1.0983897087180052,0.0,1.0
2013-02-08,2771.725,bottom_watch,0.0,1.0,1.103107833121275,0.0,1.0
2013-02-18,2737.471,bottom_watch,0.0,1.0,1.0894752195987445,0.0,1.0
2013-02-19,2685.606,bottom_watch,0.0,1.0,1.0688336740757092,0.0,1.0
2013-02-20,2702.635,bottom_watch,0.0,1.0,1.0756109782058887,0.0,1.0
2013-02-21,2610.549,bottom_watch,0.0,1.0,1.0389620365104444,0.0,1.0
2013-02-22,2596.604,bottom_watch,0.0,1.0,1.0334121213013683,0.0,1.0
2013-02-25,2604.96,bottom_watch,0.0,1.0,1.0367376925804679,0.0,1.0
2013-02-26,2567.595,bottom_watch,0.0,1.0,1.0218669445139834,0.0,1.0
2013-02-27,2594.677,bottom_watch,0.0,1.0,1.0326452022186947,0.0,1.0
2013-02-28,2673.327,bottom_watch,0.0,1.0,1.0639468035950899,0.0,1.0
2013-03-01,2668.836,bottom_watch,0.0,1.0,1.0621594483276848,0.0,1.0
2013-03-04,2545.715,bottom_watch,0.0,1.0,1.0131590101450643,0.0,1.0
2013-03-05,2622.807,bottom_watch,0.0,1.0,1.0438405492844036,0.0,1.0
2013-03-06,2650.202,bottom_watch,0.0,1.0,1.05474337661697,0.0,1.0
2013-03-07,2619.479,bottom_watch,0.0,1.0,1.0425160517716174,0.0,1.0
2013-03-08,2606.927,bottom_watch,0.0,1.0,1.0375205311044018,0.0,1.0
2013-03-11,2592.372,bottom_watch,0.0,1.0,1.0317278444161189,0.0,1.0
2013-03-12,2555.615,watch,0.0,1.0,1.0170990718567783,0.0,1.0
2013-03-13,2527.486,watch,0.0,1.0,1.005904122777101,0.0,1.0
2013-03-14,2534.273,watch,0.0,1.0,1.0086052539727985,0.0,1.0
2013-03-15,2539.873,watch,0.0,1.0,1.0108339757491214,0.0,1.0
2013-03-18,2502.493,watch,0.0,1.0,0.9959572578921647,0.0,1.0
2013-03-19,2525.097,watch,0.0,1.0,1.0049533341478805,0.0,1.0
2013-03-20,2610.174,bottom_watch,0.0,1.0,1.0388127917486374,0.0,1.0
2013-03-21,2614.988,bottom_watch,0.0,1.0,1.0407286965042122,0.0,1.0
2013-03-22,2618.308,bottom_watch,0.0,1.0,1.0420500101287467,0.0,1.0
2013-03-25,2613.097,bottom_watch,0.0,1.0,1.0399761049186718,0.0,1.0
2013-03-26,2575.05,bottom_watch,0.0,1.0,1.0248339303787137,0.0,1.0
2013-03-27,2583.53,bottom_watch,0.0,1.0,1.0282088519257173,0.0,1.0
2013-03-28,2499.302,bottom_watch,0.0,1.0,0.994687284465692,0.0,1.0
2013-03-29,2495.083,bottom_watch,0.0,1.0,0.9930081813988515,0.0,1.0
2013-04-01,2493.187,bottom_watch,0.0,1.0,0.9922535998831534,0.0,1.0
2013-04-02,2486.391,bottom_watch,0.0,1.0,0.9895488868131729,0.0,1.0
2013-04-03,2483.547,bottom_watch,0.0,1.0,0.9884170145396259,0.0,1.0
2013-04-08,2472.299,bottom_watch,0.0,1.0,0.9839404676574685,0.0,1.0
2013-04-09,2489.43,bottom_watch,0.0,1.0,0.9907583663628596,0.0,1.0
2013-04-10,2485.309,bottom_watch,0.0,1.0,0.9891182659271048,0.0,1.0
2013-04-11,2477.876,bottom_watch,0.0,1.0,0.9861600357550675,0.0,1.0
2013-04-12,2462.112,bottom_watch,0.0,1.0,0.9798861839547179,0.0,1.0
2013-04-15,2436.818,bottom_watch,0.0,1.0,0.9698195252743043,0.0,1.0
2013-04-16,2459.592,bottom_watch,0.0,1.0,0.9788832591553724,0.0,1.0
2013-04-17,2458.473,bottom_watch,0.0,1.0,0.9784379127861393,0.0,1.0
2013-04-18,2464.851,bottom_watch,0.0,1.0,0.9809762676949587,0.0,1.0
2013-04-19,2533.827,bottom_watch,0.0,1.0,1.0084277522027554,0.0,1.0
2013-04-22,2530.67,bottom_watch,0.0,1.0,1.007171310301353,0.0,1.0
2013-04-23,2449.471,bottom_watch,0.0,1.0,0.9748552425306997,0.0,1.0
2013-04-24,2495.579,bottom_watch,0.0,1.0,0.9932055824704686,0.0,1.0
2013-04-25,2467.875,bottom_watch,0.0,1.0,0.9821797774541731,0.0,1.0
2013-04-26,2447.306,bottom_watch,0.0,1.0,0.9739936027725321,0.0,1.0
2013-05-02,2449.639,bottom_watch,0.0,1.0,0.9749221041839895,0.0,1.0
2013-05-03,2492.912,bottom_watch,0.0,1.0,0.9921441537244948,0.0,1.0
2013-05-06,2525.983,bottom_watch,0.0,1.0,1.0053059497717776,0.0,1.0
2013-05-07,2529.938,bottom_watch,0.0,1.0,1.0068799845263054,0.0,1.0
2013-05-08,2542.798,bottom_watch,0.0,1.0,1.011998084891219,0.0,1.0
2013-05-09,2527.794,bottom_watch,0.0,1.0,1.0060267024747989,0.0,1.0
2013-05-10,2540.836,bottom_watch,0.0,1.0,1.0112172362974428,0.0,1.0
2013-05-13,2530.768,bottom_watch,0.0,1.0,1.007210312932439,0.0,1.0
2013-05-14,2493.338,bottom_watch,0.0,1.0,0.9923136957739082,0.0,1.0
2013-05-15,2506.925,bottom_watch,0.0,1.0,0.9977211319837122,0.0,1.0
2013-05-16,2552.709,bottom_watch,0.0,1.0,1.0159425244492795,0.0,1.0
2013-05-17,2592.048,bottom_watch,0.0,1.0,1.0315988969419179,0.0,1.0
2013-05-20,2609.607,bottom_watch,0.0,1.0,1.0385871336687853,0.0,1.0
2013-05-21,2614.853,bottom_watch,0.0,1.0,1.0406749683899623,0.0,1.0
2013-05-22,2618.034,bottom_watch,0.0,1.0,1.0419409619561202,0.0,1.0
2013-05-23,2582.849,bottom_watch,0.0,1.0,1.0279378234382757,0.0,1.0
2013-05-24,2597.228,bottom_watch,0.0,1.0,1.033660464585017,0.0,1.0
2013-05-27,2599.587,bottom_watch,0.0,1.0,1.034599313633293,0.0,1.0
2013-05-28,2644.359,bottom_watch,0.0,1.0,1.0524179442349961,0.0,1.0
2013-05-29,2642.561,bottom_watch,0.0,1.0,1.0517023653503839,0.0,1.0
2013-05-30,2634.323,bottom_watch,0.0,1.0,1.048423756423,0.0,1.0
2013-05-31,2606.426,bottom_watch,0.0,1.0,1.0373211401026274,0.0,1.0
2013-06-03,2602.623,bottom_watch,0.0,1.0,1.0358075992248852,0.0,1.0
2013-06-04,2565.666,bottom_watch,0.0,1.0,1.0210992294592474,0.0,1.0
2013-06-05,2560.539,bottom_watch,0.0,1.0,1.0190587550758172,0.0,1.0
2013-06-06,2527.845,bottom_watch,0.0,1.0,1.006046999762405,0.0,1.0
2013-06-07,2484.16,bottom_watch,0.0,1.0,0.9886609799769276,0.0,1.0
2013-06-13,2399.937,bottom_watch,0.0,1.0,0.9551414024470596,0.0,1.0
2013-06-14,2416.771,bottom_watch,0.0,1.0,0.9618410993010995,0.0,1.0
2013-06-17,2403.839,bottom_watch,0.0,1.0,0.9566943439419189,0.0,1.0
2013-06-18,2418.745,bottom_watch,0.0,1.0,0.9626267237272532,0.0,1.0
2013-06-19,2400.765,bottom_watch,0.0,1.0,0.9554709348811301,0.0,1.0
2013-06-20,2321.466,bottom_watch,0.0,1.0,0.9239110405703005,0.0,1.0
2013-06-21,2317.394,bottom_watch,0.0,1.0,0.9222904414500884,0.0,1.0
2013-06-24,2171.21,bottom_watch,0.0,1.0,0.8641112514232998,0.0,1.0
2013-06-25,2165.421,bottom_watch,0.0,1.0,0.8618073102870257,0.0,1.0
2013-06-26,2168.297,bottom_watch,0.0,1.0,0.8629519181135803,0.0,1.0
2013-06-27,2160.735,bottom_watch,0.0,1.0,0.8599423477434812,0.0,1.0
2013-06-28,2200.639,bottom_watch,0.0,1.0,0.8758235823439091,0.0,1.0
2013-07-01,2213.317,bottom_watch,0.0,1.0,0.8808692492510918,0.0,1.0
2013-07-02,2221.984,bottom_watch,0.0,1.0,0.8843185941859832,0.0,1.0
2013-07-03,2203.828,bottom_watch,0.0,1.0,0.8770927597983186,0.0,1.0
2013-07-04,2221.979,bottom_watch,0.0,1.0,0.8843166042558258,0.0,1.0
2013-07-05,2226.849,bottom_watch,0.0,1.0,0.886254796229164,0.0,1.0
2013-07-08,2163.619,bottom_watch,0.0,1.0,0.8610901394582874,0.0,1.0
2013-07-09,2162.669,bottom_watch,0.0,1.0,0.8607120527283753,0.0,1.0
2013-07-10,2224.065,bottom_watch,0.0,1.0,0.8851468031175064,0.0,1.0
2013-07-11,2326.688,watch,0.0,1.0,0.9259893236267217,0.0,1.0
2013-07-12,2275.373,watch,0.0,1.0,0.9055666704210039,0.0,1.0
2013-07-15,2307.297,watch,0.0,1.0,0.9182719764901716,0.0,1.0
2013-07-16,2317.848,watch,0.0,1.0,0.9224711271083832,0.0,1.0
2013-07-17,2282.836,watch,0.0,1.0,0.9085368401739858,0.0,1.0
2013-07-18,2245.328,watch,0.0,1.0,0.8936091801049989,0.0,1.0
2013-07-19,2190.478,watch,0.0,1.0,0.8717796462779772,0.0,1.0
2013-07-22,2202.189,watch,0.0,1.0,0.876440460692713,0.0,1.0
2013-07-23,2265.845,watch,0.0,1.0,0.9017746595130028,0.0,1.0
2013-07-24,2249.151,watch,0.0,1.0,0.8951306807033711,0.0,1.0
2013-07-25,2237.683,watch,0.0,1.0,0.8905665768942866,0.0,1.0
2013-07-26,2224.008,watch,0.0,1.0,0.8851241179137118,0.0,1.0
2013-07-29,2175.97,watch,0.0,1.0,0.8660056649331745,0.0,1.0
2013-07-30,2189.388,watch,0.0,1.0,0.8713458415036575,0.0,1.0
2013-07-31,2193.021,watch,0.0,1.0,0.872791724756047,0.0,1.0
2013-08-01,2245.364,watch,0.0,1.0,0.8936235076021327,0.0,1.0
2013-08-02,2247.263,watch,0.0,1.0,0.8943792830759252,0.0,1.0
2013-08-05,2278.329,watch,0.0,1.0,0.9067431171300777,0.0,1.0
2013-08-06,2293.641,watch,0.0,1.0,0.9128370792441953,0.0,1.0
2013-08-07,2280.623,watch,0.0,1.0,0.9076560970863071,0.0,1.0
2013-08-08,2276.782,watch,0.0,1.0,0.9061274327393684,0.0,1.0
2013-08-09,2286.01,watch,0.0,1.0,0.9098000478379237,0.0,1.0
2013-08-12,2352.794,watch,0.0,1.0,0.9363791469647025,0.0,1.0
2013-08-13,2359.068,watch,0.0,1.0,0.9388761113262475,0.0,1.0
2013-08-14,2349.08,watch,0.0,1.0,0.9349010268437625,0.0,1.0
2013-08-15,2321.576,watch,0.0,1.0,0.9239548190337643,0.0,1.0
2013-08-16,2304.144,watch,0.0,1.0,0.9170171265328957,0.0,1.0
2013-08-19,2331.43,watch,0.0,1.0,0.9278765733880301,0.0,1.0
2013-08-20,2312.465,watch,0.0,1.0,0.9203287683008932,0.0,1.0
2013-08-21,2308.589,watch,0.0,1.0,0.9187861744428523,0.0,1.0
2013-08-22,2303.932,watch,0.0,1.0,0.9169327534942207,0.0,1.0
2013-08-23,2286.929,watch,0.0,1.0,0.9101657970008598,0.0,1.0
2013-08-26,2335.616,watch,0.0,1.0,0.9295425429158317,0.0,1.0
2013-08-27,2340.881,watch,0.0,1.0,0.9316379393716068,0.0,1.0
2013-08-28,2328.056,watch,0.0,1.0,0.9265337685177955,0.0,1.0
2013-08-29,2318.311,watch,0.0,1.0,0.9226553946409619,0.0,1.0
2013-08-30,2313.91,watch,0.0,1.0,0.9209038581163906,0.0,1.0
2013-09-02,2320.344,watch,0.0,1.0,0.9234645002429732,0.0,1.0
2013-09-03,2354.502,watch,0.0,1.0,0.9370589071064812,0.0,1.0
2013-09-04,2350.699,watch,0.0,1.0,0.935545366228739,0.0,1.0
2013-09-05,2341.735,watch,0.0,1.0,0.9319778194424961,0.0,1.0
2013-09-06,2357.782,watch,0.0,1.0,0.9383643012897562,0.0,1.0
2013-09-09,2440.609,watch,0.0,1.0,0.9713282903196693,0.0,1.0
2013-09-10,2474.894,watch,0.0,1.0,0.9849732414091757,0.0,1.0
2013-09-11,2482.889,watch,0.0,1.0,0.9881551397309087,0.0,1.0
2013-09-12,2507.455,watch,0.0,1.0,0.9979320645804003,0.0,1.0
2013-09-13,2488.902,watch,0.0,1.0,0.9905482297382356,0.0,1.0
2013-09-16,2478.39,watch,0.0,1.0,0.9863646005752519,0.0,1.0
2013-09-17,2427.322,watch,0.0,1.0,0.9660402499193113,0.0,1.0
2013-09-18,2432.51,watch,0.0,1.0,0.968105001450662,0.0,1.0
2013-09-23,2472.288,watch,0.0,1.0,0.9839360898111227,0.0,1.0
2013-09-24,2443.885,watch,0.0,1.0,0.9726320925588184,0.0,1.0
2013-09-25,2429.03,watch,0.0,1.0,0.96672001006109,0.0,1.0
2013-09-26,2384.443,watch,0.0,1.0,0.9489750068752116,0.0,1.0
2013-09-27,2394.971,watch,0.0,1.0,0.953165003814699,0.0,1.0
2013-09-30,2409.037,watch,0.0,1.0,0.9587630753335846,0.0,1.0
2013-10-08,2441.811,watch,0.0,1.0,0.9718066695295158,0.0,1.0
2013-10-09,2453.583,watch,0.0,1.0,0.9764917610921721,0.0,1.0
2013-10-10,2429.317,watch,0.0,1.0,0.9668342320521263,0.0,1.0
2013-10-11,2468.508,watch,0.0,1.0,0.9824317026121044,0.0,1.0
2013-10-14,2472.542,watch,0.0,1.0,0.9840371782631201,0.0,1.0
2013-10-15,2467.517,watch,0.0,1.0,0.9820372984549015,0.0,1.0
2013-10-16,2421.371,watch,0.0,1.0,0.9636718350459362,0.0,1.0
2013-10-17,2413.33,watch,0.0,1.0,0.960471629366755,0.0,1.0
2013-10-18,2426.054,watch,0.0,1.0,0.9655356036313864,0.0,1.0
2013-10-21,2471.322,watch,0.0,1.0,0.9835516353047066,0.0,1.0
2013-10-22,2445.891,watch,0.0,1.0,0.9734304525379793,0.0,1.0
2013-10-23,2418.491,watch,0.0,1.0,0.9625256352752556,0.0,1.0
2013-10-24,2400.511,watch,0.0,1.0,0.9553698464291325,0.0,1.0
2013-10-25,2368.559,watch,0.0,1.0,0.9426533967510833,0.0,1.0
2013-10-28,2365.954,watch,0.0,1.0,0.9416166431390616,0.0,1.0
2013-10-29,2372.053,watch,0.0,1.0,0.9440439599450962,0.0,1.0
2013-10-30,2407.471,watch,0.0,1.0,0.9581398292082769,0.0,1.0
2013-10-31,2373.718,watch,0.0,1.0,0.9447066066875209,0.0,1.0
2013-11-01,2384.96,watch,0.0,1.0,0.9491807656534896,0.0,1.0
2013-11-04,2380.454,watch,0.0,1.0,0.9473874405956125,0.0,1.0
2013-11-05,2383.769,watch,0.0,1.0,0.9487067642899893,0.0,1.0
2013-11-06,2353.568,watch,0.0,1.0,0.9366871881530728,0.0,1.0
2013-11-07,2340.552,watch,0.0,1.0,0.9315070019672474,0.0,1.0
2013-11-08,2307.945,watch,0.0,1.0,0.9185298714385747,0.0,1.0
2013-11-11,2315.889,watch,0.0,1.0,0.9216914724727014,0.0,1.0
2013-11-12,2340.0,watch,0.0,1.0,0.9312873136778668,0.0,1.0
2013-11-13,2288.116,watch,0.0,1.0,0.9106382064202333,0.0,1.0
2013-11-14,2304.501,watch,0.0,1.0,0.9171592075461359,0.0,1.0
2013-11-15,2350.734,bottom_watch,0.0,1.0,0.9355592957398403,0.0,1.0
2013-11-18,2428.903,bottom_watch,0.0,1.0,0.9666694658350904,0.0,1.0
2013-11-19,2412.163,bottom_watch,0.0,1.0,0.9600071796680103,0.0,1.0
2013-11-20,2424.85,bottom_watch,0.0,1.0,0.9650564284494765,0.0,1.0
2013-11-21,2409.989,bottom_watch,0.0,1.0,0.9591419580355591,0.0,1.0
2013-11-22,2397.962,bottom_watch,0.0,1.0,0.9543553800348739,0.0,1.0
2013-11-25,2388.629,bottom_watch,0.0,1.0,0.9506409764030125,0.0,1.0
2013-11-26,2387.416,bottom_watch,0.0,1.0,0.9501582193468198,0.0,1.0
2013-11-27,2414.481,bottom_watch,0.0,1.0,0.9609297112889956,0.0,1.0
2013-11-28,2439.53,bottom_watch,0.0,1.0,0.9708988633916952,0.0,1.0
2013-11-29,2438.944,bottom_watch,0.0,1.0,0.970665643577244,0.0,1.0
2013-12-02,2418.788,bottom_watch,0.0,1.0,0.9626438371266068,0.0,1.0
2013-12-03,2442.784,bottom_watch,0.0,1.0,0.9721939099381512,0.0,1.0
2013-12-04,2475.135,bottom_watch,0.0,1.0,0.9850691560427635,0.0,1.0
2013-12-05,2468.197,bottom_watch,0.0,1.0,0.9823079289563118,0.0,1.0
2013-12-06,2452.287,bottom_watch,0.0,1.0,0.9759759711953652,0.0,1.0
2013-12-09,2450.872,bottom_watch,0.0,1.0,0.975412820960812,0.0,1.0
2013-12-10,2453.322,bottom_watch,0.0,1.0,0.9763878867379535,0.0,1.0
2013-12-11,2412.763,bottom_watch,0.0,1.0,0.9602459712869019,0.0,1.0
2013-12-12,2410.015,bottom_watch,0.0,1.0,0.9591523056723776,0.0,1.0
2013-12-13,2406.639,bottom_watch,0.0,1.0,0.9578087048300802,0.0,1.0
2013-12-16,2367.923,bottom_watch,0.0,1.0,0.9424002776350577,0.0,1.0
2013-12-17,2356.376,bottom_watch,0.0,1.0,0.9378047329294859,0.0,1.0
2013-12-18,2357.226,bottom_watch,0.0,1.0,0.938143021056249,0.0,1.0
2013-12-19,2332.41,bottom_watch,0.0,1.0,0.9282665996988857,0.0,1.0
2013-12-20,2278.136,bottom_watch,0.0,1.0,0.906666305826,0.0,1.0
2013-12-23,2284.602,bottom_watch,0.0,1.0,0.90923968350559,0.0,1.0
2013-12-24,2288.248,bottom_watch,0.0,1.0,0.9106907405763891,0.0,1.0
2013-12-25,2305.11,bottom_watch,0.0,1.0,0.9174015810393106,0.0,1.0
2013-12-26,2265.334,bottom_watch,0.0,1.0,0.9015712886509127,0.0,1.0
2013-12-27,2303.478,bottom_watch,0.0,1.0,0.916752067835925,0.0,1.0
2013-12-30,2299.458,bottom_watch,0.0,1.0,0.9151521639893502,0.0,1.0
2013-12-31,2330.026,bottom_watch,0.0,1.0,0.9273178009998224,0.0,1.0
2014-01-02,2321.978,bottom_watch,0.0,1.0,0.924114809418421,0.0,1.0
2014-01-03,2290.779,bottom_watch,0.0,1.0,0.9116980432220808,0.0,1.0
2014-01-06,2238.637,bottom_watch,0.0,1.0,0.8909462555683239,0.0,1.0
2014-01-07,2238.001,bottom_watch,0.0,1.0,0.8906931364522986,0.0,1.0
2014-01-08,2241.911,bottom_watch,0.0,1.0,0.8922492618354098,0.0,1.0
2014-01-09,2222.221,bottom_watch,0.0,1.0,0.8844129168754452,0.0,1.0
2014-01-10,2204.851,bottom_watch,0.0,1.0,0.8774998995085287,0.0,1.0
2014-01-13,2193.679,bottom_watch,0.0,1.0,0.8730535995647641,0.0,1.0
2014-01-14,2212.846,bottom_watch,0.0,1.0,0.8806817978302613,0.0,1.0
2014-01-15,2208.941,bottom_watch,0.0,1.0,0.8791276623773074,0.0,1.0
2014-01-16,2211.844,bottom_watch,0.0,1.0,0.8802830158267122,0.0,1.0
2014-01-17,2178.488,bottom_watch,0.0,1.0,0.8670077937604562,0.0,1.0
2014-01-20,2165.993,bottom_watch,0.0,1.0,0.8620349582970355,0.0,1.0
2014-01-21,2187.41,bottom_watch,0.0,1.0,0.8705586251333768,0.0,1.0
2014-01-22,2243.796,bottom_watch,0.0,1.0,0.8929994655047615,0.0,1.0
2014-01-23,2231.889,bottom_watch,0.0,1.0,0.8882606458278546,0.0,1.0
2014-01-24,2245.678,bottom_watch,0.0,1.0,0.8937484752160187,0.0,1.0
2014-01-27,2215.919,bottom_watch,0.0,1.0,0.8819048089050189,0.0,1.0
2014-01-28,2219.855,bottom_watch,0.0,1.0,0.8834712819249488,0.0,1.0
2014-01-29,2227.781,bottom_watch,0.0,1.0,0.8866257192105088,0.0,1.0
2014-01-30,2202.45,bottom_watch,0.0,1.0,0.8765443350469301,0.0,1.0
2014-02-07,2212.483,bottom_watch,0.0,1.0,0.8805373289008319,0.0,1.0
2014-02-10,2267.534,bottom_watch,0.0,1.0,0.9024468579201822,0.0,1.0
2014-02-11,2285.562,bottom_watch,0.0,1.0,0.9096217500958167,0.0,1.0
2014-02-12,2291.246,bottom_watch,0.0,1.0,0.9118839026987846,0.0,1.0
2014-02-13,2279.554,bottom_watch,0.0,1.0,0.9072306500186472,0.0,1.0
2014-02-14,2295.575,bottom_watch,0.0,1.0,0.9136067842290885,0.0,1.0
2014-02-17,2311.647,bottom_watch,0.0,1.0,0.9200032157271357,0.0,1.0
2014-02-18,2282.442,bottom_watch,0.0,1.0,0.9083800336775792,0.0,1.0
2014-02-19,2308.656,bottom_watch,0.0,1.0,0.9188128395069601,0.0,1.0
2014-02-20,2287.436,bottom_watch,0.0,1.0,0.9103675759188217,0.0,1.0
2014-02-21,2264.294,bottom_watch,0.0,1.0,0.9011573831781663,0.0,1.0
2014-02-24,2214.509,bottom_watch,0.0,1.0,0.8813436486006225,0.0,1.0
2014-02-25,2157.909,bottom_watch,0.0,1.0,0.8588176392184999,0.0,1.0
2014-02-26,2163.405,bottom_watch,0.0,1.0,0.8610049704475485,0.0,1.0
2014-02-27,2154.108,bottom_watch,0.0,1.0,0.8573048943128206,0.0,1.0
2014-02-28,2178.971,bottom_watch,0.0,1.0,0.8672000210136637,0.0,1.0
2014-03-03,2190.37,bottom_watch,0.0,1.0,0.8717366637865755,0.0,1.0
2014-03-04,2184.273,bottom_watch,0.0,1.0,0.8693101429526039,0.0,1.0
2014-03-05,2163.976,bottom_watch,0.0,1.0,0.861232220471527,0.0,1.0
2014-03-06,2173.634,bottom_watch,0.0,1.0,0.8650759695636214,0.0,1.0
2014-03-07,2168.358,bottom_watch,0.0,1.0,0.8629761952614998,0.0,1.0
2014-03-10,2097.787,bottom_watch,0.0,1.0,0.8348899230334823,0.0,1.0
2014-03-11,2108.661,bottom_watch,0.0,1.0,0.839217623139864,0.0,1.0
2014-03-12,2114.134,bottom_watch,0.0,1.0,0.8413958006901885,0.0,1.0
2014-03-13,2140.333,bottom_watch,0.0,1.0,0.8518226367290973,0.0,1.0
2014-03-14,2122.836,bottom_watch,0.0,1.0,0.8448590751361821,0.0,1.0
2014-03-17,2143.038,bottom_watch,0.0,1.0,0.8528991889442679,0.0,1.0
2014-03-18,2138.133,bottom_watch,0.0,1.0,0.8509470674598276,0.0,1.0
2014-03-19,2120.87,bottom_watch,0.0,1.0,0.8440766345982802,0.0,1.0
2014-03-20,2086.967,bottom_watch,0.0,1.0,0.8305837141728014,0.0,1.0
2014-03-21,2158.798,bottom_watch,0.0,1.0,0.8591714488004915,0.0,1.0
2014-03-24,2176.554,bottom_watch,0.0,1.0,0.8662380887755617,0.0,1.0
2014-03-25,2174.44,bottom_watch,0.0,1.0,0.8653967463049997,0.0,1.0
2014-03-26,2171.047,bottom_watch,0.0,1.0,0.864046379700167,0.0,1.0
2014-03-27,2155.707,bottom_watch,0.0,1.0,0.8579412739771676,0.0,1.0
2014-03-28,2151.965,bottom_watch,0.0,1.0,0.856452010247346,0.0,1.0
2014-03-31,2146.305,bottom_watch,0.0,1.0,0.8541994093091335,0.0,1.0
2014-04-01,2163.115,bottom_watch,0.0,1.0,0.8608895544984179,0.0,1.0
2014-04-02,2180.727,bottom_watch,0.0,1.0,0.8678988844849541,0.0,1.0
2014-04-03,2165.008,bottom_watch,0.0,1.0,0.8616429420560215,0.0,1.0
2014-04-04,2185.472,bottom_watch,0.0,1.0,0.8697873282043567,0.0,1.0
2014-04-08,2237.316,bottom_watch,0.0,1.0,0.8904205160207307,0.0,1.0
2014-04-09,2238.62,bottom_watch,0.0,1.0,0.8909394898057887,0.0,1.0
2014-04-10,2273.761,bottom_watch,0.0,1.0,0.9049251169382476,0.0,1.0
2014-04-11,2270.666,bottom_watch,0.0,1.0,0.9036933501707977,0.0,1.0
2014-04-14,2268.613,bottom_watch,0.0,1.0,0.9028762848481562,0.0,1.0
2014-04-15,2229.463,bottom_watch,0.0,1.0,0.8872951317154689,0.0,1.0
2014-04-16,2232.526,bottom_watch,0.0,1.0,0.8885141629299113,0.0,1.0
2014-04-17,2224.803,bottom_watch,0.0,1.0,0.8854405168087429,0.0,1.0
2014-04-18,2224.479,bottom_watch,0.0,1.0,0.8853115693345414,0.0,1.0
2014-04-21,2187.248,bottom_watch,0.0,1.0,0.8704941513962762,0.0,1.0
2014-04-22,2196.795,bottom_watch,0.0,1.0,0.8742937240388755,0.0,1.0
2014-04-23,2194.668,bottom_watch,0.0,1.0,0.8734472077499043,0.0,1.0
2014-04-24,2190.474,bottom_watch,0.0,1.0,0.8717780543338509,0.0,1.0
2014-04-25,2167.826,bottom_watch,0.0,1.0,0.8627644666927498,0.0,1.0
2014-04-28,2134.969,bottom_watch,0.0,1.0,0.8496878396562054,0.0,1.0
2014-04-29,2158.47,bottom_watch,0.0,1.0,0.859040909382164,0.0,1.0
2014-04-30,2158.659,bottom_watch,0.0,1.0,0.859116128742115,0.0,1.0
2014-05-05,2156.47,bottom_watch,0.0,1.0,0.8582449373191915,0.0,1.0
2014-05-06,2157.328,bottom_watch,0.0,1.0,0.8585864093342067,0.0,1.0
2014-05-07,2137.316,bottom_watch,0.0,1.0,0.8506219128721034,0.0,1.0
2014-05-08,2135.496,bottom_watch,0.0,1.0,0.8498975782947985,0.0,1.0
2014-05-09,2133.911,bottom_watch,0.0,1.0,0.8492667704348928,0.0,1.0
2014-05-12,2180.054,bottom_watch,0.0,1.0,0.8676310398857638,0.0,1.0
2014-05-13,2174.852,bottom_watch,0.0,1.0,0.865560716549972,0.0,1.0
2014-05-14,2172.372,bottom_watch,0.0,1.0,0.8645737111918862,0.0,1.0
2014-05-15,2144.084,bottom_watch,0.0,1.0,0.8533154823332028,0.0,1.0
2014-05-16,2145.952,bottom_watch,0.0,1.0,0.8540589202400193,0.0,1.0
2014-05-19,2115.143,bottom_watch,0.0,1.0,0.8417973685959588,0.0,1.0
2014-05-20,2115.771,bottom_watch,0.0,1.0,0.8420473038237323,0.0,1.0
2014-05-21,2135.905,bottom_watch,0.0,1.0,0.8500603545816768,0.0,1.0
2014-05-22,2130.868,bottom_watch,0.0,1.0,0.8480556989410805,0.0,1.0
2014-05-23,2148.414,bottom_watch,0.0,1.0,0.8550387618495385,0.0,1.0
2014-05-26,2155.976,bottom_watch,0.0,1.0,0.8580483322196377,0.0,1.0
2014-05-27,2147.28,bottom_watch,0.0,1.0,0.8545874456898334,0.0,1.0
2014-05-28,2169.352,bottom_watch,0.0,1.0,0.8633717933767981,0.0,1.0
2014-05-29,2155.164,bottom_watch,0.0,1.0,0.8577251675620711,0.0,1.0
2014-05-30,2156.464,bottom_watch,0.0,1.0,0.8582425494030032,0.0,1.0
2014-06-03,2149.918,bottom_watch,0.0,1.0,0.855637332840894,0.0,1.0
2014-06-04,2128.274,bottom_watch,0.0,1.0,0.8470233231754052,0.0,1.0
2014-06-05,2150.602,bottom_watch,0.0,1.0,0.8559095552864305,0.0,1.0
2014-06-06,2134.716,bottom_watch,0.0,1.0,0.8495871491902397,0.0,1.0
2014-06-09,2134.281,bottom_watch,0.0,1.0,0.8494140252665432,0.0,1.0
2014-06-10,2161.268,bottom_watch,0.0,1.0,0.8601544742982632,0.0,1.0
2014-06-11,2160.766,bottom_watch,0.0,1.0,0.8599546853104572,0.0,1.0
2014-06-12,2153.41,bottom_watch,0.0,1.0,0.8570271000628441,0.0,1.0
2014-06-13,2176.242,bottom_watch,0.0,1.0,0.8661139171337388,0.0,1.0
2014-06-16,2191.855,bottom_watch,0.0,1.0,0.8723276730433338,0.0,1.0
2014-06-17,2169.674,bottom_watch,0.0,1.0,0.8634999448789369,0.0,1.0
2014-06-18,2160.239,bottom_watch,0.0,1.0,0.8597449466718639,0.0,1.0
2014-06-19,2126.907,watch,0.0,1.0,0.8464792762703636,0.0,1.0
2014-06-20,2136.729,watch,0.0,1.0,0.8503882950716215,0.0,1.0
2014-06-23,2134.11,watch,0.0,1.0,0.8493459696551591,0.0,1.0
2014-06-24,2144.821,watch,0.0,1.0,0.8536087980384084,0.0,1.0
2014-06-25,2133.371,watch,0.0,1.0,0.8490518579778906,0.0,1.0
2014-06-26,2149.076,watch,0.0,1.0,0.8553022286023824,0.0,1.0
2014-06-27,2150.258,watch,0.0,1.0,0.855772648091599,0.0,1.0
2014-06-30,2165.118,watch,0.0,1.0,0.8616867205194849,0.0,1.0
2014-07-01,2164.559,watch,0.0,1.0,0.8614642463278842,0.0,1.0
2014-07-02,2170.867,watch,0.0,1.0,0.8639747422144995,0.0,1.0
2014-07-03,2180.192,watch,0.0,1.0,0.867685961958109,0.0,1.0
2014-07-04,2178.695,watch,0.0,1.0,0.8670901768689742,0.0,1.0
2014-07-07,2176.289,watch,0.0,1.0,0.8661326224772182,0.0,1.0
2014-07-08,2180.473,watch,0.0,1.0,0.8677977960329566,0.0,1.0
2014-07-09,2148.71,watch,0.0,1.0,0.8551565657148583,0.0,1.0
2014-07-10,2142.847,watch,0.0,1.0,0.8528231736122543,0.0,1.0
2014-07-11,2148.009,watch,0.0,1.0,0.8548775775067864,0.0,1.0
2014-07-14,2171.758,watch,0.0,1.0,0.8643293477685537,0.0,1.0
2014-07-15,2174.976,watch,0.0,1.0,0.8656100668178767,0.0,1.0
2014-07-16,2170.868,watch,0.0,1.0,0.863975140200531,0.0,1.0
2014-07-17,2157.068,watch,0.0,1.0,0.8584829329660206,0.0,1.0
2014-07-18,2164.144,watch,0.0,1.0,0.8612990821248173,0.0,1.0
2014-07-21,2166.295,watch,0.0,1.0,0.8621551500785444,0.0,1.0
2014-07-22,2192.698,watch,0.0,1.0,0.8726631752678761,0.0,1.0
2014-07-23,2197.833,watch,0.0,1.0,0.8747068335395581,0.0,1.0
2014-07-24,2237.015,watch,0.0,1.0,0.8903007222252529,0.0,1.0
2014-07-25,2260.454,watch,0.0,1.0,0.8996291168172595,0.0,1.0
2014-07-28,2323.897,watch,0.0,1.0,0.9248785446128427,0.0,1.0
2014-07-29,2331.369,watch,0.0,1.0,0.9278522962401082,0.0,1.0
2014-07-30,2322.011,watch,0.0,1.0,0.9241279429574596,0.0,1.0
2014-07-31,2350.251,watch,0.0,1.0,0.935367068486632,0.0,1.0
2014-08-01,2329.402,watch,0.0,1.0,0.9270694577161748,0.0,1.0
2014-08-04,2375.62,watch,0.0,1.0,0.945463576119407,0.0,1.0
2014-08-05,2369.353,watch,0.0,1.0,0.9429693976600827,0.0,1.0
2014-08-06,2363.221,watch,0.0,1.0,0.9405289473150089,0.0,1.0
2014-08-07,2327.457,watch,0.0,1.0,0.926295374884934,0.0,1.0
2014-08-08,2331.134,watch,0.0,1.0,0.9277587695227091,0.0,1.0
2014-08-11,2365.349,watch,0.0,1.0,0.941375861590012,0.0,1.0
2014-08-12,2357.052,watch,0.0,1.0,0.9380737714867704,0.0,1.0
2014-08-13,2358.901,watch,0.0,1.0,0.9388096476589883,0.0,1.0
2014-08-14,2335.945,watch,0.0,1.0,0.9296734803201897,0.0,1.0
2014-08-15,2360.635,watch,0.0,1.0,0.9394997554375856,0.0,1.0
2014-08-18,2374.562,watch,0.0,1.0,0.9450425068980948,0.0,1.0
2014-08-19,2374.768,watch,0.0,1.0,0.9451244920205811,0.0,1.0
2014-08-20,2366.14,watch,0.0,1.0,0.9416906685409175,0.0,1.0
2014-08-21,2354.244,watch,0.0,1.0,0.936956226710357,0.0,1.0
2014-08-22,2365.364,watch,0.0,1.0,0.9413818313804841,0.0,1.0
2014-08-25,2342.863,watch,0.0,1.0,0.9324267476860115,0.0,1.0
2014-08-26,2324.092,watch,0.0,1.0,0.9249561518889828,0.0,1.0
2014-08-27,2327.595,watch,0.0,1.0,0.9263502969572791,0.0,1.0
2014-08-28,2311.278,watch,0.0,1.0,0.9198563588815177,0.0,1.0
2014-08-29,2338.287,watch,0.0,1.0,0.9306055636059303,0.0,1.0
2014-09-01,2355.317,watch,0.0,1.0,0.9373832657221416,0.0,1.0
2014-09-02,2386.46,watch,0.0,1.0,0.9497777447007185,0.0,1.0
2014-09-03,2408.838,watch,0.0,1.0,0.9586838761133184,0.0,1.0
2014-09-04,2426.224,watch,0.0,1.0,0.9656032612567387,0.0,1.0
2014-09-05,2449.259,watch,0.0,1.0,0.9747708694920247,0.0,1.0
2014-09-09,2445.224,watch,0.0,1.0,0.9731649958549776,0.0,1.0
2014-09-10,2432.433,watch,0.0,1.0,0.9680743565262367,0.0,1.0
2014-09-11,2423.454,watch,0.0,1.0,0.9645008399495215,0.0,1.0
2014-09-12,2438.358,watch,0.0,1.0,0.9704324237627928,0.0,1.0
2014-09-15,2437.189,watch,0.0,1.0,0.9699671780919853,0.0,1.0
2014-09-16,2388.765,watch,0.0,1.0,0.9506951025032943,0.0,1.0
2014-09-17,2401.326,watch,0.0,1.0,0.9556942050447935,0.0,1.0
2014-09-18,2408.664,watch,0.0,1.0,0.9586146265438399,0.0,1.0
2014-09-19,2425.211,watch,0.0,1.0,0.9652001014068431,0.0,1.0
2014-09-22,2378.92,watch,0.0,1.0,0.9467769300233124,0.0,1.0
2014-09-23,2399.462,watch,0.0,1.0,0.9549523590821033,0.0,1.0
2014-09-24,2441.864,watch,0.0,1.0,0.9718277627891841,0.0,1.0
2014-09-25,2436.965,watch,0.0,1.0,0.969878029220933,0.0,1.0
2014-09-26,2437.201,watch,0.0,1.0,0.9699719539243638,0.0,1.0
2014-09-29,2447.799,watch,0.0,1.0,0.9741898098860553,0.0,1.0
2014-09-30,2450.988,watch,0.0,1.0,0.9754589873404649,0.0,1.0
2014-10-08,2478.383,watch,0.0,1.0,0.9863618146730311,0.0,1.0
2014-10-09,2481.955,watch,0.0,1.0,0.9877834207775001,0.0,1.0
2014-10-10,2466.789,watch,0.0,1.0,0.9817475646239796,0.0,1.0
2014-10-13,2454.946,watch,0.0,1.0,0.9770342160530876,0.0,1.0
2014-10-14,2446.562,watch,0.0,1.0,0.9736975011651068,0.0,1.0
2014-10-15,2463.874,watch,0.0,1.0,0.9805874353421968,0.0,1.0
2014-10-16,2444.395,watch,0.0,1.0,0.9728350654348759,0.0,1.0
2014-10-17,2441.732,watch,0.0,1.0,0.9717752286330279,0.0,1.0
2014-10-20,2454.711,watch,0.0,1.0,0.9769406893356881,0.0,1.0
2014-10-21,2433.391,watch,0.0,1.0,0.9684556271444009,0.0,1.0
2014-10-22,2418.641,watch,0.0,1.0,0.9625853331799785,0.0,1.0
2014-10-23,2395.936,watch,0.0,1.0,0.9535490603350829,0.0,1.0
2014-10-24,2390.706,watch,0.0,1.0,0.9514675933904098,0.0,1.0
2014-10-27,2368.832,watch,0.0,1.0,0.942762046937679,0.0,1.0
2014-10-28,2416.653,watch,0.0,1.0,0.9617941369493839,0.0,1.0
2014-10-29,2451.384,watch,0.0,1.0,0.9756165898089336,0.0,1.0
2014-10-30,2468.925,watch,0.0,1.0,0.9825976627872343,0.0,1.0
2014-10-31,2508.325,watch,0.0,1.0,0.9982783124277931,0.0,1.0
2014-11-03,2512.548,watch,0.0,1.0,0.9999590074387594,0.0,1.0
2014-11-04,2513.172,watch,0.0,1.0,1.000207350722407,0.0,1.0
2014-11-05,2503.448,watch,0.0,1.0,0.9963373345522345,0.0,1.0
2014-11-06,2506.067,watch,0.0,1.0,0.997379659968697,0.0,1.0
2014-11-07,2502.153,watch,0.0,1.0,0.9958219426414597,0.0,1.0
2014-11-10,2565.73,watch,0.0,1.0,1.0211247005652622,0.0,1.0
2014-11-11,2558.612,watch,0.0,1.0,1.018291835993143,0.0,1.0
2014-11-12,2594.318,watch,0.0,1.0,1.0325023252333916,0.0,1.0
2014-11-13,2579.75,watch,0.0,1.0,1.0267044647266996,0.0,1.0
2014-11-14,2581.093,watch,0.0,1.0,1.0272389599669856,0.0,1.0
2014-11-17,2567.101,watch,0.0,1.0,1.0216703394144298,0.0,1.0
2014-11-18,2541.416,watch,0.0,1.0,1.011448068195705,0.0,1.0
2014-11-19,2537.223,watch,0.0,1.0,1.009779312765683,0.0,1.0
2014-11-20,2537.099,watch,0.0,1.0,1.009729962497779,0.0,1.0
2014-11-21,2583.455,watch,0.0,1.0,1.0281790029733562,0.0,1.0
2014-11-24,2649.258,watch,0.0,1.0,1.054367677803247,0.0,1.0
2014-11-25,2685.561,watch,0.0,1.0,1.0688157647042928,0.0,1.0
2014-11-26,2723.018,watch,0.0,1.0,1.083723127485674,0.0,1.0
2014-11-27,2754.49,watch,0.0,1.0,1.0962485438686096,0.0,1.0
2014-11-28,2808.819,watch,0.0,1.0,1.117870726973227,0.0,1.0
2014-12-01,2819.812,watch,0.0,1.0,1.1222457874173557,0.0,1.0
2014-12-02,2923.94,watch,0.0,1.0,1.163687276903958,0.0,1.0
2014-12-03,2967.549,watch,0.0,1.0,1.1810430497510425,0.0,1.0
2014-12-04,3104.351,watch,0.0,1.0,1.235488334830427,0.0,1.0
2014-12-05,3124.885,watch,0.0,1.0,1.2436605800009661,0.0,1.0
2014-12-08,3252.881,watch,0.0,1.0,1.2946012000870823,0.0,1.0
2014-12-09,3106.913,watch,0.0,1.0,1.236507975043095,0.0,1.0
2014-12-10,3221.546,watch,0.0,1.0,1.2821303077904602,0.0,1.0
2014-12-11,3183.012,watch,0.0,1.0,1.2667943140531686,0.0,1.0
2014-12-12,3193.227,watch,0.0,1.0,1.2708597413648006,0.0,1.0
2014-12-15,3217.228,watch,0.0,1.0,1.2804118041065025,0.0,1.0
2014-12-16,3303.402,watch,0.0,1.0,1.3147078523838,0.0,1.0
2014-12-17,3360.598,watch,0.0,1.0,1.3374710614406886,0.0,1.0
2014-12-18,3345.927,watch,0.0,1.0,1.3316322083727536,0.0,1.0
2014-12-19,3383.167,watch,0.0,1.0,1.346453208185302,0.0,1.0
2014-12-22,3394.481,watch,0.0,1.0,1.3509560221455377,0.0,1.0
2014-12-23,3324.924,watch,0.0,1.0,1.3232733077534473,0.0,1.0
2014-12-24,3230.385,watch,0.0,1.0,1.285648106322767,0.0,1.0
2014-12-25,3335.419,watch,0.0,1.0,1.3274501711538955,0.0,1.0
2014-12-26,3445.839,watch,0.0,1.0,1.3713957887506094,0.0,1.0
2014-12-29,3455.455,watch,0.0,1.0,1.3752228224293812,0.0,1.0
2014-12-30,3457.554,watch,0.0,1.0,1.376058195109471,0.0,1.0
2014-12-31,3533.705,watch,0.0,1.0,1.4063652293931819,0.0,1.0
2015-01-05,3641.541,watch,0.0,1.0,1.449282451084535,0.0,1.0
2015-01-06,3641.059,watch,0.0,1.0,1.4490906218173587,0.0,1.0
2015-01-07,3643.79,watch,0.0,1.0,1.4501775216693475,0.0,1.0
2015-01-08,3559.259,watch,0.0,1.0,1.4165353644417815,0.0,1.0
2015-01-09,3546.723,watch,0.0,1.0,1.4115462115510697,0.0,1.0
2015-01-12,3513.576,watch,0.0,1.0,1.3983541685653944,0.0,1.0
2015-01-13,3514.04,watch,0.0,1.0,1.3985388340840041,0.0,1.0
2015-01-14,3502.423,watch,0.0,1.0,1.3939154303562282,0.0,1.0
2015-01-15,3604.121,watch,0.0,1.0,1.4343898137863187,0.0,1.0
2015-01-16,3635.146,watch,0.0,1.0,1.4467373304131803,0.0,1.0
2015-01-19,3355.155,watch,0.0,1.0,1.3353048234713087,0.0,1.0
2015-01-20,3396.222,watch,0.0,1.0,1.3516489158263552,0.0,1.0
2015-01-21,3548.885,watch,0.0,1.0,1.4124066573511433,0.0,1.0
2015-01-22,3567.613,watch,0.0,1.0,1.4198601397488182,0.0,1.0
2015-01-23,3571.732,watch,0.0,1.0,1.4214994442125104,0.0,1.0
2015-01-26,3607.985,watch,0.0,1.0,1.435927631811982,0.0,1.0
2015-01-27,3574.931,watch,0.0,1.0,1.4227726015272348,0.0,1.0
2015-01-28,3525.323,watch,0.0,1.0,1.403029310477264,0.0,1.0
2015-01-29,3481.798,watch,0.0,1.0,1.3857069684568242,0.0,1.0
2015-01-30,3434.39,watch,0.0,1.0,1.366839246676123,0.0,1.0
2015-02-02,3353.96,watch,0.0,1.0,1.3348292301636826,0.0,1.0
2015-02-03,3437.445,watch,0.0,1.0,1.368055094002314,0.0,1.0
2015-02-04,3401.768,watch,0.0,1.0,1.3538561463569783,0.0,1.0
2015-02-05,3366.946,watch,0.0,1.0,1.3399974767685632,0.0,1.0
2015-02-06,3312.42,watch,0.0,1.0,1.318296890415743,0.0,1.0
2015-02-09,3345.921,watch,0.0,1.0,1.3316298204565644,0.0,1.0
2015-02-10,3406.943,watch,0.0,1.0,1.3559157240699193,0.0,1.0
2015-02-11,3434.124,watch,0.0,1.0,1.3667333823917476,0.0,1.0
2015-02-12,3442.874,watch,0.0,1.0,1.3702157601672524,0.0,1.0
2015-02-13,3469.828,watch,0.0,1.0,1.3809430756599335,0.0,1.0
2015-02-16,3499.483,watch,0.0,1.0,1.392745351423659,0.0,1.0
2015-02-17,3522.322,watch,0.0,1.0,1.4018349543967736,0.0,1.0
2015-02-25,3478.729,watch,0.0,1.0,1.3844855493261925,0.0,1.0
2015-02-26,3566.295,watch,0.0,1.0,1.4193355941593193,0.0,1.0
2015-02-27,3572.843,watch,0.0,1.0,1.4219416066934916,0.0,1.0
2015-03-02,3601.265,watch,0.0,1.0,1.4332531656803944,0.0,1.0
2015-03-03,3507.9,watch,0.0,1.0,1.3960951998506794,0.0,1.0
2015-03-04,3530.822,watch,0.0,1.0,1.4052178356644074,0.0,1.0
2015-03-05,3496.344,watch,0.0,1.0,1.391496073270824,0.0,1.0
2015-03-06,3478.52,watch,0.0,1.0,1.3844023702456125,0.0,1.0
2015-03-09,3537.75,watch,0.0,1.0,1.4079750828905444,0.0,1.0
2015-03-10,3520.611,watch,0.0,1.0,1.4011540002969014,0.0,1.0
2015-03-11,3524.653,watch,0.0,1.0,1.4027626598361689,0.0,1.0
2015-03-12,3592.844,watch,0.0,1.0,1.4299017253092488,0.0,1.0
2015-03-13,3617.657,watch,0.0,1.0,1.4397769527085176,0.0,1.0
2015-03-16,3705.671,watch,0.0,1.0,1.4748052952837498,0.0,1.0
2015-03-17,3757.122,watch,0.0,1.0,1.4952820745897495,0.0,1.0
2015-03-18,3846.055,watch,0.0,1.0,1.5306761663279178,0.0,1.0
2015-03-19,3839.739,watch,0.0,1.0,1.5281624865530505,0.0,1.0
2015-03-20,3892.574,watch,0.0,1.0,1.5491900785266275,0.0,1.0
2015-03-23,3972.061,watch,0.0,1.0,1.5808247942113767,0.0,1.0
2015-03-24,3973.046,watch,0.0,1.0,1.5812168104523907,0.0,1.0
2015-03-25,3940.412,watch,0.0,1.0,1.5682289343008677,0.0,1.0
2015-03-26,3949.999,watch,0.0,1.0,1.5720444263847266,0.0,1.0
2015-03-27,3971.697,watch,0.0,1.0,1.5806799272959158,0.0,1.0
2015-03-30,4088.178,watch,0.0,1.0,1.6270377382294676,0.0,1.0
2015-03-31,4051.204,watch,0.0,1.0,1.6123226027012947,0.0,1.0
2015-04-01,4123.895,watch,0.0,1.0,1.641252605316063,0.0,1.0
2015-04-02,4124.776,watch,0.0,1.0,1.6416032310098023,0.0,1.0
2015-04-03,4170.538,watch,0.0,1.0,1.6598158677826769,0.0,1.0
2015-04-07,4260.044,watch,0.0,1.0,1.695438005516887,0.0,1.0
2015-04-08,4295.803,watch,0.0,1.0,1.7096695880168045,0.0,1.0
2015-04-09,4262.138,watch,0.0,1.0,1.6962713882668194,0.0,1.0
2015-04-10,4344.416,watch,0.0,1.0,1.7290168829654466,0.0,1.0
2015-04-13,4421.073,watch,0.0,1.0,1.7595252981810892,0.0,1.0
2015-04-14,4438.184,watch,0.0,1.0,1.766335237165851,0.0,1.0
2015-04-15,4380.513,watch,0.0,1.0,1.743382984744006,0.0,1.0
2015-04-16,4513.546,watch,0.0,1.0,1.796328260470719,0.0,1.0
2015-04-17,4596.136,watch,0.0,1.0,1.8291979268111698,0.0,1.0
2015-04-20,4521.919,watch,0.0,1.0,1.7996605975123534,0.0,1.0
2015-04-21,4619.164,watch,0.0,1.0,1.8383627491442354,0.0,1.0
2015-04-22,4739.814,watch,0.0,1.0,1.8863797638430537,0.0,1.0
2015-04-23,4740.892,watch,0.0,1.0,1.8868087927849957,0.0,1.0
2015-04-24,4702.641,watch,0.0,1.0,1.8715854290946146,0.0,1.0
2015-04-27,4807.592,watch,0.0,1.0,1.9133544610851296,0.0,1.0
2015-04-28,4741.861,watch,0.0,1.0,1.8871944412495059,0.0,1.0
2015-04-29,4774.326,watch,0.0,1.0,1.9001150577617074,0.0,1.0
2015-04-30,4749.886,watch,0.0,1.0,1.8903882791521833,0.0,1.0
2015-05-04,4787.741,watch,0.0,1.0,1.9054540403740956,0.0,1.0
2015-05-05,4596.837,watch,0.0,1.0,1.8294769150192416,0.0,1.0
2015-05-06,4553.327,watch,0.0,1.0,1.812160542789274,0.0,1.0
2015-05-07,4470.089,watch,0.0,1.0,1.7790329815004198,0.0,1.0
2015-05-08,4558.404,watch,0.0,1.0,1.8141811178711296,0.0,1.0
2015-05-11,4690.532,watch,0.0,1.0,1.8667662162393475,0.0,1.0
2015-05-12,4747.421,watch,0.0,1.0,1.88940724358457,0.0,1.0
2015-05-13,4718.436,watch,0.0,1.0,1.8778716184619402,0.0,1.0
2015-05-14,4700.778,watch,0.0,1.0,1.8708439811179558,0.0,1.0
2015-05-15,4617.47,watch,0.0,1.0,1.8376885608068978,0.0,1.0
2015-05-18,4575.14,watch,0.0,1.0,1.8208418120940844,0.0,1.0
2015-05-19,4731.222,watch,0.0,1.0,1.8829602678605237,0.0,1.0
2015-05-20,4754.919,watch,0.0,1.0,1.8923913428486538,0.0,1.0
2015-05-21,4840.976,watch,0.0,1.0,1.9266408267602675,0.0,1.0
2015-05-22,4951.335,watch,0.0,1.0,1.9705621672090607,0.0,1.0
2015-05-25,5099.495,watch,0.0,1.0,2.029527777634066,0.0,1.0
2015-05-26,5198.918,watch,0.0,1.0,2.0690967428425253,0.0,1.0
2015-05-27,5181.434,watch,0.0,1.0,2.06213835506802,0.0,1.0
2015-05-28,4834.007,watch,0.0,1.0,1.9238672621068398,0.0,1.0
2015-05-29,4840.829,watch,0.0,1.0,1.9265823228136394,0.0,1.0
2015-06-01,5076.179,watch,0.0,1.0,2.0202483353239327,0.0,1.0
2015-06-02,5161.87,watch,0.0,1.0,2.0543521563480223,0.0,1.0
2015-06-03,5143.59,watch,0.0,1.0,2.0470769716924533,0.0,1.0
2015-06-04,5181.416,watch,0.0,1.0,2.0621311913194527,0.0,1.0
2015-06-05,5230.552,watch,0.0,1.0,2.081686632962562,0.0,1.0
2015-06-08,5353.751,watch,0.0,1.0,2.130718114055639,0.0,1.0
2015-06-09,5317.461,watch,0.0,1.0,2.1162752009730026,0.0,1.0
2015-06-10,5309.112,watch,0.0,1.0,2.1129524155961237,0.0,1.0
2015-06-11,5306.59,watch,0.0,1.0,2.1119486948247155,0.0,1.0
2015-06-12,5335.115,watch,0.0,1.0,2.123301246372861,0.0,1.0
2015-06-15,5221.167,watch,0.0,1.0,2.0779515340570636,0.0,1.0
2015-06-16,5064.821,watch,0.0,1.0,2.0157280099783113,0.0,1.0
2015-06-17,5138.831,watch,0.0,1.0,2.04518295616861,0.0,1.0
2015-06-18,4930.549,watch,0.0,1.0,1.9622896295585872,0.0,1.0
2015-06-19,4637.052,watch,0.0,1.0,1.8454819232754618,0.0,1.0
2015-06-23,4786.091,watch,0.0,1.0,1.904797363422144,0.0,1.0
2015-06-24,4880.126,watch,0.0,1.0,1.9422219798929552,0.0,1.0
2015-06-25,4706.516,watch,0.0,1.0,1.8731276249666242,0.0,1.0
2015-06-26,4336.195,watch,0.0,1.0,1.7257450398005978,0.0,1.0
2015-06-29,4191.549,watch,0.0,1.0,1.6681779522902351,0.0,1.0
2015-06-30,4472.998,watch,0.0,1.0,1.7801907228660134,0.0,1.0
2015-07-01,4253.021,watch,0.0,1.0,1.6926429496177589,0.0,1.0
2015-07-02,4107.996,watch,0.0,1.0,1.6349250254014631,0.0,1.0
2015-07-03,3885.917,watch,0.0,1.0,1.5465406855150243,0.0,1.0
2015-07-06,3998.537,watch,0.0,1.0,1.5913618723810077,0.0,1.0
2015-07-07,3928.002,watch,0.0,1.0,1.5632899276501238,0.0,1.0
2015-07-08,3663.038,watch,0.0,1.0,1.4578379568033963,0.0,1.0
2015-07-09,3897.626,watch,0.0,1.0,1.5512007039576967,0.0,1.0
2015-07-10,4106.556,watch,0.0,1.0,1.6343519255161225,0.0,1.0
2015-07-13,4211.812,watch,0.0,1.0,1.6762423432462412,0.0,1.0
2015-07-14,4112.149,watch,0.0,1.0,1.6365778613902253,0.0,1.0
2015-07-15,3966.759,watch,0.0,1.0,1.5787146722724366,0.0,1.0
2015-07-16,3997.355,watch,0.0,1.0,1.5908914528917906,0.0,1.0
2015-07-17,4151.496,watch,0.0,1.0,1.6522374177711157,0.0,1.0
2015-07-20,4160.612,watch,0.0,1.0,1.6558654584341443,0.0,1.0
2015-07-21,4166.006,watch,0.0,1.0,1.6580121950879814,0.0,1.0
2015-07-22,4157.16,watch,0.0,1.0,1.6544916106534537,0.0,1.0
2015-07-23,4250.805,watch,0.0,1.0,1.6917610125719855,0.0,1.0
2015-07-24,4176.279,watch,0.0,1.0,1.6621007055894401,0.0,1.0
2015-07-27,3818.731,watch,0.0,1.0,1.5198015960035878,0.0,1.0
2015-07-28,3811.093,watch,0.0,1.0,1.5167617786950955,0.0,1.0
2015-07-29,3930.379,watch,0.0,1.0,1.5642359404469668,0.0,1.0
2015-07-30,3815.412,watch,0.0,1.0,1.5184806803650852,0.0,1.0
2015-07-31,3816.699,watch,0.0,1.0,1.5189928883876083,0.0,1.0
2015-08-03,3829.235,watch,0.0,1.0,1.5239820412783203,0.0,1.0
2015-08-04,3948.156,watch,0.0,1.0,1.571310938128699,0.0,1.0
2015-08-05,3866.9,watch,0.0,1.0,1.5389721851542508,0.0,1.0
2015-08-06,3831.852,watch,0.0,1.0,1.5250235707227198,0.0,1.0
2015-08-07,3906.945,watch,0.0,1.0,1.5549095357851181,0.0,1.0
2015-08-10,4084.365,watch,0.0,1.0,1.6255202174914116,0.0,1.0
2015-08-11,4066.669,watch,0.0,1.0,1.6184774566782307,0.0,1.0
2015-08-12,4016.126,watch,0.0,1.0,1.5983620486888206,0.0,1.0
2015-08-13,4075.463,watch,0.0,1.0,1.6219773458391211,0.0,1.0
2015-08-14,4073.54,watch,0.0,1.0,1.6212120187005732,0.0,1.0
2015-08-17,4077.872,watch,0.0,1.0,1.6229360941889717,0.0,1.0
2015-08-18,3825.412,watch,0.0,1.0,1.5224605406799483,0.0,1.0
2015-08-19,3886.136,watch,0.0,1.0,1.5466278444559205,0.0,1.0
2015-08-20,3761.454,watch,0.0,1.0,1.49700615007815,0.0,1.0
2015-08-21,3589.536,watch,0.0,1.0,1.4285851875170936,0.0,1.0
2015-08-24,3275.534,watch,0.0,1.0,1.3036167776583425,0.0,1.0
2015-08-25,3042.927,watch,0.0,1.0,1.211042440832416,0.0,1.0
2015-08-26,3025.692,watch,0.0,1.0,1.20418315157975,0.0,1.0
2015-08-27,3205.637,watch,0.0,1.0,1.2757987480155466,0.0,1.0
2015-08-28,3342.286,watch,0.0,1.0,1.3301831412321135,0.0,1.0
2015-08-31,3366.536,watch,0.0,1.0,1.3398343024956556,0.0,1.0
2015-09-01,3362.083,watch,0.0,1.0,1.3380620706974473,0.0,1.0
2015-09-02,3365.832,watch,0.0,1.0,1.3395541203294892,0.0,1.0
2015-09-07,3250.485,watch,0.0,1.0,1.2936476255556426,0.0,1.0
2015-09-08,3334.023,watch,0.0,1.0,1.3268945826539427,0.0,1.0
2015-09-09,3399.305,watch,0.0,1.0,1.352875906761429,0.0,1.0
2015-09-10,3357.561,watch,0.0,1.0,1.3362623778630665,0.0,1.0
2015-09-11,3347.188,watch,0.0,1.0,1.3321340687584593,0.0,1.0
2015-09-14,3281.132,watch,0.0,1.0,1.3058447034626024,0.0,1.0
2015-09-15,3152.232,watch,0.0,1.0,1.2545443040040225,0.0,1.0
2015-09-16,3309.248,watch,0.0,1.0,1.3170344787238704,0.0,1.0
2015-09-17,3236.999,watch,0.0,1.0,1.2882803859350187,0.0,1.0
2015-09-18,3251.273,watch,0.0,1.0,1.2939612385484538,0.0,1.0
2015-09-21,3308.247,watch,0.0,1.0,1.3166360947063527,0.0,1.0
2015-09-22,3339.03,watch,0.0,1.0,1.3288872987135947,0.0,1.0
2015-09-23,3263.028,watch,0.0,1.0,1.298639564348575,0.0,1.0
2015-09-24,3284.999,watch,0.0,1.0,1.3073837154463597,0.0,1.0
2015-09-25,3231.951,watch,0.0,1.0,1.2862713524480762,0.0,1.0
2015-09-28,3242.752,watch,0.0,1.0,1.2905699995741593,0.0,1.0
2015-09-29,3178.854,watch,0.0,1.0,1.2651394881342497,0.0,1.0
2015-09-30,3202.948,watch,0.0,1.0,1.27472856357688,0.0,1.0
2015-10-08,3296.482,watch,0.0,1.0,1.3119537890459165,0.0,1.0
2015-10-09,3340.116,watch,0.0,1.0,1.3293195115437884,0.0,1.0
2015-10-12,3447.693,watch,0.0,1.0,1.3721336548529868,0.0,1.0
2015-10-13,3445.043,watch,0.0,1.0,1.371078991869548,0.0,1.0
2015-10-14,3406.112,watch,0.0,1.0,1.355584997677756,0.0,1.0
2015-10-15,3486.815,watch,0.0,1.0,1.3877036643767924,0.0,1.0
2015-10-16,3534.065,watch,0.0,1.0,1.4065085043645185,0.0,1.0
2015-10-19,3534.182,watch,0.0,1.0,1.4065550687302022,0.0,1.0
2015-10-20,3577.703,watch,0.0,1.0,1.4238758188065161,0.0,1.0
2015-10-21,3473.254,watch,0.0,1.0,1.3823065758038071,0.0,1.0
2015-10-22,3524.534,watch,0.0,1.0,1.4027152994984229,0.0,1.0
2015-10-23,3571.241,watch,0.0,1.0,1.421304033071052,0.0,1.0
2015-10-26,3589.261,watch,0.0,1.0,1.4284757413584346,0.0,1.0
2015-10-27,3592.879,watch,0.0,1.0,1.429915654820352,0.0,1.0
2015-10-28,3524.92,watch,0.0,1.0,1.4028689221065769,0.0,1.0
2015-10-29,3533.306,watch,0.0,1.0,1.4062064329666206,0.0,1.0
2015-10-30,3534.079,watch,0.0,1.0,1.4065140761689594,0.0,1.0
2015-11-02,3475.962,watch,0.0,1.0,1.3833843219770718,0.0,1.0
2015-11-03,3465.493,watch,0.0,1.0,1.3792178062134421,0.0,1.0
2015-11-04,3628.538,watch,0.0,1.0,1.4441074387171209,0.0,1.0
2015-11-05,3705.97,watch,0.0,1.0,1.4749242931071653,0.0,1.0
2015-11-06,3793.374,watch,0.0,1.0,1.5097098642031912,0.0,1.0
2015-11-09,3840.355,watch,0.0,1.0,1.5284076459484477,0.0,1.0
2015-11-10,3833.238,watch,0.0,1.0,1.5255751793623598,0.0,1.0
2015-11-11,3833.646,watch,0.0,1.0,1.5257375576632062,0.0,1.0
2015-11-12,3795.324,watch,0.0,1.0,1.510485936964589,0.0,1.0
2015-11-13,3746.242,watch,0.0,1.0,1.4909519865671803,0.0,1.0
2015-11-16,3764.126,watch,0.0,1.0,1.4980695687542807,0.0,1.0
2015-11-17,3758.387,watch,0.0,1.0,1.4957855269195808,0.0,1.0
2015-11-18,3715.58,watch,0.0,1.0,1.4787489388697483,0.0,1.0
2015-11-19,3774.969,watch,0.0,1.0,1.502384931293686,0.0,1.0
2015-11-20,3774.383,watch,0.0,1.0,1.502151711479235,0.0,1.0
2015-11-23,3753.335,watch,0.0,1.0,1.4937749014885122,0.0,1.0
2015-11-24,3753.889,watch,0.0,1.0,1.4939953857499557,0.0,1.0
2015-11-25,3781.607,watch,0.0,1.0,1.505026762570692,0.0,1.0
2015-11-26,3759.429,watch,0.0,1.0,1.4962002283643896,0.0,1.0
2015-11-27,3556.992,watch,0.0,1.0,1.415633130108404,0.0,1.0
2015-11-30,3566.412,watch,0.0,1.0,1.4193821585250046,0.0,1.0
2015-12-01,3591.696,watch,0.0,1.0,1.4294448373451034,0.0,1.0
2015-12-02,3721.955,watch,0.0,1.0,1.4812860998204733,0.0,1.0
2015-12-03,3749.299,watch,0.0,1.0,1.492168629865434,0.0,1.0
2015-12-04,3677.592,watch,0.0,1.0,1.463630245505648,0.0,1.0
2015-12-07,3687.607,watch,0.0,1.0,1.4676160756109828,0.0,1.0
2015-12-08,3623.02,watch,0.0,1.0,1.4419113517953794,0.0,1.0
2015-12-09,3635.938,watch,0.0,1.0,1.4470525353501194,0.0,1.0
2015-12-10,3623.084,watch,0.0,1.0,1.4419368229013947,0.0,1.0
2015-12-11,3608.059,watch,0.0,1.0,1.4359570827783137,0.0,1.0
2015-12-14,3711.322,watch,0.0,1.0,1.47705431434768,0.0,1.0
2015-12-15,3694.388,watch,0.0,1.0,1.4703148188904913,0.0,1.0
2015-12-16,3685.44,watch,0.0,1.0,1.4667536398807524,0.0,1.0
2015-12-17,3755.888,watch,0.0,1.0,1.494790959826897,0.0,1.0
2015-12-18,3767.913,watch,0.0,1.0,1.4995767418555193,0.0,1.0
2015-12-21,3865.965,watch,0.0,1.0,1.5386000682148107,0.0,1.0
2015-12-22,3876.732,watch,0.0,1.0,1.5428851838158233,0.0,1.0
2015-12-23,3866.381,watch,0.0,1.0,1.5387656304039088,0.0,1.0
2015-12-24,3829.402,watch,0.0,1.0,1.5240485049455783,0.0,1.0
2015-12-25,3838.201,watch,0.0,1.0,1.527550384036626,0.0,1.0
2015-12-28,3727.632,watch,0.0,1.0,1.4835454665212207,0.0,1.0
2015-12-29,3761.875,watch,0.0,1.0,1.497173702197405,0.0,1.0
2015-12-30,3765.175,watch,0.0,1.0,1.49848705610131,0.0,1.0
2015-12-31,3731.005,watch,0.0,1.0,1.484887873405424,0.0,1.0
2016-01-04,3469.066,watch,0.0,1.0,1.3806398103039423,0.0,1.0
2016-01-05,3478.78,watch,0.0,1.0,1.3845058466138,0.0,1.0
2016-01-06,3539.808,watch,0.0,1.0,1.408794138143344,0.0,1.0
2016-01-07,3294.384,watch,0.0,1.0,1.3111188143518582,0.0,1.0
2016-01-08,3361.563,watch,0.0,1.0,1.3378551179610743,0.0,1.0
2016-01-11,3192.45,watch,0.0,1.0,1.2705505062183369,0.0,1.0
2016-01-12,3215.71,watch,0.0,1.0,1.2798076613107077,0.0,1.0
2016-01-13,3155.879,watch,0.0,1.0,1.2559957590608528,0.0,1.0
2016-01-14,3221.571,watch,0.0,1.0,1.2821402574412486,0.0,1.0
2016-01-15,3118.73,watch,0.0,1.0,1.2412109759771692,0.0,1.0
2016-01-18,3130.729,watch,0.0,1.0,1.2459864103689728,0.0,1.0
2016-01-19,3223.125,bottom_watch,0.0,1.0,1.282758727734178,0.0,1.0
2016-01-20,3174.378,bottom_watch,0.0,1.0,1.2633581026573169,0.0,1.0
2016-01-21,3081.345,bottom_watch,0.0,1.0,1.2263322681900548,0.0,1.0
2016-01-22,3113.463,bottom_watch,0.0,1.0,1.239114783549331,0.0,1.0
2016-01-25,3128.886,bottom_watch,0.0,1.0,1.2452529221129436,0.0,1.0
2016-01-26,2940.509,bottom_watch,0.0,1.0,1.1702815074596546,0.0,1.0
2016-01-27,2930.352,bottom_watch,0.0,1.0,1.1662391633378486,0.0,1.0
2016-01-28,2853.756,bottom_watch,0.0,1.0,1.1357550252701263,0.0,1.0
2016-01-29,2946.09,bottom_watch,0.0,1.0,1.1725026675013797,0.0,1.0
2016-02-01,2901.048,bottom_watch,0.0,1.0,1.154576580671175,0.0,1.0
2016-02-02,2961.334,bottom_watch,0.0,1.0,1.1785695665653562,0.0,1.0
2016-02-03,2948.639,bottom_watch,0.0,1.0,1.1735171338956383,0.0,1.0
2016-02-04,2984.76,bottom_watch,0.0,1.0,1.1878927873389538,0.0,1.0
2016-02-05,2963.789,bottom_watch,0.0,1.0,1.1795466222726552,0.0,1.0
2016-02-15,2946.707,bottom_watch,0.0,1.0,1.1727482248828067,0.0,1.0
2016-02-16,3037.035,bottom_watch,0.0,1.0,1.2086975071348984,0.0,1.0
2016-02-17,3063.32,bottom_watch,0.0,1.0,1.2191585699725151,0.0,1.0
2016-02-18,3053.698,bottom_watch,0.0,1.0,1.2153291483775543,0.0,1.0
2016-02-19,3051.585,bottom_watch,0.0,1.0,1.2144882038930238,0.0,1.0
2016-02-22,3118.867,bottom_watch,0.0,1.0,1.241265500063483,0.0,1.0
2016-02-23,3089.363,bottom_watch,0.0,1.0,1.229523320190512,0.0,1.0
2016-02-24,3109.545,bottom_watch,0.0,1.0,1.237555474277968,0.0,1.0
2016-02-25,2918.75,bottom_watch,0.0,1.0,1.1616217294005453,0.0,1.0
2016-02-26,2948.031,bottom_watch,0.0,1.0,1.1732751583884946,0.0,1.0
2016-02-29,2877.467,bottom_watch,0.0,1.0,1.1451916720626978,0.0,1.0
2016-03-01,2930.694,bottom_watch,0.0,1.0,1.1663752745606173,0.0,1.0
2016-03-02,3051.333,bottom_watch,0.0,1.0,1.214387911413089,0.0,1.0
2016-03-03,3058.422,bottom_watch,0.0,1.0,1.2172092343902952,0.0,1.0
2016-03-04,3093.889,bottom_watch,0.0,1.0,1.2313246049690187,0.0,1.0
2016-03-07,3104.84,bottom_watch,0.0,1.0,1.235682949999825,0.0,1.0
2016-03-08,3107.673,bottom_watch,0.0,1.0,1.2368104444270254,0.0,1.0
2016-03-09,3071.907,bottom_watch,0.0,1.0,1.2225760760248876,0.0,1.0
2016-03-10,3013.146,bottom_watch,0.0,1.0,1.199190018828723,0.0,1.0
2016-03-11,3018.284,bottom_watch,0.0,1.0,1.2012348710584997,0.0,1.0
2016-03-14,3065.69,bottom_watch,0.0,1.0,1.2201017968671377,0.0,1.0
2016-03-15,3074.78,bottom_watch,0.0,1.0,1.2237194898933477,0.0,1.0
2016-03-16,3090.033,bottom_watch,0.0,1.0,1.2297899708316076,0.0,1.0
2016-03-17,3124.204,bottom_watch,0.0,1.0,1.2433895515135251,0.0,1.0
2016-03-18,3171.963,bottom_watch,0.0,1.0,1.262396966391278,0.0,1.0
2016-03-21,3249.437,bottom_watch,0.0,1.0,1.2932305361946448,0.0,1.0
2016-03-22,3225.79,bottom_watch,0.0,1.0,1.283819360508089,0.0,1.0
2016-03-23,3236.092,bottom_watch,0.0,1.0,1.2879194126044604,0.0,1.0
2016-03-24,3181.851,bottom_watch,0.0,1.0,1.2663322522706137,0.0,1.0
2016-03-25,3197.817,bottom_watch,0.0,1.0,1.2726864972493237,0.0,1.0
2016-03-28,3169.728,bottom_watch,0.0,1.0,1.261507467610906,0.0,1.0
2016-03-29,3135.41,bottom_watch,0.0,1.0,1.24784938298236,0.0,1.0
2016-03-30,3216.275,bottom_watch,0.0,1.0,1.280032523418497,0.0,1.0
2016-03-31,3218.088,bottom_watch,0.0,1.0,1.2807540720935817,0.0,1.0
2016-04-01,3221.895,bottom_watch,0.0,1.0,1.28226920491545,0.0,1.0
2016-04-05,3264.486,bottom_watch,0.0,1.0,1.2992198279824816,0.0,1.0
2016-04-06,3257.528,bottom_watch,0.0,1.0,1.2964506411754,0.0,1.0
2016-04-07,3209.29,bottom_watch,0.0,1.0,1.2772525909885655,0.0,1.0
2016-04-08,3185.726,bottom_watch,0.0,1.0,1.2678744481426232,0.0,1.0
2016-04-11,3230.096,bottom_watch,0.0,1.0,1.2855330883596687,0.0,1.0
2016-04-12,3218.45,bottom_watch,0.0,1.0,1.2808981430369797,0.0,1.0
2016-04-13,3261.383,bottom_watch,0.0,1.0,1.2979848773267797,0.0,1.0
2016-04-14,3275.832,bottom_watch,0.0,1.0,1.3037353774957245,0.0,1.0
2016-04-15,3272.205,bottom_watch,0.0,1.0,1.3022918821595237,0.0,1.0
2016-04-18,3228.453,bottom_watch,0.0,1.0,1.2848791973099367,0.0,1.0
2016-04-19,3238.303,bottom_watch,0.0,1.0,1.2887993597200764,0.0,1.0
2016-04-20,3181.026,bottom_watch,0.0,1.0,1.2660039137946375,0.0,1.0
2016-04-21,3160.603,bottom_watch,0.0,1.0,1.2578758450735934,0.0,1.0
2016-04-22,3174.901,bottom_watch,0.0,1.0,1.2635662493517839,0.0,1.0
2016-04-25,3162.033,bottom_watch,0.0,1.0,1.2584449650986185,0.0,1.0
2016-04-26,3179.16,watch,0.0,1.0,1.265261271859884,0.0,1.0
2016-04-27,3165.916,watch,0.0,1.0,1.2599903448588798,0.0,1.0
2016-04-28,3160.581,watch,0.0,1.0,1.2578670893809007,0.0,1.0
2016-04-29,3156.745,watch,0.0,1.0,1.256340414964119,0.0,1.0
2016-05-03,3213.54,watch,0.0,1.0,1.2789440316223817,0.0,1.0
2016-05-04,3209.461,watch,0.0,1.0,1.2773206465999491,0.0,1.0
2016-05-05,3213.92,watch,0.0,1.0,1.2790952663143467,0.0,1.0
2016-05-06,3130.354,watch,0.0,1.0,1.2458371656071652,0.0,1.0
2016-05-09,3065.615,watch,0.0,1.0,1.2200719479147757,0.0,1.0
2016-05-10,3069.112,watch,0.0,1.0,1.2214637050668833,0.0,1.0
2016-05-11,3082.809,watch,0.0,1.0,1.2269149197401508,0.0,1.0
2016-05-12,3090.137,watch,0.0,1.0,1.229831361378882,0.0,1.0
2016-05-13,3074.935,watch,0.0,1.0,1.2237811777282277,0.0,1.0
2016-05-16,3095.309,bottom_watch,0.0,1.0,1.231889745133729,0.0,1.0
2016-05-17,3086.025,bottom_watch,0.0,1.0,1.2281948428174105,0.0,1.0
2016-05-18,3068.036,bottom_watch,0.0,1.0,1.221035472097004,0.0,1.0
2016-05-19,3062.5,bottom_watch,0.0,1.0,1.218832221426696,0.0,1.0
2016-05-20,3078.218,bottom_watch,0.0,1.0,1.2250877658695971,0.0,1.0
2016-05-23,3087.222,bottom_watch,0.0,1.0,1.2286712320970998,0.0,1.0
2016-05-24,3063.556,bottom_watch,0.0,1.0,1.2192524946759455,0.0,1.0
2016-05-25,3059.226,bottom_watch,0.0,1.0,1.2175292151596102,0.0,1.0
2016-05-26,3064.211,bottom_watch,0.0,1.0,1.2195131755265691,0.0,1.0
2016-05-27,3062.499,bottom_watch,0.0,1.0,1.2188318234406645,0.0,1.0
2016-05-30,3066.709,bottom_watch,0.0,1.0,1.2205073446332217,0.0,1.0
2016-05-31,3169.56,bottom_watch,0.0,1.0,1.261440605957616,0.0,1.0
2016-06-01,3160.547,bottom_watch,0.0,1.0,1.2578535578558303,0.0,1.0
2016-06-02,3167.1,bottom_watch,0.0,1.0,1.2604615603201597,0.0,1.0
2016-06-03,3189.325,bottom_watch,0.0,1.0,1.2693067998699419,0.0,1.0
2016-06-06,3178.788,bottom_watch,0.0,1.0,1.265113221056171,0.0,1.0
2016-06-07,3177.054,bottom_watch,0.0,1.0,1.264423113277574,0.0,1.0
2016-06-08,3163.986,bottom_watch,0.0,1.0,1.2592222318181114,0.0,1.0
2016-06-13,3066.341,bottom_watch,0.0,1.0,1.2203608857736348,0.0,1.0
2016-06-14,3075.983,bottom_watch,0.0,1.0,1.2241982670892255,0.0,1.0
2016-06-15,3116.368,bottom_watch,0.0,1.0,1.2402709329707984,0.0,1.0
2016-06-16,3094.675,bottom_watch,0.0,1.0,1.2316374219897668,0.0,1.0
2016-06-17,3110.357,bottom_watch,0.0,1.0,1.2378786389355345,0.0,1.0
2016-06-20,3112.674,bottom_watch,0.0,1.0,1.2388007725704882,0.0,1.0
2016-06-21,3106.317,bottom_watch,0.0,1.0,1.23627077536833,0.0,1.0
2016-06-22,3133.961,bottom_watch,0.0,1.0,1.2472727012227363,0.0,1.0
2016-06-23,3117.317,bottom_watch,0.0,1.0,1.2406486217146786,0.0,1.0
2016-06-24,3077.156,bottom_watch,0.0,1.0,1.2246651047041588,0.0,1.0
2016-06-27,3120.544,bottom_watch,0.0,1.0,1.241932922638285,0.0,1.0
2016-06-28,3136.401,bottom_watch,0.0,1.0,1.2482437871395624,0.0,1.0
2016-06-29,3151.39,bottom_watch,0.0,1.0,1.2542091997655103,0.0,1.0
2016-06-30,3153.921,bottom_watch,0.0,1.0,1.255216502411202,0.0,1.0
2016-07-01,3154.2,bottom_watch,0.0,1.0,1.2553275405139868,0.0,1.0
2016-07-04,3204.696,bottom_watch,0.0,1.0,1.2754242431599174,0.0,1.0
2016-07-05,3207.383,bottom_watch,0.0,1.0,1.276493631626521,0.0,1.0
2016-07-06,3216.803,bottom_watch,0.0,1.0,1.2802426600431216,0.0,1.0
2016-07-07,3209.954,bottom_watch,0.0,1.0,1.2775168537134722,0.0,1.0
2016-07-08,3192.281,bottom_watch,0.0,1.0,1.2704832465790152,0.0,1.0
2016-07-11,3203.33,bottom_watch,0.0,1.0,1.2748805942409072,0.0,1.0
2016-07-12,3273.182,bottom_watch,0.0,1.0,1.3026807145122856,0.0,1.0
2016-07-13,3282.868,bottom_watch,0.0,1.0,1.3065356072132617,0.0,1.0
2016-07-14,3276.764,bottom_watch,0.0,1.0,1.3041063004770694,0.0,1.0
2016-07-15,3276.278,bottom_watch,0.0,1.0,1.303912879265767,0.0,1.0
2016-07-18,3262.022,bottom_watch,0.0,1.0,1.2982391904008987,0.0,1.0
2016-07-19,3248.234,bottom_watch,0.0,1.0,1.2927517589987658,0.0,1.0
2016-07-20,3237.605,bottom_watch,0.0,1.0,1.2885215654700983,0.0,1.0
2016-07-21,3252.523,bottom_watch,0.0,1.0,1.2944587210878105,0.0,1.0
2016-07-22,3225.162,bottom_watch,0.0,1.0,1.2835694252803147,0.0,1.0
2016-07-25,3230.885,bottom_watch,0.0,1.0,1.2858470993385107,0.0,1.0
2016-07-26,3269.588,bottom_watch,0.0,1.0,1.3012503527151236,0.0,1.0
2016-07-27,3218.243,bottom_watch,0.0,1.0,1.280815759928461,0.0,1.0
2016-07-28,3221.136,bottom_watch,0.0,1.0,1.2819671335175509,0.0,1.0
2016-07-29,3203.93,bottom_watch,0.0,1.0,1.2751193858597982,0.0,1.0
2016-08-01,3176.809,bottom_watch,0.0,1.0,1.2643256066998594,0.0,1.0
2016-08-02,3189.053,bottom_watch,0.0,1.0,1.269198547669377,0.0,1.0
2016-08-03,3193.507,bottom_watch,0.0,1.0,1.270971177453617,0.0,1.0
2016-08-04,3201.289,bottom_watch,0.0,1.0,1.2740683047506431,0.0,1.0
2016-08-05,3205.11,bottom_watch,0.0,1.0,1.2755890093769522,0.0,1.0
2016-08-08,3234.183,bottom_watch,0.0,1.0,1.2871596572703525,0.0,1.0
2016-08-09,3256.981,bottom_watch,0.0,1.0,1.2962329428161763,0.0,1.0
2016-08-10,3243.341,bottom_watch,0.0,1.0,1.2908044133467036,0.0,1.0
2016-08-11,3233.36,bottom_watch,0.0,1.0,1.2868321147664392,0.0,1.0
2016-08-12,3294.234,bottom_watch,0.0,1.0,1.3110591164471344,0.0,1.0
2016-08-15,3393.424,bottom_watch,0.0,1.0,1.3505353509102573,0.0,1.0
2016-08-16,3378.245,bottom_watch,0.0,1.0,1.344494320938327,0.0,1.0
2016-08-17,3373.048,bottom_watch,0.0,1.0,1.342425987532693,0.0,1.0
2016-08-18,3364.485,bottom_watch,0.0,1.0,1.3390180331450763,0.0,1.0
2016-08-19,3365.02,bottom_watch,0.0,1.0,1.3392309556719213,0.0,1.0
2016-08-22,3336.795,bottom_watch,0.0,1.0,1.3279977999332215,0.0,1.0
2016-08-23,3341.83,bottom_watch,0.0,1.0,1.3300016596017545,0.0,1.0
2016-08-24,3329.863,bottom_watch,0.0,1.0,1.3252389607629584,0.0,1.0
2016-08-25,3308.972,watch,0.0,1.0,1.316924634579179,0.0,1.0
2016-08-26,3307.09,watch,0.0,1.0,1.316175624867922,0.0,1.0
2016-08-29,3307.781,watch,0.0,1.0,1.316450633215679,0.0,1.0
2016-08-30,3311.987,watch,0.0,1.0,1.3181245624641102,0.0,1.0
2016-08-31,3327.794,watch,0.0,1.0,1.3244155276638137,0.0,1.0
2016-09-01,3301.577,watch,0.0,1.0,1.3139815278763383,0.0,1.0
2016-09-02,3314.114,watch,0.0,1.0,1.3189710787530815,0.0,1.0
2016-09-05,3319.68,watch,0.0,1.0,1.321186269004334,0.0,1.0
2016-09-06,3342.626,watch,0.0,1.0,1.3303184564828179,0.0,1.0
2016-09-07,3340.817,watch,0.0,1.0,1.329598499751859,0.0,1.0
2016-09-08,3339.564,watch,0.0,1.0,1.329099823254407,0.0,1.0
2016-09-09,3318.044,watch,0.0,1.0,1.3205351638568223,0.0,1.0
2016-09-12,3262.604,watch,0.0,1.0,1.298470818271224,0.0,1.0
2016-09-13,3260.333,watch,0.0,1.0,1.2975669919937187,0.0,1.0
2016-09-14,3238.73,watch,0.0,1.0,1.2889692997555209,0.0,1.0
2016-09-19,3263.124,watch,0.0,1.0,1.2986777710075967,0.0,1.0
2016-09-20,3257.403,watch,0.0,1.0,1.2964008929214637,0.0,1.0
2016-09-21,3266.636,watch,0.0,1.0,1.3000754979501765,0.0,1.0
2016-09-22,3291.121,watch,0.0,1.0,1.3098201859311178,0.0,1.0
2016-09-23,3275.667,watch,0.0,1.0,1.3036697098005292,0.0,1.0
2016-09-26,3220.284,watch,0.0,1.0,1.2816280494187253,0.0,1.0
2016-09-27,3240.755,watch,0.0,1.0,1.2897752214692804,0.0,1.0
2016-09-28,3230.89,watch,0.0,1.0,1.2858490892686683,0.0,1.0
2016-09-29,3244.387,watch,0.0,1.0,1.2912207067356385,0.0,1.0
2016-09-30,3253.285,watch,0.0,1.0,1.2947619864438031,0.0,1.0
2016-10-10,3293.869,watch,0.0,1.0,1.3109138515456422,0.0,1.0
2016-10-11,3306.557,watch,0.0,1.0,1.3159634983131396,0.0,1.0
2016-10-12,3300.01,watch,0.0,1.0,1.3133578837649993,0.0,1.0
2016-10-13,3302.646,watch,0.0,1.0,1.314406974943997,0.0,1.0
2016-10-14,3305.848,watch,0.0,1.0,1.315681326216816,0.0,1.0
2016-10-17,3277.879,watch,0.0,1.0,1.3045500549021767,0.0,1.0
2016-10-18,3321.333,watch,0.0,1.0,1.321844139914381,0.0,1.0
2016-10-19,3316.241,watch,0.0,1.0,1.3198175950420528,0.0,1.0
2016-10-20,3318.604,watch,0.0,1.0,1.3207580360344549,0.0,1.0
2016-10-21,3327.74,watch,0.0,1.0,1.3243940364181133,0.0,1.0
2016-10-24,3367.578,watch,0.0,1.0,1.3402490039404633,0.0,1.0
2016-10-25,3367.455,watch,0.0,1.0,1.3402000516585906,0.0,1.0
2016-10-26,3354.8,watch,0.0,1.0,1.335163538430132,0.0,1.0
2016-10-27,3345.695,watch,0.0,1.0,1.3315398756134496,0.0,1.0
2016-10-28,3340.126,watch,0.0,1.0,1.3293234914041026,0.0,1.0
2016-10-31,3336.278,watch,0.0,1.0,1.3277920411549433,0.0,1.0
2016-11-01,3359.052,watch,0.0,1.0,1.3368557750360117,0.0,1.0
2016-11-02,3333.352,watch,0.0,1.0,1.3266275340268145,0.0,1.0
2016-11-03,3365.085,watch,0.0,1.0,1.3392568247639685,0.0,1.0
2016-11-04,3354.175,watch,0.0,1.0,1.3349147971604534,0.0,1.0
2016-11-07,3356.592,watch,0.0,1.0,1.3358767293985556,0.0,1.0
2016-11-08,3371.118,watch,0.0,1.0,1.3416578744919252,0.0,1.0
2016-11-09,3353.055,watch,0.0,1.0,1.3344690528051888,0.0,1.0
2016-11-10,3390.612,watch,0.0,1.0,1.3494162141897186,0.0,1.0
2016-11-11,3417.221,watch,0.0,1.0,1.3600062245015367,0.0,1.0
2016-11-14,3430.248,watch,0.0,1.0,1.3651907885337085,0.0,1.0
2016-11-15,3429.87,watch,0.0,1.0,1.3650403498138066,0.0,1.0
2016-11-16,3429.592,watch,0.0,1.0,1.3649297096970536,0.0,1.0
2016-11-17,3436.535,watch,0.0,1.0,1.3676929267136628,0.0,1.0
2016-11-18,3417.455,watch,0.0,1.0,1.3600993532329049,0.0,1.0
2016-11-21,3441.111,watch,0.0,1.0,1.369514110793744,0.0,1.0
2016-11-22,3468.364,watch,0.0,1.0,1.3803604241098395,0.0,1.0
2016-11-23,3474.729,watch,0.0,1.0,1.3828936052002494,0.0,1.0
2016-11-24,3488.74,watch,0.0,1.0,1.3884697874874035,0.0,1.0
2016-11-25,3521.298,watch,0.0,1.0,1.4014274167005334,0.0,1.0
2016-11-28,3535.081,watch,0.0,1.0,1.406912858172509,0.0,1.0
2016-11-29,3564.04,watch,0.0,1.0,1.4184381356583198,0.0,1.0
2016-11-30,3538.001,watch,0.0,1.0,1.4080749773844488,0.0,1.0
2016-12-01,3565.036,watch,0.0,1.0,1.4188345297456801,0.0,1.0
2016-12-02,3528.955,watch,0.0,1.0,1.404474795743624,0.0,1.0
2016-12-05,3469.407,watch,0.0,1.0,1.3807755235406798,0.0,1.0
2016-12-06,3459.153,watch,0.0,1.0,1.3766945747738197,0.0,1.0
2016-12-07,3475.747,watch,0.0,1.0,1.3832987549803026,0.0,1.0
2016-12-08,3470.143,watch,0.0,1.0,1.3810684412598537,0.0,1.0
2016-12-09,3493.7,watch,0.0,1.0,1.3904437982035756,0.0,1.0
2016-12-12,3409.179,watch,0.0,1.0,1.3568056208363248,0.0,1.0
2016-12-13,3405.035,watch,0.0,1.0,1.3551563667218456,0.0,1.0
2016-12-14,3378.945,watch,0.0,1.0,1.3447729111603688,0.0,1.0
2016-12-15,3340.434,watch,0.0,1.0,1.3294460711018012,0.0,1.0
2016-12-16,3346.031,watch,0.0,1.0,1.33167359892003,0.0,1.0
2016-12-19,3328.983,watch,0.0,1.0,1.324888733055252,0.0,1.0
2016-12-20,3309.064,watch,0.0,1.0,1.3169612492940768,0.0,1.0
2016-12-21,3338.536,watch,0.0,1.0,1.3286906936140401,0.0,1.0
2016-12-22,3335.672,bottom_watch,0.0,1.0,1.3275508616198635,0.0,1.0
2016-12-23,3307.599,bottom_watch,0.0,1.0,1.3163781997579496,0.0,1.0
2016-12-26,3322.401,bottom_watch,0.0,1.0,1.3222691889960092,0.0,1.0
2016-12-27,3316.385,bottom_watch,0.0,1.0,1.319874905030588,0.0,1.0
2016-12-28,3301.889,bottom_watch,0.0,1.0,1.3141056995181628,0.0,1.0
2016-12-29,3297.765,bottom_watch,0.0,1.0,1.3124644051243135,0.0,1.0
2016-12-30,3310.081,bottom_watch,0.0,1.0,1.3173660010880983,0.0,1.0
2017-01-03,3342.227,bottom_watch,0.0,1.0,1.3301596600562557,0.0,1.0
2017-01-04,3368.312,bottom_watch,0.0,1.0,1.340541125687575,0.0,1.0
2017-01-05,3367.789,bottom_watch,0.0,1.0,1.3403329789931078,0.0,1.0
2017-01-06,3347.667,bottom_watch,0.0,1.0,1.3323247040675408,0.0,1.0
2017-01-09,3363.901,bottom_watch,0.0,1.0,1.3387856093026889,0.0,1.0
2017-01-10,3358.271,bottom_watch,0.0,1.0,1.3365449479454214,0.0,1.0
2017-01-11,3334.495,bottom_watch,0.0,1.0,1.327082432060804,0.0,1.0
2017-01-12,3317.624,bottom_watch,0.0,1.0,1.320368009723599,0.0,1.0
2017-01-13,3319.912,bottom_watch,0.0,1.0,1.3212786017636395,0.0,1.0
2017-01-16,3319.446,bottom_watch,0.0,1.0,1.321093140272967,0.0,1.0
2017-01-17,3326.356,bottom_watch,0.0,1.0,1.3238432237505373,0.0,1.0
2017-01-18,3339.365,bottom_watch,0.0,1.0,1.3290206240341418,0.0,1.0
2017-01-19,3329.289,bottom_watch,0.0,1.0,1.3250105167808865,0.0,1.0
2017-01-20,3354.889,bottom_watch,0.0,1.0,1.3351989591869349,0.0,1.0
2017-01-23,3364.081,bottom_watch,0.0,1.0,1.3388572467883564,0.0,1.0
2017-01-24,3364.451,bottom_watch,0.0,1.0,1.3390045016200063,0.0,1.0
2017-01-25,3375.904,bottom_watch,0.0,1.0,1.3435626356386186,0.0,1.0
2017-01-26,3387.961,bottom_watch,0.0,1.0,1.3483611532202484,0.0,1.0
2017-02-03,3364.492,bottom_watch,0.0,1.0,1.3390208190472974,0.0,1.0
2017-02-06,3373.205,bottom_watch,0.0,1.0,1.3424884713396372,0.0,1.0
2017-02-07,3365.685,bottom_watch,0.0,1.0,1.3394956163828604,0.0,1.0
2017-02-08,3383.288,bottom_watch,0.0,1.0,1.3465013644951134,0.0,1.0
2017-02-09,3396.292,bottom_watch,0.0,1.0,1.3516767748485607,0.0,1.0
2017-02-10,3413.487,bottom_watch,0.0,1.0,1.358520144659967,0.0,1.0
2017-02-13,3436.275,bottom_watch,0.0,1.0,1.3675894503454762,0.0,1.0
2017-02-14,3435.804,bottom_watch,0.0,1.0,1.367401998924646,0.0,1.0
2017-02-15,3421.713,bottom_watch,0.0,1.0,1.3617939777549732,0.0,1.0
2017-02-16,3440.933,bottom_watch,0.0,1.0,1.3694432692801393,0.0,1.0
2017-02-17,3421.442,bottom_watch,0.0,1.0,1.3616861235404403,0.0,1.0
2017-02-20,3471.393,bottom_watch,0.0,1.0,1.3815659237992108,0.0,1.0
2017-02-21,3482.823,bottom_watch,0.0,1.0,1.3861149041390988,0.0,1.0
2017-02-22,3489.757,bottom_watch,0.0,1.0,1.3888745392814248,0.0,1.0
2017-02-23,3473.323,bottom_watch,0.0,1.0,1.3823340368399795,0.0,1.0
2017-02-24,3473.852,bottom_watch,0.0,1.0,1.3825445714506357,0.0,1.0
2017-02-27,3446.223,bottom_watch,0.0,1.0,1.3715486153867016,0.0,1.0
2017-02-28,3452.81,bottom_watch,0.0,1.0,1.3741701493761016,0.0,1.0
2017-03-01,3458.438,bottom_watch,0.0,1.0,1.3764100147613063,0.0,1.0
2017-03-02,3435.096,bottom_watch,0.0,1.0,1.3671202248143537,0.0,1.0
2017-03-03,3427.863,bottom_watch,0.0,1.0,1.3642415918486135,0.0,1.0
2017-03-06,3446.484,bottom_watch,0.0,1.0,1.3716524897409195,0.0,1.0
2017-03-07,3453.957,bottom_watch,0.0,1.0,1.3746266393542161,0.0,1.0
2017-03-08,3448.731,bottom_watch,0.0,1.0,1.372546764353669,0.0,1.0
2017-03-09,3426.944,bottom_watch,0.0,1.0,1.3638758426856776,0.0,1.0
2017-03-10,3427.892,bottom_watch,0.0,1.0,1.3642531334435268,0.0,1.0
2017-03-13,3458.098,bottom_watch,0.0,1.0,1.3762746995106012,0.0,1.0
2017-03-14,3456.693,bottom_watch,0.0,1.0,1.375715529136363,0.0,1.0
2017-03-15,3463.644,bottom_watch,0.0,1.0,1.3784819300412239,0.0,1.0
2017-03-16,3481.507,bottom_watch,0.0,1.0,1.385591154521663,0.0,1.0
2017-03-17,3445.805,bottom_watch,0.0,1.0,1.37138225722554,0.0,1.0
2017-03-20,3449.613,bottom_watch,0.0,1.0,1.3728977880334396,0.0,1.0
2017-03-21,3466.347,bottom_watch,0.0,1.0,1.379557686284331,0.0,1.0
2017-03-22,3450.05,bottom_watch,0.0,1.0,1.3730717079291994,0.0,1.0
2017-03-23,3461.978,bottom_watch,0.0,1.0,1.3778188853127675,0.0,1.0
2017-03-24,3489.6,bottom_watch,0.0,1.0,1.3888120554744812,0.0,1.0
2017-03-27,3478.039,bottom_watch,0.0,1.0,1.3842109389644688,0.0,1.0
2017-03-28,3469.809,bottom_watch,0.0,1.0,1.3809355139253368,0.0,1.0
2017-03-29,3465.193,bottom_watch,0.0,1.0,1.379098410403996,0.0,1.0
2017-03-30,3436.758,bottom_watch,0.0,1.0,1.367781677598684,0.0,1.0
2017-03-31,3456.045,bottom_watch,0.0,1.0,1.3754576341879596,0.0,1.0
2017-04-05,3503.893,bottom_watch,0.0,1.0,1.3945004698225147,0.0,1.0
2017-04-06,3514.047,bottom_watch,0.0,1.0,1.3985416199862262,0.0,1.0
2017-04-07,3517.463,bottom_watch,0.0,1.0,1.3999011402697836,0.0,1.0
2017-04-10,3505.139,bottom_watch,0.0,1.0,1.3949963604177469,0.0,1.0
2017-04-11,3517.328,bottom_watch,0.0,1.0,1.3998474121555329,0.0,1.0
2017-04-12,3509.439,bottom_watch,0.0,1.0,1.3967077003531378,0.0,1.0
2017-04-13,3514.566,bottom_watch,0.0,1.0,1.398748174736568,0.0,1.0
2017-04-14,3486.504,bottom_watch,0.0,1.0,1.3875798907210002,0.0,1.0
2017-04-17,3479.942,bottom_watch,0.0,1.0,1.3849683063823872,0.0,1.0
2017-04-18,3462.743,bottom_watch,0.0,1.0,1.378123344626855,0.0,1.0
2017-04-19,3445.876,bottom_watch,0.0,1.0,1.371410514233776,0.0,1.0
2017-04-20,3461.548,bottom_watch,0.0,1.0,1.3776477513192287,0.0,1.0
2017-04-21,3466.787,bottom_watch,0.0,1.0,1.3797328001381852,0.0,1.0
2017-04-24,3431.259,watch,0.0,1.0,1.365593152411541,0.0,1.0
2017-04-25,3440.974,watch,0.0,1.0,1.3694595867074302,0.0,1.0
2017-04-26,3445.183,bottom_watch,0.0,1.0,1.371134709913956,0.0,1.0
2017-04-27,3446.72,bottom_watch,0.0,1.0,1.3717464144443503,0.0,1.0
2017-04-28,3439.753,bottom_watch,0.0,1.0,1.3689736457629855,0.0,1.0
2017-05-02,3426.577,bottom_watch,0.0,1.0,1.3637297818121226,0.0,1.0
2017-05-03,3413.128,bottom_watch,0.0,1.0,1.3583772676746637,0.0,1.0
2017-05-04,3404.386,bottom_watch,0.0,1.0,1.3548980737874108,0.0,1.0
2017-05-05,3382.55,bottom_watch,0.0,1.0,1.3462076508038767,0.0,1.0
2017-05-08,3358.813,bottom_watch,0.0,1.0,1.336760656374487,0.0,1.0
2017-05-09,3352.532,bottom_watch,0.0,1.0,1.3342609061107218,0.0,1.0
2017-05-10,3337.701,bottom_watch,0.0,1.0,1.3283583752777488,0.0,1.0
2017-05-11,3356.646,bottom_watch,0.0,1.0,1.3358982206442562,0.0,1.0
2017-05-12,3385.379,bottom_watch,0.0,1.0,1.3473335532869513,0.0,1.0
2017-05-15,3399.194,bottom_watch,0.0,1.0,1.352831730311934,0.0,1.0
2017-05-16,3428.649,bottom_watch,0.0,1.0,1.3645544088693617,0.0,1.0
2017-05-17,3409.966,bottom_watch,0.0,1.0,1.3571188358431039,0.0,1.0
2017-05-18,3398.113,bottom_watch,0.0,1.0,1.3524015074118971,0.0,1.0
2017-05-19,3403.849,bottom_watch,0.0,1.0,1.3546843552885026,0.0,1.0
2017-05-22,3411.239,bottom_watch,0.0,1.0,1.3576254720611862,0.0,1.0
2017-05-23,3424.194,bottom_watch,0.0,1.0,1.3627813810990907,0.0,1.0
2017-05-24,3424.167,bottom_watch,0.0,1.0,1.3627706354762406,0.0,1.0
2017-05-25,3485.658,bottom_watch,0.0,1.0,1.3872431945383628,0.0,1.0
2017-05-26,3480.435,bottom_watch,0.0,1.0,1.38516451349591,0.0,1.0
2017-05-31,3492.884,bottom_watch,0.0,1.0,1.390119041601883,0.0,1.0
2017-06-01,3497.738,bottom_watch,0.0,1.0,1.3920508657987172,0.0,1.0
2017-06-02,3486.507,bottom_watch,0.0,1.0,1.387581084679095,0.0,1.0
2017-06-05,3468.753,bottom_watch,0.0,1.0,1.3805152406760879,0.0,1.0
2017-06-06,3492.881,bottom_watch,0.0,1.0,1.3901178476437883,0.0,1.0
2017-06-07,3533.871,bottom_watch,0.0,1.0,1.4064312950744107,0.0,1.0
2017-06-08,3560.978,bottom_watch,0.0,1.0,1.4172195024299088,0.0,1.0
2017-06-09,3576.17,bottom_watch,0.0,1.0,1.4232657062202483,0.0,1.0
2017-06-12,3574.389,bottom_watch,0.0,1.0,1.4225568930981711,0.0,1.0
2017-06-13,3582.267,bottom_watch,0.0,1.0,1.4256922270542198,0.0,1.0
2017-06-14,3535.298,bottom_watch,0.0,1.0,1.4069992211413411,0.0,1.0
2017-06-15,3528.792,bottom_watch,0.0,1.0,1.4044099240204917,0.0,1.0
2017-06-16,3518.761,bottom_watch,0.0,1.0,1.4004177261386528,0.0,1.0
2017-06-19,3553.665,bottom_watch,0.0,1.0,1.4143090305816495,0.0,1.0
2017-06-20,3546.494,bottom_watch,0.0,1.0,1.4114550727498614,0.0,1.0
2017-06-21,3587.955,bottom_watch,0.0,1.0,1.4279559716013135,0.0,1.0
2017-06-22,3590.342,bottom_watch,0.0,1.0,1.4289059642584712,0.0,1.0
2017-06-23,3622.883,bottom_watch,0.0,1.0,1.4418568277090658,0.0,1.0
2017-06-26,3668.091,bottom_watch,0.0,1.0,1.459848980220497,0.0,1.0
2017-06-27,3674.715,bottom_watch,0.0,1.0,1.4624852396930623,0.0,1.0
2017-06-28,3646.166,bottom_watch,0.0,1.0,1.451123136480161,0.0,1.0
2017-06-29,3668.827,bottom_watch,0.0,1.0,1.4601418979396714,0.0,1.0
2017-06-30,3666.797,bottom_watch,0.0,1.0,1.4593339862957542,0.0,1.0
2017-07-03,3650.846,bottom_watch,0.0,1.0,1.4529857111075166,0.0,1.0
2017-07-04,3619.984,bottom_watch,0.0,1.0,1.4407030662037872,0.0,1.0
2017-07-05,3659.679,bottom_watch,0.0,1.0,1.4565011217236348,0.0,1.0
2017-07-06,3660.096,bottom_watch,0.0,1.0,1.4566670818987646,0.0,1.0
2017-07-07,3655.929,bottom_watch,0.0,1.0,1.4550086741055615,0.0,1.0
2017-07-10,3653.686,bottom_watch,0.0,1.0,1.454115991436938,0.0,1.0
2017-07-11,3670.808,bottom_watch,0.0,1.0,1.4609303082680456,0.0,1.0
2017-07-12,3658.823,bottom_watch,0.0,1.0,1.4561604456806825,0.0,1.0
2017-07-13,3686.92,bottom_watch,0.0,1.0,1.467342659207352,0.0,1.0
2017-07-14,3703.094,bottom_watch,0.0,1.0,1.473779685280611,0.0,1.0
2017-07-17,3663.557,bottom_watch,0.0,1.0,1.4580445115537384,0.0,1.0
2017-07-18,3667.18,bottom_watch,0.0,1.0,1.459486414945813,0.0,1.0
2017-07-19,3729.746,bottom_watch,0.0,1.0,1.484386808991783,0.0,1.0
2017-07-20,3747.884,bottom_watch,0.0,1.0,1.4916054796308809,0.0,1.0
2017-07-21,3728.597,bottom_watch,0.0,1.0,1.4839295230416052,0.0,1.0
2017-07-24,3743.468,bottom_watch,0.0,1.0,1.4898479733158376,0.0,1.0
2017-07-25,3719.559,bottom_watch,0.0,1.0,1.4803325252890325,0.0,1.0
2017-07-26,3705.388,bottom_watch,0.0,1.0,1.4746926652368404,0.0,1.0
2017-07-27,3712.194,bottom_watch,0.0,1.0,1.4774013581671361,0.0,1.0
2017-07-28,3721.891,bottom_watch,0.0,1.0,1.4812606287144585,0.0,1.0
2017-07-31,3737.873,bottom_watch,0.0,1.0,1.4876212414696723,0.0,1.0
2017-08-01,3770.382,bottom_watch,0.0,1.0,1.5005593693672594,0.0,1.0
2017-08-02,3760.852,bottom_watch,0.0,1.0,1.4967665624871953,0.0,1.0
2017-08-03,3727.826,bottom_watch,0.0,1.0,1.48362267581133,0.0,1.0
2017-08-04,3707.579,bottom_watch,0.0,1.0,1.4755646526318273,0.0,1.0
2017-08-07,3726.794,bottom_watch,0.0,1.0,1.483211954226836,0.0,1.0
2017-08-08,3732.212,bottom_watch,0.0,1.0,1.4853682425454289,0.0,1.0
2017-08-09,3731.044,watch,0.0,1.0,1.4849033948606527,0.0,1.0
2017-08-10,3715.92,watch,0.0,1.0,1.4788842541204545,0.0,1.0
2017-08-11,3647.35,watch,0.0,1.0,1.4515943519414412,0.0,1.0
2017-08-14,3694.683,watch,0.0,1.0,1.4704322247697807,0.0,1.0
2017-08-15,3706.056,watch,0.0,1.0,1.4749585199058741,0.0,1.0
2017-08-16,3701.42,watch,0.0,1.0,1.473113456663904,0.0,1.0
2017-08-17,3721.277,watch,0.0,1.0,1.4810162652911267,0.0,1.0
2017-08-18,3724.674,watch,0.0,1.0,1.4823682238400855,0.0,1.0
2017-08-21,3740.994,watch,0.0,1.0,1.4888633558739413,0.0,1.0
2017-08-22,3752.298,watch,0.0,1.0,1.4933621899738618,0.0,1.0
2017-08-23,3756.088,watch,0.0,1.0,1.4948705570331948,0.0,1.0
2017-08-24,3734.645,watch,0.0,1.0,1.4863365425600346,0.0,1.0
2017-08-25,3795.754,watch,0.0,1.0,1.5106570709581288,0.0,1.0
2017-08-28,3842.711,watch,0.0,1.0,1.5293453010386295,0.0,1.0
2017-08-29,3834.537,watch,0.0,1.0,1.5260921632172608,0.0,1.0
2017-08-30,3834.3,watch,0.0,1.0,1.5259978405277985,0.0,1.0
2017-08-31,3822.092,watch,0.0,1.0,1.5211392270554145,0.0,1.0
2017-09-01,3830.538,watch,0.0,1.0,1.5245006170773476,0.0,1.0
2017-09-04,3845.616,watch,0.0,1.0,1.5305014504600976,0.0,1.0
2017-09-05,3857.046,watch,0.0,1.0,1.5350504307999855,0.0,1.0
2017-09-06,3849.449,watch,0.0,1.0,1.5320269309187842,0.0,1.0
2017-09-07,3829.871,watch,0.0,1.0,1.524235160394346,0.0,1.0
2017-09-08,3825.989,watch,0.0,1.0,1.5226901786201164,0.0,1.0
2017-09-11,3825.645,watch,0.0,1.0,1.5225532714252852,0.0,1.0
2017-09-12,3837.934,watch,0.0,1.0,1.52744412176622,0.0,1.0
2017-09-13,3842.606,watch,0.0,1.0,1.5293035125053236,0.0,1.0
2017-09-14,3829.955,watch,0.0,1.0,1.5242685912209908,0.0,1.0
2017-09-15,3831.296,watch,0.0,1.0,1.5248022904892138,0.0,1.0
2017-09-18,3843.142,watch,0.0,1.0,1.5295168330182003,0.0,1.0
2017-09-19,3832.116,watch,0.0,1.0,1.525128639035033,0.0,1.0
2017-09-20,3842.435,watch,0.0,1.0,1.5292354568939395,0.0,1.0
2017-09-21,3837.817,watch,0.0,1.0,1.5273975574005358,0.0,1.0
2017-09-22,3837.73,watch,0.0,1.0,1.5273629326157967,0.0,1.0
2017-09-25,3817.791,watch,0.0,1.0,1.519427489133992,0.0,1.0
2017-09-26,3820.781,watch,0.0,1.0,1.520617467368136,0.0,1.0
2017-09-27,3821.2,watch,0.0,1.0,1.5207842235153286,0.0,1.0
2017-09-28,3822.538,watch,0.0,1.0,1.5213167288254572,0.0,1.0
2017-09-29,3836.501,watch,0.0,1.0,1.5268738077831001,0.0,1.0
2017-10-09,3882.207,watch,0.0,1.0,1.5450641573382111,0.0,1.0
2017-10-10,3889.863,watch,0.0,1.0,1.54811113839527,0.0,1.0
2017-10-11,3902.686,watch,0.0,1.0,1.5532145132770188,0.0,1.0
2017-10-12,3912.953,watch,0.0,1.0,1.5573006358622883,0.0,1.0
2017-10-13,3921.001,watch,0.0,1.0,1.5605036274436899,0.0,1.0
2017-10-16,3913.446,watch,0.0,1.0,1.557496842975811,0.0,1.0
2017-10-17,3913.068,watch,0.0,1.0,1.5573464042559093,0.0,1.0
2017-10-18,3944.162,watch,0.0,1.0,1.5697213819189435,0.0,1.0
2017-10-19,3931.249,watch,0.0,1.0,1.5645821882943611,0.0,1.0
2017-10-20,3926.852,watch,0.0,1.0,1.562832243713916,0.0,1.0
2017-10-23,3930.798,watch,0.0,1.0,1.564402696594161,0.0,1.0
2017-10-24,3959.395,watch,0.0,1.0,1.575783903136574,0.0,1.0
2017-10-25,3976.949,watch,0.0,1.0,1.5827701499332838,0.0,1.0
2017-10-26,3993.575,watch,0.0,1.0,1.5893870656927744,0.0,1.0
2017-10-27,4021.967,watch,0.0,1.0,1.6006866850987327,0.0,1.0
2017-10-30,4009.721,watch,0.0,1.0,1.595812948157152,0.0,1.0
2017-10-31,4006.717,watch,0.0,1.0,1.5946173981185672,0.0,1.0
2017-11-01,3996.622,watch,0.0,1.0,1.5905997291307132,0.0,1.0
2017-11-02,3997.134,watch,0.0,1.0,1.5908034979788344,0.0,1.0
2017-11-03,3992.697,watch,0.0,1.0,1.5890376339571295,0.0,1.0
2017-11-06,4020.889,watch,0.0,1.0,1.6002576561567905,0.0,1.0
2017-11-07,4054.246,watch,0.0,1.0,1.613533276209078,0.0,1.0
2017-11-08,4048.005,watch,0.0,1.0,1.611049445386572,0.0,1.0
2017-11-09,4075.899,watch,0.0,1.0,1.6221508677488499,0.0,1.0
2017-11-10,4111.911,watch,0.0,1.0,1.636483140714733,0.0,1.0
2017-11-13,4128.073,watch,0.0,1.0,1.6429153909556142,0.0,1.0
2017-11-14,4099.351,watch,0.0,1.0,1.6314844361592653,0.0,1.0
2017-11-15,4073.669,watch,0.0,1.0,1.621263358898635,0.0,1.0
2017-11-16,4105.012,watch,0.0,1.0,1.6337374350835092,0.0,1.0
2017-11-17,4120.85,watch,0.0,1.0,1.6400407378501891,0.0,1.0
2017-11-20,4143.833,watch,0.0,1.0,1.6491876508118375,0.0,1.0
2017-11-21,4217.701,watch,0.0,1.0,1.6785860829856654,0.0,1.0
2017-11-22,4227.566,watch,0.0,1.0,1.6825122151862772,0.0,1.0
2017-11-23,4102.396,watch,0.0,1.0,1.6326963036251412,0.0,1.0
2017-11-24,4104.203,watch,0.0,1.0,1.633415464384037,0.0,1.0
2017-11-27,4049.947,watch,0.0,1.0,1.611822334259718,0.0,1.0
2017-11-28,4055.823,watch,0.0,1.0,1.614160900180731,0.0,1.0
2017-11-29,4053.752,watch,0.0,1.0,1.6133366711095232,0.0,1.0
2017-11-30,4006.099,watch,0.0,1.0,1.5943714427511082,0.0,1.0
2017-12-01,3998.136,watch,0.0,1.0,1.5912022799823828,0.0,1.0
2017-12-04,4018.857,watch,0.0,1.0,1.5994489485408099,0.0,1.0
2017-12-05,4040.17,watch,0.0,1.0,1.6079312248298767,0.0,1.0
2017-12-06,4015.821,watch,0.0,1.0,1.5982406629492178,0.0,1.0
2017-12-07,3971.056,watch,0.0,1.0,1.5804248182497351,0.0,1.0
2017-12-08,4003.379,watch,0.0,1.0,1.5932889207454657,0.0,1.0
2017-12-11,4069.499,watch,0.0,1.0,1.6196037571473376,0.0,1.0
2017-12-12,4016.016,watch,0.0,1.0,1.5983182702253576,0.0,1.0
2017-12-13,4050.092,watch,0.0,1.0,1.6118800422342834,0.0,1.0
2017-12-14,4026.151,watch,0.0,1.0,1.6023518586544703,0.0,1.0
2017-12-15,3980.855,watch,0.0,1.0,1.5843246833722686,0.0,1.0
2017-12-18,3985.291,watch,0.0,1.0,1.5860901494079418,0.0,1.0
2017-12-19,4035.329,watch,0.0,1.0,1.6060045744514517,0.0,1.0
2017-12-20,4030.489,watch,0.0,1.0,1.6040783220590582,0.0,1.0
2017-12-21,4067.848,watch,0.0,1.0,1.6189466822093537,0.0,1.0
2017-12-22,4054.598,watch,0.0,1.0,1.6136733672921608,0.0,1.0
2017-12-25,4041.54,watch,0.0,1.0,1.608476465693013,0.0,1.0
2017-12-26,4053.622,watch,0.0,1.0,1.6132849329254304,0.0,1.0
2017-12-27,3991.207,watch,0.0,1.0,1.588444634770215,0.0,1.0
2017-12-28,4018.897,watch,0.0,1.0,1.59946486798207,0.0,1.0
2017-12-29,4030.854,watch,0.0,1.0,1.6042235869605512,0.0,1.0
2018-01-02,4087.401,watch,0.0,1.0,1.6267285030830052,0.0,1.0
2018-01-03,4111.392,watch,0.0,1.0,1.6362765859643922,0.0,1.0
2018-01-04,4128.811,watch,0.0,1.0,1.6432091046468515,0.0,1.0
2018-01-05,4138.75,watch,0.0,1.0,1.6471646878137935,0.0,1.0
2018-01-08,4160.159,watch,0.0,1.0,1.6556851707618832,0.0,1.0
2018-01-09,4189.297,watch,0.0,1.0,1.6672816877473298,0.0,1.0
2018-01-10,4207.813,watch,0.0,1.0,1.6746507971063298,0.0,1.0
2018-01-11,4205.586,watch,0.0,1.0,1.6737644822142101,0.0,1.0
2018-01-12,4225.001,watch,0.0,1.0,1.6814913810155157,0.0,1.0
2018-01-15,4225.239,watch,0.0,1.0,1.681586101691009,0.0,1.0
2018-01-16,4258.473,watch,0.0,1.0,1.6948127694614237,0.0,1.0
2018-01-17,4248.116,watch,0.0,1.0,1.6906908281333206,0.0,1.0
2018-01-18,4271.416,watch,0.0,1.0,1.6999639026669504,0.0,1.0
2018-01-19,4285.395,watch,0.0,1.0,1.705527349401097,0.0,1.0
2018-01-22,4336.597,watch,0.0,1.0,1.7259050301852563,0.0,1.0
2018-01-23,4382.612,watch,0.0,1.0,1.744218357424097,0.0,1.0
2018-01-24,4389.885,watch,0.0,1.0,1.7471129098310967,0.0,1.0
2018-01-25,4365.079,watch,0.0,1.0,1.737240468334048,0.0,1.0
2018-01-26,4381.299,watch,0.0,1.0,1.7436958017647557,0.0,1.0
2018-01-29,4302.018,watch,0.0,1.0,1.712143071202493,0.0,1.0
2018-01-30,4256.102,watch,0.0,1.0,1.6938691445807694,0.0,1.0
2018-01-31,4275.898,watch,0.0,1.0,1.7017476760600716,0.0,1.0
2018-02-01,4245.897,watch,0.0,1.0,1.689807697129452,0.0,1.0
2018-02-02,4271.232,watch,0.0,1.0,1.6998906732371566,0.0,1.0
2018-02-05,4274.146,watch,0.0,1.0,1.7010504045329076,0.0,1.0
2018-02-06,4148.885,watch,0.0,1.0,1.651198276242906,0.0,1.0
2018-02-07,4050.497,watch,0.0,1.0,1.6120412265770352,0.0,1.0
2018-02-08,4012.047,watch,0.0,1.0,1.5967386636663883,0.0,1.0
2018-02-09,3840.652,watch,0.0,1.0,1.5285258477997994,0.0,1.0
2018-02-12,3890.104,watch,0.0,1.0,1.5482070530288583,0.0,1.0
2018-02-13,3935.632,watch,0.0,1.0,1.5663265610703656,0.0,1.0
2018-02-14,3966.961,watch,0.0,1.0,1.5787950654507987,0.0,1.0
2018-02-22,4052.733,bottom_watch,0.0,1.0,1.6129311233434396,0.0,1.0
2018-02-23,4071.088,bottom_watch,0.0,1.0,1.62023615695137,0.0,1.0
2018-02-26,4118.418,bottom_watch,0.0,1.0,1.6390728358216147,0.0,1.0
2018-02-27,4058.98,bottom_watch,0.0,1.0,1.615417342082134,0.0,1.0
2018-02-28,4023.641,bottom_watch,0.0,1.0,1.6013529137154408,0.0,1.0
2018-03-01,4049.086,bottom_watch,0.0,1.0,1.6114796682866086,0.0,1.0
2018-03-02,4016.461,bottom_watch,0.0,1.0,1.598495374009369,0.0,1.0
2018-03-05,4018.097,bottom_watch,0.0,1.0,1.5991464791568806,0.0,1.0
2018-03-06,4066.564,bottom_watch,0.0,1.0,1.6184356681449252,0.0,1.0
2018-03-07,4036.653,bottom_watch,0.0,1.0,1.6065315079571394,0.0,1.0
2018-03-08,4077.6,bottom_watch,0.0,1.0,1.6228278419884077,0.0,1.0
2018-03-09,4108.865,bottom_watch,0.0,1.0,1.6352708752628256,0.0,1.0
2018-03-12,4127.666,bottom_watch,0.0,1.0,1.642753410640799,0.0,1.0
2018-03-13,4091.253,bottom_watch,0.0,1.0,1.6282615452762899,0.0,1.0
2018-03-14,4073.344,bottom_watch,0.0,1.0,1.6211340134384022,0.0,1.0
2018-03-15,4096.162,bottom_watch,0.0,1.0,1.630215258704856,0.0,1.0
2018-03-16,4056.422,bottom_watch,0.0,1.0,1.6143992938135918,0.0,1.0
2018-03-19,4074.247,bottom_watch,0.0,1.0,1.6214933948248345,0.0,1.0
2018-03-20,4077.704,bottom_watch,0.0,1.0,1.6228692325356824,0.0,1.0
2018-03-21,4061.05,bottom_watch,0.0,1.0,1.61624117316731,0.0,1.0
2018-03-22,4020.349,bottom_watch,0.0,1.0,1.6000427436997875,0.0,1.0
2018-03-23,3904.935,bottom_watch,0.0,1.0,1.5541095838618315,0.0,1.0
2018-03-26,3879.893,bottom_watch,0.0,1.0,1.5441432176613525,0.0,1.0
2018-03-27,3913.268,bottom_watch,0.0,1.0,1.5574260014622066,0.0,1.0
2018-03-28,3842.715,bottom_watch,0.0,1.0,1.5293468929827558,0.0,1.0
2018-03-29,3894.049,bottom_watch,0.0,1.0,1.549777107923072,0.0,1.0
2018-03-30,3898.497,bottom_watch,0.0,1.0,1.5515473497911227,0.0,1.0
2018-04-02,3886.918,bottom_watch,0.0,1.0,1.5469390695325431,0.0,1.0
2018-04-03,3862.479,bottom_watch,0.0,1.0,1.5372126889090503,0.0,1.0
2018-04-04,3854.862,bottom_watch,0.0,1.0,1.5341812293072195,0.0,1.0
2018-04-09,3852.929,bottom_watch,0.0,1.0,1.5334119223083567,0.0,1.0
2018-04-10,3927.172,bottom_watch,0.0,1.0,1.5629595992439915,0.0,1.0
2018-04-11,3938.343,bottom_watch,0.0,1.0,1.5674055012017243,0.0,1.0
2018-04-12,3898.635,bottom_watch,0.0,1.0,1.5516022718634679,0.0,1.0
2018-04-13,3871.144,bottom_watch,0.0,1.0,1.5406612378718785,0.0,1.0
2018-04-16,3808.863,bottom_watch,0.0,1.0,1.5158742698448824,0.0,1.0
2018-04-17,3748.641,bottom_watch,0.0,1.0,1.4919067550567162,0.0,1.0
2018-04-18,3766.282,bottom_watch,0.0,1.0,1.4989276266381657,0.0,1.0
2018-04-19,3811.843,bottom_watch,0.0,1.0,1.5170602682187113,0.0,1.0
2018-04-20,3760.854,bottom_watch,0.0,1.0,1.496767358459258,0.0,1.0
2018-04-23,3766.325,bottom_watch,0.0,1.0,1.4989447400375193,0.0,1.0
2018-04-24,3843.488,bottom_watch,0.0,1.0,1.5296545361850942,0.0,1.0
2018-04-25,3828.701,bottom_watch,0.0,1.0,1.523769516737507,0.0,1.0
2018-04-26,3755.494,bottom_watch,0.0,1.0,1.4946341533304917,0.0,1.0
2018-04-27,3756.876,bottom_watch,0.0,1.0,1.4951841700260058,0.0,1.0
2018-05-02,3763.646,bottom_watch,0.0,1.0,1.497878535459168,0.0,1.0
2018-05-03,3793.0,bottom_watch,0.0,1.0,1.5095610174274159,0.0,1.0
2018-05-04,3774.598,bottom_watch,0.0,1.0,1.5022372784760054,0.0,1.0
2018-05-07,3834.187,bottom_watch,0.0,1.0,1.5259528681062406,0.0,1.0
2018-05-08,3878.676,bottom_watch,0.0,1.0,1.5436588686610333,0.0,1.0
2018-05-09,3871.615,bottom_watch,0.0,1.0,1.540848689292709,0.0,1.0
2018-05-10,3893.056,bottom_watch,0.0,1.0,1.549381907793806,0.0,1.0
2018-05-11,3872.838,bottom_watch,0.0,1.0,1.5413354262092167,0.0,1.0
2018-05-14,3909.293,bottom_watch,0.0,1.0,1.5558440069870487,0.0,1.0
2018-05-15,3924.097,bottom_watch,0.0,1.0,1.5617357921971713,0.0,1.0
2018-05-16,3892.844,bottom_watch,0.0,1.0,1.549297534755131,0.0,1.0
2018-05-17,3864.05,bottom_watch,0.0,1.0,1.5378379249645153,0.0,1.0
2018-05-18,3903.063,bottom_watch,0.0,1.0,1.5533645540108891,0.0,1.0
2018-05-21,3921.242,bottom_watch,0.0,1.0,1.5605995420772782,0.0,1.0
2018-05-22,3906.208,bottom_watch,0.0,1.0,1.5546162200799136,0.0,1.0
2018-05-23,3854.582,watch,0.0,1.0,1.5340697932184035,0.0,1.0
2018-05-24,3827.217,watch,0.0,1.0,1.5231789054667817,0.0,1.0
2018-05-25,3816.498,watch,0.0,1.0,1.5189128931952802,0.0,1.0
2018-05-28,3833.259,watch,0.0,1.0,1.5255835370690218,0.0,1.0
2018-05-29,3804.009,watch,0.0,1.0,1.5139424456480481,0.0,1.0
2018-05-30,3723.372,watch,0.0,1.0,1.48185004602709,0.0,1.0
2018-05-31,3802.375,watch,0.0,1.0,1.5132921364725997,0.0,1.0
2018-06-01,3770.589,watch,0.0,1.0,1.5006417524757774,0.0,1.0
2018-06-04,3807.578,watch,0.0,1.0,1.515362857794423,0.0,1.0
2018-06-05,3845.316,watch,0.0,1.0,1.530382054650652,0.0,1.0
2018-06-06,3837.351,watch,0.0,1.0,1.5272120959098638,0.0,1.0
2018-06-07,3831.012,watch,0.0,1.0,1.5246892624562725,0.0,1.0
2018-06-08,3779.615,watch,0.0,1.0,1.5042339743959725,0.0,1.0
2018-06-11,3779.981,watch,0.0,1.0,1.5043796372834966,0.0,1.0
2018-06-12,3825.953,watch,0.0,1.0,1.5226758511229832,0.0,1.0
2018-06-13,3788.339,watch,0.0,1.0,1.5077060045346589,0.0,1.0
2018-06-14,3773.365,watch,0.0,1.0,1.5017465616991834,0.0,1.0
2018-06-15,3753.433,watch,0.0,1.0,1.493813904119599,0.0,1.0
2018-06-19,3621.116,watch,0.0,1.0,1.4411535863914304,0.0,1.0
2018-06-20,3635.443,watch,0.0,1.0,1.4468555322645342,0.0,1.0
2018-06-21,3592.965,watch,0.0,1.0,1.4299498816190603,0.0,1.0
2018-06-22,3608.904,watch,0.0,1.0,1.43629338097492,0.0,1.0
2018-06-25,3560.477,watch,0.0,1.0,1.4170201114281344,0.0,1.0
2018-06-26,3531.111,watch,0.0,1.0,1.4053328536275087,0.0,1.0
2018-06-27,3459.262,watch,0.0,1.0,1.376737955251252,0.0,1.0
2018-06-28,3423.525,watch,0.0,1.0,1.3625151284440271,0.0,1.0
2018-06-29,3510.984,watch,0.0,1.0,1.3973225887717846,0.0,1.0
2018-07-02,3407.963,watch,0.0,1.0,1.3563216698220377,0.0,1.0
2018-07-03,3409.28,watch,0.0,1.0,1.3568458174255054,0.0,1.0
2018-07-04,3363.747,watch,0.0,1.0,1.338724319453841,0.0,1.0
2018-07-05,3342.437,watch,0.0,1.0,1.3302432371228687,0.0,1.0
2018-07-06,3365.122,watch,0.0,1.0,1.3392715502471346,0.0,1.0
2018-07-09,3459.183,watch,0.0,1.0,1.3767065143547645,0.0,1.0
2018-07-10,3467.515,watch,0.0,1.0,1.380022533969108,0.0,1.0
2018-07-11,3407.529,watch,0.0,1.0,1.3561489438843726,0.0,1.0
2018-07-12,3481.055,watch,0.0,1.0,1.385411264835432,0.0,1.0
2018-07-13,3492.689,watch,0.0,1.0,1.3900414343257432,0.0,1.0
2018-07-16,3472.085,watch,0.0,1.0,1.3818413301330001,0.0,1.0
2018-07-17,3449.377,watch,0.0,1.0,1.37280386333001,0.0,1.0
2018-07-18,3431.322,watch,0.0,1.0,1.3656182255315255,0.0,1.0
2018-07-19,3428.343,watch,0.0,1.0,1.3644326251437275,0.0,1.0
2018-07-20,3492.893,watch,0.0,1.0,1.3901226234761663,0.0,1.0
2018-07-23,3525.75,watch,0.0,1.0,1.4031992505127104,0.0,1.0
2018-07-24,3581.705,watch,0.0,1.0,1.4254685589045246,0.0,1.0
2018-07-25,3577.752,watch,0.0,1.0,1.4238953201220597,0.0,1.0
2018-07-26,3536.245,watch,0.0,1.0,1.407376113913159,0.0,1.0
2018-07-27,3521.226,watch,0.0,1.0,1.4013987617062669,0.0,1.0
2018-07-30,3515.079,watch,0.0,1.0,1.398952341570721,0.0,1.0
2018-07-31,3517.656,watch,0.0,1.0,1.399977951573861,0.0,1.0
2018-08-01,3447.388,watch,0.0,1.0,1.372012269113384,0.0,1.0
2018-08-02,3370.957,watch,0.0,1.0,1.341593798740857,0.0,1.0
2018-08-03,3315.283,watch,0.0,1.0,1.3194363244238907,0.0,1.0
2018-08-06,3273.272,watch,0.0,1.0,1.3027165332551212,0.0,1.0
2018-08-07,3368.869,watch,0.0,1.0,1.340762803907114,0.0,1.0
2018-08-08,3314.507,watch,0.0,1.0,1.3191274872634573,0.0,1.0
2018-08-09,3397.529,watch,0.0,1.0,1.3521690835695104,0.0,1.0
2018-08-10,3405.019,watch,0.0,1.0,1.3551499989453426,0.0,1.0
2018-08-13,3390.344,watch,0.0,1.0,1.3493095539332818,0.0,1.0
2018-08-14,3372.913,watch,0.0,1.0,1.3423722594184446,0.0,1.0
2018-08-15,3291.976,watch,0.0,1.0,1.3101604639880404,0.0,1.0
2018-08-16,3276.727,watch,0.0,1.0,1.3040915749939062,0.0,1.0
2018-08-17,3229.619,watch,0.0,1.0,1.2853432490226513,0.0,1.0
2018-08-20,3267.249,watch,0.0,1.0,1.3003194633874793,0.0,1.0
2018-08-21,3326.648,watch,0.0,1.0,1.3239594356717321,0.0,1.0
2018-08-22,3307.954,watch,0.0,1.0,1.316519484799128,0.0,1.0
2018-08-23,3320.025,watch,0.0,1.0,1.3213235741851987,0.0,1.0
2018-08-24,3325.334,watch,0.0,1.0,1.323436482026359,0.0,1.0
2018-08-27,3406.573,watch,0.0,1.0,1.355768469238272,0.0,1.0
2018-08-28,3400.17,watch,0.0,1.0,1.3532201646786657,0.0,1.0
2018-08-29,3386.573,watch,0.0,1.0,1.3478087486085468,0.0,1.0
2018-08-30,3351.094,watch,0.0,1.0,1.3336886021974457,0.0,1.0
2018-08-31,3334.503,watch,0.0,1.0,1.3270856159490572,0.0,1.0
2018-09-03,3321.824,watch,0.0,1.0,1.3220395510558427,0.0,1.0
2018-09-04,3363.898,watch,0.0,1.0,1.338784415344596,0.0,1.0
2018-09-05,3298.141,watch,0.0,1.0,1.3126140478721535,0.0,1.0
2018-09-06,3262.88,watch,0.0,1.0,1.2985806624159162,0.0,1.0
2018-09-07,3277.643,watch,0.0,1.0,1.3044561301987478,0.0,1.0
2018-09-10,3230.068,watch,0.0,1.0,1.2855219447507886,0.0,1.0
2018-09-11,3224.211,watch,0.0,1.0,1.2831909405643733,0.0,1.0
2018-09-12,3202.024,watch,0.0,1.0,1.2743608244837874,0.0,1.0
2018-09-13,3236.566,watch,0.0,1.0,1.288108057983386,0.0,1.0
2018-09-14,3242.09,watch,0.0,1.0,1.2903065328213164,0.0,1.0
2018-09-17,3204.922,watch,0.0,1.0,1.2755141880030347,0.0,1.0
2018-09-18,3269.431,watch,0.0,1.0,1.3011878689081824,0.0,1.0
2018-09-19,3312.482,watch,0.0,1.0,1.3183215655496978,0.0,1.0
2018-09-20,3310.125,watch,0.0,1.0,1.3173835124734847,0.0,1.0
2018-09-21,3410.485,watch,0.0,1.0,1.3573253905934466,0.0,1.0
2018-09-25,3379.804,watch,0.0,1.0,1.3451147811614166,0.0,1.0
2018-09-26,3417.241,watch,0.0,1.0,1.3600141842221678,0.0,1.0
2018-09-27,3403.59,watch,0.0,1.0,1.3545812769063488,0.0,1.0
2018-09-28,3438.864,watch,0.0,1.0,1.3686198361809954,0.0,1.0
2018-10-08,3290.898,watch,0.0,1.0,1.3097314350460982,0.0,1.0
2018-10-09,3288.69,watch,0.0,1.0,1.3088526818885764,0.0,1.0
2018-10-10,3281.597,watch,0.0,1.0,1.3060297669672443,0.0,1.0
2018-10-11,3124.113,watch,0.0,1.0,1.2433533347846606,0.0,1.0
2018-10-12,3170.726,watch,0.0,1.0,1.2619046576703303,0.0,1.0
2018-10-15,3126.451,watch,0.0,1.0,1.2442838261262756,0.0,1.0
2018-10-16,3100.973,watch,0.0,1.0,1.2341439380160684,0.0,1.0
2018-10-17,3118.246,watch,0.0,1.0,1.2410183507379309,0.0,1.0
2018-10-18,3044.391,watch,0.0,1.0,1.2116250923825125,0.0,1.0
2018-10-19,3134.945,watch,0.0,1.0,1.24766431947772,0.0,1.0
2018-10-22,3270.273,watch,0.0,1.0,1.3015229731466935,0.0,1.0
2018-10-23,3183.425,watch,0.0,1.0,1.266958682284174,0.0,1.0
2018-10-24,3188.201,watch,0.0,1.0,1.2688594635705523,0.0,1.0
2018-10-25,3194.308,watch,0.0,1.0,1.271289964264839,0.0,1.0
2018-10-26,3173.635,watch,0.0,1.0,1.2630623990359233,0.0,1.0
2018-10-29,3076.888,watch,0.0,1.0,1.2245584444477213,0.0,1.0
2018-10-30,3110.26,watch,0.0,1.0,1.2378400342904812,0.0,1.0
2018-10-31,3153.823,watch,0.0,1.0,1.2551774997801175,0.0,1.0
2018-11-01,3177.033,watch,0.0,1.0,1.2644147555709138,0.0,1.0
2018-11-02,3290.245,watch,0.0,1.0,1.3094715501675371,0.0,1.0
2018-11-05,3262.835,watch,0.0,1.0,1.2985627530444988,0.0,1.0
2018-11-06,3243.15,watch,0.0,1.0,1.2907283980146915,0.0,1.0
2018-11-07,3221.91,watch,0.0,1.0,1.2822751747059231,0.0,1.0
2018-11-08,3212.773,watch,0.0,1.0,1.2786387763362332,0.0,1.0
2018-11-09,3167.444,watch,0.0,1.0,1.260598467514992,0.0,1.0
2018-11-12,3205.14,watch,0.0,1.0,1.2756009489578983,0.0,1.0
2018-11-13,3237.382,watch,0.0,1.0,1.2884328145850787,0.0,1.0
2018-11-14,3204.942,watch,0.0,1.0,1.2755221477236642,0.0,1.0
2018-11-15,3242.371,watch,0.0,1.0,1.290418366896164,0.0,1.0
2018-11-16,3257.673,watch,0.0,1.0,1.2965083491499667,0.0,1.0
2018-11-19,3294.603,watch,0.0,1.0,1.3112059732927548,0.0,1.0
2018-11-20,3218.407,watch,0.0,1.0,1.280881029637627,0.0,1.0
2018-11-21,3226.491,watch,0.0,1.0,1.284098348716162,0.0,1.0
2018-11-22,3214.427,watch,0.0,1.0,1.2792970452323116,0.0,1.0
2018-11-23,3143.475,watch,0.0,1.0,1.2510591403262978,0.0,1.0
2018-11-26,3141.243,watch,0.0,1.0,1.2501708355040206,0.0,1.0
2018-11-27,3137.241,watch,0.0,1.0,1.2485780954060126,0.0,1.0
2018-11-28,3178.932,watch,0.0,1.0,1.2651705310447063,0.0,1.0
2018-11-29,3137.654,watch,0.0,1.0,1.2487424636370164,0.0,1.0
2018-11-30,3172.69,watch,0.0,1.0,1.2626863022361694,0.0,1.0
2018-12-03,3260.95,watch,0.0,1.0,1.2978125493751476,0.0,1.0
2018-12-04,3267.709,watch,0.0,1.0,1.3005025369619632,0.0,1.0
2018-12-05,3252.004,watch,0.0,1.0,1.2942521663374713,0.0,1.0
2018-12-06,3181.673,watch,0.0,1.0,1.2662614107570107,0.0,1.0
2018-12-07,3181.564,watch,0.0,1.0,1.2662180302795787,0.0,1.0
2018-12-10,3144.763,watch,0.0,1.0,1.2515717463348526,0.0,1.0
2018-12-11,3159.815,watch,0.0,1.0,1.257562232080784,0.0,1.0
2018-12-12,3170.609,watch,0.0,1.0,1.2618580933046468,0.0,1.0
2018-12-13,3219.692,watch,0.0,1.0,1.2813924416880875,0.0,1.0
2018-12-14,3165.91,watch,0.0,1.0,1.2599879569426928,0.0,1.0
2018-12-17,3161.196,watch,0.0,1.0,1.2581118507902664,0.0,1.0
2018-12-18,3128.426,watch,0.0,1.0,1.2450698485384615,0.0,1.0
2018-12-19,3091.125,watch,0.0,1.0,1.230224571577992,0.0,1.0
2018-12-20,3067.416,watch,0.0,1.0,1.2207887207574841,0.0,1.0
2018-12-21,3029.395,watch,0.0,1.0,1.2056568938543446,0.0,1.0
2018-12-24,3038.198,watch,0.0,1.0,1.2091603648895184,0.0,1.0
2018-12-25,3017.281,watch,0.0,1.0,1.2008356910689202,0.0,1.0
2018-12-26,3002.032,watch,0.0,1.0,1.1947668020747861,0.0,1.0
2018-12-27,2990.505,watch,0.0,1.0,1.190179217089844,0.0,1.0
2018-12-28,3010.653,watch,0.0,1.0,1.1981978396522295,0.0,1.0
2019-01-02,2969.535,watch,0.0,1.0,1.181833450009577,0.0,1.0
2019-01-03,2964.842,watch,0.0,1.0,1.179965701563812,0.0,1.0
2019-01-04,3035.874,watch,0.0,1.0,1.2082354453523445,0.0,1.0
2019-01-07,3054.303,watch,0.0,1.0,1.215569929926605,0.0,1.0
2019-01-08,3047.703,watch,0.0,1.0,1.2129432221187955,0.0,1.0
2019-01-09,3078.475,watch,0.0,1.0,1.225190048279691,0.0,1.0
2019-01-10,3072.686,watch,0.0,1.0,1.222886107143417,0.0,1.0
2019-01-11,3094.778,watch,0.0,1.0,1.2316784145510113,0.0,1.0
2019-01-14,3067.784,watch,0.0,1.0,1.220935179617071,0.0,1.0
2019-01-15,3127.99,watch,0.0,1.0,1.2448963266287334,0.0,1.0
2019-01-16,3128.651,watch,0.0,1.0,1.2451593953955458,0.0,1.0
2019-01-17,3111.416,watch,0.0,1.0,1.23830010614288,0.0,1.0
2019-01-18,3168.173,watch,0.0,1.0,1.260888599331946,0.0,1.0
2019-01-21,3185.636,watch,0.0,1.0,1.267838629399791,0.0,1.0
2019-01-22,3143.317,watch,0.0,1.0,1.2509962585333234,0.0,1.0
2019-01-23,3141.053,watch,0.0,1.0,1.2500952181580385,0.0,1.0
2019-01-24,3158.781,watch,0.0,1.0,1.257150714524227,0.0,1.0
2019-01-25,3184.469,watch,0.0,1.0,1.2673741797010465,0.0,1.0
2019-01-28,3183.777,watch,0.0,1.0,1.267098773367258,0.0,1.0
2019-01-29,3193.969,watch,0.0,1.0,1.271155047000166,0.0,1.0
2019-01-30,3168.482,watch,0.0,1.0,1.2610115770156753,0.0,1.0
2019-01-31,3201.633,watch,0.0,1.0,1.2742052119454768,0.0,1.0
2019-02-01,3247.397,watch,0.0,1.0,1.2924186446904142,0.0,1.0
2019-02-11,3306.472,watch,0.0,1.0,1.3159296695004656,0.0,1.0
2019-02-12,3330.335,watch,0.0,1.0,1.3254268101698226,0.0,1.0
2019-02-13,3397.027,watch,0.0,1.0,1.3519692945817048,0.0,1.0
2019-02-14,3402.14,watch,0.0,1.0,1.354004197160694,0.0,1.0
2019-02-15,3338.704,watch,0.0,1.0,1.3287575552673312,0.0,1.0
2019-02-18,3445.744,watch,0.0,1.0,1.3713579800776214,0.0,1.0
2019-02-19,3439.607,watch,0.0,1.0,1.36891553980239,0.0,1.0
2019-02-20,3451.927,watch,0.0,1.0,1.3738187277103011,0.0,1.0
2019-02-21,3442.705,watch,0.0,1.0,1.3701485005279346,0.0,1.0
2019-02-22,3520.118,watch,0.0,1.0,1.4009577931833812,0.0,1.0
2019-02-25,3729.483,watch,0.0,1.0,1.484282138665504,0.0,1.0
2019-02-26,3684.693,watch,0.0,1.0,1.4664563443152339,0.0,1.0
2019-02-27,3678.392,watch,0.0,1.0,1.4639486343308388,0.0,1.0
2019-02-28,3669.37,watch,0.0,1.0,1.4603580043547697,0.0,1.0
2019-03-01,3749.714,watch,0.0,1.0,1.4923337940685024,0.0,1.0
2019-03-04,3794.104,watch,0.0,1.0,1.5100003940061777,0.0,1.0
2019-03-05,3816.013,watch,0.0,1.0,1.5187198699700104,0.0,1.0
2019-03-06,3848.09,watch,0.0,1.0,1.5314860679019955,0.0,1.0
2019-03-07,3808.849,watch,0.0,1.0,1.515868698040443,0.0,1.0
2019-03-08,3657.579,watch,0.0,1.0,1.455665351057515,0.0,1.0
2019-03-11,3729.954,watch,0.0,1.0,1.4844695900863338,0.0,1.0
2019-03-12,3755.351,watch,0.0,1.0,1.4945772413279905,0.0,1.0
2019-03-13,3724.194,watch,0.0,1.0,1.4821771905449728,0.0,1.0
2019-03-14,3698.485,watch,0.0,1.0,1.4719453676614926,0.0,1.0
2019-03-15,3745.005,watch,0.0,1.0,1.4904596778462338,0.0,1.0
2019-03-18,3851.747,watch,0.0,1.0,1.532941502819141,0.0,1.0
2019-03-19,3833.962,watch,0.0,1.0,1.5258633212491577,0.0,1.0
2019-03-20,3835.439,watch,0.0,1.0,1.526451146617663,0.0,1.0
2019-03-21,3836.891,watch,0.0,1.0,1.527029022335381,0.0,1.0
2019-03-22,3833.801,watch,0.0,1.0,1.5257992454980884,0.0,1.0
2019-03-25,3742.825,watch,0.0,1.0,1.4895920682975938,0.0,1.0
2019-03-26,3700.438,watch,0.0,1.0,1.4727226343809854,0.0,1.0
2019-03-27,3743.387,watch,0.0,1.0,1.4898157364472888,0.0,1.0
2019-03-28,3728.395,watch,0.0,1.0,1.4838491298632466,0.0,1.0
2019-03-29,3872.341,watch,0.0,1.0,1.5411376271515689,0.0,1.0
2019-04-01,3973.928,watch,0.0,1.0,1.5815678341321644,0.0,1.0
2019-04-02,3971.285,watch,0.0,1.0,1.5805159570509462,0.0,1.0
2019-04-03,4022.156,watch,0.0,1.0,1.6007619044586843,0.0,1.0
2019-04-04,4062.23,watch,0.0,1.0,1.616710796684465,0.0,1.0
2019-04-08,4057.228,watch,0.0,1.0,1.6147200705549707,0.0,1.0
2019-04-09,4075.43,watch,0.0,1.0,1.621964212300084,0.0,1.0
2019-04-10,4085.847,watch,0.0,1.0,1.6261100327900766,0.0,1.0
2019-04-11,3997.577,watch,0.0,1.0,1.5909798057907838,0.0,1.0
2019-04-12,3988.616,watch,0.0,1.0,1.5874134529626354,0.0,1.0
2019-04-15,3975.524,watch,0.0,1.0,1.582203019838417,0.0,1.0
2019-04-16,4085.789,watch,0.0,1.0,1.6260869496002506,0.0,1.0
2019-04-17,4087.239,watch,0.0,1.0,1.6266640293459056,0.0,1.0
2019-04-18,4072.075,watch,0.0,1.0,1.620628969164448,0.0,1.0
2019-04-19,4120.607,watch,0.0,1.0,1.6399440272445396,0.0,1.0
2019-04-22,4025.61,watch,0.0,1.0,1.6021365482114387,0.0,1.0
2019-04-23,4019.005,watch,0.0,1.0,1.5995078504734717,0.0,1.0
2019-04-24,4030.088,watch,0.0,1.0,1.603918729660434,0.0,1.0
2019-04-25,3941.816,watch,0.0,1.0,1.5687877066890779,0.0,1.0
2019-04-26,3889.274,watch,0.0,1.0,1.5478767246227263,0.0,1.0
2019-04-29,3900.333,watch,0.0,1.0,1.552278052144933,0.0,1.0
2019-04-30,3913.211,watch,0.0,1.0,1.557403316258413,0.0,1.0
2019-05-06,3684.616,watch,0.0,1.0,1.4664256993908094,0.0,1.0
2019-05-07,3720.668,watch,0.0,1.0,1.4807738917979525,0.0,1.0
2019-05-08,3667.457,watch,0.0,1.0,1.4595966570765364,0.0,1.0
2019-05-09,3599.7,watch,0.0,1.0,1.4326303175411212,0.0,1.0
2019-05-10,3730.451,watch,0.0,1.0,1.4846673891439823,0.0,1.0
2019-05-13,3668.725,bottom_watch,0.0,1.0,1.460101303364461,0.0,1.0
2019-05-14,3645.15,bottom_watch,0.0,1.0,1.4507187826721724,0.0,1.0
2019-05-15,3727.092,bottom_watch,0.0,1.0,1.48333055406422,0.0,1.0
2019-05-16,3743.963,bottom_watch,0.0,1.0,1.4900449764014252,0.0,1.0
2019-05-17,3648.76,bottom_watch,0.0,1.0,1.4521555122458378,0.0,1.0
2019-05-20,3617.792,bottom_watch,0.0,1.0,1.4398306808227708,0.0,1.0
2019-05-21,3666.776,bottom_watch,0.0,1.0,1.4593256285890943,0.0,1.0
2019-05-22,3649.379,bottom_watch,0.0,1.0,1.4524018655993278,0.0,1.0
2019-05-23,3583.964,bottom_watch,0.0,1.0,1.4263676093496533,0.0,1.0
2019-05-24,3593.913,bottom_watch,0.0,1.0,1.4303271723769104,0.0,1.0
2019-05-27,3637.197,bottom_watch,0.0,1.0,1.4475535997637623,0.0,1.0
2019-05-28,3672.26,bottom_watch,0.0,1.0,1.4615081839857655,0.0,1.0
2019-05-29,3663.909,bottom_watch,0.0,1.0,1.4581846026368237,0.0,1.0
2019-05-30,3641.183,bottom_watch,0.0,1.0,1.449139972085267,0.0,1.0
2019-05-31,3629.789,bottom_watch,0.0,1.0,1.4446053192425123,0.0,1.0
2019-06-03,3632.012,bottom_watch,0.0,1.0,1.4454900421905064,0.0,1.0
2019-06-04,3598.466,bottom_watch,0.0,1.0,1.4321392027782678,0.0,1.0
2019-06-05,3597.105,bottom_watch,0.0,1.0,1.431597543789415,0.0,1.0
2019-06-06,3564.677,bottom_watch,0.0,1.0,1.4186916527603783,0.0,1.0
2019-06-10,3610.743,bottom_watch,0.0,1.0,1.4370252772868246,0.0,1.0
2019-06-11,3719.275,bottom_watch,0.0,1.0,1.4802194972560925,0.0,1.0
2019-06-12,3691.095,bottom_watch,0.0,1.0,1.4690042508888093,0.0,1.0
2019-06-13,3685.393,bottom_watch,0.0,1.0,1.4667349345372747,0.0,1.0
2019-06-14,3654.879,bottom_watch,0.0,1.0,1.4545907887725027,0.0,1.0
2019-06-17,3654.824,bottom_watch,0.0,1.0,1.454568899540771,0.0,1.0
2019-06-18,3667.618,bottom_watch,0.0,1.0,1.4596607328276063,0.0,1.0
2019-06-19,3715.938,bottom_watch,0.0,1.0,1.4788914178690227,0.0,1.0
2019-06-20,3828.518,bottom_watch,0.0,1.0,1.523696685293747,0.0,1.0
2019-06-21,3833.938,bottom_watch,0.0,1.0,1.5258537695844023,0.0,1.0
2019-06-24,3841.265,bottom_watch,0.0,1.0,1.5287698132371021,0.0,1.0
2019-06-25,3801.309,bottom_watch,0.0,1.0,1.5128678833630367,0.0,1.0
2019-06-26,3794.331,bottom_watch,0.0,1.0,1.5100907368353254,0.0,1.0
2019-06-27,3834.817,bottom_watch,0.0,1.0,1.5262035993060785,0.0,1.0
2019-06-28,3825.587,bottom_watch,0.0,1.0,1.52253018823546,0.0,1.0
2019-07-01,3935.811,bottom_watch,0.0,1.0,1.5663978005700026,0.0,1.0
2019-07-02,3937.169,bottom_watch,0.0,1.0,1.566938265600761,0.0,1.0
2019-07-03,3893.534,bottom_watch,0.0,1.0,1.5495721451168578,0.0,1.0
2019-07-04,3873.101,bottom_watch,0.0,1.0,1.5414400965354988,0.0,1.0
2019-07-05,3893.202,bottom_watch,0.0,1.0,1.5494400137544047,0.0,1.0
2019-07-08,3802.789,bottom_watch,0.0,1.0,1.5134569026896365,0.0,1.0
2019-07-09,3793.129,bottom_watch,0.0,1.0,1.509612357625479,0.0,1.0
2019-07-10,3786.739,bottom_watch,0.0,1.0,1.5070692268842818,0.0,1.0
2019-07-11,3785.221,bottom_watch,0.0,1.0,1.5064650840884857,0.0,1.0
2019-07-12,3808.731,bottom_watch,0.0,1.0,1.5158217356887278,0.0,1.0
2019-07-15,3824.187,bottom_watch,0.0,1.0,1.5219730077913796,0.0,1.0
2019-07-16,3806.844,bottom_watch,0.0,1.0,1.5150707360473132,0.0,1.0
2019-07-17,3804.638,bottom_watch,0.0,1.0,1.5141927788618543,0.0,1.0
2019-07-18,3768.401,bottom_watch,0.0,1.0,1.4997709590388861,0.0,1.0
2019-07-19,3807.955,bottom_watch,0.0,1.0,1.515512898528294,0.0,1.0
2019-07-22,3781.683,bottom_watch,0.0,1.0,1.5050570095090867,0.0,1.0
2019-07-23,3789.913,bottom_watch,0.0,1.0,1.5083324345482187,0.0,1.0
2019-07-24,3819.832,bottom_watch,0.0,1.0,1.5202397786242563,0.0,1.0
2019-07-25,3851.066,bottom_watch,0.0,1.0,1.5326704743316986,0.0,1.0
2019-07-26,3858.568,bottom_watch,0.0,1.0,1.5356561655399088,0.0,1.0
2019-07-29,3854.27,bottom_watch,0.0,1.0,1.5339456215765805,0.0,1.0
2019-07-30,3870.317,bottom_watch,0.0,1.0,1.5403321034238406,0.0,1.0
2019-07-31,3835.358,bottom_watch,0.0,1.0,1.5264189097491123,0.0,1.0
2019-08-01,3803.469,bottom_watch,0.0,1.0,1.5137275331910467,0.0,1.0
2019-08-02,3747.437,bottom_watch,0.0,1.0,1.491427579874808,0.0,1.0
2019-08-05,3675.688,bottom_watch,0.0,1.0,1.4628724801017,0.0,1.0
2019-08-06,3636.328,bottom_watch,0.0,1.0,1.4472077499024003,0.0,1.0
2019-08-07,3621.431,bottom_watch,0.0,1.0,1.4412789519913494,0.0,1.0
2019-08-08,3669.293,bottom_watch,0.0,1.0,1.4603273594303454,0.0,1.0
2019-08-09,3633.529,bottom_watch,0.0,1.0,1.4460937870002704,0.0,1.0
2019-08-12,3699.104,bottom_watch,0.0,1.0,1.4721917210149826,0.0,1.0
2019-08-13,3665.751,bottom_watch,0.0,1.0,1.4589176929068213,0.0,1.0
2019-08-14,3682.401,bottom_watch,0.0,1.0,1.4655441603310675,0.0,1.0
2019-08-15,3694.0,bottom_watch,0.0,1.0,1.4701604003102768,0.0,1.0
2019-08-16,3710.538,bottom_watch,0.0,1.0,1.4767422932989966,0.0,1.0
2019-08-19,3791.094,bottom_watch,0.0,1.0,1.5088024560514044,0.0,1.0
2019-08-20,3787.732,bottom_watch,0.0,1.0,1.5074644270135478,0.0,1.0
2019-08-21,3781.757,bottom_watch,0.0,1.0,1.5050864604754175,0.0,1.0
2019-08-22,3793.506,bottom_watch,0.0,1.0,1.5097623983593496,0.0,1.0
2019-08-23,3820.863,bottom_watch,0.0,1.0,1.520650102222719,0.0,1.0
2019-08-26,3765.91,bottom_watch,0.0,1.0,1.498779575834454,0.0,1.0
2019-08-27,3816.945,bottom_watch,0.0,1.0,1.5190907929513555,0.0,1.0
2019-08-28,3802.584,bottom_watch,0.0,1.0,1.5133753155531813,0.0,1.0
2019-08-29,3790.186,bottom_watch,0.0,1.0,1.5084410847348146,0.0,1.0
2019-08-30,3799.586,bottom_watch,0.0,1.0,1.5121821534307853,0.0,1.0
2019-09-02,3848.319,bottom_watch,0.0,1.0,1.5315772067032056,0.0,1.0
2019-09-03,3853.61,bottom_watch,0.0,1.0,1.5336829507957994,0.0,1.0
2019-09-04,3886.001,bottom_watch,0.0,1.0,1.5465741163416713,0.0,1.0
2019-09-05,3925.323,bottom_watch,0.0,1.0,1.562223723071774,0.0,1.0
2019-09-06,3948.507,bottom_watch,0.0,1.0,1.571450631225752,0.0,1.0
2019-09-09,3972.948,bottom_watch,0.0,1.0,1.5811778078213075,0.0,1.0
2019-09-10,3959.265,bottom_watch,0.0,1.0,1.5757321649524811,0.0,1.0
2019-09-11,3930.099,bottom_watch,0.0,1.0,1.5641245043581526,0.0,1.0
2019-09-12,3972.379,bottom_watch,0.0,1.0,1.580951353769392,0.0,1.0
2019-09-16,3957.715,bottom_watch,0.0,1.0,1.5751152866036775,0.0,1.0
2019-09-17,3891.22,bottom_watch,0.0,1.0,1.548651205439998,0.0,1.0
2019-09-18,3910.083,bottom_watch,0.0,1.0,1.5561584159519237,0.0,1.0
2019-09-19,3924.382,bottom_watch,0.0,1.0,1.5618492182161459,0.0,1.0
2019-09-20,3935.651,bottom_watch,0.0,1.0,1.5663341228049643,0.0,1.0
2019-09-23,3890.661,bottom_watch,0.0,1.0,1.548428731248397,0.0,1.0
2019-09-24,3901.075,bottom_watch,0.0,1.0,1.5525733577802951,0.0,1.0
2019-09-25,3870.983,bottom_watch,0.0,1.0,1.5405971621208105,0.0,1.0
2019-09-26,3841.138,bottom_watch,0.0,1.0,1.5287192690111027,0.0,1.0
2019-09-27,3852.653,bottom_watch,0.0,1.0,1.533302078163667,0.0,1.0
2019-09-30,3814.528,bottom_watch,0.0,1.0,1.518128860713253,0.0,1.0
2019-10-08,3837.679,bottom_watch,0.0,1.0,1.5273426353281918,0.0,1.0
2019-10-09,3843.239,bottom_watch,0.0,1.0,1.5295554376632554,0.0,1.0
2019-10-10,3874.639,bottom_watch,0.0,1.0,1.542052199051924,0.0,1.0
2019-10-11,3911.725,bottom_watch,0.0,1.0,1.5568119090156238,0.0,1.0
2019-10-14,3953.241,bottom_watch,0.0,1.0,1.5733346970988078,0.0,1.0
2019-10-15,3936.249,bottom_watch,0.0,1.0,1.5665721184517931,0.0,1.0
2019-10-16,3922.685,bottom_watch,0.0,1.0,1.5611738359207135,0.0,1.0
2019-10-17,3925.221,bottom_watch,0.0,1.0,1.5621831284965624,0.0,1.0
2019-10-18,3869.377,bottom_watch,0.0,1.0,1.5399579965542431,0.0,1.0
2019-10-21,3880.839,bottom_watch,0.0,1.0,1.5445197124471386,0.0,1.0
2019-10-22,3895.88,bottom_watch,0.0,1.0,1.5505058203467235,0.0,1.0
2019-10-23,3871.084,bottom_watch,0.0,1.0,1.54063735870999,0.0,1.0
2019-10-24,3870.667,bottom_watch,0.0,1.0,1.5404713985348604,0.0,1.0
2019-10-25,3896.792,bottom_watch,0.0,1.0,1.550868783607439,0.0,1.0
2019-10-28,3926.585,bottom_watch,0.0,1.0,1.5627259814435095,0.0,1.0
2019-10-29,3910.226,bottom_watch,0.0,1.0,1.5562153279544257,0.0,1.0
2019-10-30,3891.225,bottom_watch,0.0,1.0,1.5486531953701552,0.0,1.0
2019-10-31,3886.751,bottom_watch,0.0,1.0,1.5468726058652857,0.0,1.0
2019-11-01,3952.387,bottom_watch,0.0,1.0,1.5729948170279184,0.0,1.0
2019-11-04,3978.121,bottom_watch,0.0,1.0,1.5832365895621863,0.0,1.0
2019-11-05,4002.812,bottom_watch,0.0,1.0,1.5930632626656134,0.0,1.0
2019-11-06,3984.881,bottom_watch,0.0,1.0,1.5859269751350333,0.0,1.0
2019-11-07,3991.874,bottom_watch,0.0,1.0,1.5887100914532168,0.0,1.0
2019-11-08,3973.01,bottom_watch,0.0,1.0,1.58120248295526,0.0,1.0
2019-11-11,3902.978,bottom_watch,0.0,1.0,1.5533307251982136,0.0,1.0
2019-11-12,3903.688,watch,0.0,1.0,1.5536132952805688,0.0,1.0
2019-11-13,3899.981,watch,0.0,1.0,1.5521379610618493,0.0,1.0
2019-11-14,3905.857,watch,0.0,1.0,1.5544765269828624,0.0,1.0
2019-11-15,3877.089,watch,0.0,1.0,1.5430272648290657,0.0,1.0
2019-11-18,3907.929,watch,0.0,1.0,1.5553011540401023,0.0,1.0
2019-11-19,3947.039,watch,0.0,1.0,1.5708663877315303,0.0,1.0
2019-11-20,3907.864,watch,0.0,1.0,1.5552752849480558,0.0,1.0
2019-11-21,3889.598,watch,0.0,1.0,1.5480056720969273,0.0,1.0
2019-11-22,3849.994,watch,0.0,1.0,1.5322438333059452,0.0,1.0
2019-11-25,3878.206,watch,0.0,1.0,1.5434718152262359,0.0,1.0
2019-11-26,3891.653,watch,0.0,1.0,1.5488235333916314,0.0,1.0
2019-11-27,3875.618,watch,0.0,1.0,1.542441827376749,0.0,1.0
2019-11-28,3862.302,watch,0.0,1.0,1.537142245381478,0.0,1.0
2019-11-29,3828.67,watch,0.0,1.0,1.523757179170532,0.0,1.0
2019-12-02,3836.058,watch,0.0,1.0,1.5266974999711522,0.0,1.0
2019-12-03,3851.087,watch,0.0,1.0,1.5326788320383598,0.0,1.0
2019-12-04,3849.819,watch,0.0,1.0,1.532174185750435,0.0,1.0
2019-12-05,3879.363,bottom_watch,0.0,1.0,1.5439322850646655,0.0,1.0
2019-12-06,3902.385,bottom_watch,0.0,1.0,1.5530947194815425,0.0,1.0
2019-12-09,3895.446,bottom_watch,0.0,1.0,1.5503330944090594,0.0,1.0
2019-12-10,3900.384,bottom_watch,0.0,1.0,1.5522983494325389,0.0,1.0
2019-12-11,3902.749,bottom_watch,0.0,1.0,1.5532395863970037,0.0,1.0
2019-12-12,3891.024,bottom_watch,0.0,1.0,1.548573200177827,0.0,1.0
2019-12-13,3968.221,bottom_watch,0.0,1.0,1.5792965278504727,0.0,1.0
2019-12-16,3987.546,bottom_watch,0.0,1.0,1.5869876079089444,0.0,1.0
2019-12-17,4041.799,bottom_watch,0.0,1.0,1.608579544075169,0.0,1.0
2019-12-18,4032.782,bottom_watch,0.0,1.0,1.6049909040292574,0.0,1.0
2019-12-19,4027.149,bottom_watch,0.0,1.0,1.6027490487138951,0.0,1.0
2019-12-20,4017.252,bottom_watch,0.0,1.0,1.5988101809602757,0.0,1.0
2019-12-23,3967.096,bottom_watch,0.0,1.0,1.5788487935650504,0.0,1.0
2019-12-24,3992.958,bottom_watch,0.0,1.0,1.5891415083113485,0.0,1.0
2019-12-25,3990.867,bottom_watch,0.0,1.0,1.5883093195195108,0.0,1.0
2019-12-26,4025.987,bottom_watch,0.0,1.0,1.6022865889453084,0.0,1.0
2019-12-27,4022.027,bottom_watch,0.0,1.0,1.6007105642606227,0.0,1.0
2019-12-30,4081.633,bottom_watch,0.0,1.0,1.624432919653393,0.0,1.0
2019-12-31,4096.582,bottom_watch,0.0,1.0,1.6303824128380817,0.0,1.0
2020-01-02,4152.24,bottom_watch,0.0,1.0,1.6525335193785442,0.0,1.0
2020-01-03,4144.964,bottom_watch,0.0,1.0,1.6496377730134502,0.0,1.0
2020-01-06,4129.295,bottom_watch,0.0,1.0,1.6434017298860917,0.0,1.0
2020-01-07,4160.227,bottom_watch,0.0,1.0,1.655712233812025,0.0,1.0
2020-01-08,4112.317,bottom_watch,0.0,1.0,1.6366447230435177,0.0,1.0
2020-01-09,4164.369,bottom_watch,0.0,1.0,1.657360691954441,0.0,1.0
2020-01-10,4163.184,bottom_watch,0.0,1.0,1.65688907850713,0.0,1.0
2020-01-13,4203.988,bottom_watch,0.0,1.0,1.6731285005358958,0.0,1.0
2020-01-14,4189.886,bottom_watch,0.0,1.0,1.6675161015198763,0.0,1.0
2020-01-15,4166.734,bottom_watch,0.0,1.0,1.658301928918906,0.0,1.0
2020-01-16,4149.043,bottom_watch,0.0,1.0,1.6512611580358825,0.0,1.0
2020-01-17,4154.853,bottom_watch,0.0,1.0,1.6535734568788176,0.0,1.0
2020-01-20,4185.83,bottom_watch,0.0,1.0,1.665901870176168,0.0,1.0
2020-01-21,4114.308,bottom_watch,0.0,1.0,1.637437113232207,0.0,1.0
2020-01-22,4131.931,bottom_watch,0.0,1.0,1.6444508210650894,0.0,1.0
2020-01-23,4003.901,bottom_watch,0.0,1.0,1.5934966694539026,0.0,1.0
2020-02-03,3688.357,bottom_watch,0.0,1.0,1.4679145651345993,0.0,1.0
2020-02-04,3785.637,bottom_watch,0.0,1.0,1.5066306462775838,0.0,1.0
2020-02-05,3828.527,bottom_watch,0.0,1.0,1.5237002671680295,0.0,1.0
2020-02-06,3899.775,bottom_watch,0.0,1.0,1.5520559759393633,0.0,1.0
2020-02-07,3899.869,bottom_watch,0.0,1.0,1.552093386626323,0.0,1.0
2020-02-10,3916.005,bottom_watch,0.0,1.0,1.5585152892303853,0.0,1.0
2020-02-11,3952.464,bottom_watch,0.0,1.0,1.5730254619523434,0.0,1.0
2020-02-12,3984.432,bottom_watch,0.0,1.0,1.5857482794068964,0.0,1.0
2020-02-13,3959.918,bottom_watch,0.0,1.0,1.5759920498310422,0.0,1.0
2020-02-14,3987.734,bottom_watch,0.0,1.0,1.5870624292828641,0.0,1.0
2020-02-17,4077.424,bottom_watch,0.0,1.0,1.6227577964468676,0.0,1.0
2020-02-18,4057.51,bottom_watch,0.0,1.0,1.6148323026158502,0.0,1.0
2020-02-19,4051.31,bottom_watch,0.0,1.0,1.6123647892206352,0.0,1.0
2020-02-20,4144.656,bottom_watch,0.0,1.0,1.6495151933157526,0.0,1.0
2020-02-21,4149.49,bottom_watch,0.0,1.0,1.651439057791957,0.0,1.0
2020-02-24,4132.838,bottom_watch,0.0,1.0,1.6448117943956475,0.0,1.0
2020-02-25,4123.854,bottom_watch,0.0,1.0,1.641236287888775,0.0,1.0
2020-02-26,4073.015,bottom_watch,0.0,1.0,1.6210030760340444,0.0,1.0
2020-02-27,4084.875,bottom_watch,0.0,1.0,1.6257231903674714,0.0,1.0
2020-02-28,3940.048,bottom_watch,0.0,1.0,1.5680840673854095,0.0,1.0
2020-03-02,4069.666,bottom_watch,0.0,1.0,1.6196702208145966,0.0,1.0
2020-03-03,4091.361,bottom_watch,0.0,1.0,1.628304527767691,0.0,1.0
2020-03-04,4115.052,bottom_watch,0.0,1.0,1.6377332148396322,0.0,1.0
2020-03-05,4206.725,bottom_watch,0.0,1.0,1.6742177883040732,0.0,1.0
2020-03-06,4138.507,bottom_watch,0.0,1.0,1.6470679772081425,0.0,1.0
2020-03-09,3997.1325,watch,0.0,1.0,1.5908029009997873,0.0,1.0
2020-03-10,4082.7315,watch,0.0,1.0,1.6248701073089802,0.0,1.0
2020-03-11,4028.4289,watch,0.0,1.0,1.603258431035594,0.0,1.0
2020-03-12,3950.9111,watch,0.0,1.0,1.5724074294440478,0.0,1.0
2020-03-13,3895.3128,watch,0.0,1.0,1.5502800826696648,0.0,1.0
2020-03-16,3727.8398,watch,0.0,1.0,1.483628168018565,0.0,1.0
2020-03-17,3709.6822,watch,0.0,1.0,1.4764016968532498,0.0,1.0
2020-03-18,3636.2565,watch,0.0,1.0,1.4471792939011485,0.0,1.0
2020-03-19,3589.0926,watch,0.0,1.0,1.4284087205107334,0.0,1.0
2020-03-20,3653.2239,watch,0.0,1.0,1.4539320820917885,0.0,1.0
2020-03-23,3530.3058,watch,0.0,1.0,1.4050123952749562,0.0,1.0
2020-03-24,3625.1146,bottom_watch,0.0,1.0,1.4427449733369315,0.0,1.0
2020-03-25,3722.5181,bottom_watch,0.0,1.0,1.4815102057548042,0.0,1.0
2020-03-26,3698.0472,bottom_watch,0.0,1.0,1.471771129376907,0.0,1.0
2020-03-27,3710.0605,bottom_watch,0.0,1.0,1.4765522549689611,0.0,1.0
2020-03-30,3674.1108,bottom_watch,0.0,1.0,1.4622447765328392,0.0,1.0
2020-03-31,3686.1551,bottom_watch,0.0,1.0,1.4670382396918693,0.0,1.0
2020-04-01,3675.0758,bottom_watch,0.0,1.0,1.4626288330532236,0.0,1.0
2020-04-02,3734.5306,bottom_watch,0.0,1.0,1.4862910129580331,0.0,1.0
2020-04-03,3713.2183,bottom_watch,0.0,1.0,1.4778090152591885,0.0,1.0
2020-04-07,3798.0214,bottom_watch,0.0,1.0,1.5115594644859216,0.0,1.0
2020-04-08,3780.3445,bottom_watch,0.0,1.0,1.5045243052059418,0.0,1.0
2020-04-09,3792.8105,bottom_watch,0.0,1.0,1.5094855990744498,0.0,1.0
2020-04-10,3769.1782,bottom_watch,0.0,1.0,1.5000802737825567,0.0,1.0
2020-04-13,3753.2566,bottom_watch,0.0,1.0,1.4937436993836453,0.0,1.0
2020-04-14,3825.6991,bottom_watch,0.0,1.0,1.522574802469589,0.0,1.0
2020-04-15,3797.3623,bottom_watch,0.0,1.0,1.511297151892569,0.0,1.0
2020-04-16,3802.3806,bottom_watch,0.0,1.0,1.5132943651943767,0.0,1.0
2020-04-17,3839.4871,bottom_watch,0.0,1.0,1.5280622338717218,0.0,1.0
2020-04-20,3853.4551,bottom_watch,0.0,1.0,1.533621302759522,0.0,1.0
2020-04-21,3808.0474,bottom_watch,0.0,1.0,1.515549672437603,0.0,1.0
2020-04-22,3839.3834,bottom_watch,0.0,1.0,1.5280209627202566,0.0,1.0
2020-04-23,3829.7525,bottom_watch,0.0,1.0,1.5241879990496152,0.0,1.0
2020-04-24,3796.9721,bottom_watch,0.0,1.0,1.5111418577430829,0.0,1.0
2020-04-27,3822.769,bottom_watch,0.0,1.0,1.5214086635987312,0.0,1.0
2020-04-28,3849.1465,bottom_watch,0.0,1.0,1.5319065401442602,0.0,1.0
2020-04-29,3867.032,bottom_watch,0.0,1.0,1.539024719310408,0.0,1.0
2020-04-30,3912.5772,bottom_watch,0.0,1.0,1.5571510727116569,0.0,1.0
2020-05-06,3936.2539,bottom_watch,0.0,1.0,1.5665740685833478,0.0,1.0
2020-05-07,3924.8946,bottom_watch,0.0,1.0,1.562053225855886,0.0,1.0
2020-05-08,3963.6217,bottom_watch,0.0,1.0,1.5774660706958579,0.0,1.0
2020-05-11,3960.1803,bottom_watch,0.0,1.0,1.5760964415671008,0.0,1.0
2020-05-12,3960.2378,bottom_watch,0.0,1.0,1.5761193257639112,0.0,1.0
2020-05-13,3968.2529,bottom_watch,0.0,1.0,1.579309223604877,0.0,1.0
2020-05-14,3925.2177,bottom_watch,0.0,1.0,1.5621818151426592,0.0,1.0
2020-05-15,3912.8159,bottom_watch,0.0,1.0,1.5572460719773729,0.0,1.0
2020-05-18,3922.9117,bottom_watch,0.0,1.0,1.5612640593540519,0.0,1.0
2020-05-19,3956.2495,bottom_watch,0.0,1.0,1.574532038074535,0.0,1.0
2020-05-20,3935.222,bottom_watch,0.0,1.0,1.5661633867974576,0.0,1.0
2020-05-21,3913.7949,bottom_watch,0.0,1.0,1.5576357003021981,0.0,1.0
2020-05-22,3824.064,bottom_watch,0.0,1.0,1.5219240555095068,0.0,1.0
2020-05-25,3829.3245,bottom_watch,0.0,1.0,1.5240176610281406,0.0,1.0
2020-05-26,3872.7701,bottom_watch,0.0,1.0,1.5413084029576807,0.0,1.0
2020-05-27,3845.6135,bottom_watch,0.0,1.0,1.5305004554950206,0.0,1.0
2020-05-28,3856.6324,bottom_watch,0.0,1.0,1.5348858237773648,0.0,1.0
2020-05-29,3867.0232,bottom_watch,0.0,1.0,1.5390212170333322,0.0,1.0
2020-06-01,3971.3402,bottom_watch,0.0,1.0,1.5805379258798855,0.0,1.0
2020-06-02,3983.5677,bottom_watch,0.0,1.0,1.5854043000798839,0.0,1.0
2020-06-03,3983.6477,bottom_watch,0.0,1.0,1.5854361389624028,0.0,1.0
2020-06-04,3982.1851,bottom_watch,0.0,1.0,1.584854044592751,0.0,1.0
2020-06-05,4001.2509,bottom_watch,0.0,1.0,1.5924419666718619,0.0,1.0
2020-06-08,4021.9549,bottom_watch,0.0,1.0,1.6006818694677536,0.0,1.0
2020-06-09,4047.0293,bottom_watch,0.0,1.0,1.6106611304156528,0.0,1.0
2020-06-10,4039.7051,bottom_watch,0.0,1.0,1.607746201123841,0.0,1.0
2020-06-11,3995.8846,bottom_watch,0.0,1.0,1.5903062542310968,0.0,1.0
2020-06-12,4003.0829,bottom_watch,0.0,1.0,1.5931710770815442,0.0,1.0
2020-06-15,3954.9883,bottom_watch,0.0,1.0,1.5740300980916246,0.0,1.0
2020-06-16,4014.5702,bottom_watch,0.0,1.0,1.5977428620210365,0.0,1.0
2020-06-17,4017.5941,bottom_watch,0.0,1.0,1.5989463319816477,0.0,1.0
2020-06-18,4044.3842,bottom_watch,0.0,1.0,1.6096084175637677,0.0,1.0
2020-06-19,4098.7095,bottom_watch,0.0,1.0,1.6312291281200688,0.0,1.0
2020-06-22,4102.0459,watch,0.0,1.0,1.6325569687155195,0.0,1.0
2020-06-23,4121.7944,watch,0.0,1.0,1.640416595858326,0.0,1.0
2020-06-24,4138.9895,watch,0.0,1.0,1.6472600054683355,0.0,1.0
2020-06-29,4109.7164,watch,0.0,1.0,1.6356097205700353,0.0,1.0
2020-06-30,4163.9637,watch,0.0,1.0,1.6571993882158804,0.0,1.0
2020-07-01,4247.7835,watch,0.0,1.0,1.6905584977778527,0.0,1.0
2020-07-02,4335.8445,watch,0.0,1.0,1.7256055456965649,0.0,1.0
2020-07-03,4419.5955,watch,0.0,1.0,1.7589372738195717,0.0,1.0
2020-07-06,4670.0949,watch,0.0,1.0,1.858632535915263,0.0,1.0
2020-07-07,4698.1264,watch,0.0,1.0,1.86978868135687,0.0,1.0
2020-07-08,4774.0042,watch,0.0,1.0,1.899986985856779,0.0,1.0
2020-07-09,4840.7712,watch,0.0,1.0,1.9265593192210226,0.0,1.0
2020-07-10,4753.1333,watch,0.0,1.0,1.8916806591922322,0.0,1.0
2020-07-13,4852.9612,watch,0.0,1.0,1.93141076894484,0.0,1.0
2020-07-14,4806.6902,watch,0.0,1.0,1.912995557281939,0.0,1.0
2020-07-15,4744.4687,watch,0.0,1.0,1.8882322694238165,0.0,1.0
2020-07-16,4516.2532,watch,0.0,1.0,1.797405688255162,0.0,1.0
2020-07-17,4544.7007,watch,0.0,1.0,1.8087273958858678,0.0,1.0
2020-07-20,4680.3046,watch,0.0,1.0,1.8626958539009286,0.0,1.0
2020-07-21,4691.0425,watch,0.0,1.0,1.8669693881084246,0.0,1.0
2020-07-22,4714.4454,watch,0.0,1.0,1.8762834154046948,0.0,1.0
2020-07-23,4712.4357,watch,0.0,1.0,1.875483582877217,0.0,1.0
2020-07-24,4505.5906,watch,0.0,1.0,1.7931621223958365,0.0,1.0
2020-07-27,4528.45,watch,0.0,1.0,1.8022598442839937,0.0,1.0
2020-07-28,4568.2576,watch,0.0,1.0,1.8181027130309861,0.0,1.0
2020-07-29,4679.008,watch,0.0,1.0,1.862179825212503,0.0,1.0
2020-07-30,4656.1506,watch,0.0,1.0,1.8530828992964086,0.0,1.0
2020-07-31,4695.0462,watch,0.0,1.0,1.8685628047826859,0.0,1.0
2020-08-03,4771.3108,watch,0.0,1.0,1.8989150502795737,0.0,1.0
2020-08-04,4775.8024,watch,0.0,1.0,1.9007026443385973,0.0,1.0
2020-08-05,4777.1089,watch,0.0,1.0,1.9012226130887344,0.0,1.0
2020-08-06,4762.7642,watch,0.0,1.0,1.8955136228628733,0.0,1.0
2020-08-07,4707.9262,watch,0.0,1.0,1.8736888648682295,0.0,1.0
2020-08-10,4724.8697,watch,0.0,1.0,1.8804321411927172,0.0,1.0
2020-08-11,4681.7837,watch,0.0,1.0,1.8632845150400996,0.0,1.0
2020-08-12,4647.6446,watch,0.0,1.0,1.8496976301125867,0.0,1.0
2020-08-13,4635.7126,watch,0.0,1.0,1.8449488607848927,0.0,1.0
2020-08-14,4704.6288,watch,0.0,1.0,1.8723765457280068,0.0,1.0
2020-08-17,4815.2261,watch,0.0,1.0,1.916392726248103,0.0,1.0
2020-08-18,4812.7564,watch,0.0,1.0,1.9154098201461418,0.0,1.0
2020-08-19,4740.6784,watch,0.0,1.0,1.886723782968674,0.0,1.0
2020-08-20,4679.1544,watch,0.0,1.0,1.8622380903675133,0.0,1.0
2020-08-21,4718.8431,watch,0.0,1.0,1.878033638575362,0.0,1.0
2020-08-24,4755.8491,watch,0.0,1.0,1.892761509656543,0.0,1.0
2020-08-25,4761.9507,watch,0.0,1.0,1.8951898612262597,0.0,1.0
2020-08-26,4706.1302,watch,0.0,1.0,1.87297408195568,0.0,1.0
2020-08-27,4731.3451,watch,0.0,1.0,1.8830092599410029,0.0,1.0
2020-08-28,4844.2652,watch,0.0,1.0,1.9279498824150354,0.0,1.0
2020-08-31,4816.2153,watch,0.0,1.0,1.9167864140304485,0.0,1.0
2020-09-01,4842.1223,watch,0.0,1.0,1.9270970381481634,0.0,1.0
2020-09-02,4843.887,watch,0.0,1.0,1.927799364097927,0.0,1.0
2020-09-03,4817.0952,watch,0.0,1.0,1.9171366019395533,0.0,1.0
2020-09-04,4770.219,watch,0.0,1.0,1.8984805291303966,0.0,1.0
2020-09-07,4669.3677,watch,0.0,1.0,1.8583431204731655,0.0,1.0
2020-09-08,4694.3894,watch,0.0,1.0,1.8683014075572055,0.0,1.0
2020-09-09,4584.5887,watch,0.0,1.0,1.8246022627097913,0.0,1.0
2020-09-10,4581.9775,watch,0.0,1.0,1.8235630415843744,0.0,1.0
2020-09-11,4627.2826,watch,0.0,1.0,1.841593838539463,0.0,1.0
2020-09-14,4651.0507,watch,0.0,1.0,1.851053210334432,0.0,1.0
2020-09-15,4688.4826,watch,0.0,1.0,1.865950583666423,0.0,1.0
2020-09-16,4657.3584,watch,0.0,1.0,1.853563586825238,0.0,1.0
2020-09-17,4632.7142,watch,0.0,1.0,1.843755539468084,0.0,1.0
2020-09-18,4737.0887,watch,0.0,1.0,1.8852951325114473,0.0,1.0
2020-09-21,4691.4281,watch,0.0,1.0,1.8671228515221654,0.0,1.0
2020-09-22,4635.7608,watch,0.0,1.0,1.8449680437116098,0.0,1.0
2020-09-23,4652.3273,watch,0.0,1.0,1.851561279302227,0.0,1.0
2020-09-24,4563.0657,watch,0.0,1.0,1.8160364093541124,0.0,1.0
2020-09-25,4570.0216,watch,0.0,1.0,1.8188047603905275,0.0,1.0
2020-09-28,4581.9085,watch,0.0,1.0,1.8235355805482014,0.0,1.0
2020-09-29,4591.7993,watch,0.0,1.0,1.8274719807884259,0.0,1.0
2020-09-30,4587.3953,watch,0.0,1.0,1.8257192503057604,0.0,1.0
2020-10-09,4681.1412,bottom_watch,0.0,1.0,1.8630288090148692,0.0,1.0
2020-10-12,4823.1578,bottom_watch,0.0,1.0,1.919549432054042,0.0,1.0
2020-10-13,4839.201,bottom_watch,0.0,1.0,1.9259344015543824,0.0,1.0
2020-10-14,4807.1021,bottom_watch,0.0,1.0,1.913159487728308,0.0,1.0
2020-10-15,4798.7361,bottom_watch,0.0,1.0,1.9098299365888938,0.0,1.0
2020-10-16,4791.676,bottom_watch,0.0,1.0,1.9070201154079975,0.0,1.0
2020-10-19,4755.4879,bottom_watch,0.0,1.0,1.8926177571019696,0.0,1.0
2020-10-20,4793.4672,bottom_watch,0.0,1.0,1.9077329879875957,0.0,1.0
2020-10-21,4792.8284,bottom_watch,0.0,1.0,1.9074787545106826,0.0,1.0
2020-10-22,4777.9845,bottom_watch,0.0,1.0,1.9015710896579034,0.0,1.0
2020-10-23,4718.4881,bottom_watch,0.0,1.0,1.8778923535341836,0.0,1.0
2020-10-26,4691.2359,bottom_watch,0.0,1.0,1.8670463586069135,0.0,1.0
2020-10-27,4699.2792,bottom_watch,0.0,1.0,1.8702474796539672,0.0,1.0
2020-10-28,4737.2718,bottom_watch,0.0,1.0,1.8853680037538125,0.0,1.0
2020-10-29,4772.9198,bottom_watch,0.0,1.0,1.8995554098042347,0.0,1.0
2020-10-30,4695.3338,bottom_watch,0.0,1.0,1.8686772655653414,0.0,1.0
2020-11-02,4720.8313,bottom_watch,0.0,1.0,1.8788249144031623,0.0,1.0
2020-11-03,4777.5608,bottom_watch,0.0,1.0,1.9014024629763628,0.0,1.0
2020-11-04,4813.6564,bottom_watch,0.0,1.0,1.9157680075744783,0.0,1.0
2020-11-05,4885.1118,bottom_watch,0.0,1.0,1.9442062586487425,0.0,1.0
2020-11-06,4885.7178,bottom_watch,0.0,1.0,1.9444474381838235,0.0,1.0
2020-11-09,4981.3497,bottom_watch,0.0,1.0,1.982507598548315,0.0,1.0
2020-11-10,4953.8756,bottom_watch,0.0,1.0,1.9715732905206582,0.0,1.0
2020-11-11,4904.8981,bottom_watch,0.0,1.0,1.9520809296635395,0.0,1.0
2020-11-12,4908.463,bottom_watch,0.0,1.0,1.9534997100671845,0.0,1.0
2020-11-13,4856.8513,bottom_watch,0.0,1.0,1.9329589744059248,0.0,1.0
2020-11-16,4904.1716,bottom_watch,0.0,1.0,1.9517917928116642,0.0,1.0
2020-11-17,4894.786,bottom_watch,0.0,1.0,1.948056455114547,0.0,1.0
2020-11-18,4891.6716,bottom_watch,0.0,1.0,1.9468169674180857,0.0,1.0
2020-11-19,4927.9891,bottom_watch,0.0,1.0,1.9612708251165882,0.0,1.0
2020-11-20,4943.2882,bottom_watch,0.0,1.0,1.9673596532109001,0.0,1.0
2020-11-23,5005.0273,bottom_watch,0.0,1.0,1.9919309526074342,0.0,1.0
2020-11-24,4974.2855,bottom_watch,0.0,1.0,1.9796961456246898,0.0,1.0
2020-11-25,4910.7,bottom_watch,0.0,1.0,1.9543900048196197,0.0,1.0
2020-11-26,4919.5912,bottom_watch,0.0,1.0,1.9579285782227702,0.0,1.0
2020-11-27,4980.765,bottom_watch,0.0,1.0,1.982274896115705,0.0,1.0
2020-11-30,4960.2519,bottom_watch,0.0,1.0,1.974110968853224,0.0,1.0
2020-12-01,5067.0983,bottom_watch,0.0,1.0,2.0166343435678185,0.0,1.0
2020-12-02,5067.1447,bottom_watch,0.0,1.0,2.016652810119679,0.0,1.0
2020-12-03,5057.0603,bottom_watch,0.0,1.0,2.0126393597837593,0.0,1.0
2020-12-04,5065.9163,bottom_watch,0.0,1.0,2.016163924078602,0.0,1.0
2020-12-07,5022.2351,bottom_watch,0.0,1.0,1.9987794166400434,0.0,1.0
2020-12-08,5009.8786,bottom_watch,0.0,1.0,1.9938617022419836,0.0,1.0
2020-12-09,4942.6986,bottom_watch,0.0,1.0,1.967125000646736,0.0,1.0
2020-12-10,4940.5249,bottom_watch,0.0,1.0,1.9662598984100943,0.0,1.0
2020-12-11,4889.6292,bottom_watch,0.0,1.0,1.9460041207473788,0.0,1.0
2020-12-14,4934.8352,bottom_watch,0.0,1.0,1.9639954772867474,0.0,1.0
2020-12-15,4945.1,bottom_watch,0.0,1.0,1.9680807243027478,0.0,1.0
2020-12-16,4953.867,bottom_watch,0.0,1.0,1.971569867840788,0.0,1.0
2020-12-17,5017.4784,bottom_watch,0.0,1.0,1.9968863164840738,0.0,1.0
2020-12-18,4999.9678,bottom_watch,0.0,1.0,1.9899173422811307,0.0,1.0
2020-12-21,5046.8396,bottom_watch,0.0,1.0,2.0085716639517486,0.0,1.0
2020-12-22,4964.7727,bottom_watch,0.0,1.0,1.9759101841043685,0.0,1.0
2020-12-23,5007.1235,bottom_watch,0.0,1.0,1.992765210926637,0.0,1.0
2020-12-24,5000.0154,bottom_watch,0.0,1.0,1.9899362864162298,0.0,1.0
2020-12-25,5042.0137,bottom_watch,0.0,1.0,2.0066510231623997,0.0,1.0
2020-12-28,5064.4147,bottom_watch,0.0,1.0,2.0155663082537236,0.0,1.0
2020-12-29,5042.9361,bottom_watch,0.0,1.0,2.0070181254778428,0.0,1.0
2020-12-30,5113.7105,bottom_watch,0.0,1.0,2.0351853480646644,0.0,1.0
2020-12-31,5211.2885,bottom_watch,0.0,1.0,2.0740200290450312,0.0,1.0
2021-01-04,5267.7181,watch,0.0,1.0,2.0964782216073887,0.0,1.0
2021-01-05,5368.5049,watch,0.0,1.0,2.1365899601655887,0.0,1.0
2021-01-06,5417.6677,watch,0.0,1.0,2.156156067834342,0.0,1.0
2021-01-07,5513.6568,watch,0.0,1.0,2.19435838880928,0.0,1.0
2021-01-08,5495.4306,watch,0.0,1.0,2.187104615802205,0.0,1.0
2021-01-11,5441.1583,watch,0.0,1.0,2.1655049985055728,0.0,1.0
2021-01-12,5596.3525,watch,0.0,1.0,2.227270122273259,0.0,1.0
2021-01-13,5577.9711,watch,0.0,1.0,2.2199545818340973,0.0,1.0
2021-01-14,5470.4563,watch,0.0,1.0,2.1771651932560574,0.0,1.0
2021-01-15,5458.0812,watch,0.0,1.0,2.172240076317812,0.0,1.0
2021-01-18,5518.5205,watch,0.0,1.0,2.1962940734706193,0.0,1.0
2021-01-19,5437.5234,watch,0.0,1.0,2.164058359079723,0.0,1.0
2021-01-20,5476.4336,watch,0.0,1.0,2.17954407516206,0.0,1.0
2021-01-21,5564.9693,watch,0.0,1.0,2.214780047049919,0.0,1.0
2021-01-22,5569.776,watch,0.0,1.0,2.216693046507464,0.0,1.0
2021-01-25,5625.9232,watch,0.0,1.0,2.2390388478145296,0.0,1.0
2021-01-26,5512.9678,watch,0.0,1.0,2.1940841764335857,0.0,1.0
2021-01-27,5528.0034,watch,0.0,1.0,2.2000681352086007,0.0,1.0
2021-01-28,5377.1427,watch,0.0,1.0,2.1400276839083605,0.0,1.0
2021-01-29,5351.9646,watch,0.0,1.0,2.130007151808996,0.0,1.0
2021-02-01,5417.6484,watch,0.0,1.0,2.1561483867039337,0.0,1.0
2021-02-02,5501.0915,watch,0.0,1.0,2.1893575749278456,0.0,1.0
2021-02-03,5485.2008,watch,0.0,1.0,2.1830332982973064,0.0,1.0
2021-02-04,5473.9475,watch,0.0,1.0,2.1785546420891824,0.0,1.0
2021-02-05,5483.414,watch,0.0,1.0,2.182322176856247,0.0,1.0
2021-02-08,5564.5618,watch,0.0,1.0,2.2146178677420885,0.0,1.0
2021-02-09,5686.2502,watch,0.0,1.0,2.2630481511360023,0.0,1.0
2021-02-10,5807.7191,watch,0.0,1.0,2.3113910765960046,0.0,1.0
2021-02-18,5768.3814,watch,0.0,1.0,2.295735221485207,0.0,1.0
2021-02-19,5778.842,watch,0.0,1.0,2.2998983941661724,0.0,1.0
2021-02-22,5597.3327,watch,0.0,1.0,2.227660228181322,0.0,1.0
2021-02-23,5579.6681,watch,0.0,1.0,2.2206299641295293,0.0,1.0
2021-02-24,5437.5683,watch,0.0,1.0,2.164076228652537,0.0,1.0
2021-02-25,5469.5584,watch,0.0,1.0,2.176807841598386,0.0,1.0
2021-02-26,5336.7609,watch,0.0,1.0,2.123956291582088,0.0,1.0
2021-03-01,5418.7837,watch,0.0,1.0,2.1566002202454797,0.0,1.0
2021-03-02,5349.6301,watch,0.0,1.0,2.129078053418491,0.0,1.0
2021-03-03,5452.2125,watch,0.0,1.0,2.169904415694828,0.0,1.0
2021-03-04,5280.7058,watch,0.0,1.0,2.101647144788522,0.0,1.0
2021-03-05,5262.7958,watch,0.0,1.0,2.094519214964603,0.0,1.0
2021-03-08,5080.0246,watch,0.0,1.0,2.0217788304066198,0.0,1.0
2021-03-09,4970.9994,watch,0.0,1.0,1.978388323726623,0.0,1.0
2021-03-10,5003.6121,watch,0.0,1.0,1.9913677227756756,0.0,1.0
2021-03-11,5128.2156,watch,0.0,1.0,2.0409581752499752,0.0,1.0
2021-03-12,5146.3786,watch,0.0,1.0,2.0481867955398596,0.0,1.0
2021-03-15,5035.5441,watch,0.0,1.0,2.0040762127330947,0.0,1.0
2021-03-16,5079.3624,watch,0.0,1.0,2.0215152840565693,0.0,1.0
2021-03-17,5100.8581,watch,0.0,1.0,2.030070272393589,0.0,1.0
2021-03-18,5141.7681,watch,0.0,1.0,2.0463518809416925,0.0,1.0
2021-03-19,5007.0907,watch,0.0,1.0,1.9927521569848035,0.0,1.0
2021-03-22,5057.152,watch,0.0,1.0,2.012675855102847,0.0,1.0
2021-03-23,5009.2459,watch,0.0,1.0,1.9936098964798628,0.0,1.0
2021-03-24,4928.6853,watch,0.0,1.0,1.9615479029917102,0.0,1.0
2021-03-25,4926.3469,watch,0.0,1.0,1.9606172524556826,0.0,1.0
2021-03-26,5037.9899,bottom_watch,0.0,1.0,2.005049606968904,0.0,1.0
2021-03-29,5046.8773,bottom_watch,0.0,1.0,2.008586668025135,0.0,1.0
2021-03-30,5094.7291,bottom_watch,0.0,1.0,2.0276310160066093,0.0,1.0
2021-03-31,5048.3607,bottom_watch,0.0,1.0,2.0091770405042415,0.0,1.0
2021-04-01,5110.7768,bottom_watch,0.0,1.0,2.0340177764440917,0.0,1.0
2021-04-02,5161.5569,bottom_watch,0.0,1.0,2.054227546921567,0.0,1.0
2021-04-06,5140.3418,bottom_watch,0.0,1.0,2.045784233464983,0.0,1.0
2021-04-07,5103.7428,bottom_watch,0.0,1.0,2.0312183426986175,0.0,1.0
2021-04-08,5112.2086,bottom_watch,0.0,1.0,2.0345876128439735,0.0,1.0
2021-04-09,5035.3374,bottom_watch,0.0,1.0,2.0039939490203866,0.0,1.0
2021-04-12,4947.7459,bottom_watch,0.0,1.0,1.969133755543457,0.0,1.0
2021-04-13,4939.6438,bottom_watch,0.0,1.0,1.965909232917752,0.0,1.0
2021-04-14,4980.6279,bottom_watch,0.0,1.0,1.9822203322307888,0.0,1.0
2021-04-15,4948.9741,bottom_watch,0.0,1.0,1.9696225619873289,0.0,1.0
2021-04-16,4966.1811,bottom_watch,0.0,1.0,1.9764707076311125,0.0,1.0
2021-04-19,5087.0165,bottom_watch,0.0,1.0,2.0245615089401685,0.0,1.0
2021-04-20,5083.3654,bottom_watch,0.0,1.0,2.023108422140609,0.0,1.0
2021-04-21,5098.7449,bottom_watch,0.0,1.0,2.029229248311852,0.0,1.0
2021-04-22,5089.2435,bottom_watch,0.0,1.0,2.025447823832288,0.0,1.0
2021-04-23,5135.4534,bottom_watch,0.0,1.0,2.043838718548666,0.0,1.0
2021-04-26,5077.2372,bottom_watch,0.0,1.0,2.020669484142455,0.0,1.0
2021-04-27,5090.5195,bottom_watch,0.0,1.0,2.0259556540084653,0.0,1.0
2021-04-28,5119.2421,bottom_watch,0.0,1.0,2.037386847596433,0.0,1.0
2021-04-29,5164.1692,bottom_watch,0.0,1.0,2.05526720583162,0.0,1.0
2021-04-30,5123.489,bottom_watch,0.0,1.0,2.0390770544735517,0.0,1.0
2021-05-06,5061.1244,bottom_watch,0.0,1.0,2.014256814814323,0.0,1.0
2021-05-07,4996.0527,bottom_watch,0.0,1.0,1.9883591871692587,0.0,1.0
2021-05-10,4992.422,bottom_watch,0.0,1.0,1.986914219284741,0.0,1.0
2021-05-11,5023.0595,bottom_watch,0.0,1.0,1.999107516324402,0.0,1.0
2021-05-12,5044.5481,bottom_watch,0.0,1.0,2.007659678960598,0.0,1.0
2021-05-13,4992.9738,bottom_watch,0.0,1.0,1.9871338279769153,0.0,1.0
2021-05-14,5110.5901,bottom_watch,0.0,1.0,2.033943472452014,0.0,1.0
2021-05-17,5184.9853,bottom_watch,0.0,1.0,2.063551722861641,0.0,1.0
2021-05-18,5187.6013,bottom_watch,0.0,1.0,2.0645928543200096,0.0,1.0
2021-05-19,5172.272,bottom_watch,0.0,1.0,2.0584920070475468,0.0,1.0
2021-05-20,5186.412,bottom_watch,0.0,1.0,2.0641195295327632,0.0,1.0
2021-05-21,5134.1483,bottom_watch,0.0,1.0,2.043319306978974,0.0,1.0
2021-05-24,5155.5875,bottom_watch,0.0,1.0,2.051851809105215,0.0,1.0
2021-05-25,5318.478,bottom_watch,0.0,1.0,2.1166799527670292,0.0,1.0
2021-05-26,5320.5927,bottom_watch,0.0,1.0,2.1175215738278137,0.0,1.0
2021-05-27,5338.2329,bottom_watch,0.0,1.0,2.1245421270204377,0.0,1.0
2021-05-28,5321.0886,bottom_watch,0.0,1.0,2.117718935100828,0.0,1.0
2021-05-31,5331.5696,bottom_watch,0.0,1.0,2.1218902266968356,0.0,1.0
2021-06-01,5341.6798,bottom_watch,0.0,1.0,2.125913945072368,0.0,1.0
2021-06-02,5289.9736,bottom_watch,0.0,1.0,2.105335599731133,0.0,1.0
2021-06-03,5255.2855,bottom_watch,0.0,1.0,2.0915302204723343,0.0,1.0
2021-06-04,5282.2772,bottom_watch,0.0,1.0,2.102272540038402,0.0,1.0
2021-06-07,5277.6271,bottom_watch,0.0,1.0,2.1004218651933875,0.0,1.0
2021-06-08,5232.1165,bottom_watch,0.0,1.0,2.0823092821088287,0.0,1.0
2021-06-09,5236.4493,bottom_watch,0.0,1.0,2.0840336759860523,0.0,1.0
2021-06-10,5271.4661,bottom_watch,0.0,1.0,2.0979698732534007,0.0,1.0
2021-06-11,5224.703,bottom_watch,0.0,1.0,2.0793588126644056,0.0,1.0
2021-06-15,5166.5597,bottom_watch,0.0,1.0,2.05621859143989,0.0,1.0
2021-06-16,5080.4909,bottom_watch,0.0,1.0,2.0219644112931046,0.0,1.0
2021-06-17,5101.8924,bottom_watch,0.0,1.0,2.030481909345958,0.0,1.0
2021-06-18,5102.4657,bottom_watch,0.0,1.0,2.030710074737809,0.0,1.0
2021-06-21,5090.3854,bottom_watch,0.0,1.0,2.025902284081645,0.0,1.0
2021-06-22,5122.1583,bottom_watch,0.0,1.0,2.0385474544614555,0.0,1.0
2021-06-23,5147.3938,bottom_watch,0.0,1.0,2.048590830959027,0.0,1.0
2021-06-24,5155.9738,bottom_watch,0.0,1.0,2.052005551109179,0.0,1.0
2021-06-25,5239.9684,bottom_watch,0.0,1.0,2.0854342286294556,0.0,1.0
2021-06-28,5251.7604,watch,0.0,1.0,2.090127279912742,0.0,1.0
2021-06-29,5190.5445,watch,0.0,1.0,2.0657642068078816,0.0,1.0
2021-06-30,5224.041,watch,0.0,1.0,2.0790953459115613,0.0,1.0
2021-07-01,5229.6642,watch,0.0,1.0,2.0813333009638146,0.0,1.0
2021-07-02,5081.1172,watch,0.0,1.0,2.0222136699446236,0.0,1.0
2021-07-05,5085.7924,watch,0.0,1.0,2.0240743342390286,0.0,1.0
2021-07-06,5083.1043,watch,0.0,1.0,2.0230045079877903,0.0,1.0
2021-07-07,5140.4899,watch,0.0,1.0,2.0458431751962487,0.0,1.0
2021-07-08,5088.2566,watch,0.0,1.0,2.025055051417817,0.0,1.0
2021-07-09,5069.4361,watch,0.0,1.0,2.01756475531223,0.0,1.0
2021-07-12,5132.7088,bottom_watch,0.0,1.0,2.042746406086651,0.0,1.0
2021-07-13,5142.0991,bottom_watch,0.0,1.0,2.0464836143181167,0.0,1.0
2021-07-14,5083.0849,bottom_watch,0.0,1.0,2.022996787058779,0.0,1.0
2021-07-15,5151.4626,bottom_watch,0.0,1.0,2.050210156523938,0.0,1.0
2021-07-16,5094.7727,bottom_watch,0.0,1.0,2.027648368197585,0.0,1.0
2021-07-19,5113.4945,bottom_watch,0.0,1.0,2.035099383081864,0.0,1.0
2021-07-20,5108.9941,bottom_watch,0.0,1.0,2.033308286745764,0.0,1.0
2021-07-21,5144.0428,bottom_watch,0.0,1.0,2.0472571797675165,0.0,1.0
2021-07-22,5151.7517,bottom_watch,0.0,1.0,2.0503252142856407,0.0,1.0
2021-07-23,5089.2282,bottom_watch,0.0,1.0,2.025441734646009,0.0,1.0
2021-07-26,4925.299,bottom_watch,0.0,1.0,1.9602002028932903,0.0,1.0
2021-07-27,4751.313,bottom_watch,0.0,1.0,1.8909562052191202,0.0,1.0
2021-07-28,4760.4826,bottom_watch,0.0,1.0,1.894605577933437,0.0,1.0
2021-07-29,4850.2746,bottom_watch,0.0,1.0,1.930341539672652,0.0,1.0
2021-07-30,4811.1695,bottom_watch,0.0,1.0,1.9147782561127784,0.0,1.0
2021-08-02,4933.736,bottom_watch,0.0,1.0,1.96355801104094,0.0,1.0
2021-08-03,4934.4583,bottom_watch,0.0,1.0,1.9638454763514825,0.0,1.0
2021-08-04,4978.8479,bottom_watch,0.0,1.0,1.9815119170947453,0.0,1.0
2021-08-05,4948.6703,bottom_watch,0.0,1.0,1.9695016538309655,0.0,1.0
2021-08-06,4921.5647,bottom_watch,0.0,1.0,1.9587140036559112,0.0,1.0
2021-08-09,4985.5627,bottom_watch,0.0,1.0,1.9841843136989699,0.0,1.0
2021-08-10,5043.148,bottom_watch,0.0,1.0,2.007102458717916,0.0,1.0
2021-08-11,5015.3406,bottom_watch,0.0,1.0,1.9960355019459648,0.0,1.0
2021-08-12,4973.3509,bottom_watch,0.0,1.0,1.9793241878796657,0.0,1.0
2021-08-13,4945.9829,bottom_watch,0.0,1.0,1.9684321061699495,0.0,1.0
2021-08-16,4941.0676,bottom_watch,0.0,1.0,1.9664758854293851,0.0,1.0
2021-08-17,4837.4034,bottom_watch,0.0,1.0,1.9252189818641863,0.0,1.0
2021-08-18,4894.2384,bottom_watch,0.0,1.0,1.9478385179637083,0.0,1.0
2021-08-19,4862.1394,bottom_watch,0.0,1.0,1.9350635643390302,0.0,1.0
2021-08-20,4769.2678,bottom_watch,0.0,1.0,1.89810196481725,0.0,1.0
2021-08-23,4835.8782,bottom_watch,0.0,1.0,1.924611973568963,0.0,1.0
2021-08-24,4888.3902,bottom_watch,0.0,1.0,1.94551101605437,0.0,1.0
2021-08-25,4898.1572,bottom_watch,0.0,1.0,1.9493981456238965,0.0,1.0
2021-08-26,4801.6094,bottom_watch,0.0,1.0,1.9109734698531669,0.0,1.0
2021-08-27,4827.0433,bottom_watch,0.0,1.0,1.921095806779385,0.0,1.0
2021-08-30,4813.2703,bottom_watch,0.0,1.0,1.9156143451677246,0.0,1.0
2021-08-31,4805.6099,bottom_watch,0.0,1.0,1.9125656129721271,0.0,1.0
2021-09-01,4869.4587,bottom_watch,0.0,1.0,1.937976543499287,0.0,1.0
2021-09-02,4869.4113,bottom_watch,0.0,1.0,1.9379576789613946,0.0,1.0
2021-09-03,4843.0624,bottom_watch,0.0,1.0,1.9274711848163661,0.0,1.0
2021-09-06,4933.7262,bottom_watch,0.0,1.0,1.963554110777831,0.0,1.0
2021-09-07,4992.8294,bottom_watch,0.0,1.0,1.9870763587939702,0.0,1.0
2021-09-08,4972.1324,bottom_watch,0.0,1.0,1.9788392419002994,0.0,1.0
2021-09-09,4970.0133,bottom_watch,0.0,1.0,1.9779958697009765,0.0,1.0
2021-09-10,5013.5219,bottom_watch,0.0,1.0,1.9953116847505001,0.0,1.0
2021-09-13,4991.6598,bottom_watch,0.0,1.0,1.9866108743315443,0.0,1.0
2021-09-14,4917.1617,bottom_watch,0.0,1.0,1.9569616711592768,0.0,1.0
2021-09-15,4867.3187,bottom_watch,0.0,1.0,1.9371248533919068,0.0,1.0
2021-09-16,4807.6978,bottom_watch,0.0,1.0,1.9133965680072673,0.0,1.0
2021-09-17,4855.9402,bottom_watch,0.0,1.0,1.9325963693326407,0.0,1.0
2021-09-22,4821.7675,bottom_watch,0.0,1.0,1.9189961120744696,0.0,1.0
2021-09-23,4853.1957,bottom_watch,0.0,1.0,1.9315040966692265,0.0,1.0
2021-09-24,4849.4277,bottom_watch,0.0,1.0,1.9300044853025864,0.0,1.0
2021-09-27,4877.3698,bottom_watch,0.0,1.0,1.941125050792979,0.0,1.0
2021-09-28,4883.828,bottom_watch,0.0,1.0,1.9436953241815238,0.0,1.0
2021-09-29,4833.9281,bottom_watch,0.0,1.0,1.9238358610089619,0.0,1.0
2021-09-30,4866.3826,bottom_watch,0.0,1.0,1.9367522986678325,0.0,1.0
2021-10-08,4929.9409,bottom_watch,0.0,1.0,1.962047614252846,0.0,1.0
2021-10-11,4936.1918,bottom_watch,0.0,1.0,1.9645353851370633,0.0,1.0
2021-10-12,4883.8369,bottom_watch,0.0,1.0,1.9436988662572032,0.0,1.0
2021-10-13,4940.1089,bottom_watch,0.0,1.0,1.9660943362209988,0.0,1.0
2021-10-14,4913.6123,bottom_watch,0.0,1.0,1.9555490595391194,0.0,1.0
2021-10-15,4932.1084,bottom_watch,0.0,1.0,1.9629102489760923,0.0,1.0
2021-10-18,4874.7753,watch,0.0,1.0,1.9400924760342868,0.0,1.0
2021-10-19,4922.7232,watch,0.0,1.0,1.9591750704733872,0.0,1.0
2021-10-20,4910.1846,watch,0.0,1.0,1.9541848828189932,0.0,1.0
2021-10-21,4928.0156,watch,0.0,1.0,1.9612813717464246,0.0,1.0
2021-10-22,4959.7254,watch,0.0,1.0,1.973901429207648,0.0,1.0
2021-10-25,4979.5235,watch,0.0,1.0,1.9817807964576164,0.0,1.0
2021-10-26,4963.0984,watch,0.0,1.0,1.9752438360918512,0.0,1.0
2021-10-27,4898.1644,watch,0.0,1.0,1.9494010111233215,0.0,1.0
2021-10-28,4864.138,watch,0.0,1.0,1.9358589792215575,0.0,1.0
2021-10-29,4908.7701,watch,0.0,1.0,1.953621931577456,0.0,1.0
2021-11-01,4890.6851,watch,0.0,1.0,1.9464243541980266,0.0,1.0
2021-11-02,4839.8457,watch,0.0,1.0,1.9261909831488837,0.0,1.0
2021-11-03,4821.1119,watch,0.0,1.0,1.9187351924322262,0.0,1.0
2021-11-04,4868.7419,watch,0.0,1.0,1.937691267111917,0.0,1.0
2021-11-05,4842.3458,watch,0.0,1.0,1.9271859880262023,0.0,1.0
2021-11-08,4848.1795,watch,0.0,1.0,1.929507719138084,0.0,1.0
2021-11-09,4846.7444,watch,0.0,1.0,1.9289365693842977,0.0,1.0
2021-11-10,4821.1925,watch,0.0,1.0,1.918767270106364,0.0,1.0
2021-11-11,4898.6529,bottom_watch,0.0,1.0,1.9495954272997027,0.0,1.0
2021-11-12,4888.3749,bottom_watch,0.0,1.0,1.9455049268680868,0.0,1.0
2021-11-15,4882.3777,bottom_watch,0.0,1.0,1.9431181250400573,0.0,1.0
2021-11-16,4883.3206,bottom_watch,0.0,1.0,1.943493386069146,0.0,1.0
2021-11-17,4885.7544,bottom_watch,0.0,1.0,1.9444620044725767,0.0,1.0
2021-11-18,4837.6185,bottom_watch,0.0,1.0,1.9253045886595566,0.0,1.0
2021-11-19,4890.0575,bottom_watch,0.0,1.0,1.9461745781646649,0.0,1.0
2021-11-22,4912.399,bottom_watch,0.0,1.0,1.9550661830871157,0.0,1.0
2021-11-23,4913.3457,bottom_watch,0.0,1.0,1.9554429564631237,0.0,1.0
2021-11-24,4916.6579,bottom_watch,0.0,1.0,1.9567611657966129,0.0,1.0
2021-11-25,4896.4416,bottom_watch,0.0,1.0,1.948715360788277,0.0,1.0
2021-11-26,4860.1265,bottom_watch,0.0,1.0,1.93426245825625,0.0,1.0
2021-11-29,4851.423,bottom_watch,0.0,1.0,1.9307985868312088,0.0,1.0
2021-11-30,4832.026,bottom_watch,0.0,1.0,1.9230788517784698,0.0,1.0
2021-12-01,4843.851,bottom_watch,0.0,1.0,1.9277850366007951,0.0,1.0
2021-12-02,4856.163,bottom_watch,0.0,1.0,1.9326850406204537,0.0,1.0
2021-12-03,4901.0175,bottom_watch,0.0,1.0,1.9505365050697545,0.0,1.0
2021-12-06,4892.6209,bottom_watch,0.0,1.0,1.9471947755577768,0.0,1.0
2021-12-07,4922.1015,bottom_watch,0.0,1.0,1.9589276425576108,0.0,1.0
2021-12-08,4995.9298,bottom_watch,0.0,1.0,1.9883102746859884,0.0,1.0
2021-12-09,5078.6901,bottom_watch,0.0,1.0,2.021247718047601,0.0,1.0
2021-12-10,5055.1172,bottom_watch,0.0,1.0,2.011866033125979,0.0,1.0
2021-12-13,5083.8007,bottom_watch,0.0,1.0,2.023281665460115,0.0,1.0
2021-12-14,5049.6953,bottom_watch,0.0,1.0,2.009708192661863,0.0,1.0
2021-12-15,5005.8991,bottom_watch,0.0,1.0,1.992277916829684,0.0,1.0
2021-12-16,5034.7321,bottom_watch,0.0,1.0,2.003753048075528,0.0,1.0
2021-12-17,4954.7599,bottom_watch,0.0,1.0,1.9719252295683016,0.0,1.0
2021-12-20,4880.4178,bottom_watch,0.0,1.0,1.9423381122169465,0.0,1.0
2021-12-21,4913.4853,bottom_watch,0.0,1.0,1.9554985153131188,0.0,1.0
2021-12-22,4914.4544,bottom_watch,0.0,1.0,1.9558842035762316,0.0,1.0
2021-12-23,4948.7389,bottom_watch,0.0,1.0,1.9695289556727225,0.0,1.0
2021-12-24,4921.3449,bottom_watch,0.0,1.0,1.9586265263261873,0.0,1.0
2021-12-27,4919.3238,bottom_watch,0.0,1.0,1.9578221567579503,0.0,1.0
2021-12-28,4955.9644,bottom_watch,0.0,1.0,1.972404603743226,0.0,1.0
2021-12-29,4883.4804,bottom_watch,0.0,1.0,1.9435569842369753,0.0,1.0
2021-12-30,4921.5109,bottom_watch,0.0,1.0,1.9586925920074139,0.0,1.0
2021-12-31,4940.3733,bottom_watch,0.0,1.0,1.9661995637277205,0.0,1.0
2022-01-04,4917.7653,bottom_watch,0.0,1.0,1.957201895527879,0.0,1.0
2022-01-05,4868.1202,bottom_watch,0.0,1.0,1.93744383919614,0.0,1.0
2022-01-06,4818.2318,bottom_watch,0.0,1.0,1.9175889528629402,0.0,1.0
2022-01-07,4822.3689,bottom_watch,0.0,1.0,1.9192354608738025,0.0,1.0
2022-01-10,4844.0451,bottom_watch,0.0,1.0,1.9278622856895054,0.0,1.0
2022-01-11,4797.7735,bottom_watch,0.0,1.0,1.9094468352349852,0.0,1.0
2022-01-12,4845.5787,bottom_watch,0.0,1.0,1.9284726370673926,0.0,1.0
2022-01-13,4765.9191,bottom_watch,0.0,1.0,1.896769228993609,0.0,1.0
2022-01-14,4726.7317,bottom_watch,0.0,1.0,1.881173191183344,0.0,1.0
2022-01-17,4767.2762,bottom_watch,0.0,1.0,1.8973093358369388,0.0,1.0
2022-01-18,4813.3472,bottom_watch,0.0,1.0,1.9156449502935429,0.0,1.0
2022-01-19,4780.3784,bottom_watch,0.0,1.0,1.9025238284186783,0.0,1.0
2022-01-20,4823.5091,bottom_watch,0.0,1.0,1.9196892445469034,0.0,1.0
2022-01-21,4779.3142,bottom_watch,0.0,1.0,1.9021002916839709,0.0,1.0
2022-01-24,4786.7377,bottom_watch,0.0,1.0,1.9050547409887089,0.0,1.0
2022-01-25,4678.4511,bottom_watch,0.0,1.0,1.8619581867915684,0.0,1.0
2022-01-26,4712.3109,bottom_watch,0.0,1.0,1.8754339142204872,0.0,1.0
2022-01-27,4619.8765,bottom_watch,0.0,1.0,1.838646314191673,0.0,1.0
2022-01-28,4563.772,bottom_watch,0.0,1.0,1.8163175068881516,0.0,1.0
2022-02-07,4634.0899,bottom_watch,0.0,1.0,1.8443030488516,0.0,1.0
2022-02-08,4608.7729,bottom_watch,0.0,1.0,1.834227236492462,0.0,1.0
2022-02-09,4652.0609,bottom_watch,0.0,1.0,1.8514552558234398,0.0,1.0
2022-02-10,4639.8625,bottom_watch,0.0,1.0,1.846600463016958,0.0,1.0
2022-02-11,4601.3953,bottom_watch,0.0,1.0,1.8312910547465695,0.0,1.0
2022-02-14,4551.6878,bottom_watch,0.0,1.0,1.8115081640864654,0.0,1.0
2022-02-15,4600.1025,bottom_watch,0.0,1.0,1.830776538405064,0.0,1.0
2022-02-16,4617.9893,watch,0.0,1.0,1.8378952349530528,0.0,1.0
2022-02-17,4629.1649,watch,0.0,1.0,1.8423429676465306,0.0,1.0
2022-02-18,4651.2358,watch,0.0,1.0,1.8511268775488612,0.0,1.0
2022-02-21,4634.3141,watch,0.0,1.0,1.8443922773198598,0.0,1.0
2022-02-22,4574.1527,watch,0.0,1.0,1.820448880485202,0.0,1.0
2022-02-23,4623.0465,watch,0.0,1.0,1.8399079299114858,0.0,1.0
2022-02-24,4529.3189,watch,0.0,1.0,1.8026056543467532,0.0,1.0
2022-02-25,4573.4247,watch,0.0,1.0,1.82015914665428,0.0,1.0
2022-02-28,4581.6459,watch,0.0,1.0,1.8234310694163351,0.0,1.0
2022-03-01,4619.6862,watch,0.0,1.0,1.8385705774498822,0.0,1.0
2022-03-02,4578.6007,watch,0.0,1.0,1.822219122353253,0.0,1.0
2022-03-03,4551.6283,watch,0.0,1.0,1.8114844839175928,0.0,1.0
2022-03-04,4496.4301,watch,0.0,1.0,1.7895163713544073,0.0,1.0
2022-03-07,4352.7775,watch,0.0,1.0,1.732344643167723,0.0,1.0
2022-03-08,4265.391,watch,0.0,1.0,1.697566036827248,0.0,1.0
2022-03-09,4226.3463,watch,0.0,1.0,1.6820267916236764,0.0,1.0
2022-03-10,4292.8374,watch,0.0,1.0,1.7084893206418335,0.0,1.0
2022-03-11,4306.5217,watch,0.0,1.0,1.713935480892501,0.0,1.0
2022-03-14,4174.7577,watch,0.0,1.0,1.6614952494397444,0.0,1.0
2022-03-15,3983.812,watch,0.0,1.0,1.5855015280673765,0.0,1.0
2022-03-16,4156.081,watch,0.0,1.0,1.654062183725485,0.0,1.0
2022-03-17,4237.6956,watch,0.0,1.0,1.686543654490824,0.0,1.0
2022-03-18,4265.9017,watch,0.0,1.0,1.6977692882935291,0.0,1.0
2022-03-21,4258.7459,watch,0.0,1.0,1.6949213798494196,0.0,1.0
2022-03-22,4255.295,watch,0.0,1.0,1.6935479698533638,0.0,1.0
2022-03-23,4276.5174,watch,0.0,1.0,1.701994188607978,0.0,1.0
2022-03-24,4251.3061,watch,0.0,1.0,1.691960443372368,0.0,1.0
2022-03-25,4174.5742,watch,0.0,1.0,1.661422219002967,0.0,1.0
2022-03-28,4148.4663,watch,0.0,1.0,1.6510316394915265,0.0,1.0
2022-03-29,4134.1441,watch,0.0,1.0,1.6453316039513741,0.0,1.0
2022-03-30,4254.0989,watch,0.0,1.0,1.693071938761103,0.0,1.0
2022-03-31,4222.5968,watch,0.0,1.0,1.6805345429986198,0.0,1.0
2022-04-01,4276.158,watch,0.0,1.0,1.7018511524282625,0.0,1.0
2022-04-06,4263.8411,watch,0.0,1.0,1.6969491982770488,0.0,1.0
2022-04-07,4209.0998,watch,0.0,1.0,1.6751629255316496,0.0,1.0
2022-04-08,4230.7669,watch,0.0,1.0,1.6837861286744655,0.0,1.0
2022-04-11,4100.0703,watch,0.0,1.0,1.6317707075117174,0.0,1.0
2022-04-12,4179.9727,watch,0.0,1.0,1.6635707465939458,0.0,1.0
2022-04-13,4139.737,watch,0.0,1.0,1.6475575000268738,0.0,1.0
2022-04-14,4191.5684,watch,0.0,1.0,1.6681856732192515,0.0,1.0
2022-04-15,4188.7472,watch,0.0,1.0,1.667062875027222,0.0,1.0
2022-04-18,4166.3844,watch,0.0,1.0,1.6581627930023008,0.0,1.0
2022-04-19,4134.9017,watch,0.0,1.0,1.6456331181688282,0.0,1.0
2022-04-20,4070.7889,watch,0.0,1.0,1.620117119329355,0.0,1.0
2022-04-21,3995.83,watch,0.0,1.0,1.5902845241937786,0.0,1.0
2022-04-22,4013.2498,watch,0.0,1.0,1.5972173612650633,0.0,1.0
2022-04-25,3814.9127,watch,0.0,1.0,1.5182819659395679,0.0,1.0
2022-04-26,3784.1198,watch,0.0,1.0,1.5060268218706143,0.0,1.0
2022-04-27,3895.5361,watch,0.0,1.0,1.550368952950498,0.0,1.0
2022-04-28,3921.1073,watch,0.0,1.0,1.5605459333588398,0.0,1.0
2022-04-29,4016.241,watch,0.0,1.0,1.598407817082445,0.0,1.0
2022-05-05,4010.2102,watch,0.0,1.0,1.5960076429237575,0.0,1.0
2022-05-06,3908.815,watch,0.0,1.0,1.555653769664001,0.0,1.0
2022-05-09,3877.4364,watch,0.0,1.0,1.5431655251764058,0.0,1.0
2022-05-10,3919.8684,watch,0.0,1.0,1.560052868464431,0.0,1.0
2022-05-11,3976.4231,watch,0.0,1.0,1.5825608490793275,0.0,1.0
2022-05-12,3958.74,watch,0.0,1.0,1.5755232222859525,0.0,1.0
2022-05-13,3988.6002,watch,0.0,1.0,1.587407164783339,0.0,1.0
2022-05-16,3956.5378,watch,0.0,1.0,1.5746467774474135,0.0,1.0
2022-05-17,4005.8934,watch,0.0,1.0,1.5942896168230372,0.0,1.0
2022-05-18,3991.9069,watch,0.0,1.0,1.5887231851936545,0.0,1.0
2022-05-19,3999.5984,watch,0.0,1.0,1.591784294754831,0.0,1.0
2022-05-20,4077.5998,watch,0.0,1.0,1.6228277623912042,0.0,1.0
2022-05-23,4053.9823,watch,0.0,1.0,1.6134283272925771,0.0,1.0
2022-05-24,3959.1541,watch,0.0,1.0,1.5756880283015908,0.0,1.0
2022-05-25,3983.1784,watch,0.0,1.0,1.5852493641178262,0.0,1.0
2022-05-26,3993.0446,watch,0.0,1.0,1.5891759739016762,0.0,1.0
2022-05-27,4001.2988,watch,0.0,1.0,1.59246103020277,0.0,1.0
2022-05-30,4029.0179,watch,0.0,1.0,1.6034928448081407,0.0,1.0
2022-05-31,4091.5176,watch,0.0,1.0,1.6283668523802233,0.0,1.0
2022-06-01,4083.1772,watch,0.0,1.0,1.6250474896832154,0.0,1.0
2022-06-02,4089.5682,watch,0.0,1.0,1.627591018410444,0.0,1.0
2022-06-06,4166.085,watch,0.0,1.0,1.6580436359844726,0.0,1.0
2022-06-07,4179.1285,watch,0.0,1.0,1.6632347667861638,0.0,1.0
2022-06-08,4219.8122,watch,0.0,1.0,1.679426311095342,0.0,1.0
2022-06-09,4175.6747,watch,0.0,1.0,1.6618602026306166,0.0,1.0
2022-06-10,4238.9936,watch,0.0,1.0,1.6870602403596926,0.0,1.0
2022-06-13,4189.3527,watch,0.0,1.0,1.667303855569286,0.0,1.0
2022-06-14,4222.3114,watch,0.0,1.0,1.6804209577852325,0.0,1.0
2022-06-15,4278.2178,watch,0.0,1.0,1.7026709240559168,0.0,1.0
2022-06-16,4250.0614,watch,0.0,1.0,1.6914650701589764,0.0,1.0
2022-06-17,4309.0444,watch,0.0,1.0,1.714939480254131,0.0,1.0
2022-06-20,4330.4328,watch,0.0,1.0,1.7234517646899714,0.0,1.0
2022-06-21,4325.5657,watch,0.0,1.0,1.7215147268761248,0.0,1.0
2022-06-22,4270.6227,watch,0.0,1.0,1.6996481803481747,0.0,1.0
2022-06-23,4343.8781,watch,0.0,1.0,1.7288028062791139,0.0,1.0
2022-06-24,4394.7723,watch,0.0,1.0,1.7490579869627823,0.0,1.0
2022-06-27,4444.2639,watch,0.0,1.0,1.768754952438688,0.0,1.0
2022-06-28,4490.5166,watch,0.0,1.0,1.787162880957213,0.0,1.0
2022-06-29,4421.357,watch,0.0,1.0,1.7596383262140352,0.0,1.0
2022-06-30,4485.0108,watch,0.0,1.0,1.7849716494650558,0.0,1.0
2022-07-01,4466.7179,watch,0.0,1.0,1.7776913307896804,0.0,1.0
2022-07-04,4496.0303,watch,0.0,1.0,1.789357256539019,0.0,1.0
2022-07-05,4489.5383,watch,0.0,1.0,1.7867735312226103,0.0,1.0
2022-07-06,4423.9698,watch,0.0,1.0,1.7606781841171026,0.0,1.0
2022-07-07,4443.4736,watch,0.0,1.0,1.7684404240780045,0.0,1.0
2022-07-08,4428.781,watch,0.0,1.0,1.7625929745117894,0.0,1.0
2022-07-11,4354.6167,watch,0.0,1.0,1.733076619076832,0.0,1.0
2022-07-12,4313.6184,watch,0.0,1.0,1.7167598683621486,0.0,1.0
2022-07-13,4321.4617,watch,0.0,1.0,1.7198813922029048,0.0,1.0
2022-07-14,4322.0742,watch,0.0,1.0,1.7201251586471902,0.0,1.0
2022-07-15,4248.5273,watch,0.0,1.0,1.6908545197880727,0.0,1.0
2022-07-18,4292.5858,watch,0.0,1.0,1.7083891873563104,0.0,1.0
2022-07-19,4269.3401,watch,0.0,1.0,1.6991377234641902,0.0,1.0
2022-07-20,4283.8027,watch,0.0,1.0,1.7048936362431637,0.0,1.0
2022-07-21,4236.0578,watch,0.0,1.0,1.6858918329684547,0.0,1.0
2022-07-22,4238.2341,watch,0.0,1.0,1.6867579699687782,0.0,1.0
2022-07-25,4212.6441,watch,0.0,1.0,1.676573507423045,0.0,1.0
2022-07-26,4245.9758,watch,0.0,1.0,1.689839058428736,0.0,1.0
2022-07-27,4225.0357,watch,0.0,1.0,1.6815051911308103,0.0,1.0
2022-07-28,4225.6733,watch,0.0,1.0,1.681758947024486,0.0,1.0
2022-07-29,4170.1019,watch,0.0,1.0,1.6596423060743497,0.0,1.0
2022-08-01,4188.6784,watch,0.0,1.0,1.6670354935882545,0.0,1.0
2022-08-02,4107.024,watch,0.0,1.0,1.6345381829788623,0.0,1.0
2022-08-03,4066.9754,watch,0.0,1.0,1.6185993995982813,0.0,1.0
2022-08-04,4101.5367,watch,0.0,1.0,1.6323543142282873,0.0,1.0
2022-08-05,4156.9111,watch,0.0,1.0,1.6543925519302205,0.0,1.0
2022-08-08,4148.0746,bottom_watch,0.0,1.0,1.6508757483629921,0.0,1.0
2022-08-09,4156.2907,bottom_watch,0.0,1.0,1.6541456413962863,0.0,1.0
2022-08-10,4109.7373,bottom_watch,0.0,1.0,1.6356180384780936,0.0,1.0
2022-08-11,4193.5428,bottom_watch,0.0,1.0,1.6689714568398162,0.0,1.0
2022-08-12,4191.152,bottom_watch,0.0,1.0,1.6680199518357388,0.0,1.0
2022-08-15,4185.6794,bottom_watch,0.0,1.0,1.6658419334798271,0.0,1.0
2022-08-16,4177.837,bottom_watch,0.0,1.0,1.6627207678264992,0.0,1.0
2022-08-17,4216.9586,bottom_watch,0.0,1.0,1.678290618155892,0.0,1.0
2022-08-18,4180.0996,bottom_watch,0.0,1.0,1.6636212510213395,0.0,1.0
2022-08-19,4151.0738,bottom_watch,0.0,1.0,1.6520693880686257,0.0,1.0
2022-08-22,4181.3965,bottom_watch,0.0,1.0,1.6641373991055746,0.0,1.0
2022-08-23,4161.0823,bottom_watch,0.0,1.0,1.656052631264756,0.0,1.0
2022-08-24,4082.4195,bottom_watch,0.0,1.0,1.624745935667158,0.0,1.0
2022-08-25,4116.2396,bottom_watch,0.0,1.0,1.6382058630506269,0.0,1.0
2022-08-26,4107.5455,bottom_watch,0.0,1.0,1.6347457326942822,0.0,1.0
2022-08-29,4089.5205,bottom_watch,0.0,1.0,1.6275720344767421,0.0,1.0
2022-08-30,4075.7937,bottom_watch,0.0,1.0,1.6221089598197365,0.0,1.0
2022-08-31,4078.8402,bottom_watch,0.0,1.0,1.6233214242646592,0.0,1.0
2022-09-01,4043.7395,bottom_watch,0.0,1.0,1.6093518359692691,0.0,1.0
2022-09-02,4023.6131,bottom_watch,0.0,1.0,1.6013418099051637,0.0,1.0
2022-09-05,4015.4264,bottom_watch,0.0,1.0,1.5980836176611952,0.0,1.0
2022-09-06,4052.2802,bottom_watch,0.0,1.0,1.612750915268384,0.0,1.0
2022-09-07,4054.983,bottom_watch,0.0,1.0,1.6138265919142853,0.0,1.0
2022-09-08,4037.6839,bottom_watch,0.0,1.0,1.6069417917570012,0.0,1.0
2022-09-09,4093.7874,bottom_watch,0.0,1.0,1.629270201074491,0.0,1.0
2022-09-13,4111.1145,bottom_watch,0.0,1.0,1.6361661448406566,0.0,1.0
2022-09-14,4065.359,bottom_watch,0.0,1.0,1.6179560949769867,0.0,1.0
2022-09-15,4027.1186,bottom_watch,0.0,1.0,1.602736949938539,0.0,1.0
2022-09-16,3932.6826,bottom_watch,0.0,1.0,1.565152741069102,0.0,1.0
2022-09-19,3928.0001,bottom_watch,0.0,1.0,1.5632891714766675,0.0,1.0
2022-09-20,3932.8361,bottom_watch,0.0,1.0,1.565213831924935,0.0,1.0
2022-09-21,3903.7348,bottom_watch,0.0,1.0,1.5536319210268434,0.0,1.0
2022-09-22,3869.344,bottom_watch,0.0,1.0,1.5399448630152055,0.0,1.0
2022-09-23,3856.0212,bottom_watch,0.0,1.0,1.5346425747149202,0.0,1.0
2022-09-26,3836.6773,bottom_watch,0.0,1.0,1.5269439727204528,0.0,1.0
2022-09-27,3892.295,bottom_watch,0.0,1.0,1.5490790404238468,0.0,1.0
2022-09-28,3828.7098,bottom_watch,0.0,1.0,1.523773019014586,0.0,1.0
2022-09-29,3827.1434,bottom_watch,0.0,1.0,1.523149613694866,0.0,1.0
2022-09-30,3804.8853,bottom_watch,0.0,1.0,1.5142912008074416,0.0,1.0
2022-10-10,3720.9365,bottom_watch,0.0,1.0,1.4808807510474071,0.0,1.0
2022-10-11,3727.6867,bottom_watch,0.0,1.0,1.4835672363571457,0.0,1.0
2022-10-12,3784.3064,bottom_watch,0.0,1.0,1.5061010860640889,0.0,1.0
2022-10-13,3752.6729,bottom_watch,0.0,1.0,1.4935113949370682,0.0,1.0
2022-10-14,3842.4698,bottom_watch,0.0,1.0,1.5292493068078372,0.0,1.0
2022-10-17,3846.4119,bottom_watch,0.0,1.0,1.5308182075425592,0.0,1.0
2022-10-18,3838.2667,bottom_watch,0.0,1.0,1.5275765317188974,0.0,1.0
2022-10-19,3776.5335,bottom_watch,0.0,1.0,1.5030075804399492,0.0,1.0
2022-10-20,3754.9269,bottom_watch,0.0,1.0,1.494408455452038,0.0,1.0
2022-10-21,3742.8929,bottom_watch,0.0,1.0,1.4896190915491325,0.0,1.0
2022-10-24,3633.3733,bottom_watch,0.0,1.0,1.446031820575169,0.0,1.0
2022-10-25,3627.4542,bottom_watch,0.0,1.0,1.4436761014561985,0.0,1.0
2022-10-26,3656.9027,bottom_watch,0.0,1.0,1.4553961931044217,0.0,1.0
2022-10-27,3631.1448,bottom_watch,0.0,1.0,1.4451449087040016,0.0,1.0
2022-10-28,3541.3295,bottom_watch,0.0,1.0,1.4093996738902528,0.0,1.0
2022-10-31,3508.7034,bottom_watch,0.0,1.0,1.3964149418283784,0.0,1.0
2022-11-01,3634.1732,bottom_watch,0.0,1.0,1.4463501696017547,0.0,1.0
2022-11-02,3677.8051,bottom_watch,0.0,1.0,1.4637150563289603,0.0,1.0
2022-11-03,3647.8966,bottom_watch,0.0,1.0,1.4518118911062534,0.0,1.0
2022-11-04,3767.1746,bottom_watch,0.0,1.0,1.4992828689698725,0.0,1.0
2022-11-07,3775.2971,bottom_watch,0.0,1.0,1.5025155105106198,0.0,1.0
2022-11-08,3749.3251,bottom_watch,0.0,1.0,1.4921790173008587,0.0,1.0
2022-11-09,3714.2704,bottom_watch,0.0,1.0,1.478227736362917,0.0,1.0
2022-11-10,3685.6885,bottom_watch,0.0,1.0,1.4668525394095797,0.0,1.0
2022-11-11,3788.4387,bottom_watch,0.0,1.0,1.507745683742,0.0,1.0
2022-11-14,3794.0171,bottom_watch,0.0,1.0,1.5099658090200432,0.0,1.0
2022-11-15,3865.9726,bottom_watch,0.0,1.0,1.5386030929086534,0.0,1.0
2022-11-16,3834.3899,bottom_watch,0.0,1.0,1.526033619472032,0.0,1.0
2022-11-17,3818.664,bottom_watch,0.0,1.0,1.5197749309394821,0.0,1.0
2022-11-18,3801.5686,bottom_watch,0.0,1.0,1.5129712005368119,0.0,1.0
2022-11-21,3769.1269,bottom_watch,0.0,1.0,1.5000598570991437,0.0,1.0
2022-11-22,3769.5727,bottom_watch,0.0,1.0,1.50023727927198,0.0,1.0
2022-11-23,3773.5287,bottom_watch,0.0,1.0,1.5018117120125398,0.0,1.0
2022-11-24,3756.8082,bottom_watch,0.0,1.0,1.4951571865730735,0.0,1.0
2022-11-25,3775.7764,bottom_watch,0.0,1.0,1.5027062652155116,0.0,1.0
2022-11-28,3733.2424,bottom_watch,0.0,1.0,1.4857783273522747,0.0,1.0
2022-11-29,3848.4224,bottom_watch,0.0,1.0,1.5316183584588634,0.0,1.0
2022-11-30,3853.0365,bottom_watch,0.0,1.0,1.533454705806744,0.0,1.0
2022-12-01,3894.7687,bottom_watch,0.0,1.0,1.5500635384699355,0.0,1.0
2022-12-02,3870.9478,bottom_watch,0.0,1.0,1.5405831530125043,0.0,1.0
2022-12-05,3946.8759,bottom_watch,0.0,1.0,1.570801476209797,0.0,1.0
2022-12-06,3968.1979,bottom_watch,0.0,1.0,1.579287334373147,0.0,1.0
2022-12-07,3958.4409,bottom_watch,0.0,1.0,1.5754041846639355,0.0,1.0
2022-12-08,3959.1798,watch,0.0,1.0,1.5756982565426005,0.0,1.0
2022-12-09,3998.2442,watch,0.0,1.0,1.5912453420709929,0.0,1.0
2022-12-12,3953.4433,watch,0.0,1.0,1.5734152096729797,0.0,1.0
2022-12-13,3945.6813,watch,0.0,1.0,1.5703260420965834,0.0,1.0
2022-12-14,3954.8857,watch,0.0,1.0,1.5739892647247953,0.0,1.0
2022-12-15,3951.9885,watch,0.0,1.0,1.5728362195943735,0.0,1.0
2022-12-16,3954.227,watch,0.0,1.0,1.5737271113258555,0.0,1.0
2022-12-19,3893.2207,watch,0.0,1.0,1.5494474560931946,0.0,1.0
2022-12-20,3829.0173,watch,0.0,1.0,1.523895399719269,0.0,1.0
2022-12-21,3830.5384,watch,0.0,1.0,1.5245007762717626,0.0,1.0
2022-12-22,3836.028,watch,0.0,1.0,1.5266855603902094,0.0,1.0
2022-12-23,3828.2188,watch,0.0,1.0,1.5235776078731271,0.0,1.0
2022-12-26,3843.4887,watch,0.0,1.0,1.5296548147753188,0.0,1.0
2022-12-27,3887.854,watch,0.0,1.0,1.5473115844580168,0.0,1.0
2022-12-28,3871.2644,watch,0.0,1.0,1.540709155390072,0.0,1.0
2022-12-29,3856.7007,watch,0.0,1.0,1.5349130062233154,0.0,1.0
2022-12-30,3871.6338,watch,0.0,1.0,1.540856171430103,0.0,1.0
2023-01-03,3887.8992,watch,0.0,1.0,1.5473295734266395,0.0,1.0
2023-01-04,3892.9477,watch,0.0,1.0,1.5493388059065982,0.0,1.0
2023-01-05,3968.5782,watch,0.0,1.0,1.5794386884609206,0.0,1.0
2023-01-06,3980.8888,watch,0.0,1.0,1.5843381353001353,0.0,1.0
2023-01-09,4013.1196,watch,0.0,1.0,1.5971655434837628,0.0,1.0
2023-01-10,4017.4737,watch,0.0,1.0,1.5988984144634573,0.0,1.0
2023-01-11,4010.0309,watch,0.0,1.0,1.5959362840283111,0.0,1.0
2023-01-12,4017.8692,watch,0.0,1.0,1.5990558179389096,0.0,1.0
2023-01-13,4074.3772,watch,0.0,1.0,1.6215452126061356,0.0,1.0
2023-01-16,4137.9643,watch,0.0,1.0,1.6468519901888559,0.0,1.0
2023-01-17,4137.2422,watch,0.0,1.0,1.6465646044755196,0.0,1.0
2023-01-18,4130.3143,watch,0.0,1.0,1.643807397047986,0.0,1.0
2023-01-19,4156.0077,watch,0.0,1.0,1.6540330113493753,0.0,1.0
2023-01-20,4181.5267,watch,0.0,1.0,1.6641892168868735,0.0,1.0
2023-01-30,4201.345,watch,0.0,1.0,1.6720766234546778,0.0,1.0
2023-01-31,4156.8578,watch,0.0,1.0,1.6543713392747417,0.0,1.0
2023-02-01,4195.9332,watch,0.0,1.0,1.6699228026494806,0.0,1.0
2023-02-02,4181.1493,watch,0.0,1.0,1.6640390169585904,0.0,1.0
2023-02-03,4141.6319,watch,0.0,1.0,1.648311643757935,0.0,1.0
2023-02-06,4086.8779,watch,0.0,1.0,1.6265203165899358,0.0,1.0
2023-02-07,4094.2335,watch,0.0,1.0,1.6294477426431362,0.0,1.0
2023-02-08,4076.1411,watch,0.0,1.0,1.622247220167074,0.0,1.0
2023-02-09,4130.8565,watch,0.0,1.0,1.6440231850742577,0.0,1.0
2023-02-10,4106.3097,watch,0.0,1.0,1.6342539015565705,0.0,1.0
2023-02-13,4143.574,watch,0.0,1.0,1.649084572429684,0.0,1.0
2023-02-14,4145.2902,watch,0.0,1.0,1.6497675960569214,0.0,1.0
2023-02-15,4123.6893,watch,0.0,1.0,1.6411707395893897,0.0,1.0
2023-02-16,4093.4876,watch,0.0,1.0,1.629150884862251,0.0,1.0
2023-02-17,4034.507,watch,0.0,1.0,1.6056774299335719,0.0,1.0
2023-02-20,4133.4896,watch,0.0,1.0,1.6450711220937646,0.0,1.0
2023-02-21,4144.3536,watch,0.0,1.0,1.6493948423398317,0.0,1.0
2023-02-22,4106.9506,watch,0.0,1.0,1.6345089708041507,0.0,1.0
2023-02-23,4103.6463,watch,0.0,1.0,1.6331939055603106,0.0,1.0
2023-02-24,4061.0457,watch,0.0,1.0,1.6162394618273768,0.0,1.0
2023-02-27,4043.8444,watch,0.0,1.0,1.6093935847039718,0.0,1.0
2023-02-28,4069.4587,watch,0.0,1.0,1.6195877183102705,0.0,1.0
2023-03-01,4126.9415,watch,0.0,1.0,1.6424650697609895,0.0,1.0
2023-03-02,4117.7377,watch,0.0,1.0,1.6388020859243961,0.0,1.0
2023-03-03,4130.5513,watch,0.0,1.0,1.6439017197374486,0.0,1.0
2023-03-06,4109.0102,watch,0.0,1.0,1.6353286628345995,0.0,1.0
2023-03-07,4048.8519,watch,0.0,1.0,1.6113864997566394,0.0,1.0
2023-03-08,4034.1077,watch,0.0,1.0,1.6055185141111994,0.0,1.0
2023-03-09,4019.8505,watch,0.0,1.0,1.5998443476630935,0.0,1.0
2023-03-10,3967.1352,watch,0.0,1.0,1.5788643946174854,0.0,1.0
2023-03-13,4008.686,watch,0.0,1.0,1.5954010326145651,0.0,1.0
2023-03-14,3984.6956,watch,0.0,1.0,1.5858531885247968,0.0,1.0
2023-03-15,3986.902,watch,0.0,1.0,1.5867313049046683,0.0,1.0
2023-03-16,3939.1505,watch,0.0,1.0,1.5677268749221516,0.0,1.0
2023-03-17,3958.8194,watch,0.0,1.0,1.5755548223768518,0.0,1.0
2023-03-20,3939.077,watch,0.0,1.0,1.5676976229488375,0.0,1.0
2023-03-21,3982.3782,bottom_watch,0.0,1.0,1.5849308956954307,0.0,1.0
2023-03-22,3999.4427,bottom_watch,0.0,1.0,1.591722328329728,0.0,1.0
2023-03-23,4039.0895,bottom_watch,0.0,1.0,1.6075012009228578,0.0,1.0
2023-03-24,4027.0457,bottom_watch,0.0,1.0,1.6027079367568435,0.0,1.0
2023-03-27,4012.4771,bottom_watch,0.0,1.0,1.5969098374585327,0.0,1.0
2023-03-28,3999.5147,bottom_watch,0.0,1.0,1.591750983323995,0.0,1.0
2023-03-29,4006.144,bottom_watch,0.0,1.0,1.5943893521225267,0.0,1.0
2023-03-30,4038.5257,bottom_watch,0.0,1.0,1.6072768163983058,0.0,1.0
2023-03-31,4050.9257,bottom_watch,0.0,1.0,1.6122118431887351,0.0,1.0
2023-04-03,4090.5676,bottom_watch,0.0,1.0,1.6279887656503107,0.0,1.0
2023-04-04,4103.1052,bottom_watch,0.0,1.0,1.6329785553186729,0.0,1.0
2023-04-06,4096.64,bottom_watch,0.0,1.0,1.6304054960279082,0.0,1.0
2023-04-07,4123.2799,bottom_watch,0.0,1.0,1.6410078041080993,0.0,1.0
2023-04-10,4104.8118,bottom_watch,0.0,1.0,1.6336577582800076,0.0,1.0
2023-04-11,4100.1479,bottom_watch,0.0,1.0,1.6318015912277586,0.0,1.0
2023-04-12,4097.2876,bottom_watch,0.0,1.0,1.6306632317818985,0.0,1.0
2023-04-13,4068.9786,bottom_watch,0.0,1.0,1.6193966452165538,0.0,1.0
2023-04-14,4091.9988,bottom_watch,0.0,1.0,1.6285583632585736,0.0,1.0
2023-04-17,4149.3836,bottom_watch,0.0,1.0,1.6513967120782072,0.0,1.0
2023-04-18,4162.032,bottom_watch,0.0,1.0,1.6564305985988583,0.0,1.0
2023-04-19,4124.5589,bottom_watch,0.0,1.0,1.6415168282423702,0.0,1.0
2023-04-20,4113.0192,bottom_watch,0.0,1.0,1.636924188834828,0.0,1.0
2023-04-21,4032.5672,bottom_watch,0.0,1.0,1.6049054166296948,0.0,1.0
2023-04-24,3982.6429,bottom_watch,0.0,1.0,1.585036242597965,0.0,1.0
2023-04-25,3962.6658,bottom_watch,0.0,1.0,1.5770856358483607,0.0,1.0
2023-04-26,3959.2323,bottom_watch,0.0,1.0,1.5757191508092527,0.0,1.0
2023-04-27,3988.4185,bottom_watch,0.0,1.0,1.5873348507214176,0.0,1.0
2023-04-28,4029.0858,bottom_watch,0.0,1.0,1.6035198680596787,0.0,1.0
2023-05-04,4030.2471,bottom_watch,0.0,1.0,1.6039820492380439,0.0,1.0
2023-05-05,4016.8774,bottom_watch,0.0,1.0,1.5986610953928817,0.0,1.0
2023-05-08,4062.6624,bottom_watch,0.0,1.0,1.6168828858444808,0.0,1.0
2023-05-09,4027.8754,bottom_watch,0.0,1.0,1.603038145767168,0.0,1.0
2023-05-10,3996.8695,bottom_watch,0.0,1.0,1.590698230673508,0.0,1.0
2023-05-11,3990.6637,bottom_watch,0.0,1.0,1.5882284089593106,0.0,1.0
2023-05-12,3937.7622,bottom_watch,0.0,1.0,1.5671743509146396,0.0,1.0
2023-05-15,3998.8872,bottom_watch,0.0,1.0,1.591501247089238,0.0,1.0
2023-05-16,3978.2054,bottom_watch,0.0,1.0,1.5832701795832453,0.0,1.0
2023-05-17,3960.165,bottom_watch,0.0,1.0,1.5760903523808207,0.0,1.0
2023-05-18,3956.0701,bottom_watch,0.0,1.0,1.5744606393804879,0.0,1.0
2023-05-19,3944.5403,bottom_watch,0.0,1.0,1.5698719400346575,0.0,1.0
2023-05-22,3969.3277,bottom_watch,0.0,1.0,1.5797369789915203,0.0,1.0
2023-05-23,3913.1882,bottom_watch,0.0,1.0,1.557394242176897,0.0,1.0
2023-05-24,3859.0935,bottom_watch,0.0,1.0,1.5358653071994564,0.0,1.0
2023-05-25,3850.4996,bottom_watch,0.0,1.0,1.5324450550434665,0.0,1.0
2023-05-26,3850.9511,bottom_watch,0.0,1.0,1.5326247457366826,0.0,1.0
2023-05-29,3833.9416,bottom_watch,0.0,1.0,1.5258552023341168,0.0,1.0
2023-05-30,3837.7531,bottom_watch,0.0,1.0,1.5273721260931266,0.0,1.0
2023-05-31,3798.5434,bottom_watch,0.0,1.0,1.5117672131943591,0.0,1.0
2023-06-01,3806.8679,bottom_watch,0.0,1.0,1.5150802479134666,0.0,1.0
2023-06-02,3861.8337,bottom_watch,0.0,1.0,1.5369558685229345,0.0,1.0
2023-06-05,3844.2492,bottom_watch,0.0,1.0,1.5299574831522642,0.0,1.0
2023-06-06,3808.1629,bottom_watch,0.0,1.0,1.5155956398242412,0.0,1.0
2023-06-07,3789.3418,bottom_watch,0.0,1.0,1.508105104927035,0.0,1.0
2023-06-08,3820.1867,bottom_watch,0.0,1.0,1.5203809442696261,0.0,1.0
2023-06-09,3836.7026,bottom_watch,0.0,1.0,1.52695404176705,0.0,1.0
2023-06-12,3844.4324,bottom_watch,0.0,1.0,1.5300303941932327,0.0,1.0
2023-06-13,3864.9074,bottom_watch,0.0,1.0,1.5381791581879138,0.0,1.0
2023-06-14,3864.0247,bottom_watch,0.0,1.0,1.537827855917921,0.0,1.0
2023-06-15,3925.4994,bottom_watch,0.0,1.0,1.5622939278077301,0.0,1.0
2023-06-16,3963.3509,bottom_watch,0.0,1.0,1.5773582960785324,0.0,1.0
2023-06-19,3930.9079,bottom_watch,0.0,1.0,1.5644464352590235,0.0,1.0
2023-06-20,3924.2377,watch,0.0,1.0,1.5617917888318038,0.0,1.0
2023-06-21,3864.0323,watch,0.0,1.0,1.5378308806117602,0.0,1.0
2023-06-26,3809.6962,watch,0.0,1.0,1.5162058718063194,0.0,1.0
2023-06-27,3845.4334,watch,0.0,1.0,1.5304287782107502,0.0,1.0
2023-06-28,3840.7986,watch,0.0,1.0,1.5285841925520176,0.0,1.0
2023-06-29,3821.8435,watch,0.0,1.0,1.5210403275265922,0.0,1.0
2023-06-30,3842.4516,watch,0.0,1.0,1.5292420634620643,0.0,1.0
2023-07-03,3892.8821,watch,0.0,1.0,1.5493126980229326,0.0,1.0
2023-07-04,3899.0133,watch,0.0,1.0,1.5517528299791812,0.0,1.0
2023-07-05,3868.8054,watch,0.0,1.0,1.5397305077386474,0.0,1.0
2023-07-06,3842.7547,watch,0.0,1.0,1.529362693028208,0.0,1.0
2023-07-07,3825.6988,watch,0.0,1.0,1.5225746830737814,0.0,1.0
2023-07-10,3844.3269,watch,0.0,1.0,1.5299884066669107,0.0,1.0
2023-07-11,3869.4861,watch,0.0,1.0,1.5400014168302798,0.0,1.0
2023-07-12,3843.4369,watch,0.0,1.0,1.5296341990988878,0.0,1.0
2023-07-13,3898.4229,watch,0.0,1.0,1.5515178590261915,0.0,1.0
2023-07-14,3899.1027,watch,0.0,1.0,1.5517884099303958,0.0,1.0
2023-07-17,3867.1749,watch,0.0,1.0,1.5390815915143086,0.0,1.0
2023-07-18,3854.9393,watch,0.0,1.0,1.5342119936274552,0.0,1.0
2023-07-19,3850.8663,watch,0.0,1.0,1.5325909965212117,0.0,1.0
2023-07-20,3823.6946,watch,0.0,1.0,1.5217770394694758,0.0,1.0
2023-07-21,3821.91,watch,0.0,1.0,1.5210667935976856,0.0,1.0
2023-07-24,3805.221,watch,0.0,1.0,1.5144248047182114,0.0,1.0
2023-07-25,3915.1153,watch,0.0,1.0,1.558161201058173,0.0,1.0
2023-07-26,3907.0128,watch,0.0,1.0,1.5549365192380555,0.0,1.0
2023-07-27,3902.3458,watch,0.0,1.0,1.553079118429109,0.0,1.0
2023-07-28,3992.7376,watch,0.0,1.0,1.5890537921900096,0.0,1.0
2023-07-31,4014.6301,watch,0.0,1.0,1.5977667013843226,0.0,1.0
2023-08-01,3998.001,watch,0.0,1.0,1.5911485518681343,0.0,1.0
2023-08-02,3969.895,watch,0.0,1.0,1.5799627564671812,0.0,1.0
2023-08-03,4004.9839,watch,0.0,1.0,1.5939276485273997,0.0,1.0
2023-08-04,4020.5792,watch,0.0,1.0,1.6001343600842375,0.0,1.0
2023-08-07,3990.1531,watch,0.0,1.0,1.5880251972916333,0.0,1.0
2023-08-08,3979.7322,watch,0.0,1.0,1.583877824656118,0.0,1.0
2023-08-09,3967.5652,watch,0.0,1.0,1.5790355286110245,0.0,1.0
2023-08-10,3975.7166,watch,0.0,1.0,1.5822796719480814,0.0,1.0
2023-08-11,3884.2538,watch,0.0,1.0,1.545878755147459,0.0,1.0
2023-08-14,3855.9061,watch,0.0,1.0,1.5345967665226956,0.0,1.0
2023-08-15,3846.5357,watch,0.0,1.0,1.5308674782132567,0.0,1.0
2023-08-16,3818.3338,watch,0.0,1.0,1.5196435159518842,0.0,1.0
2023-08-17,3831.1008,watch,0.0,1.0,1.5247246036158695,0.0,1.0
2023-08-18,3784.0038,watch,0.0,1.0,1.5059806554909607,0.0,1.0
2023-08-21,3729.555,watch,0.0,1.0,1.484310793659771,0.0,1.0
2023-08-22,3758.2271,watch,0.0,1.0,1.4957218889531485,0.0,1.0
2023-08-23,3696.6339,watch,0.0,1.0,1.4712086557186081,0.0,1.0
2023-08-24,3723.4293,watch,0.0,1.0,1.4818728506266954,0.0,1.0
2023-08-25,3709.1517,watch,0.0,1.0,1.476190565263547,0.0,1.0
2023-08-28,3752.6194,watch,0.0,1.0,1.4934901026843825,0.0,1.0
2023-08-29,3790.1067,watch,0.0,1.0,1.5084095244425177,0.0,1.0
2023-08-30,3788.5097,watch,0.0,1.0,1.5077739407502342,0.0,1.0
2023-08-31,3765.2678,watch,0.0,1.0,1.4985239892050335,0.0,1.0
2023-09-01,3791.4912,watch,0.0,1.0,1.5089605361031104,0.0,1.0
2023-09-04,3848.9517,watch,0.0,1.0,1.531829012465327,0.0,1.0
2023-09-05,3820.3174,watch,0.0,1.0,1.5204329610439398,0.0,1.0
2023-09-06,3812.0283,watch,0.0,1.0,1.517134015030347,0.0,1.0
2023-09-07,3758.4748,watch,0.0,1.0,1.4958204700931472,0.0,1.0
2023-09-08,3739.9927,watch,0.0,1.0,1.4884648524606148,0.0,1.0
2023-09-11,3767.537,watch,0.0,1.0,1.499427099107682,0.0,1.0
2023-09-12,3760.6048,watch,0.0,1.0,1.4966681803402129,0.0,1.0
2023-09-13,3736.6513,watch,0.0,1.0,1.4871350219350066,0.0,1.0
2023-09-14,3733.5077,watch,0.0,1.0,1.485883913046426,0.0,1.0
2023-09-15,3708.7766,watch,0.0,1.0,1.4760412807031362,0.0,1.0
2023-09-18,3727.711,watch,0.0,1.0,1.4835769074177099,0.0,1.0
2023-09-19,3720.5021,watch,0.0,1.0,1.4807078659153285,0.0,1.0
2023-09-20,3705.6898,watch,0.0,1.0,1.4748127774211446,0.0,1.0
2023-09-21,3672.4448,watch,0.0,1.0,1.4615817318043838,0.0,1.0
2023-09-22,3738.9327,watch,0.0,1.0,1.4880429872672394,0.0,1.0
2023-09-25,3714.6037,watch,0.0,1.0,1.47836038510721,0.0,1.0
2023-09-26,3692.8928,watch,0.0,1.0,1.4697197501762147,0.0,1.0
2023-09-27,3700.495,watch,0.0,1.0,1.4727453195847793,0.0,1.0
2023-09-28,3689.5172,watch,0.0,1.0,1.4683763085283295,0.0,1.0
2023-10-09,3684.7272,watch,0.0,1.0,1.4664699554375102,0.0,1.0
2023-10-10,3657.1259,watch,0.0,1.0,1.4554850235866483,0.0,1.0
2023-10-11,3667.5483,watch,0.0,1.0,1.459632993201211,0.0,1.0
2023-10-12,3702.3824,watch,0.0,1.0,1.473496478420607,0.0,1.0
2023-10-13,3663.4104,watch,0.0,1.0,1.4579861668015244,0.0,1.0
2023-10-16,3626.5972,watch,0.0,1.0,1.4433350274272139,0.0,1.0
2023-10-17,3639.4018,watch,0.0,1.0,1.448431079365983,0.0,1.0
2023-10-18,3610.5767,watch,0.0,1.0,1.4369590922097881,0.0,1.0
2023-10-19,3533.5445,watch,0.0,1.0,1.4063013526351316,0.0,1.0
2023-10-20,3510.5889,watch,0.0,1.0,1.3971653444907455,0.0,1.0
2023-10-23,3474.2438,watch,0.0,1.0,1.382700502377774,0.0,1.0
2023-10-24,3487.1302,watch,0.0,1.0,1.3878291095739186,0.0,1.0
2023-10-25,3504.4576,watch,0.0,1.0,1.3947251727358938,0.0,1.0
2023-10-26,3514.1448,watch,0.0,1.0,1.3985805430201075,0.0,1.0
2023-10-27,3562.3851,watch,0.0,1.0,1.4177795085748146,0.0,1.0
2023-10-30,3583.7718,watch,0.0,1.0,1.4262911164344019,0.0,1.0
2023-10-31,3572.5056,watch,0.0,1.0,1.4218073262064712,0.0,1.0
2023-11-01,3571.0268,watch,0.0,1.0,1.4212187844631095,0.0,1.0
2023-11-02,3554.1889,watch,0.0,1.0,1.4145175354635466,0.0,1.0
2023-11-03,3584.1364,watch,0.0,1.0,1.4264362221414815,0.0,1.0
2023-11-06,3632.6084,watch,0.0,1.0,1.4457274010596841,0.0,1.0
2023-11-07,3619.7593,watch,0.0,1.0,1.4406136387425137,0.0,1.0
2023-11-08,3611.0723,watch,0.0,1.0,1.4371563340869926,0.0,1.0
2023-11-09,3612.8263,watch,0.0,1.0,1.4378544015862196,0.0,1.0
2023-11-10,3586.4893,watch,0.0,1.0,1.4273726434749656,0.0,1.0
2023-11-13,3579.4141,watch,0.0,1.0,1.424556812704994,0.0,1.0
2023-11-14,3582.0584,watch,0.0,1.0,1.425609207168053,0.0,1.0
2023-11-15,3607.2454,watch,0.0,1.0,1.4356332813430976,0.0,1.0
2023-11-16,3572.3641,watch,0.0,1.0,1.4217510111830158,0.0,1.0
2023-11-17,3568.0685,watch,0.0,1.0,1.4200414223861633,0.0,1.0
2023-11-20,3576.3233,watch,0.0,1.0,1.4233267174788764,0.0,1.0
2023-11-21,3581.0674,watch,0.0,1.0,1.4252148030108505,0.0,1.0
2023-11-22,3544.4162,watch,0.0,1.0,1.4106281373736411,0.0,1.0
2023-11-23,3561.5204,watch,0.0,1.0,1.4174353700533884,0.0,1.0
2023-11-24,3538.0087,watch,0.0,1.0,1.4080780418768928,0.0,1.0
2023-11-27,3511.9424,watch,0.0,1.0,1.3977040185843623,0.0,1.0
2023-11-28,3518.5232,watch,0.0,1.0,1.4003230850603672,0.0,1.0
2023-11-29,3488.3073,watch,0.0,1.0,1.3882975789315812,0.0,1.0
2023-11-30,3496.2028,watch,0.0,1.0,1.3914398776431811,0.0,1.0
2023-12-01,3482.8813,watch,0.0,1.0,1.3861381067247367,0.0,1.0
2023-12-04,3460.138,watch,0.0,1.0,1.3770865910148349,0.0,1.0
2023-12-05,3394.2571,watch,0.0,1.0,1.3508669130730913,0.0,1.0
2023-12-06,3399.598,watch,0.0,1.0,1.3529925166686565,0.0,1.0
2023-12-07,3391.2823,watch,0.0,1.0,1.349682984226626,0.0,1.0
2023-12-08,3399.4618,watch,0.0,1.0,1.3529383109711681,0.0,1.0
2023-12-11,3419.4548,watch,0.0,1.0,1.360895245698673,0.0,1.0
2023-12-12,3426.803,watch,0.0,1.0,1.3638197266552403,0.0,1.0
2023-12-13,3369.605,watch,0.0,1.0,1.3410557216262888,0.0,1.0
2023-12-14,3351.9639,watch,0.0,1.0,1.3340348102462363,0.0,1.0
2023-12-15,3341.5517,watch,0.0,1.0,1.329890900089195,0.0,1.0
2023-12-18,3329.3657,watch,0.0,1.0,1.3250410423095031,0.0,1.0
2023-12-19,3334.0412,watch,0.0,1.0,1.3269018259997174,0.0,1.0
2023-12-20,3297.5022,watch,0.0,1.0,1.3123598143952406,0.0,1.0
2023-12-21,3330.8698,watch,0.0,1.0,1.325639653099462,0.0,1.0
2023-12-22,3337.2281,watch,0.0,1.0,1.328170167683461,0.0,1.0
2023-12-25,3347.4508,watch,0.0,1.0,1.3322386594875357,0.0,1.0
2023-12-26,3324.7902,watch,0.0,1.0,1.323220057222438,0.0,1.0
2023-12-27,3336.3572,watch,0.0,1.0,1.3278235616486396,0.0,1.0
2023-12-28,3414.5403,watch,0.0,1.0,1.3589393433469337,0.0,1.0
2023-12-29,3431.1099,watch,0.0,1.0,1.3655338126942487,0.0,1.0
2024-01-02,3386.3522,watch,0.0,1.0,1.3477208732927957,0.0,1.0
2024-01-03,3378.2971,watch,0.0,1.0,1.3445150560105705,0.0,1.0
2024-01-04,3347.0519,watch,0.0,1.0,1.332079902859576,0.0,1.0
2024-01-05,3329.1114,watch,0.0,1.0,1.3249398344616965,0.0,1.0
2024-01-08,3286.0564,watch,0.0,1.0,1.3078045458760552,0.0,1.0
2024-01-09,3292.4994,watch,0.0,1.0,1.3103687698769215,0.0,1.0
2024-01-10,3277.129,watch,0.0,1.0,1.304251565378565,0.0,1.0
2024-01-11,3295.6717,watch,0.0,1.0,1.3116313009646052,0.0,1.0
2024-01-12,3284.1667,watch,0.0,1.0,1.307052471672356,0.0,1.0
2024-01-15,3280.9195,watch,0.0,1.0,1.3057601314309135,0.0,1.0
2024-01-16,3300.8762,watch,0.0,1.0,1.3137026192654755,0.0,1.0
2024-01-17,3229.082,watch,0.0,1.0,1.285129530523744,0.0,1.0
2024-01-18,3274.7286,watch,0.0,1.0,1.3032962397085852,0.0,1.0
2024-01-19,3269.7763,watch,0.0,1.0,1.3013252934848558,0.0,1.0
2024-01-22,3218.9016,watch,0.0,1.0,1.2810778735288013,0.0,1.0
2024-01-23,3231.9329,watch,0.0,1.0,1.2862641489009081,0.0,1.0
2024-01-24,3277.1089,watch,0.0,1.0,1.3042435658593319,0.0,1.0
2024-01-25,3342.9189,watch,0.0,1.0,1.330435026591443,0.0,1.0
2024-01-26,3333.8213,watch,0.0,1.0,1.3268143088713937,0.0,1.0
2024-01-29,3303.9604,watch,0.0,1.0,1.3149300877837853,0.0,1.0
2024-01-30,3245.0387,watch,0.0,1.0,1.2914800742323609,0.0,1.0
2024-01-31,3215.3518,watch,0.0,1.0,1.279665102714231,0.0,1.0
2024-02-01,3217.7109,watch,0.0,1.0,1.28060399156111,0.0,1.0
2024-02-02,3179.6276,watch,0.0,1.0,1.265447370128209,0.0,1.0
2024-02-05,3200.4218,watch,0.0,1.0,1.2737231712641406,0.0,1.0
2024-02-06,3311.6922,watch,0.0,1.0,1.3180072361820303,0.0,1.0
2024-02-07,3343.6303,watch,0.0,1.0,1.3307181538542416,0.0,1.0
2024-02-08,3364.9297,watch,0.0,1.0,1.3391950175332803,0.0,1.0
2024-02-19,3403.8078,watch,0.0,1.0,1.3546679582640064,0.0,1.0
2024-02-20,3410.8542,watch,0.0,1.0,1.3574723270362714,0.0,1.0
2024-02-21,3456.8713,watch,0.0,1.0,1.3757864900457781,0.0,1.0
2024-02-22,3486.6747,watch,0.0,1.0,1.387647826936576,0.0,1.0
2024-02-23,3489.7416,watch,0.0,1.0,1.3888684102965414,0.0,1.0
2024-02-26,3453.3585,watch,0.0,1.0,1.3743884447143733,0.0,1.0
2024-02-27,3494.7874,watch,0.0,1.0,1.3908765682142148,0.0,1.0
2024-02-28,3450.2598,watch,0.0,1.0,1.3731552053986067,0.0,1.0
2024-02-29,3516.0826,watch,0.0,1.0,1.3993517603519214,0.0,1.0
2024-03-01,3537.8038,watch,0.0,1.0,1.4079964945390409,0.0,1.0
2024-03-04,3540.8686,watch,0.0,1.0,1.4092162421283398,0.0,1.0
2024-03-05,3565.5143,watch,0.0,1.0,1.4190248864645412,0.0,1.0
2024-03-06,3551.0481,watch,0.0,1.0,1.4132675409358546,0.0,1.0
2024-03-07,3529.7195,watch,0.0,1.0,1.4047790560646967,0.0,1.0
2024-03-08,3544.9099,watch,0.0,1.0,1.410824623077386,0.0,1.0
2024-03-11,3589.2635,watch,0.0,1.0,1.4284767363235156,0.0,1.0
2024-03-12,3597.4939,watch,0.0,1.0,1.4317523205570601,0.0,1.0
2024-03-13,3572.361,watch,0.0,1.0,1.4217497774263186,0.0,1.0
2024-03-14,3562.2229,watch,0.0,1.0,1.4177149552405077,0.0,1.0
2024-03-15,3569.993,watch,0.0,1.0,1.420807346503759,0.0,1.0
2024-03-18,3603.528,watch,0.0,1.0,1.4341538080696508,0.0,1.0
2024-03-19,3577.6303,watch,0.0,1.0,1.423846885222029,0.0,1.0
2024-03-20,3585.3838,watch,0.0,1.0,1.4269326699171576,0.0,1.0
2024-03-21,3581.0902,watch,0.0,1.0,1.4252238770923682,0.0,1.0
2024-03-22,3545.0023,watch,0.0,1.0,1.4108613969866948,0.0,1.0
2024-03-25,3525.7634,watch,0.0,1.0,1.4032045835255336,0.0,1.0
2024-03-26,3543.7467,watch,0.0,1.0,1.4103616857255605,0.0,1.0
2024-03-27,3502.7866,watch,0.0,1.0,1.3940601380772797,0.0,1.0
2024-03-28,3520.9648,watch,0.0,1.0,1.4012948077548433,0.0,1.0
2024-03-29,3537.4843,watch,0.0,1.0,1.4078693380019807,0.0,1.0
2024-04-01,3595.6466,watch,0.0,1.0,1.4310171209610945,0.0,1.0
2024-04-02,3580.6759,watch,0.0,1.0,1.425058991479523,0.0,1.0
2024-04-03,3567.8031,watch,0.0,1.0,1.4199357968934068,0.0,1.0
2024-04-08,3536.4077,watch,0.0,1.0,1.4074408662404827,0.0,1.0
2024-04-09,3533.4871,watch,0.0,1.0,1.4062785082369238,0.0,1.0
2024-04-10,3504.7086,watch,0.0,1.0,1.3948250672297962,0.0,1.0
2024-04-11,3504.2447,watch,0.0,1.0,1.39464044150979,0.0,1.0
2024-04-12,3475.8389,watch,0.0,1.0,1.3833353298965971,0.0,1.0
2024-04-15,3549.0759,watch,0.0,1.0,1.4124826328845568,0.0,1.0
2024-04-16,3511.1146,watch,0.0,1.0,1.397374565747497,0.0,1.0
2024-04-17,3565.403,watch,0.0,1.0,1.418980590619236,0.0,1.0
2024-04-18,3569.8018,watch,0.0,1.0,1.420731251574538,0.0,1.0
2024-04-19,3541.6619,watch,0.0,1.0,1.4095319644471178,0.0,1.0
2024-04-22,3530.9045,watch,0.0,1.0,1.4052506695120073,0.0,1.0
2024-04-23,3506.2249,watch,0.0,1.0,1.3954285334493388,0.0,1.0
2024-04-24,3521.6219,watch,0.0,1.0,1.4015563243761329,0.0,1.0
2024-04-25,3530.2813,watch,0.0,1.0,1.4050026446171853,0.0,1.0
2024-04-26,3584.2686,watch,0.0,1.0,1.4264888358948438,0.0,1.0
2024-04-29,3623.9124,watch,0.0,1.0,1.4422665145298792,0.0,1.0
2024-04-30,3604.3943,watch,0.0,1.0,1.434498583368727,0.0,1.0
2024-05-06,3657.8767,watch,0.0,1.0,1.455783831499088,0.0,1.0
2024-05-07,3659.0076,watch,0.0,1.0,1.4562339139020959,0.0,1.0
2024-05-08,3630.2233,watch,0.0,1.0,1.4447781645759856,0.0,1.0
2024-05-09,3664.561,watch,0.0,1.0,1.4584440895293518,0.0,1.0
2024-05-10,3666.2771,watch,0.0,1.0,1.459127073357985,0.0,1.0
2024-05-13,3664.6907,watch,0.0,1.0,1.4584957083176355,0.0,1.0
2024-05-14,3657.0454,watch,0.0,1.0,1.4554529857111134,0.0,1.0
2024-05-15,3626.0559,watch,0.0,1.0,1.4431195975883693,0.0,1.0
2024-05-16,3640.3592,watch,0.0,1.0,1.448812111192527,0.0,1.0
2024-05-17,3677.9696,watch,0.0,1.0,1.463780525031138,0.0,1.0
2024-05-20,3690.9623,watch,0.0,1.0,1.4689514381424298,0.0,1.0
2024-05-21,3676.1611,watch,0.0,1.0,1.4630607672931948,0.0,1.0
2024-05-22,3684.451,watch,0.0,1.0,1.4663600316956131,0.0,1.0
2024-05-23,3641.7917,watch,0.0,1.0,1.449382226182631,0.0,1.0
2024-05-24,3601.4754,watch,0.0,1.0,1.433336901941421,0.0,1.0
2024-05-27,3635.7079,watch,0.0,1.0,1.4469609587642747,0.0,1.0
2024-05-28,3609.1724,watch,0.0,1.0,1.4364002004257708,0.0,1.0
2024-05-29,3613.5223,watch,0.0,1.0,1.438131399864133,0.0,1.0
2024-05-30,3594.3121,watch,0.0,1.0,1.4304860086020754,0.0,1.0
2024-05-31,3579.9247,watch,0.0,1.0,1.42476002437267,0.0,1.0
2024-06-03,3588.7483,watch,0.0,1.0,1.4282716939200923,0.0,1.0
2024-06-04,3615.6714,watch,0.0,1.0,1.4389867116444004,0.0,1.0
2024-06-05,3594.7936,watch,0.0,1.0,1.4306776388762361,0.0,1.0
2024-06-06,3592.2454,watch,0.0,1.0,1.4296634908708028,0.0,1.0
2024-06-07,3574.1143,watch,0.0,1.0,1.4224475663353224,0.0,1.0
2024-06-11,3542.8771,watch,0.0,1.0,1.4100155970725796,0.0,1.0
2024-06-12,3544.1225,watch,0.0,1.0,1.4105112488761924,0.0,1.0
2024-06-13,3526.1306,watch,0.0,1.0,1.4033507239962946,0.0,1.0
2024-06-14,3541.5331,watch,0.0,1.0,1.409480703846262,0.0,1.0
2024-06-17,3536.1986,watch,0.0,1.0,1.4073576473612985,0.0,1.0
2024-06-18,3545.5902,watch,0.0,1.0,1.411095372974605,0.0,1.0
2024-06-19,3528.749,watch,0.0,1.0,1.404392810621138,0.0,1.0
2024-06-20,3503.2817,watch,0.0,1.0,1.3942571809614681,0.0,1.0
2024-06-21,3495.6198,watch,0.0,1.0,1.3912078517868234,0.0,1.0
2024-06-24,3476.8102,watch,0.0,1.0,1.3837218937289792,0.0,1.0
2024-06-25,3457.9023,watch,0.0,1.0,1.3761968136442402,0.0,1.0
2024-06-26,3480.2648,watch,0.0,1.0,1.3850967762733517,0.0,1.0
2024-06-27,3454.1175,watch,0.0,1.0,1.3746905161122707,0.0,1.0
2024-06-28,3461.657,watch,0.0,1.0,1.3776911317966616,0.0,1.0
2024-07-01,3478.1827,watch,0.0,1.0,1.3842681295571941,0.0,1.0
2024-07-02,3471.7857,watch,0.0,1.0,1.3817222129137765,0.0,1.0
2024-07-03,3463.4141,watch,0.0,1.0,1.378390433052586,0.0,1.0
2024-07-04,3445.8128,watch,0.0,1.0,1.371385361516587,0.0,1.0
2024-07-05,3431.0605,watch,0.0,1.0,1.365514152184292,0.0,1.0
2024-07-08,3401.7604,watch,0.0,1.0,1.3538531216631413,0.0,1.0
2024-07-09,3439.8111,watch,0.0,1.0,1.3689967687514157,0.0,1.0
2024-07-10,3428.9657,watch,0.0,1.0,1.3646804510455348,0.0,1.0
2024-07-11,3468.169,bottom_watch,0.0,1.0,1.3802828168337002,0.0,1.0
2024-07-12,3472.4014,bottom_watch,0.0,1.0,1.3819672529133629,0.0,1.0
2024-07-15,3476.2467,bottom_watch,0.0,1.0,1.383497628600237,0.0,1.0
2024-07-16,3498.2827,bottom_watch,0.0,1.0,1.3922676487900685,0.0,1.0
2024-07-17,3501.5836,bottom_watch,0.0,1.0,1.3935813608814012,0.0,1.0
2024-07-18,3520.931,bottom_watch,0.0,1.0,1.4012813558269788,0.0,1.0
2024-07-19,3539.0156,bottom_watch,0.0,1.0,1.4084787740119953,0.0,1.0
2024-07-22,3514.9249,bottom_watch,0.0,1.0,1.398891011923269,0.0,1.0
2024-07-23,3439.8779,bottom_watch,0.0,1.0,1.369023354218319,0.0,1.0
2024-07-24,3418.1663,bottom_watch,0.0,1.0,1.3603824406971017,0.0,1.0
2024-07-25,3399.2716,bottom_watch,0.0,1.0,1.3528626140279782,0.0,1.0
2024-07-26,3409.2931,bottom_watch,0.0,1.0,1.3568510310425177,0.0,1.0
2024-07-29,3390.742,bottom_watch,0.0,1.0,1.349467952373813,0.0,1.0
2024-07-30,3369.3821,bottom_watch,0.0,1.0,1.3409670105398692,0.0,1.0
2024-07-31,3442.0844,bottom_watch,0.0,1.0,1.3699015103967933,0.0,1.0
2024-08-01,3419.2666,bottom_watch,0.0,1.0,1.3608203447275458,0.0,1.0
2024-08-02,3384.3919,bottom_watch,0.0,1.0,1.3469407012752717,0.0,1.0
2024-08-05,3343.3205,bottom_watch,0.0,1.0,1.3305948577816864,0.0,1.0
2024-08-06,3342.9789,bottom_watch,0.0,1.0,1.3304589057533307,0.0,1.0
2024-08-07,3341.489,bottom_watch,0.0,1.0,1.3298659463650193,0.0,1.0
2024-08-08,3342.9369,bottom_watch,0.0,1.0,1.3304421903400083,0.0,1.0
2024-08-09,3331.6274,bottom_watch,0.0,1.0,1.3259411673169141,0.0,1.0
2024-08-12,3325.8645,bottom_watch,0.0,1.0,1.323647613616062,0.0,1.0
2024-08-13,3334.3903,bottom_watch,0.0,1.0,1.3270407629233076,0.0,1.0
2024-08-14,3309.2389,bottom_watch,0.0,1.0,1.3170308570509839,0.0,1.0
2024-08-15,3341.953,bottom_watch,0.0,1.0,1.330050611883629,0.0,1.0
2024-08-16,3345.634,bottom_watch,0.0,1.0,1.33151559846553,0.0,1.0
2024-08-19,3356.9677,bottom_watch,0.0,1.0,1.336026252750586,0.0,1.0
2024-08-20,3332.7034,bottom_watch,0.0,1.0,1.3263694002867934,0.0,1.0
2024-08-21,3321.635,bottom_watch,0.0,1.0,1.321964331695891,0.0,1.0
2024-08-22,3313.1357,bottom_watch,0.0,1.0,1.3185817290184794,0.0,1.0
2024-08-23,3327.1905,bottom_watch,0.0,1.0,1.3241753430938126,0.0,1.0
2024-08-26,3324.2231,bottom_watch,0.0,1.0,1.3229943593439804,0.0,1.0
2024-08-27,3305.3338,bottom_watch,0.0,1.0,1.3154766817994266,0.0,1.0
2024-08-28,3286.4956,bottom_watch,0.0,1.0,1.307979341341082,0.0,1.0
2024-08-29,3277.6812,bottom_watch,0.0,1.0,1.3044713332651494,0.0,1.0
2024-08-30,3321.4323,bottom_watch,0.0,1.0,1.3218836599273083,0.0,1.0
2024-09-02,3265.011,bottom_watch,0.0,1.0,1.299428770649012,0.0,1.0
2024-09-03,3273.4282,bottom_watch,0.0,1.0,1.3027786986732381,0.0,1.0
2024-09-04,3252.1649,bottom_watch,0.0,1.0,1.2943162022899364,0.0,1.0
2024-09-05,3257.7578,bottom_watch,0.0,1.0,1.2965420983654357,0.0,1.0
2024-09-06,3231.3457,bottom_watch,0.0,1.0,1.286030451503217,0.0,1.0
2024-09-09,3192.9516,bottom_watch,0.0,1.0,1.2707501360117304,0.0,1.0
2024-09-10,3195.7552,bottom_watch,0.0,1.0,1.271865929649605,0.0,1.0
2024-09-11,3186.1299,bottom_watch,0.0,1.0,1.2680351947007402,0.0,1.0
2024-09-12,3172.4747,bottom_watch,0.0,1.0,1.2626006158435892,0.0,1.0
2024-09-13,3159.247,bottom_watch,0.0,1.0,1.2573361760148982,0.0,1.0
2024-09-18,3171.0102,bottom_watch,0.0,1.0,1.2620177653004774,0.0,1.0
2024-09-19,3196.0357,bottom_watch,0.0,1.0,1.2719775647314369,0.0,1.0
2024-09-20,3201.0497,bottom_watch,0.0,1.0,1.273973066693309,0.0,1.0
2024-09-23,3212.7639,bottom_watch,0.0,1.0,1.2786351546633454,0.0,1.0
2024-09-24,3351.909,bottom_watch,0.0,1.0,1.3340129608131053,0.0,1.0
2024-09-25,3401.533,bottom_watch,0.0,1.0,1.35376261963958,0.0,1.0
2024-09-26,3545.3204,bottom_watch,0.0,1.0,1.4109879963433085,0.0,1.0
2024-09-27,3703.6849,bottom_watch,0.0,1.0,1.4740148552266157,0.0,1.0
2024-09-30,4017.8545,bottom_watch,0.0,1.0,1.5990499675442438,0.0,1.0
2024-10-08,4256.0962,bottom_watch,0.0,1.0,1.693866836261786,0.0,1.0
2024-10-09,3955.9839,bottom_watch,0.0,1.0,1.5744263329845698,0.0,1.0
2024-10-10,3997.7879,bottom_watch,0.0,1.0,1.5910637410448214,0.0,1.0
2024-10-11,3887.167,bottom_watch,0.0,1.0,1.547038168054382,0.0,1.0
2024-10-14,3961.3424,bottom_watch,0.0,1.0,1.5765589411342886,0.0,1.0
2024-10-15,3855.9949,bottom_watch,0.0,1.0,1.534632107682289,0.0,1.0
2024-10-16,3831.589,bottom_watch,0.0,1.0,1.5249189003964383,0.0,1.0
2024-10-17,3788.2217,bottom_watch,0.0,1.0,1.507659320773164,0.0,1.0
2024-10-18,3925.234,bottom_watch,0.0,1.0,1.56218830231497,0.0,1.0
2024-10-21,3935.1974,bottom_watch,0.0,1.0,1.5661535963410806,0.0,1.0
2024-10-22,3957.7755,bottom_watch,0.0,1.0,1.5751393647585807,0.0,1.0
2024-10-23,3973.2089,bottom_watch,0.0,1.0,1.581281642376921,0.0,1.0
2024-10-24,3928.8334,bottom_watch,0.0,1.0,1.563620813236702,0.0,1.0
2024-10-25,3956.421,bottom_watch,0.0,1.0,1.5746002926789326,0.0,1.0
2024-10-28,3964.1569,bottom_watch,0.0,1.0,1.5776790728199073,0.0,1.0
2024-10-29,3924.649,bottom_watch,0.0,1.0,1.561955480486551,0.0,1.0
2024-10-30,3889.4487,bottom_watch,0.0,1.0,1.547946252782425,0.0,1.0
2024-10-31,3891.0396,bottom_watch,0.0,1.0,1.5485794087599165,0.0,1.0
2024-11-01,3890.0203,watch,0.0,1.0,1.5481737415980226,0.0,1.0
2024-11-04,3944.7619,watch,0.0,1.0,1.5699601337392313,0.0,1.0
2024-11-05,4044.5725,watch,0.0,1.0,1.6096833583334944,0.0,1.0
2024-11-06,4024.2831,watch,0.0,1.0,1.601608460546257,0.0,1.0
2024-11-07,4145.6952,watch,0.0,1.0,1.649928780399671,0.0,1.0
2024-11-08,4104.047,watch,0.0,1.0,1.6333533785631245,0.0,1.0
2024-11-11,4131.1312,watch,0.0,1.0,1.6441325118371048,0.0,1.0
2024-11-12,4085.743,watch,0.0,1.0,1.6260686422428,0.0,1.0
2024-11-13,4110.8901,watch,0.0,1.0,1.636076836775188,0.0,1.0
2024-11-14,4039.6191,watch,0.0,1.0,1.6077119743251302,0.0,1.0
2024-11-15,3968.8308,watch,0.0,1.0,1.579539219732471,0.0,1.0
2024-11-18,3950.3806,watch,0.0,1.0,1.5721962978543431,0.0,1.0
2024-11-19,3976.8912,watch,0.0,1.0,1.5827471463406626,0.0,1.0
2024-11-20,3985.7727,watch,0.0,1.0,1.5862818592793078,0.0,1.0
2024-11-21,3989.2979,watch,0.0,1.0,1.5876848396375034,0.0,1.0
2024-11-22,3865.6989,watch,0.0,1.0,1.538494164131832,0.0,1.0
2024-11-25,3848.0909,watch,0.0,1.0,1.5314864260894219,0.0,1.0
2024-11-26,3840.1847,watch,0.0,1.0,1.5283398689272851,0.0,1.0
2024-11-27,3907.0447,watch,0.0,1.0,1.5549492149924573,0.0,1.0
2024-11-28,3872.5505,watch,0.0,1.0,1.5412210052251638,0.0,1.0
2024-11-29,3916.5832,watch,0.0,1.0,1.5587454047537892,0.0,1.0
2024-12-02,3947.632,watch,0.0,1.0,1.5711023934482,0.0,1.0
2024-12-03,3951.8912,watch,0.0,1.0,1.5727974955535062,0.0,1.0
2024-12-04,3930.5568,watch,0.0,1.0,1.5643067023633654,0.0,1.0
2024-12-05,3921.5881,watch,0.0,1.0,1.5607372850427745,0.0,1.0
2024-12-06,3973.1405,watch,0.0,1.0,1.5812544201323668,0.0,1.0
2024-12-09,3966.5708,watch,0.0,1.0,1.5786397713013116,0.0,1.0
2024-12-10,3995.6369,watch,0.0,1.0,1.5902076730910948,0.0,1.0
2024-12-11,3988.8308,watch,0.0,1.0,1.5874989403621962,0.0,1.0
2024-12-12,4028.5048,watch,0.0,1.0,1.6032886381753826,0.0,1.0
2024-12-13,3933.1808,watch,0.0,1.0,1.5653510177099854,0.0,1.0
2024-12-16,3911.8416,watch,0.0,1.0,1.5568583141868937,0.0,1.0
2024-12-17,3922.0334,watch,0.0,1.0,1.5609145082225955,0.0,1.0
2024-12-18,3941.89,watch,0.0,1.0,1.5688171576554057,0.0,1.0
2024-12-19,3945.4635,watch,0.0,1.0,1.5702393607389218,0.0,1.0
2024-12-20,3927.7441,watch,0.0,1.0,1.563187287052604,0.0,1.0
2024-12-23,3933.5718,watch,0.0,1.0,1.5655066302482965,0.0,1.0
2024-12-24,3983.6882,watch,0.0,1.0,1.5854522573966747,0.0,1.0
2024-12-25,3985.6291,watch,0.0,1.0,1.5862247084851864,0.0,1.0
2024-12-26,3987.4801,watch,0.0,1.0,1.5869613806294676,0.0,1.0
2024-12-27,3981.0307,watch,0.0,1.0,1.584394609518,0.0,1.0
2024-12-30,3999.0549,watch,0.0,1.0,1.591567989346715,0.0,1.0
2024-12-31,3934.9109,watch,0.0,1.0,1.5660395733430597,0.0,1.0
2025-01-02,3820.3952,watch,0.0,1.0,1.5204639243571878,0.0,1.0
2025-01-03,3775.1648,watch,0.0,1.0,1.5024628569586513,0.0,1.0
2025-01-06,3768.9697,watch,0.0,1.0,1.4999972936949906,0.0,1.0
2025-01-07,3796.1055,watch,0.0,1.0,1.5107969630481957,0.0,1.0
2025-01-08,3789.2153,watch,0.0,1.0,1.5080547596940488,0.0,1.0
2025-01-09,3779.8773,watch,0.0,1.0,1.50433836613203,0.0,1.0
2025-01-10,3732.4806,watch,0.0,1.0,1.4854751415934846,0.0,1.0
2025-01-13,3722.513,watch,0.0,1.0,1.4815081760260425,0.0,1.0
2025-01-14,3820.5395,bottom_watch,0.0,1.0,1.520521353741531,0.0,1.0
2025-01-15,3796.026,bottom_watch,0.0,1.0,1.5107653231586924,0.0,1.0
2025-01-16,3800.3836,bottom_watch,0.0,1.0,1.5124995870894973,0.0,1.0
2025-01-17,3812.3429,bottom_watch,0.0,1.0,1.5172592214358507,0.0,1.0
2025-01-20,3829.6764,bottom_watch,0.0,1.0,1.5241577123126178,0.0,1.0
2025-01-21,3832.6145,bottom_watch,0.0,1.0,1.525327035071728,0.0,1.0
2025-01-22,3797.0166,bottom_watch,0.0,1.0,1.5111595681214829,0.0,1.0
2025-01-23,3803.7439,bottom_watch,0.0,1.0,1.5138369395511004,0.0,1.0
2025-01-24,3832.8637,bottom_watch,0.0,1.0,1.525426213190774,0.0,1.0
2025-01-27,3817.0802,bottom_watch,0.0,1.0,1.5191446006628104,0.0,1.0
2025-02-05,3795.0848,bottom_watch,0.0,1.0,1.5103907387058575,0.0,1.0
2025-02-06,3842.8314,bottom_watch,0.0,1.0,1.5293932185568198,0.0,1.0
2025-02-07,3892.7028,bottom_watch,0.0,1.0,1.549241339127484,0.0,1.0
2025-02-10,3901.0618,bottom_watch,0.0,1.0,1.5525681043646777,0.0,1.0
2025-02-11,3883.1352,bottom_watch,0.0,1.0,1.545433567972636,0.0,1.0
2025-02-12,3919.8617,bottom_watch,0.0,1.0,1.5600502019580167,0.0,1.0
2025-02-13,3905.1398,bottom_watch,0.0,1.0,1.554191091401079,0.0,1.0
2025-02-14,3939.0085,bottom_watch,0.0,1.0,1.567670360905678,0.0,1.0
2025-02-17,3947.3983,bottom_watch,0.0,1.0,1.5710093841126416,0.0,1.0
2025-02-18,3912.7829,bottom_watch,0.0,1.0,1.5572329384383319,0.0,1.0
2025-02-19,3940.1602,bottom_watch,0.0,1.0,1.5681287214181407,0.0,1.0
2025-02-20,3928.8959,bottom_watch,0.0,1.0,1.5636456873636702,0.0,1.0
2025-02-21,3978.444,bottom_watch,0.0,1.0,1.5833651390503547,0.0,1.0
2025-02-24,3969.7169,bottom_watch,0.0,1.0,1.5798918751549709,0.0,1.0
2025-02-25,3925.6505,bottom_watch,0.0,1.0,1.5623540634970847,0.0,1.0
2025-02-26,3959.9413,bottom_watch,0.0,1.0,1.5760013229055738,0.0,1.0
2025-02-27,3968.1159,bottom_watch,0.0,1.0,1.5792546995185612,0.0,1.0
2025-02-28,3890.0487,bottom_watch,0.0,1.0,1.5481850444013165,0.0,1.0
2025-03-03,3888.4738,bottom_watch,0.0,1.0,1.547558256200329,0.0,1.0
2025-03-04,3885.2208,bottom_watch,0.0,1.0,1.5462636076399041,0.0,1.0
2025-03-05,3902.5706,bottom_watch,0.0,1.0,1.5531685856889845,0.0,1.0
2025-03-06,3956.2369,bottom_watch,0.0,1.0,1.5745270234505362,0.0,1.0
2025-03-07,3944.0143,bottom_watch,0.0,1.0,1.5696625993820923,0.0,1.0
2025-03-10,3928.8018,bottom_watch,0.0,1.0,1.5636082368781075,0.0,1.0
2025-03-11,3941.4157,bottom_watch,0.0,1.0,1.5686283928806721,0.0,1.0
2025-03-12,3927.2315,bottom_watch,0.0,1.0,1.5629832794128646,0.0,1.0
2025-03-13,3911.5793,bottom_watch,0.0,1.0,1.5567539224508353,0.0,1.0
2025-03-14,4006.5567,bottom_watch,0.0,1.0,1.5945536009577193,0.0,1.0
2025-03-17,3996.7876,bottom_watch,0.0,1.0,1.5906656356175268,0.0,1.0
2025-03-18,4007.7229,bottom_watch,0.0,1.0,1.5950177322676387,0.0,1.0
2025-03-19,4010.168,bottom_watch,0.0,1.0,1.5959908479132254,0.0,1.0
2025-03-20,3974.9918,bottom_watch,0.0,1.0,1.581991211672458,0.0,1.0
2025-03-21,3914.6956,bottom_watch,0.0,1.0,1.557994166320756,0.0,1.0
2025-03-24,3934.8486,bottom_watch,0.0,1.0,1.5660147788132985,0.0,1.0
2025-03-25,3932.2951,bottom_watch,0.0,1.0,1.5649985214818984,0.0,1.0
2025-03-26,3919.3566,bottom_watch,0.0,1.0,1.5598491792135136,0.0,1.0
2025-03-27,3932.4117,bottom_watch,0.0,1.0,1.5650449266531699,0.0,1.0
2025-03-28,3915.1662,bottom_watch,0.0,1.0,1.5581814585471736,0.0,1.0
2025-03-31,3887.3056,bottom_watch,0.0,1.0,1.5470933289183475,0.0,1.0
2025-04-01,3887.6841,bottom_watch,0.0,1.0,1.5472439666312647,0.0,1.0
2025-04-02,3884.3858,bottom_watch,0.0,1.0,1.545931289303614,0.0,1.0
2025-04-03,3861.5034,bottom_watch,0.0,1.0,1.5368244137367326,0.0,1.0
2025-04-07,3589.4406,bottom_watch,0.0,1.0,1.4285472196496902,0.0,1.0
2025-04-08,3650.759,bottom_watch,0.0,1.0,1.4529510863227781,0.0,1.0
2025-04-09,3686.7943,bottom_watch,0.0,1.0,1.4672926323631954,0.0,1.0
2025-04-10,3735.1151,bottom_watch,0.0,1.0,1.4865236357934368,0.0,1.0
2025-04-11,3750.5167,bottom_watch,0.0,1.0,1.4926532574559759,0.0,1.0
2025-04-14,3759.1422,bottom_watch,0.0,1.0,1.4960860859705603,0.0,1.0
2025-04-15,3761.2348,bottom_watch,0.0,1.0,1.4969189115400487,0.0,1.0
2025-04-16,3772.8204,bottom_watch,0.0,1.0,1.5015298185064363,0.0,1.0
2025-04-17,3772.2221,bottom_watch,0.0,1.0,1.501291703463798,0.0,1.0
2025-04-18,3772.523,watch,0.0,1.0,1.5014114574606723,0.0,1.0
2025-04-21,3784.8806,watch,0.0,1.0,1.506329609643367,0.0,1.0
2025-04-22,3783.9522,watch,0.0,1.0,1.5059601194117351,0.0,1.0
2025-04-23,3786.8824,watch,0.0,1.0,1.5071262980811961,0.0,1.0
2025-04-24,3784.3574,watch,0.0,1.0,1.506121383351693,0.0,1.0
2025-04-25,3786.9937,watch,0.0,1.0,1.5071705939265003,0.0,1.0
2025-04-28,3781.6188,watch,0.0,1.0,1.5050314588058649,0.0,1.0
2025-04-29,3775.0767,watch,0.0,1.0,1.5024277943892785,0.0,1.0
2025-04-30,3770.5705,watch,0.0,1.0,1.500634389734195,0.0,1.0
2025-05-06,3808.5424,watch,0.0,1.0,1.5157466755231883,0.0,1.0
2025-05-07,3831.627,watch,0.0,1.0,1.5249340238656364,0.0,1.0
2025-05-08,3852.8963,watch,0.0,1.0,1.5333989081651274,0.0,1.0
2025-05-09,3846.1566,watch,0.0,1.0,1.5307166017087193,0.0,1.0
2025-05-12,3890.6096,watch,0.0,1.0,1.548408274766378,0.0,1.0
2025-05-13,3896.2583,watch,0.0,1.0,1.5506563784624348,0.0,1.0
2025-05-14,3943.2108,watch,0.0,1.0,1.5693428176057937,0.0,1.0
2025-05-15,3907.1992,watch,0.0,1.0,1.5550107038343228,0.0,1.0
2025-05-16,3889.0854,watch,0.0,1.0,1.547801664457187,0.0,1.0
2025-05-19,3877.1453,watch,0.0,1.0,1.5430496714426376,0.0,1.0
2025-05-20,3898.1705,watch,0.0,1.0,1.551417407351843,0.0,1.0
2025-05-21,3916.3807,watch,0.0,1.0,1.5586648125824143,0.0,1.0
2025-05-22,3913.8651,watch,0.0,1.0,1.5576636389216074,0.0,1.0
2025-05-23,3882.2741,watch,0.0,1.0,1.5450908622009247,0.0,1.0
2025-05-26,3860.1067,watch,0.0,1.0,1.5362685466465558,0.0,1.0
2025-05-27,3839.3969,watch,0.0,1.0,1.5280263355316817,0.0,1.0
2025-05-28,3836.2366,watch,0.0,1.0,1.5267685802763755,0.0,1.0
2025-05-29,3858.6998,watch,0.0,1.0,1.5357086200988581,0.0,1.0
2025-05-30,3840.2323,watch,0.0,1.0,1.5283588130623853,0.0,1.0
2025-06-03,3852.0127,watch,0.0,1.0,1.5330472477077062,0.0,1.0
2025-06-04,3868.7429,watch,0.0,1.0,1.539705633611678,0.0,1.0
2025-06-05,3877.5557,watch,0.0,1.0,1.54321300490996,0.0,1.0
2025-06-06,3873.9841,watch,0.0,1.0,1.541791557999904,0.0,1.0
2025-06-09,3885.2459,watch,0.0,1.0,1.546273597089296,0.0,1.0
2025-06-10,3865.4652,watch,0.0,1.0,1.538401154796276,0.0,1.0
2025-06-11,3894.6252,watch,0.0,1.0,1.5500064274744152,0.0,1.0
2025-06-12,3892.1992,watch,0.0,1.0,1.5490409133620298,0.0,1.0
2025-06-13,3864.1822,watch,0.0,1.0,1.5378905387178787,0.0,1.0
2025-06-16,3873.7951,watch,0.0,1.0,1.541716338639953,0.0,1.0
2025-06-17,3870.3786,watch,0.0,1.0,1.5403566193633804,0.0,1.0
2025-06-18,3874.9708,watch,0.0,1.0,1.5421842508171717,0.0,1.0
2025-06-19,3843.0912,watch,0.0,1.0,1.5294966153278018,0.0,1.0
2025-06-20,3846.6443,watch,0.0,1.0,1.5309106994962758,0.0,1.0
2025-06-23,3857.9016,watch,0.0,1.0,1.5353909476485263,0.0,1.0
2025-06-24,3904.0342,watch,0.0,1.0,1.5537510780446697,0.0,1.0
2025-06-25,3960.0662,watch,0.0,1.0,1.5760510313609086,0.0,1.0
2025-06-26,3946.0195,watch,0.0,1.0,1.5704606409724304,0.0,1.0
2025-06-27,3921.7578,watch,0.0,1.0,1.56080482327232,0.0,1.0
2025-06-30,3936.0791,watch,0.0,1.0,1.5665045006250444,0.0,1.0
2025-07-01,3942.762,watch,0.0,1.0,1.569164201474864,0.0,1.0
2025-07-02,3943.6849,watch,0.0,1.0,1.5695315027833228,0.0,1.0
2025-07-03,3968.0676,watch,0.0,1.0,1.5792354767932428,0.0,1.0
2025-07-04,3982.2034,watch,0.0,1.0,1.5848613277371266,0.0,1.0
2025-07-07,3965.1746,watch,0.0,1.0,1.578084103204153,0.0,1.0
2025-07-08,3998.4527,watch,0.0,1.0,1.5913283221585564,0.0,1.0
2025-07-09,3991.4006,watch,0.0,1.0,1.588521684865912,0.0,1.0
2025-07-10,4010.0243,watch,0.0,1.0,1.5959336573205027,0.0,1.0
2025-07-11,4014.807,watch,0.0,1.0,1.597837105113292,0.0,1.0
2025-07-14,4017.6678,watch,0.0,1.0,1.598975663552168,0.0,1.0
2025-07-15,4019.0644,watch,0.0,1.0,1.5995314908437417,0.0,1.0
2025-07-16,4007.2019,watch,0.0,1.0,1.5948103815452355,0.0,1.0
2025-07-17,4034.491,watch,0.0,1.0,1.6056710621570673,0.0,1.0
2025-07-18,4058.5486,watch,0.0,1.0,1.6152456509081516,0.0,1.0
2025-07-21,4085.6072,watch,0.0,1.0,1.626014595739726,0.0,1.0
2025-07-22,4118.9582,watch,0.0,1.0,1.639287827875825,0.0,1.0
2025-07-23,4119.7685,watch,0.0,1.0,1.639610315957138,0.0,1.0
2025-07-24,4149.0368,watch,0.0,1.0,1.6512586905224875,0.0,1.0
2025-07-25,4127.1634,watch,0.0,1.0,1.6425533828613759,0.0,1.0
2025-07-28,4135.8242,watch,0.0,1.0,1.6460002602828723,0.0,1.0
2025-07-29,4152.0247,watch,0.0,1.0,1.6524478329859653,0.0,1.0
2025-07-30,4151.2379,watch,0.0,1.0,1.6521346975763918,0.0,1.0
2025-07-31,4075.5912,watch,0.0,1.0,1.6220283676483596,0.0,1.0
2025-08-01,4054.9286,watch,0.0,1.0,1.6138049414741713,0.0,1.0
2025-08-04,4070.7023,watch,0.0,1.0,1.620082653739026,0.0,1.0
2025-08-05,4103.45,watch,0.0,1.0,1.633115780902329,0.0,1.0
2025-08-06,4113.4852,watch,0.0,1.0,1.6371096503254998,0.0,1.0
2025-08-07,4114.666,watch,0.0,1.0,1.637579592231479,0.0,1.0
2025-08-08,4104.9669,watch,0.0,1.0,1.6337194859134907,0.0,1.0
2025-08-11,4122.5106,watch,0.0,1.0,1.6407016334540763,0.0,1.0
2025-08-12,4143.8252,watch,0.0,1.0,1.649184546520794,0.0,1.0
2025-08-13,4176.5776,watch,0.0,1.0,1.6622195442184446,0.0,1.0
2025-08-14,4173.3131,watch,0.0,1.0,1.660920318818658,0.0,1.0
2025-08-15,4202.3533,watch,0.0,1.0,1.6724779127702254,0.0,1.0
2025-08-18,4239.4125,watch,0.0,1.0,1.6872269567082814,0.0,1.0
2025-08-19,4223.3741,watch,0.0,1.0,1.6808438975408917,0.0,1.0
2025-08-20,4271.3958,watch,0.0,1.0,1.6999558633491159,0.0,1.0
2025-08-21,4288.0707,watch,0.0,1.0,1.7065922406255465,0.0,1.0
2025-08-22,4377.9977,watch,0.0,1.0,1.7423819304790118,0.0,1.0
2025-08-25,4469.2217,watch,0.0,1.0,1.7786878082153152,0.0,1.0
2025-08-26,4452.5905,watch,0.0,1.0,1.7720688229284611,0.0,1.0
2025-08-27,4386.1266,watch,0.0,1.0,1.7456171191303607,0.0,1.0
2025-08-28,4463.782,watch,0.0,1.0,1.77652288359984,0.0,1.0
2025-08-29,4496.7591,watch,0.0,1.0,1.7896473087587657,0.0,1.0
2025-09-01,4523.7111,watch,0.0,1.0,1.8003738282793837,0.0,1.0
2025-09-02,4490.4528,watch,0.0,1.0,1.7871374894484038,0.0,1.0
2025-09-03,4459.8296,watch,0.0,1.0,1.7749498836089934,0.0,1.0
2025-09-04,4365.2085,watch,0.0,1.0,1.737292007525128,0.0,1.0
2025-09-05,4460.3249,watch,0.0,1.0,1.7751470060903882,0.0,1.0
2025-09-08,4467.5733,watch,0.0,1.0,1.7780317680410136,0.0,1.0
2025-09-09,4436.2584,watch,0.0,1.0,1.7655688752636238,0.0,1.0
2025-09-10,4445.3649,watch,0.0,1.0,1.7691931350593535,0.0,1.0
2025-09-11,4548.0345,watch,0.0,1.0,1.8100542017176364,0.0,1.0
2025-09-12,4521.998,watch,0.0,1.0,1.7996920384088442,0.0,1.0
2025-09-15,4533.0557,watch,0.0,1.0,1.80409284854921,0.0,1.0
2025-09-16,4523.3367,watch,0.0,1.0,1.800224822309195,0.0,1.0
2025-09-17,4551.023,watch,0.0,1.0,1.8112435829727334,0.0,1.0
2025-09-18,4498.109,watch,0.0,1.0,1.790184550102669,0.0,1.0
2025-09-19,4501.9195,watch,0.0,1.0,1.7917010758756473,0.0,1.0
2025-09-22,4522.608,watch,0.0,1.0,1.7999348098880512,0.0,1.0
2025-09-23,4519.7781,watch,0.0,1.0,1.7988085492175483,0.0,1.0
2025-09-24,4566.0708,watch,0.0,1.0,1.8172323971773328,0.0,1.0
2025-09-25,4593.4875,watch,0.0,1.0,1.8281438608067824,0.0,1.0
2025-09-26,4550.0487,watch,0.0,1.0,1.8108558251822566,0.0,1.0
2025-09-29,4620.0528,watch,0.0,1.0,1.8387164791290245,0.0,1.0
2025-09-30,4640.6935,watch,0.0,1.0,1.8469311894091234,0.0,1.0
2025-10-09,4709.482,watch,0.0,1.0,1.8743080515360164,0.0,1.0
2025-10-10,4616.8341,watch,0.0,1.0,1.8374354814894798,0.0,1.0
2025-10-13,4593.9785,watch,0.0,1.0,1.8283392719482423,0.0,1.0
2025-10-14,4539.0644,watch,0.0,1.0,1.8064842272166024,0.0,1.0
2025-10-15,4606.2879,watch,0.0,1.0,1.8332382412042196,0.0,1.0
2025-10-16,4618.4218,watch,0.0,1.0,1.838067363911671,0.0,1.0
2025-10-17,4514.2345,watch,0.0,1.0,1.7966022738534013,0.0,1.0
2025-10-20,4538.2201,watch,0.0,1.0,1.8061482076102187,0.0,1.0
2025-10-21,4607.8715,watch,0.0,1.0,1.8338684918836814,0.0,1.0
2025-10-22,4592.57,watch,0.0,1.0,1.827778708622894,0.0,1.0
2025-10-23,4606.3447,watch,0.0,1.0,1.833260846810808,0.0,1.0
2025-10-24,4660.6835,watch,0.0,1.0,1.8548869301785342,0.0,1.0
2025-10-27,4716.0186,watch,0.0,1.0,1.8769095270294305,0.0,1.0
2025-10-28,4691.973,watch,0.0,1.0,1.8673397141107242,0.0,1.0
2025-10-29,4747.8378,watch,0.0,1.0,1.8895731241624985,0.0,1.0
2025-10-30,4709.911,watch,0.0,1.0,1.874478787543525,0.0,1.0
2025-10-31,4640.6676,watch,0.0,1.0,1.8469208815709084,0.0,1.0
2025-11-03,4653.4028,watch,0.0,1.0,1.8519893132790926,0.0,1.0
2025-11-04,4618.699,watch,0.0,1.0,1.838177685639599,0.0,1.0
2025-11-05,4627.257,watch,0.0,1.0,1.8415836500970584,0.0,1.0
2025-11-06,4693.4032,watch,0.0,1.0,1.8679089137329556,0.0,1.0
2025-11-07,4678.7944,watch,0.0,1.0,1.8620948153961792,0.0,1.0
2025-11-10,4695.0507,watch,0.0,1.0,1.8685645957198296,0.0,1.0
2025-11-11,4652.1655,watch,0.0,1.0,1.8514968851623348,0.0,1.0
2025-11-12,4645.9079,watch,0.0,1.0,1.849006447771706,0.0,1.0
2025-11-13,4702.0738,watch,0.0,1.0,1.871359691417561,0.0,1.0
2025-11-14,4628.1398,watch,0.0,1.0,1.8419349921656554,0.0,1.0
2025-11-17,4598.0525,watch,0.0,1.0,1.8299606670405186,0.0,1.0
2025-11-18,4568.1928,watch,0.0,1.0,1.8180769235361482,0.0,1.0
2025-11-19,4588.2922,watch,0.0,1.0,1.8260762039774032,0.0,1.0
2025-11-20,4564.9483,watch,0.0,1.0,1.8167856578569912,0.0,1.0
2025-11-21,4453.6076,watch,0.0,1.0,1.772473614521088,0.0,1.0
2025-11-24,4448.0478,watch,0.0,1.0,1.7702608917832308,0.0,1.0
2025-11-25,4490.4047,watch,0.0,1.0,1.7871183463202913,0.0,1.0
2025-11-26,4517.6255,watch,0.0,1.0,1.7979518444861726,0.0,1.0
2025-11-27,4515.4027,watch,0.0,1.0,1.7970672011353848,0.0,1.0
2025-11-28,4526.6616,bottom_watch,0.0,1.0,1.8015480860652855,0.0,1.0
2025-12-01,4576.4856,bottom_watch,0.0,1.0,1.821377342098057,0.0,1.0
2025-12-02,4554.3347,bottom_watch,0.0,1.0,1.812561593313208,0.0,1.0
2025-12-03,4531.0486,bottom_watch,0.0,1.0,1.8032940507854156,0.0,1.0
2025-12-04,4546.5664,bottom_watch,0.0,1.0,1.8094699184248129,0.0,1.0
2025-12-05,4584.5368,bottom_watch,0.0,1.0,1.824581607234759,0.0,1.0
2025-12-08,4621.7545,bottom_watch,0.0,1.0,1.8393937319588054,0.0,1.0
2025-12-09,4598.2232,bottom_watch,0.0,1.0,1.8300286032560928,0.0,1.0
2025-12-10,4591.8273,bottom_watch,0.0,1.0,1.8274831243973098,0.0,1.0
2025-12-11,4552.1848,bottom_watch,0.0,1.0,1.8117059631441155,0.0,1.0
2025-12-12,4580.95,bottom_watch,0.0,1.0,1.8231541109370242,0.0,1.0
2025-12-15,4552.0596,bottom_watch,0.0,1.0,1.8116561352929732,0.0,1.0
2025-12-16,4497.5545,bottom_watch,0.0,1.0,1.7899638668482112,0.0,1.0
2025-12-17,4579.875,bottom_watch,0.0,1.0,1.8227262759531766,0.0,1.0
2025-12-18,4552.7926,bottom_watch,0.0,1.0,1.8119478590540528,0.0,1.0
2025-12-19,4568.1781,bottom_watch,0.0,1.0,1.8180710731414844,0.0,1.0
2025-12-22,4611.6235,bottom_watch,0.0,1.0,1.835361735473818,0.0,1.0
2025-12-23,4620.7341,bottom_watch,0.0,1.0,1.838987627012277,0.0,1.0
2025-12-24,4634.0586,bottom_watch,0.0,1.0,1.844290591888816,0.0,1.0
2025-12-25,4642.5357,bottom_watch,0.0,1.0,1.8476643592763282,0.0,1.0
2025-12-26,4657.24,bottom_watch,0.0,1.0,1.8535164652791114,0.0,1.0
2025-12-29,4639.3721,bottom_watch,0.0,1.0,1.8464052906671178,0.0,1.0
2025-12-30,4651.2818,bottom_watch,0.0,1.0,1.8511451849063099,0.0,1.0
2025-12-31,4629.9395,bottom_watch,0.0,1.0,1.8426512476265207,0.0,1.0
2026-01-05,4717.7457,bottom_watch,0.0,1.0,1.8775968887044103,0.0,1.0
2026-01-06,4790.6938,bottom_watch,0.0,1.0,1.9066292135278735,0.0,1.0
2026-01-07,4776.6658,bottom_watch,0.0,1.0,1.9010462654781841,0.0,1.0
2026-01-08,4737.6536,bottom_watch,0.0,1.0,1.8855199548206354,0.0,1.0
2026-01-09,4758.9221,bottom_watch,0.0,1.0,1.8939845207313009,0.0,1.0
2026-01-12,4789.9155,bottom_watch,0.0,1.0,1.9063194609995673,0.0,1.0
2026-01-13,4761.0324,bottom_watch,0.0,1.0,1.8948243906535462,0.0,1.0
2026-01-14,4741.9306,bottom_watch,0.0,1.0,1.8872221410773016,0.0,1.0
2026-01-15,4751.4293,bottom_watch,0.0,1.0,1.8910024909945804,0.0,1.0
2026-01-16,4731.8728,bottom_watch,0.0,1.0,1.8832192771698193,0.0,1.0
2026-01-19,4734.4556,bottom_watch,0.0,1.0,1.884247195491942,0.0,1.0
2026-01-20,4718.8782,bottom_watch,0.0,1.0,1.8780476078850676,0.0,1.0
2026-01-21,4723.0692,bottom_watch,0.0,1.0,1.8797155673430264,0.0,1.0
2026-01-22,4723.7091,bottom_watch,0.0,1.0,1.8799702386045742,0.0,1.0
2026-01-23,4702.4966,bottom_watch,0.0,1.0,1.871527959911672,0.0,1.0
2026-01-26,4706.964,bottom_watch,0.0,1.0,1.8733059227087334,0.0,1.0
2026-01-27,4705.6918,bottom_watch,0.0,1.0,1.8727996048794766,0.0,1.0
2026-01-28,4717.9914,bottom_watch,0.0,1.0,1.8776946738723452,0.0,1.0
2026-01-29,4753.8697,bottom_watch,0.0,1.0,1.8919737361058193,0.0,1.0
2026-01-30,4706.3401,bottom_watch,0.0,1.0,1.8730576192236899,0.0,1.0
2026-02-02,4605.9799,bottom_watch,0.0,1.0,1.8331156615065216,0.0,1.0
2026-02-03,4660.1074,bottom_watch,0.0,1.0,1.8546576504257946,0.0,1.0
2026-02-04,4698.6832,bottom_watch,0.0,1.0,1.8700102799792027,0.0,1.0
2026-02-05,4670.4188,bottom_watch,0.0,1.0,1.8587614435908622,0.0,1.0
2026-02-06,4643.5959,bottom_watch,0.0,1.0,1.8480863040669093,0.0,1.0
2026-02-09,4719.0559,bottom_watch,0.0,1.0,1.878118330002863,0.0,1.0
2026-02-10,4724.2956,bottom_watch,0.0,1.0,1.8802036574120418,0.0,1.0
2026-02-11,4713.8185,bottom_watch,0.0,1.0,1.876033917961557,0.0,1.0
2026-02-12,4719.578,bottom_watch,0.0,1.0,1.8783261185099025,0.0,1.0
2026-02-13,4660.4056,bottom_watch,0.0,1.0,1.8547763298603845,0.0,1.0
2026-02-24,4707.544,bottom_watch,0.0,1.0,1.8735367546069968,0.0,1.0
2026-02-25,4735.8858,bottom_watch,0.0,1.0,1.8848163951141745,0.0,1.0
2026-02-26,4726.8739,bottom_watch,0.0,1.0,1.8812297847970232,0.0,1.0
2026-02-27,4710.6469,bottom_watch,0.0,1.0,1.8747716654640953,0.0,1.0
2026-03-02,4728.6688,bottom_watch,0.0,1.0,1.881944129924938,0.0,1.0
2026-03-03,4655.8962,bottom_watch,0.0,1.0,1.8529816516500002,0.0,1.0
2026-03-04,4602.6247,watch,0.0,1.0,1.8317803387736795,0.0,1.0
2026-03-05,4647.6921,watch,0.0,1.0,1.849716534449084,0.0,1.0
2026-03-06,4660.439,watch,0.0,1.0,1.8547896225938363,0.0,1.0
2026-03-09,4615.4551,watch,0.0,1.0,1.8368866587520611,0.0,1.0
2026-03-10,4674.7562,bottom_watch,0.0,1.0,1.8604876682038314,0.0,1.0
2026-03-11,4704.4959,bottom_watch,0.0,1.0,1.8723236533844239,0.0,1.0
2026-03-12,4687.5601,bottom_watch,0.0,1.0,1.8655834415523782,0.0,1.0
2026-03-13,4669.14,bottom_watch,0.0,1.0,1.8582524990537983,0.0,1.0
2026-03-16,4671.5591,bottom_watch,0.0,1.0,1.8592152670625668,0.0,1.0
2026-03-17,4637.4392,bottom_watch,0.0,1.0,1.8456360234668583,0.0,1.0
2026-03-18,4658.3324,bottom_watch,0.0,1.0,1.8539512252199073,0.0,1.0
2026-03-19,4583.2511,bottom_watch,0.0,1.0,1.8240699165940775,0.0,1.0
2026-03-20,4567.0179,bottom_watch,0.0,1.0,1.8176093297477542,0.0,1.0
2026-03-23,4417.9971,bottom_watch,0.0,1.0,1.758301132946845,0.0,1.0
2026-03-24,4474.7224,bottom_watch,0.0,1.0,1.7808770099787132,0.0,1.0
2026-03-25,4537.4656,bottom_watch,0.0,1.0,1.805847927149463,0.0,1.0
2026-03-26,4477.5343,bottom_watch,0.0,1.0,1.7819961069006496,0.0,1.0
2026-03-27,4502.5698,bottom_watch,0.0,1.0,1.7919598861919241,0.0,1.0
2026-03-30,4491.95,bottom_watch,0.0,1.0,1.7877333541347462,0.0,1.0
2026-03-31,4450.0493,bottom_watch,0.0,1.0,1.7710574608252494,0.0,1.0
2026-04-01,4526.0668,bottom_watch,0.0,1.0,1.8013113639737566,0.0,1.0
2026-04-02,4478.9141,bottom_watch,0.0,1.0,1.7825452480268944,0.0,1.0
2026-04-03,4440.7889,bottom_watch,0.0,1.0,1.7673719509792738,0.0,1.0
2026-04-07,4440.6162,bottom_watch,0.0,1.0,1.7673032187916367,0.0,1.0
2026-04-08,4595.556,bottom_watch,0.0,1.0,1.8289670949129126,0.0,1.0
2026-04-09,4566.2237,bottom_watch,0.0,1.0,1.817293249241548,0.0,1.0
2026-04-10,4636.5655,bottom_watch,0.0,1.0,1.8452883030711487,0.0,1.0
2026-04-13,4646.1546,bottom_watch,0.0,1.0,1.849104630925674,0.0,1.0
2026-04-14,4701.2837,bottom_watch,0.0,1.0,1.8710452426540836,0.0,1.0
2026-04-15,4685.2464,bottom_watch,0.0,1.0,1.8646626212713289,0.0,1.0
2026-04-16,4736.6077,bottom_watch,0.0,1.0,1.8851037012303045,0.0,1.0
2026-04-17,4728.6716,bottom_watch,0.0,1.0,1.8819452442858264,0.0,1.0
2026-04-20,4757.4419,bottom_watch,0.0,1.0,1.8933954218074955,0.0,1.0
2026-04-21,4767.997,bottom_watch,0.0,1.0,1.8975962041684369,0.0,1.0
2026-04-22,4799.627,bottom_watch,0.0,1.0,1.9101845023443476,0.0,1.0
2026-04-23,4786.3273,bottom_watch,0.0,1.0,1.9048914075213896,0.0,1.0
2026-04-24,4769.3688,bottom_watch,0.0,1.0,1.8981421614064298,0.0,1.0
2026-04-27,4770.9469,bottom_watch,0.0,1.0,1.898770223162718,0.0,1.0
2026-04-28,4758.2083,bottom_watch,0.0,1.0,1.8937004383020273,0.0,1.0
2026-04-29,4810.3468,bottom_watch,0.0,1.0,1.914450833004674,0.0,1.0
2026-04-30,4807.3069,bottom_watch,0.0,1.0,1.9132409952675586,0.0,1.0
2026-05-06,4877.0932,bottom_watch,0.0,1.0,1.941014967856669,0.0,1.0
2026-05-07,4900.5098,bottom_watch,0.0,1.0,1.95033444756157,0.0,1.0
2026-05-08,4871.9122,bottom_watch,0.0,1.0,1.9389530022275383,0.0,1.0
2026-05-11,4951.8366,bottom_watch,0.0,1.0,1.9707617970024593,0.0,1.0
2026-05-12,4948.0465,bottom_watch,0.0,1.0,1.9692533901445237,0.0,1.0
2026-05-13,4998.3417,bottom_watch,0.0,1.0,1.9892701771953318,0.0,1.0
2026-05-14,4914.5971,bottom_watch,0.0,1.0,1.9559409961829268,0.0,1.0
2026-05-15,4859.5927,bottom_watch,0.0,1.0,1.9340500133126433,0.0,1.0
2026-05-18,4833.5237,bottom_watch,0.0,1.0,1.9236749154578276,0.0,1.0
2026-05-19,4852.8832,bottom_watch,0.0,1.0,1.9313797260343863,0.0,1.0
2026-05-20,4850.7,bottom_watch,0.0,1.0,1.9305108429304454,0.0,1.0
2026-05-21,4783.0976,bottom_watch,0.0,1.0,1.9036060320354984,0.0,1.0
2026-05-22,4845.0956,bottom_watch,0.0,1.0,1.928280370015584,0.0,1.0
2026-05-25,4921.5974,bottom_watch,0.0,1.0,1.9587270177991403,0.0,1.0
2026-05-26,4947.8493,bottom_watch,0.0,1.0,1.969174907299115,0.0,1.0
2026-05-27,4908.1714,bottom_watch,0.0,1.0,1.953383657340406,0.0,1.0
2026-05-28,4914.2133,bottom_watch,0.0,1.0,1.9557882491440428,0.0,1.0
2026-05-29,4892.1213,bottom_watch,0.0,1.0,1.9469959417364477,0.0,1.0
2026-06-01,4844.2556,bottom_watch,0.0,1.0,1.927946061749136,0.0,1.0
2026-06-02,4914.5591,bottom_watch,0.0,1.0,1.955925872713731,0.0,1.0
2026-06-03,4938.8091,bottom_watch,0.0,1.0,1.9655770339772731,0.0,1.0
2026-06-04,4904.7454,bottom_watch,0.0,1.0,1.952020157196534,0.0,1.0
2026-06-05,4816.9199,bottom_watch,0.0,1.0,1.917066834988237,0.0,1.0
2026-06-08,4713.6358,bottom_watch,0.0,1.0,1.8759612059136062,0.0,1.0
2026-06-09,4801.8106,bottom_watch,0.0,1.0,1.9110535446427017,0.0,1.0
2026-06-10,4748.5932,watch,0.0,1.0,1.8898737628106845,0.0,1.0
2026-06-11,4722.4122,watch,0.0,1.0,1.879454090520342,0.0,1.0
2026-06-12,4777.3206,watch,0.0,1.0,1.9013068667316029,0.0,1.0
2026-06-15,4891.7126,watch,0.0,1.0,1.9468332848453802,0.0,1.0
2026-06-16,4884.2322,watch,0.0,1.0,1.9438561901354505,0.0,1.0
2026-06-17,4931.3861,watch,0.0,1.0,1.9626227836655505,0.0,1.0
2026-06-18,4941.5986,watch,0.0,1.0,1.9666872160121045,0.0,1.0
2026-06-22,5059.6582,watch,0.0,1.0,2.013673287694961,0.0,1.0
2026-06-23,4919.386,watch,0.0,1.0,1.9578469114891128,0.0,1.0
2026-06-24,4943.0197,watch,0.0,1.0,1.9672527939614493,0.0,1.0
2026-06-25,5020.1038,watch,0.0,1.0,1.99793118901114,0.0,1.0
2026-06-26,4868.2205,watch,0.0,1.0,1.9374837571951018,0.0,1.0
2026-06-29,4926.921,watch,0.0,1.0,1.9608457362363612,0.0,1.0
2026-06-30,4979.4328,watch,0.0,1.0,1.9817446991245615,0.0,1.0
2026-07-01,4958.9773,watch,0.0,1.0,1.9736036958574943,0.0,1.0
2026-07-02,4812.2957,watch,0.0,1.0,1.9152264679814381,0.0,1.0
2026-07-03,4842.1737,watch,0.0,1.0,1.9271174946301852,0.0,1.0
2026-07-06,4841.998,watch,0.0,1.0,1.9270475684844528,0.0,1.0
2026-07-07,4792.2624,watch,0.0,1.0,1.9072534944168642,0.0,1.0
2026-07-08,4755.5338,watch,0.0,1.0,1.892636024660818,0.0,1.0
2026-07-09,4876.3125,watch,0.0,1.0,1.9407042601618887,0.0,1.0
2026-07-10,4780.7867,watch,0.0,1.0,1.9026863261153373,0.0,1.0
2026-07-13,4695.383,watch,0.0,1.0,1.8686968464780935,0.0,1.0
2026-07-14,4796.502,bottom_watch,0.0,1.0,1.9089407959959537,0.0,1.0
2026-07-15,4786.7828,bottom_watch,0.0,1.0,1.9050726901587323,0.0,1.0
2026-07-16,4698.4344,bottom_watch,0.0,1.0,1.869911261054571,0.0,1.0
2026-07-17,4529.0953,bottom_watch,0.0,1.0,1.8025166646701145,0.0,1.0
2026-07-20,4598.3208,bottom_watch,0.0,1.0,1.8300674466927676,0.0,1.0
2026-07-21,4739.2287,bottom_watch,0.0,1.0,1.8861468226188312,0.0,1.0
2026-07-22,4717.2442,bottom_watch,0.0,1.0,1.8773972987096217,0.0,1.0
2026-07-23,4728.0018,bottom_watch,0.0,1.0,1.8816786732419386,0.0,1.0
2026-07-24,4649.1917,bottom_watch,0.0,1.0,1.8503133543019028,0.0,1.0
2026-07-27,4702.4272,bottom_watch,0.0,1.0,1.8715003396810899,0.0,1.0
2026-07-28,4569.5235,bottom_watch,0.0,1.0,1.8186065235482485,0.0,1.0
2026-07-29,4600.2624,bottom_watch,0.0,1.0,1.8308401763715014,0.0,1.0
2026-07-30,4549.7201,bottom_watch,0.0,1.0,1.8107250469723128,0.0,1.0
2026-07-31,4588.1968,bottom_watch,0.0,1.0,1.8260382361100007,0.0,1.0
2026-08-03,4543.1781,bottom_watch,0.0,1.0,1.8081214223543298,0.0,1.0
2026-08-04,4600.9304,bottom_watch,0.0,1.0,1.8311060310405345,0.0,1.0
2026-08-05,4658.1549,bottom_watch,0.0,1.0,1.8538805826993205,0.0,1.0
2026-08-06,4651.3098,bottom_watch,0.0,1.0,1.8511563285151937,0.0,1.0
2026-08-07,4694.4365,bottom_watch,0.0,1.0,1.8683201526992925,0.0,1.0
2026-08-10,4702.0247,bottom_watch,0.0,1.0,1.8713401503034168,0.0,1.0
2026-08-11,4663.7887,bottom_watch,0.0,1.0,1.856122756403508,0.0,1.0
2026-08-12,4690.9165,bottom_watch,0.0,1.0,1.8669192418684613,0.0,1.0
2026-08-13,4663.9513,bottom_watch,0.0,1.0,1.8561874689322275,0.0,1.0
2026-08-14,4665.8812,bottom_watch,0.0,1.0,1.856955542174393,0.0,1.0
2026-08-17,4741.0981,bottom_watch,0.0,1.0,1.8868908177060928,0.0,1.0
