,nav_long,nav_rest,nav_hs300,rel_vs_rest_pct,rel_vs_hs300_pct
2010-07-01,1.0,1.0,1.0,0.0,0.0
2010-07-02,1.0072071087234906,0.9946277600162197,1.0031804331707226,1.264729300041445,0.40139095815905357
2010-07-05,1.0009120642939688,0.987763393076065,0.9946874018980465,1.3311559539533668,0.6257908146865665
2010-07-06,1.005859201832186,1.0104913590305673,1.0145803502751902,-0.45840641357144385,-0.8595818399832811
2010-07-07,1.000935724443891,1.0227680944114466,1.0215377952559528,-2.1346354160684866,-2.016770295503345
2010-07-08,1.0004877683371705,1.020246546943607,1.0197342038287918,-1.9366670404941555,-1.8873972667933225
2010-07-09,1.0160926320362145,1.0492432073074869,1.04791353845557,-3.1594748520070604,-3.0365965560721353
2010-07-12,1.0310960891092795,1.0568017911961827,1.059438946886291,-2.4324052344581237,-2.6752705156169343
2010-07-13,1.0310960891092795,1.0433182650087047,1.042960787721327,-1.1714714780080349,-1.13759776510578
2010-07-14,1.0310960891092795,1.0504901542919218,1.0504886838097585,-1.8461919993638443,-1.8460546029062108
2010-07-15,1.0310960891092795,1.0294300924474649,1.0326388292332243,0.1618367943619914,-0.14939784174978765
2010-07-16,1.0310960891092795,1.0330511567160443,1.0356510169349953,-0.18925177074287092,-0.43981300179630756
2010-07-19,1.0310960891092795,1.0578141909502312,1.0619147284458752,-2.5257840242198792,-2.90217646587303
2010-07-20,1.0310960891092795,1.085665913504415,1.0852834302757128,-5.026391979001154,-4.992920711289884
2010-07-21,1.0310960891092795,1.0890263929206419,1.0875921539814202,-5.319458204864991,-5.1946002612580315
2010-07-22,1.0310960891092795,1.102317786605303,1.101032393784656,-6.46108575598311,-6.351884383254114
2010-07-23,1.0310960891092795,1.1061501718267233,1.1056997210292188,-6.785162144259093,-6.747187369324459
2010-07-26,1.0310960891092795,1.1178738831947594,1.1128170981734082,-7.7627535082471555,-7.343615514019919
2010-07-27,1.0310960891092795,1.1148485779886166,1.1067479892687102,-7.512454205255503,-6.8355127719200155
2010-07-28,1.0310960891092795,1.1386556082248487,1.1336672643009638,-9.446185338098257,-9.047731942311232
2010-07-29,1.0310960891092795,1.1457876515792667,1.139309227650371,-10.009844521531107,-9.498135880481051
2010-07-30,1.0310960891092795,1.143367224404045,1.1356949191055992,-9.8193417563884,-9.210116928117895
2010-08-02,1.0310960891092795,1.1627819876722574,1.1548665892605554,-11.325072108022283,-10.717298543594056
2010-08-03,1.0310960891092795,1.1432173553107354,1.1345567879921032,-9.807519600765724,-9.119041019174068
2010-08-04,1.0310960891092795,1.151011729158571,1.1386987935018456,-10.418281326894386,-9.449619601479942
2010-08-05,1.0310960891092795,1.1482159286069729,1.1285624988371272,-10.200158052134345,-8.6363324874145
2010-08-06,1.0310960891092795,1.1688518895871096,1.1471011701571336,-11.785565109236519,-10.11289013260821
2010-08-09,1.0310960891092795,1.1813576962266663,1.15524900131469,-12.71939968710003,-10.74685302165358
2010-08-10,1.0310960891092795,1.1442253905564392,1.1213611968943076,-9.886977022258236,-8.049601505297666
2010-08-11,1.0310960891092795,1.154691489174342,1.1283178501316868,-10.703759508389465,-8.616522464043308
2010-08-12,1.0310960891092795,1.1428265956322619,1.114927490161599,-9.776680639915291,-7.5190002750913365
2010-08-13,1.0310960891092795,1.1607816852856987,1.1304302214783357,-11.172264157880829,-8.787285626453844
2010-08-16,1.0310960891092795,1.1862348845907003,1.1567699403540126,-13.078252671261648,-10.864204442092639
2010-08-17,1.0310960891092795,1.194416564115966,1.1647697154988916,-13.673661259676717,-11.476399550134019
2010-08-18,1.0310960891092795,1.1939228587016264,1.1628184639307448,-13.637963994543046,-11.3278537370482
2010-08-19,1.0310960891092795,1.197308479861358,1.1699572181462836,-13.88216934463915,-11.868906561986936
2010-08-20,1.0310960891092795,1.1736344177869846,1.1473679876773064,-12.145036522231223,-10.13379315239602
2010-08-23,1.0310960891092795,1.1759912984282002,1.146520426385482,-12.32111236814285,-10.067359867288983
2010-08-24,1.0310960891092795,1.1842000773882397,1.1527098802844422,-12.9288953110552,-10.550251477427553
2010-08-25,1.0310960891092795,1.1597869434800534,1.1254723244121014,-11.096077179884823,-8.385478101571264
2010-08-26,1.0310960891092795,1.1660553918938004,1.1282711372720724,-11.574004436044182,-8.612738990890268
2010-08-27,1.0310960891092795,1.1726437895364272,1.1316253581154294,-12.070818239109482,-8.883617558161472
2010-08-30,1.0310960891092795,1.19973630338904,1.1539699398789667,-14.056440052983488,-10.64792474425934
2010-08-31,1.0310960891092795,1.2011838100878665,1.1492899447402711,-14.160007781502237,-10.284076370101914
2010-09-01,1.0310960891092795,1.1866279282284826,1.1417105853319252,-13.107043532288731,-9.68848827748121
2010-09-02,1.0310960891092795,1.2048779187386258,1.1564967888867739,-14.423189845762685,-10.843151574869758
2010-09-03,1.0310960891092795,1.2141025345216108,1.1560264933170927,-15.073392914416473,-10.80688071856718
2010-09-06,1.0310960891092795,1.222629896355751,1.1777539111133464,-15.665722539369387,-12.452331562663144
2010-09-07,1.0310960891092795,1.2265371910722984,1.1809280103370023,-15.934380415497618,-12.687642253905484
2010-09-08,1.0310960891092795,1.2346791123839553,1.180080449045178,-16.488739562588993,-12.624932482903528
2010-09-09,1.0310960891092795,1.22009759812056,1.1585026707483683,-15.490687736982567,-10.997521616138084
2010-09-10,1.0310960891092795,1.2281987063625228,1.160915112837288,-16.048104938734987,-11.182473403307636
2010-09-13,1.0310960891092795,1.2461013561634626,1.1726982337392737,-17.254235860568222,-12.07490047789026
2010-09-14,1.0310960891092795,1.2502791658551906,1.1737631285898145,-17.530730954473672,-12.1546703935008
2010-09-15,1.0310960891092795,1.2245880640905435,1.1532510368869289,-15.800576590215531,-10.592225271905487
2010-09-16,1.0310960891092795,1.2008058032646396,1.131317765811017,-14.132985841171742,-8.858844060482928
2010-09-17,1.0310960891092795,1.2019180079718206,1.1327349864671268,-14.21244358846032,-8.972875259626933
2010-09-20,1.0310960891092795,1.204511407269252,1.128166231273785,-14.397150339416243,-8.604241066044494
2010-09-21,1.0310960891092795,1.2058797318078314,1.1311938579715302,-14.49428480206062,-8.848860710908301
2010-09-27,1.0310960891092795,1.2327818119636968,1.1500187445246002,-16.360212399074282,-10.340931917982033
2010-09-28,1.0184283995474601,1.2268809772250588,1.1404695275785999,-16.99044826247723,-10.70095474538918
2010-09-29,1.0572623799311622,1.2192370251415865,1.1380566896179882,-13.2849185080821,-7.099322065752823
2010-09-30,1.0603559584783748,1.2414915149697947,1.1621106453460734,-14.590156622683558,-8.756023987491856
2010-10-08,1.105858681394168,1.2783989460445966,1.2051256674891566,-13.49659002647594,-8.237065127142174
2010-10-11,1.134224258386152,1.2927431799855313,1.2402244434142988,-12.262212947907692,-8.546855014107912
2010-10-12,1.1473704442746868,1.3053154753460112,1.2559924087644416,-12.100142383545753,-8.648297850510867
2010-10-13,1.1486933808860904,1.3152965254186164,1.2737476500066713,-12.666584402289182,-9.81782138086189
2010-10-14,1.1589480841009718,1.3042486443520072,1.2763457559189755,-11.140556739717777,-9.197952143733712
2010-10-15,1.196838848645988,1.3287893132776387,1.3173354984875731,-9.930126869110422,-9.14699785893015
2010-10-18,1.1795182453326258,1.3194789414133474,1.3088151520681732,-10.60727016460028,-9.878928016017696
2010-10-19,1.1905503822281054,1.3560112045506059,1.3363337768415862,-12.202024715373616,-10.909205255444387
2010-10-20,1.2032090641134128,1.3656561310213622,1.344728236063041,-11.89516622947071,-10.523997946525887
2010-10-21,1.1900158240954526,1.3655497254024316,1.3359422597385433,-12.854449606750762,-10.923109481666515
2010-10-22,1.1920527033304185,1.378402038478368,1.3375138703543972,-13.519229509676467,-10.875488490107122
2010-10-25,1.217255908435574,1.4199390806972654,1.3780614242434208,-14.274075206252023,-11.668965764434757
2010-10-26,1.204045562853081,1.4210385853618077,1.3721245364837338,-15.270030296431292,-12.249542163379656
2010-10-27,1.1913895884554988,1.4037761504615938,1.3474965668027548,-15.129660233667408,-11.584962974536971
2010-10-28,1.1932004770319684,1.4084000820800362,1.345050079748353,-15.279721137920133,-11.289512933584911
2010-10-29,1.1949123957373184,1.4169175713555016,1.338039587960909,-15.66817859459536,-10.696783078123106
2010-11-01,1.2514548217743715,1.4563587349192055,1.374860405744732,-14.0696044341164,-8.975862818852098
2010-11-02,1.2520348928846181,1.4542793259516418,1.3709555273782887,-13.90684921788875,-8.674288269662945
2010-11-03,1.2364976457404897,1.4347327875073956,1.3540161776925514,-13.816868443587026,-8.679256118810274
2010-11-04,1.2482144493673282,1.4682344667840554,1.3778334021490297,-14.985346168766068,-9.407447415597037
2010-11-05,1.2472797906566846,1.4838472619119198,1.3937842602207149,-15.942845151759144,-10.511273067528426
2010-11-08,1.2684201260915435,1.504337363069667,1.4047768253544741,-15.682468757986834,-9.706644984588431
2010-11-09,1.3076369802315722,1.5011200664309008,1.395033631279565,-12.889247870715547,-6.264841871075911
2010-11-10,1.3787175283603739,1.5002106142587972,1.3851989908438844,-8.09840196727637,-0.4679084035111747
2010-11-11,1.3888281235683497,1.5001084531966375,1.3894997409019785,-7.4181522936662585,-0.04833518955482674
2010-11-12,1.3238752088989276,1.4086617459497277,1.3031434983418921,-6.018942254560655,1.5909000492589032
2010-11-15,1.387908978549443,1.4359281569995443,1.3122722995513594,-3.344121237265818,5.763794528311106
2010-11-16,1.341951727604097,1.382624556971187,1.254730369811459,-2.941711772875555,6.951402459936018
2010-11-17,1.2193990584165084,1.3447742047799456,1.2287485189450342,-9.323137365201994,-0.7608929235213169
2010-11-18,1.2745477595509236,1.3629663108854895,1.2461890421924013,-6.487214733658552,2.275635268677312
2010-11-19,1.3388879108744078,1.394121492376128,1.2584151435173443,-3.9618915427220514,6.39477105561026
2010-11-22,1.3343832450291466,1.4028958120735413,1.2556816494864955,-4.883653258835386,6.267639220087018
2010-11-23,1.3144008004280447,1.3790123907123948,1.2300430193767322,-4.6853524101383766,6.858116319708629
2010-11-24,1.325502158539768,1.413571516428632,1.257701386857298,-6.230272530630076,5.390848129052972
2010-11-25,1.33050283669997,1.428515793239136,1.2760860640892522,-6.861174164334793,4.2643497286019905
2010-11-26,1.3264509177620687,1.4164068968711678,1.2647518616855986,-6.350998382443008,4.878352659172269
2010-11-29,1.3200475326307046,1.420656556000655,1.2628504899506,-7.081868094367483,4.5292014482523735
2010-11-30,1.2935394059144694,1.3937690901331488,1.2418435586331507,-7.1912689790748825,4.16283089137397
2010-12-01,1.3071071295398193,1.3914136777404666,1.2414631259374742,-6.0590570259129395,5.28763216811412
2010-12-02,1.324866425733395,1.3967559032226744,1.248998543588047,-5.146889110932829,6.074297086640268
2010-12-03,1.3226396075370865,1.3907875691837637,1.2502245582170894,-4.899954756330782,5.792163403290229
2010-12-06,1.3245542088524784,1.385893570147947,1.2531595509389886,-4.425979210576781,5.69717222838817
2010-12-07,1.3182667679876723,1.404421362877414,1.266923613785995,-6.134526087899006,4.052584831712669
2010-12-08,1.3524030207616724,1.3971026398207684,1.2556582930566886,-3.199451334859005,7.704701847624085
2010-12-09,1.3241095323577818,1.3782589758015051,1.2364521820645589,-3.9288293705639465,7.089425014953488
2010-12-10,1.359712863812411,1.3952967762854755,1.2517371839508875,-2.5502755455219517,8.626066337720939
2010-12-13,1.3707361982463382,1.4373132476006842,1.2909617346464144,-4.632048682879919,6.1794599684066975
2010-12-14,1.3777951437203941,1.445637243424655,1.2942922031882724,-4.69288543947205,6.451629726766961
2010-12-15,1.3614150542723422,1.436325754670774,1.2856503241595354,-5.215439474981931,5.8931055115889475
2010-12-16,1.3497180592474136,1.430281058359647,1.2789288187069967,-5.632669092648756,5.535041474159996
2010-12-17,1.35070034130312,1.431743709338064,1.2769478767619762,-5.660466150915566,5.775683243090679
2010-12-20,1.3252588517141473,1.409631097370278,1.2583403237676225,-5.985413191687561,5.317999167837417
2010-12-21,1.3762056179416564,1.4291386403967679,1.2863886248644643,-3.703840968180372,6.982104112328846
2010-12-22,1.3409889698948219,1.4191116079529498,1.272906818533605,-5.505038336682966,5.348557362560746
2010-12-23,1.3725897131096925,1.4022289627877615,1.2622792470995479,-2.113723968384129,8.738990699848292
2010-12-24,1.3674786699036114,1.3851430860254696,1.2521243464653218,-1.2752773558249886,9.212689120208273
2010-12-27,1.3338507401729662,1.354592088756462,1.2270870454551759,-1.5311877838100063,8.700580379624778
2010-12-28,1.3014546875855486,1.3270680690489771,1.205401985929929,-1.9300729224676405,7.9685202759574025
2010-12-29,1.3191176259328388,1.342434543447366,1.2120918216471357,-1.7369128072829088,8.829842952018563
2010-12-30,1.3528508636831214,1.3450436978899407,1.2129896586437996,0.5804395653039585,11.530288328731153
2010-12-31,1.3673849481495657,1.3739752834397359,1.2383899739951891,-0.4796545738196434,10.416345162923424
2011-01-04,1.3835399480461763,1.3917183651257234,1.2627048091680722,-0.5876488580222383,9.569547688482771
2011-01-05,1.3821429950225255,1.387643541140853,1.257154688051128,-0.3963947480204677,9.942158125755984
2011-01-06,1.3770125905064592,1.3819651008464573,1.250813219422574,-0.35836725087808885,10.089385779128857
2011-01-07,1.3945158680290384,1.3807976876549761,1.2535767997019882,0.9934967661598515,11.242954429322193
2011-01-10,1.3721514469087934,1.3494429429989738,1.2304432456569911,1.682805784982122,11.516841735852479
2011-01-11,1.3962198445903473,1.3443750238222678,1.237068158416767,3.8564254653196794,12.865231805599686
2011-01-12,1.4039562064891762,1.35177999079064,1.2439622639268655,3.8598156544704443,12.86163955305617
2011-01-13,1.404228887827824,1.3539697800957518,1.2435454110355573,3.7119814984731825,12.92140000407851
2011-01-14,1.3922696343879408,1.3288166681721885,1.223980640290792,4.7751482755731045,13.749318294541556
2011-01-17,1.353634255156161,1.2765111664966702,1.1774609660615245,6.041708892461317,14.962134132048256
2011-01-18,1.3576897667542287,1.28233869693857,1.178766550900589,5.876066127891977,15.178850784062448
2011-01-19,1.3821476924827918,1.310662552688232,1.2053703161945968,5.454122393894623,14.665814639130016
2011-01-20,1.3521194427729528,1.2689440691678424,1.16572851673607,6.554691859638528,15.989222478554431
2011-01-21,1.3791448415531413,1.2808685422115427,1.1810657736856964,7.6726296339447275,16.77121395612955
2011-01-24,1.371507667725247,1.2582731189149254,1.1694968193688937,8.999202725396337,17.27331318997225
2011-01-25,1.3670506820777335,1.2483677443292867,1.1633299301563578,9.507049368069964,17.511863714706855
2011-01-26,1.380405490841897,1.268821566878314,1.1790765184351513,8.794295973240217,17.075140523869138
2011-01-27,1.3973059316315457,1.2939396400621888,1.1980922151435969,7.988494081871478,16.627577908439385
2011-01-28,1.38599702303948,1.3040547343128102,1.202157421545159,6.283654095995472,15.292473198562305
2011-01-31,1.404471224716398,1.320131516027121,1.2179024263371858,6.388735339270868,15.3188625249983
2011-02-01,1.4066443892947236,1.3191689069307426,1.2182092268982152,6.631105532005499,15.468210077204802
2011-02-09,1.3817168444336334,1.3099954614820641,1.2038256248537755,5.474933697131079,14.777158411249601
2011-02-10,1.4231511720300212,1.3413088322207674,1.2288502579697884,6.101677543847206,15.811602170409422
2011-02-11,1.4241104281799166,1.351619855124905,1.2354981312876803,5.363236769580659,15.266093255491842
2011-02-14,1.4673935055273684,1.3854190045201134,1.2743675850757963,5.916946478993168,15.146800869082956
2011-02-15,1.4768003382091872,1.3885810277853097,1.2737848619456862,6.353198600486509,15.937972127679245
2011-02-16,1.4752366980806582,1.4050273063981924,1.285999878863263,4.997012610555496,14.715150625415907
2011-02-17,1.4635825059141223,1.4104609876439698,1.284962695031138,3.7662522207641214,13.900777942713427
2011-02-18,1.4504412694119968,1.3964273329731636,1.2714907854925699,3.8680091089187574,14.074068484114278
2011-02-21,1.4648745066715743,1.4191174762252694,1.289713551202639,3.22432999472424,13.581384432659505
2011-02-22,1.4292678653854123,1.381786816843269,1.25237097452922,3.436206509091977,14.124959333450683
2011-02-23,1.4294261923820495,1.390874502773536,1.2567904860948094,2.771759028700127,13.736235927729389
2011-02-24,1.424655181343786,1.3957094071172416,1.2632008363977105,2.073911236747361,12.781367799478138
2011-02-25,1.4048672175293484,1.3964177298774925,1.2658460510413212,0.6050830973477472,10.98247029120678
2011-02-28,1.39751516773268,1.4141668152699425,1.2824497015325387,-1.1774882112534857,8.972318061490991
2011-03-01,1.3972023145498431,1.420462016097792,1.2885199980523119,-1.63747437695283,8.434662765173396
2011-03-02,1.3860178132634218,1.416441596669973,1.283929865787621,-2.147902425209558,7.951209033771889
2011-03-03,1.3687326749116802,1.399538812189867,1.2753869546817969,-2.201163483989732,7.319011684040055
2011-03-04,1.3760065114126396,1.4155232079521667,1.2947640822447197,-2.7916671600669685,6.274689750975382
2011-03-07,1.387347439290479,1.4354431859370567,1.3200381145264726,-3.350585179390486,5.099044036933109
2011-03-08,1.387347439290479,1.4388978388342308,1.3212047484017673,-3.582630966039746,5.006240779010462
2011-03-09,1.387347439290479,1.4404860621406095,1.3217593646417702,-3.6889369669543925,4.962179682871759
2011-03-10,1.387347439290479,1.429857565461281,1.2985616793827255,-2.9730322234640227,6.837238563050629
2011-03-11,1.387347439290479,1.424457360542023,1.2855442305461726,-2.6051970581571715,7.919074764238543
2011-03-14,1.387347439290479,1.4334660647295379,1.2916976601211925,-3.217280588205651,7.404966512079314
2011-03-15,1.387347439290479,1.4126595812417375,1.2683574610531534,-1.7918076150383655,9.38142297349871
2011-03-16,1.387347439290479,1.4323314632822852,1.2858684494616346,-3.1406155031128202,7.891864044983099
2011-03-17,1.387347439290479,1.406280715200805,1.2656413853767374,-1.3463368803733111,9.616156307777013
2011-03-18,1.387347439290479,1.4132611277126765,1.2729986607660675,-1.8336093673034126,8.982631486477644
2011-03-21,1.387347439290479,1.4065526073017411,1.269604061010162,-1.365407017950393,9.274023445280587
2011-03-22,1.387347439290479,1.4091606646259465,1.2758790231945185,-1.5479587163510278,8.736597598169471
2011-03-23,1.387347439290479,1.4242562759161443,1.292491778734644,-2.591446304277223,7.3389759313362335
2011-03-24,1.387347439290479,1.4229563589446401,1.287121779237401,-2.502460418432728,7.786804766248312
2011-03-25,1.387347439290479,1.436865403425375,1.304192954196458,-3.4462493158265883,6.375934237833247
2011-03-28,1.387347439290479,1.434104549432428,1.3026439082670285,-3.2603696962298923,6.502431745613113
2011-03-29,1.387347439290479,1.4131460158209763,1.2897416580927459,-1.8256129403237509,7.567855204589691
2011-03-30,1.387347439290479,1.4064696291866359,1.288989897750301,-1.3595878289398455,7.630590566446127
2011-03-31,1.387347439290479,1.392852046318262,1.2760084732376882,-0.39520400191345173,8.725566356960336
2011-04-01,1.387347439290479,1.4074841565384597,1.2955807655445946,-1.4306887331154483,7.083053113042359
2011-04-06,1.387347439290479,1.4135361209554327,1.3107576944591024,-1.852706929572645,5.843165762454827
2011-04-07,1.387347439290479,1.420943018063484,1.3160433732860237,-2.3643156935870935,5.418063526767836
2011-04-08,1.387347439290479,1.435345546064258,1.3274995041707058,-3.34401056981648,4.508320713623193
2011-04-11,1.387347439290479,1.4274204375544617,1.319609385484414,-2.8073717602529302,5.133189756846046
2011-04-12,1.387347439290479,1.4269585372045939,1.3169744635047864,-2.775910923923053,5.343533814498813
2011-04-13,1.387347439290479,1.44488516203893,1.334891616268901,-3.9821657983709513,3.929594161973604
2011-04-14,1.387347439290479,1.4410205827027145,1.3275794702524195,-3.7246618165278744,4.502025707485169
2011-04-15,1.387347439290479,1.4381322617794514,1.3297108434402674,-3.531304028054738,4.334521007672043
2011-04-18,1.387347439290479,1.4391066528044965,1.329906404055943,-3.596621099148578,4.319178782758892
2011-04-19,1.387347439290479,1.419510367614899,1.3047186718029697,-2.2657762182083263,6.333071586484307
2011-04-20,1.387347439290479,1.4254117076483697,1.3046972947316207,-2.6704051996800815,6.334813821765417
2011-04-21,1.387347439290479,1.4326711533918595,1.313251686116503,-3.1635811186730645,5.642159378686129
2011-04-22,1.387347439290479,1.42882044839072,1.3063536218894878,-2.9026046727531174,6.199991797308546
2011-04-25,1.387347439290479,1.4078407394814905,1.286414356524421,-1.455654721183819,7.8460786957286865
2011-04-26,1.387347439290479,1.3942905037999112,1.2790456008560331,-0.49796398171758627,8.467394623144164
2011-04-27,1.387347439290479,1.383395041784612,1.2705513819682823,0.28570273757584363,9.192548918506649
2011-04-28,1.387347439290479,1.3524865667176238,1.251657613740865,2.577539284361219,10.840810143284617
2011-04-29,1.4148812232968841,1.3706339106131658,1.263908654982382,3.2282371201456606,11.944895520681964
2011-05-03,1.4228749025245502,1.3848861411792135,1.2711962569539814,2.74309636119181,11.931961311309912
2011-05-04,1.3754400698310172,1.356199743448434,1.2386936075826849,1.4186941470480052,11.039571158778605
2011-05-05,1.3841138294939446,1.3571851820435747,1.2375412250882896,1.9841542485618868,11.843856304277711
2011-05-06,1.3996454245187806,1.3624834713956735,1.2356723148320061,2.727515885755283,13.269950918101392
2011-05-09,1.3956971910518958,1.3687143359133345,1.2389829897892817,1.9714015138561303,12.648616046719674
2011-05-10,1.406238158471389,1.3753558948086784,1.2482709314187925,2.2454016287185574,12.65488309281142
2011-05-11,1.394856062910249,1.3734315522274814,1.2450501193355217,1.559925621922753,12.032121538583374
2011-05-12,1.3927386435629432,1.3542492681653913,1.2278368264391621,2.8421189733920826,13.430271317241015
2011-05-13,1.3943979341036545,1.3603140550853492,1.2383234675509915,2.50558897711064,12.603691252119154
2011-05-16,1.3810795915748342,1.3523389184784012,1.2273855327106804,2.125256672252762,12.522068638426953
2011-05-17,1.3854319943566842,1.3550292567774667,1.2335472755912247,2.2436960255397986,12.312841329300728
2011-05-18,1.3950370950840627,1.362060967844424,1.2427912754629622,2.4210463421344697,12.250312874491831
2011-05-19,1.382610782051366,1.3568547657932637,1.2353726399614264,1.8982146731853389,11.918520560285106
2011-05-20,1.3621421418369757,1.3554373937084871,1.2357514891703363,0.49465568528725967,10.227837374608061
2011-05-23,1.3080211815381901,1.3136857406723776,1.1967122064265021,-0.4311959062057169,9.30123170081696
2011-05-24,1.3041893484192,1.3145269396847137,1.1979960183225256,-0.7864115183514708,8.864247332421836
2011-05-25,1.2930999606682327,1.2984685304445605,1.1837921420260953,-0.4134539767775225,9.233700306124181
2011-05-26,1.2904124873545537,1.2902571036679382,1.1790567248505686,0.012042846822835074,9.444478807251455
2011-05-27,1.2790752833056138,1.272975869171485,1.1730897508423164,0.47914609238419725,9.034733479445745
2011-05-30,1.2800058078671035,1.2673156727127521,1.1696052882124062,1.001339715714833,9.439126239197382
2011-05-31,1.2901238131906094,1.2885221664802085,1.188231051304576,0.12430105993257445,8.575164045255669
2011-06-01,1.2841157422333118,1.2989397459019547,1.189267047521626,-1.141238746093598,7.975390801363402
2011-06-02,1.265195135266283,1.2800589180407138,1.1700799383706957,-1.1611795804822633,8.12894861081308
2011-06-03,1.2716279956964869,1.2971510753080275,1.1822110304896427,-1.9676258299735738,7.563536703748208
2011-06-07,1.280236909314154,1.306052166777646,1.1893022801021833,-1.9765870093217397,7.646048505360437
2011-06-08,1.296948347268217,1.3091277686721852,1.19104015682853,-0.930346272947935,8.89207553855249
2011-06-09,1.2785065854954336,1.2846999564087618,1.1685692919953563,-0.48208695598006557,9.407854053083753
2011-06-10,1.27640617988618,1.2879328450555976,1.172545031394605,-0.8949740829786723,8.857753494383447
2011-06-13,1.2986031369227204,1.2825284802880998,1.1679592537185224,1.2533566998067514,11.185654190268801
2011-06-14,1.3084462090538378,1.299436114737405,1.1850652653864446,0.6933849393783831,10.411320563611248
2011-06-15,1.3000195853796144,1.2883091603613568,1.1730149310925946,0.9089763061975731,10.827198437169283
2011-06-16,1.285760864601756,1.2669671592175782,1.154986538383126,1.4833616836433139,11.322584452083916
2011-06-17,1.2738954521915593,1.2537284433815703,1.1449230841096714,1.6085627566679639,11.26471899046222
2011-06-20,1.2650994159742732,1.2439098851790784,1.138089942840087,1.7034618864005813,11.159880107299426
2011-06-21,1.2745982296476417,1.257558283093113,1.151619649645636,1.3550025301902524,10.678749710448887
2011-06-22,1.2741044006198596,1.2589226101565665,1.1514252766450355,1.2059351655782091,10.654544976837776
2011-06-23,1.288479445611604,1.2828996026900368,1.1708415955054319,0.43493995242240846,10.047289962856997
2011-06-24,1.3122567425820604,1.3168184722116962,1.1984896703220145,-0.3464205375228402,9.49253673829984
2011-06-27,1.312084538808893,1.3259646585581941,1.2020608288523964,-1.0467940951302435,9.152923655414003
2011-06-28,1.3116637505068875,1.328310346961395,1.2041363841317216,-1.2532158988739162,8.929832848851404
2011-06-29,1.2852788184891828,1.3152300940474422,1.1876819772682565,-2.277265072766732,8.217422095214854
2011-06-30,1.302200067591375,1.3342647584921106,1.205068661965559,-2.403173035685424,8.06023828280351
2011-07-01,1.2982749289675324,1.3397821863108137,1.2073077122535358,-3.0980601001700525,7.534716774416927
2011-07-04,1.3274047278888994,1.37228306864162,1.2359035038999306,-3.270341358736162,7.403589657302034
2011-07-05,1.3240944916597501,1.3754592373881627,1.236109357179589,-3.7343706256208864,7.117908619421454
2011-07-06,1.3050086749076595,1.3779551537614416,1.2326304367533618,-5.293820967587958,5.87185225970368
2011-07-07,1.3011897129008618,1.376157035337426,1.2278673085594194,-5.4475848694246265,5.9715250850246315
2011-07-08,1.305112332288245,1.3753700289892812,1.2308375338618753,-5.108275970843024,6.034492480362141
2011-07-11,1.2989280977812367,1.3836269270914778,1.2324301256773866,-6.121507731010012,5.395678888269662
2011-07-12,1.269105769005647,1.3659919360081556,1.2101421535657555,-7.09273345241257,4.872453642421415
2011-07-13,1.269105769005647,1.3876871249033593,1.2296752545751886,-8.54525157506022,3.2065794837906614
2011-07-14,1.269105769005647,1.3943948796519543,1.2334352439024878,-8.985195834739423,2.8919657744090888
2011-07-15,1.269105769005647,1.4033423567576009,1.2386385814175458,-9.565491065352372,2.4597318414895097
2011-07-18,1.269105769005647,1.406286927817052,1.2361489443487539,-9.754848466404232,2.6660884845277177
2011-07-19,1.269105769005647,1.389035828099627,1.2252723696206484,-8.634050804726833,3.5774412670849465
2011-07-20,1.269105769005647,1.3883083334183566,1.223863858141755,-8.586173657778417,3.696645714547442
2011-07-21,1.269105769005647,1.3736807922777858,1.211026530924903,-7.612760101183069,4.795868347854193
2011-07-22,1.269105769005647,1.3801894217434996,1.2145284119092459,-8.048435308070111,4.493707727314944
2011-07-25,1.269105769005647,1.335315865176606,1.175061587738429,-4.958384596306886,8.00334061197756
2011-07-26,1.269105769005647,1.3449919477877703,1.1788132637602033,-5.642128854893147,7.659610560999863
2011-07-27,1.269105769005647,1.360490681342027,1.1876356602803326,-6.7170553675704125,6.859857063073038
2011-07-28,1.269105769005647,1.3516953834758034,1.180094304554385,-6.110075944609806,7.542741635794403
2011-07-29,1.269105769005647,1.3424930120194833,1.1765619414497852,-5.466489758739335,7.865614575449165
2011-08-01,1.269105769005647,1.3454157709149042,1.1787954495340789,-5.671852787734533,7.661237537629062
2011-08-02,1.269105769005647,1.3364814353201735,1.1703483393776342,-5.041272144448872,8.438293652001928
2011-08-03,1.269105769005647,1.3382649303991538,1.1697493855081664,-5.167822889364604,8.493817968907758
2011-08-04,1.269105769005647,1.3407412643168508,1.1719025316390552,-5.342976845551495,8.29448138751272
2011-08-05,1.269105769005647,1.3150860583328101,1.1470053692077538,-3.496371133722931,10.645146315420394
2011-08-08,1.269105769005647,1.2618929568535895,1.106024731688064,0.5715866875144471,14.744791200887652
2011-08-09,1.269105769005647,1.2599717720854178,1.1077242088603207,0.7249366313271777,14.568749049130503
2011-08-10,1.269105769005647,1.2739430485016687,1.1179891618248257,-0.37970924223896807,13.516822196573264
2011-08-11,1.269105769005647,1.2942232411478103,1.134934053714246,-1.940737219329114,11.821983387695823
2011-08-12,1.269105769005647,1.3040948260446557,1.1382756066634703,-2.6830147885128164,11.493715720190822
2011-08-15,1.269105769005647,1.3231974709754515,1.1551072792490786,-4.087953850903936,9.86908244840059
2011-08-16,1.269105769005647,1.3113266555523957,1.1470702921651843,-3.21970779500117,10.63888391792549
2011-08-17,1.269105769005647,1.3077883696279249,1.142490848436168,-2.9578639419528763,11.082357529847053
2011-08-18,1.269105769005647,1.285320601924077,1.1220009255480148,-1.2615399530791715,13.110937799430289
2011-08-19,1.269105769005647,1.2726899531052662,1.1114746972670204,-0.28162272286930135,14.182155664561868
2011-08-22,1.269105769005647,1.260870654871007,1.0996472387355698,0.6531291772733594,15.410262882570347
2011-08-23,1.269105769005647,1.2824598415548554,1.1167552297619505,-1.0412858256066526,13.642249902529846
2011-08-24,1.269105769005647,1.2795373623045985,1.1124057874857833,-0.815262891594104,14.08658452542133
2011-08-25,1.269105769005647,1.3120662638375522,1.149546865468152,-3.274262589928467,10.400524513526888
2011-08-26,1.269105769005647,1.313839157025969,1.1485092857643353,-3.4047841991238337,10.500261925270781
2011-08-29,1.269105769005647,1.2973176933501278,1.1293463247865958,-2.174634978701917,12.375251165355383
2011-08-30,1.269105769005647,1.2876495010501166,1.1249644210317131,-1.4401226443489845,12.812969484114078
2011-08-31,1.269105769005647,1.282561556221941,1.1269580308708664,-1.0491338330715916,12.613401230650512
2011-09-01,1.269105769005647,1.2758768980313575,1.122112165493369,-0.5307039445700545,13.099724611545227
2011-09-02,1.269105769005647,1.2614368196059418,1.1099664261218312,0.6079535082939014,14.337311394169028
2011-09-05,1.269105769005647,1.2326755130458618,1.0861994773701928,2.955380842259814,16.83910694546551
2011-09-06,1.269105769005647,1.223452847635099,1.0780785654876686,3.73148188414405,17.719228415562416
2011-09-07,1.269105769005647,1.2513444727236278,1.1001630595497913,1.419377051577242,15.356151798533446
2011-09-08,1.269105769005647,1.2379364183594561,1.0910639487171978,2.517847458393496,16.31818377811669
2011-09-09,1.269105769005647,1.23657598747517,1.0890806315420272,2.6306334475163284,16.53001001484369
2011-09-13,1.269105769005647,1.2200151361787388,1.076883032978883,4.023772441108164,17.849917784946044
2011-09-14,1.269105769005647,1.2305011457912565,1.0819600874243045,3.1373090018186334,17.29691175825703
2011-09-15,1.269105769005647,1.2306461759832061,1.080354035971277,3.1251543923024316,17.471285037101314
2011-09-16,1.269105769005647,1.2318848056686527,1.0823080586412654,3.0214646016996083,17.259199806651004
2011-09-19,1.269105769005647,1.2077785335217723,1.0606471472892092,5.07768881311792,19.653908677283894
2011-09-20,1.269105769005647,1.2146197921021473,1.0648334904284162,4.485846291801376,19.18349492323401
2011-09-21,1.269105769005647,1.248943175304963,1.096964812152944,1.6143723829357581,15.692477547648288
2011-09-22,1.269105769005647,1.2126258366848952,1.0631878518062239,4.657655363434943,19.367971224426086
2011-09-23,1.269105769005647,1.2041539228392275,1.0567707716845647,5.393982026257249,20.09281511283718
2011-09-26,1.269105769005647,1.184067483730871,1.0335889212931861,7.181878266501296,22.786316964174837
2011-09-27,1.269105769005647,1.19129328626935,1.0442616221000913,6.531765404300605,21.53140000044975
2011-09-28,1.269105769005647,1.175364021124166,1.0334586795066332,7.975550229266215,22.80179112836038
2011-09-29,1.269105769005647,1.1542203537816504,1.0245891742551971,9.953507997635791,23.864842699338105
2011-09-30,1.269105769005647,1.1509888336525318,1.0218837871144557,10.262213837321488,24.19276878726928
2011-10-10,1.269105769005647,1.1415599249465573,1.0122763770297827,11.172943379653134,25.371469472541897
2011-10-11,1.269105769005647,1.141268840462778,1.0102621818626636,11.20129841545765,25.62142697113956
2011-10-12,1.269105769005647,1.18058616976216,1.0469848234669572,7.497936322709942,21.215297543966738
2011-10-13,1.269105769005647,1.194874643155731,1.0540483620610825,6.212461388741786,20.402992375420226
2011-10-14,1.269105769005647,1.1905188725639262,1.0505571696124143,6.60106263351159,20.80311340637109
2011-10-17,1.269105769005647,1.1962941312419575,1.0557704039197633,6.0864327477807345,20.206605933812185
2011-10-18,1.269105769005647,1.1649247476450304,1.0261821619424,8.943154617603,23.6725618581628
2011-10-19,1.269105769005647,1.1600273986430807,1.0225686451410119,9.403085693506785,24.109591569829302
2011-10-20,1.269105769005647,1.1299462920932968,0.9978072666999467,12.315583305694,27.189469485722164
2011-10-21,1.269105769005647,1.1171037950147684,0.9927975104421058,13.606790583758531,27.831280362548206
2011-10-24,1.269105769005647,1.1421781936368156,1.0200303158541468,11.112764722348679,24.418436322937232
2011-10-25,1.269105769005647,1.1680241437756436,1.039331436052273,8.654069846814693,22.1078979219693
2011-10-26,1.269105769005647,1.177078431239105,1.049713962909198,7.818284264173059,20.900151264866686
2011-10-27,1.269105769005647,1.1789238969745008,1.0520203113847555,7.649507509567166,20.63510136369382
2011-10-28,1.269105769005647,1.1999030061418985,1.0724231425007453,5.767363070975162,18.34002071666083
2011-10-31,1.269105769005647,1.2055249781139417,1.066995741608213,5.2741164261215445,18.941971323410044
2011-11-01,1.269105769005647,1.206996208391146,1.0678773478655195,5.145795834544442,18.843776538789257
2011-11-02,1.269105769005647,1.2292395943399952,1.085634568466207,3.243157383573947,16.89990406243693
2011-11-03,1.269105769005647,1.236884687138622,1.0863910792689517,2.6050190613616797,16.818500558716543
2011-11-04,1.269105769005647,1.2412419706515918,1.0940888043131014,2.2448321127449544,15.996595888980526
2011-11-07,1.269105769005647,1.2308330675700756,1.083203124536088,3.1094957101802434,17.162306889502112
2011-11-08,1.269105769005647,1.2240068581622479,1.0798231720327736,3.684530894795124,17.529036408484178
2011-11-09,1.269105769005647,1.237444414634731,1.0893019238176602,2.5586082086977546,16.506336880213258
2011-11-10,1.269105769005647,1.2194726511917588,1.0686904683201703,4.070047636196117,18.75335343829736
2011-11-11,1.269105769005647,1.2168592534552216,1.0668750007422598,4.293554525888976,18.955432278635143
2011-11-14,1.269105769005647,1.2450509781528993,1.0887243470195418,1.9320326054788728,16.568144404955397
2011-11-15,1.269105769005647,1.246651358735022,1.0865411146400876,1.801178020887062,16.802369639370095
2011-11-16,1.269105769005647,1.2134391104765438,1.0570233378238383,4.58751148273453,20.064120023918907
2011-11-17,1.269105769005647,1.2126759887408458,1.0538171729931585,4.6533270872620935,20.429406687405184
2011-11-18,1.269105769005647,1.1858946414787863,1.0318375849293233,7.016738639032738,22.994721993246216
2011-11-21,1.269105769005647,1.186756727876472,1.0331012073690726,6.938999307509874,22.844282820808125
2011-11-22,1.269105769005647,1.1856990720460274,1.0330172825704427,7.03439000046564,22.854262984618103
2011-11-23,1.269105769005647,1.1781048979113014,1.022936805814247,7.7243436688603895,24.064923834219876
2011-11-24,1.269105769005647,1.1777908458379482,1.0248781605901023,7.753067829520455,23.82991635561089
2011-11-25,1.269105769005647,1.1693427458335666,1.017379559006853,8.531546762276655,24.7426054288455
2011-11-28,1.269105769005647,1.1703633154768063,1.0187049374304997,8.436906063534044,24.580309996998583
2011-11-29,1.269105769005647,1.1875501887777642,1.0326586228178067,6.867548083321062,22.896932341749988
2011-11-30,1.269105769005647,1.1445042906003724,0.9981983879312972,10.886938513783328,27.139633198144942
2011-12-01,1.269105769005647,1.1669516782191995,1.0227792488809695,8.75392637871155,24.084035767658097
2011-12-02,1.269105769005647,1.1479976216060757,1.0123670316471707,10.549512047780919,25.3602428104311
2011-12-05,1.269105769005647,1.12242761114621,0.9981449452529245,13.067939206311152,27.146440508603952
2011-12-06,1.269105769005647,1.1216590676171085,0.9961481684402378,13.145411617968673,27.401305268954566
2011-12-07,1.269105769005647,1.1260346983117937,1.0008538952388908,12.705742630165172,26.80230101944381
2011-12-08,1.269105769005647,1.126352779701018,0.9995764172899337,12.673914592062507,26.96435680690279
2011-12-09,1.269105769005647,1.1162082221534326,0.9910493410517756,13.697941281711623,28.056769369199852
2011-12-12,1.269105769005647,1.1066619259077866,0.9808481234296265,14.67872340187444,29.388611619921434
2011-12-13,1.269105769005647,1.0784040208221222,0.9587727344164118,17.683701516444938,32.36773673775044
2011-12-14,1.269105769005647,1.0653517110208122,0.9490944632989333,19.125520321321797,33.71754004278926
2011-12-15,1.269105769005647,1.041059443624719,0.9266517053558667,21.90521653469908,36.95607116141506
2011-12-16,1.269105769005647,1.0675310642420015,0.9461844104936082,18.88232684889346,34.12879719119197
2011-12-19,1.269105769005647,1.069104840819721,0.943919628545674,18.707326031054006,34.45061747057822
2011-12-20,1.269105769005647,1.0642551545783014,0.9410159096874154,19.24826142923548,34.86549546513149
2011-12-21,1.269105769005647,1.0446929168218495,0.9259866409138934,21.481226547079824,37.05443609349652
2011-12-22,1.269105769005647,1.0389166910140861,0.9268682471711996,22.15664451081958,36.92407447109724
2011-12-23,1.269105769005647,1.0481689195782646,0.9339242642031834,21.078362971903175,35.889580948883236
2011-12-26,1.269105769005647,1.041138858127973,0.9246383019321309,21.895918022651806,37.25429352793568
2011-12-27,1.269105769005647,1.0225777559686333,0.912498104764276,24.108485794656364,39.08037314044537
2011-12-28,1.269105769005647,1.0208915923482393,0.9136433615682216,24.31347055043027,38.90603515438373
2011-12-29,1.269105769005647,1.0223545156926421,0.9150023890856587,24.13558599541488,38.699721896227615
2011-12-30,1.269105769005647,1.0399491350325283,0.9286128537163046,22.035369447751997,36.666832030882546
2012-01-04,1.269105769005647,1.0169495716425143,0.9100112387973257,24.795349188835946,39.460450036078896
2012-01-05,1.269105769005647,0.9920423145253532,0.9011563807984809,27.928592402115026,40.83080318214469
2012-01-06,1.269105769005647,0.9978446845681747,0.9067840927669885,27.184700047268674,39.95677462019203
2012-01-09,1.269105769005647,1.0312609541887674,0.9376498126933088,23.063494632547044,35.349653124791104
2012-01-10,1.269105769005647,1.0684415954220698,0.9688361886898663,18.781014745528335,30.99281218240082
2012-01-11,1.269105769005647,1.0661734466302553,0.9641882591581944,19.033706290170628,31.624271188872143
2012-01-12,1.269105769005647,1.0642228344441667,0.9640342650701422,19.251882963823917,31.645296748171937
2012-01-13,1.269105769005647,1.034369390972,0.9478490509569997,22.693670180346757,33.89323624096994
2012-01-16,1.269105769005647,1.0083299783350526,0.928576037648981,25.862147935062453,36.67225058045194
2012-01-17,1.269105769005647,1.0599057993739247,0.9740822803476227,19.737600242898434,30.28732732441646
2012-01-18,1.269105769005647,1.038669781786478,0.9588760569279324,22.18568319402021,32.353473614894
2012-01-19,1.269105769005647,1.0544536798310322,0.9771498900862245,20.35671108938717,29.87831057256325
2012-01-20,1.269105769005647,1.0715103731922448,0.991296760859057,18.440829016402873,28.02480741547475
2012-01-30,1.269105769005647,1.0601225309247333,0.9741293890789289,19.71312107654386,30.281026651462394
2012-01-31,1.269105769005647,1.0611968416201305,0.9755307748673728,19.59192858773513,30.093873171575435
2012-02-01,1.269105769005647,1.05213278786267,0.9615699637896161,20.622205072017728,31.98267591512638
2012-02-02,1.269105769005647,1.0725887235303018,0.9842312429064738,18.321751959924782,28.943861328556043
2012-02-03,1.269105769005647,1.086390225158282,0.9920900877291253,16.818592400418943,27.922432116079833
2012-02-06,1.269105769005647,1.0901466371063688,0.9913901865782867,16.416060537901433,28.012742731081097
2012-02-07,1.269105769005647,1.0712345153306813,0.9730344079798229,18.471329185457087,30.427635302282518
2012-02-08,1.269105769005647,1.1006248962819392,1.0008570622124235,15.307746834808045,26.8018997837965
2012-02-09,1.269105769005647,1.103118572537467,1.0012509545456163,15.047085653391301,26.75201589012093
2012-02-10,1.269105769005647,1.105560302194343,1.0029900188870382,14.792993786652353,26.53224310386484
2012-02-13,1.269105769005647,1.1127786983413939,1.0023396016976562,14.04835219233258,26.614349752935105
2012-02-14,1.269105769005647,1.1094711400366541,0.9984307646142963,14.38835344231839,27.110042477098073
2012-02-15,1.269105769005647,1.124685416666934,1.009317236134693,12.840955363919516,25.739036605165587
2012-02-16,1.269105769005647,1.1203670779653219,1.0039599045315828,13.275889122915574,26.410005347551536
2012-02-17,1.269105769005647,1.1192952265880767,1.0043605266835332,13.384363558328992,26.359582569052243
2012-02-20,1.269105769005647,1.1208438503605112,1.005793582207309,13.227705054316763,26.179545331804043
2012-02-21,1.269105769005647,1.131620598496009,1.0144026038856386,12.149405082619037,25.108686052695028
2012-02-22,1.269105769005647,1.15061346014405,1.0282672181423242,10.298185530244218,23.421786342505758
2012-02-23,1.269105769005647,1.1537422046908046,1.0317429715950182,9.999076383424764,23.00600090773375
2012-02-24,1.269105769005647,1.1685264527715027,1.0482749693100468,8.607363230467824,21.06611396444451
2012-02-27,1.269105769005647,1.174184766067143,1.051662047503811,8.083992032739108,20.676197455062017
2012-02-28,1.269105769005647,1.1699756481373835,1.0539937317676342,8.472836253137395,20.409233067947397
2012-02-29,1.269105769005647,1.1578375941726877,1.042782645460084,9.609998448224854,21.703767753605806
2012-03-01,1.269105769005647,1.1602415434527917,1.0424667398501466,9.382893257630087,21.7406484535017
2012-03-02,1.269105769005647,1.1804812587651097,1.0609100060924654,7.507489812523294,19.624262351903575
2012-03-05,1.269105769005647,1.178800505754744,1.0540867616151723,7.660775747045001,20.398606188830428
2012-03-06,1.269105769005647,1.166783592581841,1.0376002891446838,8.769593356844263,22.311624455289824
2012-03-07,1.269105769005647,1.1599323207128134,1.0304559927254622,9.412053302018798,23.159628161216084
2012-03-08,1.269105769005647,1.1747451756205791,1.043435042007925,8.032430806555158,21.62767378057906
2012-03-09,1.269105769005647,1.190206224961373,1.0547217398085806,6.629064979628607,20.326122151988123
2012-03-12,1.2714386840222014,1.1925493783220678,1.0508026100612378,6.615181487170951,20.996909585912206
2012-03-13,1.283103259104974,1.2009600172186579,1.0613609039492558,6.839798220473181,20.892267119565954
2012-03-14,1.2563751599086874,1.1588574138682675,1.0312877191496204,8.414990910305843,21.825862616173673
2012-03-15,1.261742760238875,1.1493573286015146,1.0235444688609308,9.778110674606811,23.271904506799544
2012-03-16,1.2819684367156663,1.1713140580061308,1.038577300479678,9.447028997320928,23.435052559263102
2012-03-19,1.2802948486781784,1.1802707833911872,1.0411476953735666,8.474670956405394,22.96957044301051
2012-03-20,1.2852261601894763,1.1575159066205045,1.0231086141284236,11.033131625969261,25.619718419079884
2012-03-21,1.2526634766456823,1.1592344714072984,1.0244339925520705,8.059543392025104,22.27859342357885
2012-03-22,1.2396887924984215,1.1562218371712265,1.0228322956876512,7.218939535980606,21.201569184416247
2012-03-23,1.2297044066002485,1.1389869850512313,1.0106366764829655,7.9647461068167225,21.67621017670196
2012-03-26,1.2331987075748658,1.138311410317879,1.0116271474554759,8.335794264812746,21.902492501976067
2012-03-27,1.2332002217771039,1.1351451574333578,1.008341808286466,8.638107972504194,22.299820521451252
2012-03-28,1.2080100048395124,1.0946369070146338,0.979742849666538,10.357141906906575,23.29868038849854
2012-03-29,1.1958040415950426,1.0792607634499516,0.9671628390492591,10.798435567373943,23.640404005859295
2012-03-30,1.205832200009493,1.0809430974631105,0.9718250199618305,11.553716642391954,24.079147505057374
2012-04-05,1.2110166516795,1.1104608871412585,0.9947590546742355,9.055317994775102,21.739696260023965
2012-04-06,1.2126431074452513,1.1143212908697684,0.9975293647724078,8.823471056425669,21.56465265781151
2012-04-09,1.1955225801052525,1.1049416963168772,0.9877576679356999,8.197797593330968,21.033996385343933
2012-04-10,1.2102926778666674,1.1148633867394144,0.9975127381613584,8.559729583222776,21.33104987686778
2012-04-11,1.2048456821990507,1.1172021702060435,0.9976109143408879,7.844910646462799,20.77310551429572
2012-04-12,1.2284462572203634,1.1381944678978877,1.0175628476000877,7.929382180987066,20.724362148012986
2012-04-13,1.224669640962851,1.1425492300728712,1.0215286902070453,7.187472428189556,19.885976057572385
2012-04-16,1.2211596408366294,1.1407408502020793,1.0189911526635635,7.049698502539314,19.84006314918567
2012-04-17,1.2143804057995344,1.1271985414344794,1.0062595231883826,7.734384064594946,20.68262489101327
2012-04-18,1.2317229657438442,1.1508397567049837,1.0292299780964198,7.028190377298094,19.674221695518334
2012-04-19,1.2302567207126849,1.1499055460232253,1.027705080340181,6.987632590115078,19.709121249595963
2012-04-20,1.2472590067574314,1.1626038691073624,1.0398911986242672,7.281511777099681,19.941298513489023
2012-04-23,1.2392579953170508,1.1500345981288946,1.0316566715662392,7.758322865531397,20.12310194588629
2012-04-24,1.262676297485173,1.1434448851431824,1.0311927099436244,10.427386041178588,22.44814042122194
2012-04-25,1.2678137578361681,1.1502037288841693,1.0395551035580557,10.225147597642902,21.957340548553717
2012-04-26,1.2658718844386352,1.149645519980685,1.0417312102470602,10.10975665437317,21.516171540873508
2012-04-27,1.2690726667843846,1.1475438527084665,1.0396212141305616,10.590341605602461,22.070678198473836
2012-05-02,1.2822289557043334,1.1682056048443499,1.0623165382129012,9.760555024487827,20.70121377018035
2012-05-03,1.273401762158584,1.1739311702771862,1.0654957837685488,8.47328995088452,19.512604513055255
2012-05-04,1.2787824922910522,1.1860151072032186,1.0751396140488536,7.821770947470608,18.94106361454795
2012-05-07,1.2742709833923989,1.193436098982714,1.0758913743912986,6.7732897034527895,18.438628073706465
2012-05-08,1.2695489319972644,1.1908188916030844,1.0724623337982195,6.611420170551141,18.377018193361195
2012-05-09,1.2538463297038238,1.16946734570402,1.0520345627656555,7.215163750383113,19.18299779121635
2012-05-10,1.2484018110820363,1.1738529430857376,1.0519158012581602,6.35078426436706,18.678872357356546
2012-05-11,1.2411301606164655,1.165508474363732,1.0438807935327241,6.488299992328783,18.89577510246221
2012-05-14,1.2311877739024493,1.1595724385167,1.0354158691501554,6.176012209927828,18.907562708400327
2012-05-15,1.2311877739024493,1.1585810414442947,1.0361442730627926,6.266866957156703,18.82397132429421
2012-05-16,1.2311877739024493,1.142736189932882,1.0192298632936294,7.740332786236714,20.79588895912845
2012-05-17,1.2311877739024493,1.1603146196144283,1.0347856414170473,6.108098018412633,18.979982387119975
2012-05-18,1.2311877739024493,1.145300803502719,1.0189642333885318,7.499075364049235,20.827378779348816
2012-05-21,1.2311877739024493,1.148171412830289,1.024211512661363,7.230310748420532,20.20835136907111
2012-05-22,1.2311877739024493,1.1641676271935195,1.0401627666047397,5.756915511428229,18.364914937423315
2012-05-23,1.2311877739024493,1.158928360274163,1.035944357858509,6.235019877431625,18.846901820822204
2012-05-24,1.2311877739024493,1.1539482758813868,1.0273899664736272,6.6934974153903815,19.83646074803802
2012-05-25,1.2311877739024493,1.1422312971362878,1.0186186374017205,7.787956518892991,20.86837298038717
2012-05-28,1.2311877739024493,1.1568432655262308,1.0350813575707103,6.426497918229246,18.945990563678205
2012-05-29,1.2311877739024493,1.172679086879124,1.0493980572992612,4.989317851573172,17.323237387254498
2012-05-30,1.2311877739024493,1.1708604117390677,1.045995144237831,5.152395756021666,17.70492250225115
2012-05-31,1.2311877739024493,1.1713368953013163,1.0419509190359266,5.109621223511174,18.161782038794637
2012-06-01,1.2311877739024493,1.1731637299016096,1.0423293723731448,4.9459459512702475,18.11887936145531
2012-06-04,1.2311877739024493,1.1419861145697168,1.0130459515983525,7.8110984183325405,21.533260358024165
2012-06-05,1.2311877739024493,1.141290367466448,1.012973111207089,7.876821622140251,21.54199951421505
2012-06-06,1.2311877739024493,1.141295295093461,1.0124026600994203,7.876355855968642,21.610483893981858
2012-06-07,1.2311877739024493,1.1350167420972825,1.0063786805675703,8.473093676791233,22.33841968990169
2012-06-08,1.2311877739024493,1.131175199213974,0.9993103915131454,8.841475198357562,23.20373973477825
2012-06-11,1.2311877739024493,1.1480438949732852,1.0127446932410065,7.242221250703906,21.569412520185782
2012-06-12,1.2311877739024493,1.1408493778812772,1.0055845619541186,7.918520864598588,22.43503137219247
2012-06-13,1.2311877739024493,1.161058533329498,1.0216007388549262,6.040112411201681,20.515552414580405
2012-06-14,1.2229327707552005,1.1548977487729863,1.0135981926082054,5.890999619186843,20.65261951664814
2012-06-15,1.2268524270717236,1.1582775214452077,1.016619881230576,5.920421000741993,20.67956270800744
2012-06-18,1.2390929302696976,1.1641815064545415,1.021828760949317,6.43468594886849,21.262287540089787
2012-06-19,1.2385646547322418,1.154976688782093,1.0128856235632342,7.237199396490945,22.2808011012231
2012-06-20,1.233625742611173,1.1526741392483109,1.0105064346964128,7.022939147021456,22.079949246616337
2012-06-21,1.2219927703561086,1.1369899874436078,0.994502925689738,7.476124139282869,22.87472854929964
2012-06-25,1.192014130770915,1.11661655991745,0.9724659362306135,6.752324258834119,22.576440609456693
2012-06-26,1.1985708823161252,1.1150562006047713,0.9718313539088973,7.4897284698348,23.331160030517317
2012-06-27,1.2140895669980665,1.1117275951078587,0.9687752244493533,9.207468838648069,25.322111503021617
2012-06-28,1.20535394033016,1.0995538457381093,0.9602774427163773,9.622093088222439,25.521426070420294
2012-06-29,1.2260788116974024,1.115062664839278,0.9744825066278827,9.9560455532,25.81845270267069
2012-07-02,1.2276655689011582,1.1196195573870198,0.9759179373818084,9.650243317140461,25.795983645380893
2012-07-03,1.2303462250121002,1.1206828028574358,0.9772967584838281,9.785411346997797,25.892797078427996
2012-07-04,1.219462698107443,1.1188562869667755,0.9757916543121719,8.991897557586404,24.971626137449697
2012-07-05,1.202083841589698,1.0997780483778112,0.9621146832373287,9.302403640697253,24.94184555472323
2012-07-06,1.2437544719918416,1.1174626733276436,0.9788378869794246,11.301657019837563,27.064398358130326
2012-07-09,1.21884901634891,1.095142319732639,0.9564402584092063,11.295947055216704,27.43597999274452
2012-07-10,1.2106212948542683,1.0898706853660782,0.9527467755261044,11.079351991895336,27.06642792737517
2012-07-11,1.2232650310387714,1.0986918169102806,0.9602152908607883,11.338321830667052,27.394870992126275
2012-07-12,1.2338321380663182,1.1090410294412343,0.9695614256289716,11.252163383707913,27.25672716052101
2012-07-13,1.2343486270144775,1.1037880775667732,0.9701362313252485,11.828407291326815,27.234566358613698
2012-07-16,1.2117502042723807,1.0687706044481342,0.9499855704768403,13.377950256975367,27.55459050437461
2012-07-17,1.1999732953163726,1.074216926711542,0.9557138338550272,11.706794547522502,25.557803267959954
2012-07-18,1.1974370732129378,1.080064909245572,0.9557668806617085,10.867139832304185,25.285474673898854
2012-07-19,1.2014149136126324,1.0908327187645677,0.9597204512462251,10.137410892231546,25.183839945534146
2012-07-20,1.1887489122622128,1.083853912513366,0.949480438198294,9.677964764236924,25.199937190696375
2012-07-23,1.1792391692900237,1.0733969126264584,0.9364071714532184,9.860495723299923,25.932308640903745
2012-07-24,1.1861908689867084,1.0791129666264745,0.9405879723887424,9.922770430141448,26.1116348292469
2012-07-25,1.1818320800739568,1.0726909274743484,0.9342900496462699,10.174519966956508,26.49520141217476
2012-07-26,1.169510782646434,1.066671711973971,0.9293040456899281,9.641117273293954,25.848024451262663
2012-07-27,1.1618386859532208,1.0635499924690894,0.9299453578304024,9.241567785257443,24.93623159363194
2012-07-30,1.1622878605878355,1.049348064309161,0.9246743262560722,10.762853634559132,25.69699704909516
2012-07-31,1.1657932433363072,1.040989312485976,0.9235377786293427,11.9889733115788,26.231245793377834
2012-08-01,1.1737921324604963,1.0543396748606382,0.9337231613838257,11.32959903227082,25.710936710713696
2012-08-02,1.150190413979387,1.0485552452475133,0.9243136871449782,9.692876860091681,24.43723705229306
2012-08-03,1.1659248929667931,1.0637377010292366,0.9317778478910539,9.606427584420828,25.129063285384778
2012-08-06,1.1659248929667931,1.0846159293781816,0.9443958621907311,7.496567345754035,23.45722166361226
2012-08-07,1.1659248929667931,1.0905832114961613,0.9456871956488961,6.908384493400677,23.288641141723176
2012-08-08,1.1659248929667931,1.0887555366420008,0.9460521893485982,7.087849726376816,23.2410755023555
2012-08-09,1.1659248929667931,1.1010708160511846,0.9547237587542087,5.890091351998361,22.121700887403772
2012-08-10,1.1659248929667931,1.1001734668604024,0.9499934879106735,5.976459902639486,22.729777393634443
2012-08-13,1.1659248929667931,1.0796250855677758,0.9310629036159327,7.993497794063598,25.22514734920016
2012-08-14,1.1659248929667931,1.0823814569443966,0.9330759111679771,7.71848367194341,24.954988014570812
2012-08-15,1.1659248929667931,1.0721649197862058,0.9230203743283553,8.744920809317613,26.316268350543147
2012-08-16,1.1659248929667931,1.0653904408337032,0.9182916869715867,9.436395173061474,26.966726314584232
2012-08-17,1.1659248929667931,1.063769633592841,0.9158396577135017,9.60313738501133,27.306661504226383
2012-08-20,1.1659248929667931,1.0617048699138243,0.9112127093814874,9.816289442227767,27.95309821328098
2012-08-21,1.1659248929667931,1.0740086719317012,0.9159295205875065,8.558238256100136,27.294171304679814
2012-08-22,1.1659248929667931,1.0651261449554967,0.9087575131498692,9.463550255402664,28.298789951738513
2012-08-23,1.1659248929667931,1.0718756897785429,0.9113754126467559,8.77426403874142,27.93025539067282
2012-08-24,1.1659248929667931,1.0578088722036745,0.9008761036407937,10.22075193393741,29.42122543320145
2012-08-27,1.1659248929667931,1.0329489211756668,0.8820828868230559,12.87343149937923,32.1786093329657
2012-08-28,1.1659248929667931,1.0377845857016892,0.8861235491797355,12.347486080501291,31.575883977585683
2012-08-29,1.1659248929667931,1.031203061799345,0.8767821648718517,13.064529786439172,32.97771552380993
2012-08-30,1.1659248929667931,1.0242297241650689,0.8754187827658064,13.834315237944427,33.18481576133869
2012-08-31,1.1659248929667931,1.0233892949620604,0.872844825026693,13.92779841516878,33.57756837604406
2012-09-03,1.1659248929667931,1.034862229585107,0.8821482056521783,12.664745087298357,32.168822143079325
2012-09-04,1.1659248929667931,1.0253673631064995,0.8726623281768422,13.708016747719975,33.60550299021527
2012-09-05,1.1659248929667931,1.027340047815715,0.8708682376702808,13.489676124836269,33.880745965180516
2012-09-06,1.1659248929667931,1.0374789622359792,0.877973342792029,12.380581718398087,32.79729988829205
2012-09-07,1.1659248929667931,1.078211681037716,0.9173055705876848,8.135064150358517,27.103217330275985
2012-09-10,1.1659248929667931,1.0870659175406483,0.9210612053263759,7.254295636878538,26.584952902630434
2012-09-11,1.1659248929667931,1.0818121821254318,0.9152118052105438,7.775167652124737,27.393996267188992
2012-09-12,1.1659248929667931,1.0861759584722077,0.9184504315199389,7.342174522695077,26.944781444253895
2012-09-13,1.1659248929667931,1.0755325555315292,0.9098956442633652,8.404425972079665,28.13830908166446
2012-09-14,1.1659248929667931,1.0796577056319192,0.9166575286284524,7.990234949917019,27.193074463841114
2012-09-17,1.1659248929667931,1.0521736746519716,0.8941573692900965,10.811068652943344,30.393701714102363
2012-09-18,1.1659248929667931,1.043520044863824,0.8848678441738191,11.729994905746398,31.762601686062
2012-09-19,1.1659248929667931,1.051745383526655,0.8892212451669028,10.856193069968857,31.117525509408427
2012-09-20,1.1659248929667931,1.0229738947546252,0.8693148371522429,13.97406120969067,34.119980832974676
2012-09-21,1.1659248929667931,1.020085415868554,0.8705467898566602,14.296790722575302,33.93018118632869
2012-09-24,1.1659248929667931,1.0271210012537833,0.8770600667993906,13.513879235608584,32.93558070903191
2012-09-25,1.1659248929667931,1.0218119717507506,0.8749374027887591,14.103663413643774,33.25809243616127
2012-09-26,1.1659248929667931,1.0044769256513355,0.8649364962425853,16.072839822653904,34.79890119468272
2012-09-27,1.1659248929667931,1.0301156279490622,0.891391017908841,13.183885510806604,30.798366770847085
2012-09-28,1.1659248929667931,1.0496942308811317,0.9077757513545756,11.072811364133672,28.437545420992972
2012-10-08,1.1659248929667931,1.045334365701747,0.8986501171186415,11.536072210167125,29.741806155338814
2012-10-09,1.1659248929667931,1.0698361806722827,0.918484476485421,8.981628592344727,26.94007605095323
2012-10-10,1.1659248929667931,1.0757709681145402,0.9200521283843581,8.380401360919976,26.723786293956596
2012-10-11,1.1659248929667931,1.0622892216818922,0.9115076337917675,9.755880900383929,27.911698129908036
2012-10-12,1.1659248929667931,1.0608247571291884,0.9122985854316857,9.907398477579598,27.800800262678838
2012-10-15,1.1659248929667931,1.0552261606447195,0.908468922686656,10.490521980088063,28.339546224514866
2012-10-16,1.1659248929667931,1.055899851755981,0.9097772786275617,10.42002620114384,28.15498038439046
2012-10-17,1.1659248929667931,1.0584139294660837,0.9108227757652116,10.157742685316261,28.007876393655383
2012-10-18,1.1659248929667931,1.0738360401651768,0.9247867538165018,8.575690269014569,26.074999253086027
2012-10-19,1.1708663547036589,1.0716164921875446,0.9233588446247172,9.261696067546566,26.80512690378103
2012-10-22,1.1940132017868719,1.07433828915781,0.9269699861959557,11.13940681783545,28.808183605468418
2012-10-23,1.1807492781773903,1.0624108213817505,0.9152858332168827,11.138672010299299,29.003338118705948
2012-10-24,1.1625438928310428,1.0631616486359066,0.9135843766861675,9.347801843929272,27.25085087903132
2012-10-25,1.1544815078919461,1.055634267541255,0.9070366589062635,9.363777151808716,27.280578635494223
2012-10-26,1.133415276276887,1.0363129005776517,0.8898827467636515,9.369986192887247,27.3668110095314
2012-10-29,1.1682655853684665,1.0329388547698053,0.8851113052641844,13.101136623311493,31.990810468720365
2012-10-30,1.167485354567909,1.0348525271351299,0.8867058764381537,12.816592118681669,31.66545814014792
2012-10-31,1.175027585639967,1.0385592149950351,0.8926194077680333,13.140162705656056,31.638139997211855
2012-11-01,1.2038961252606035,1.0572828391432574,0.9096672262972828,13.866988159587512,32.34467401457921
2012-11-02,1.2149497249706467,1.0615535783825805,0.9131865256360584,14.450155857586179,33.045077961964274
2012-11-05,1.200868219144301,1.060070077965744,0.9112491295771196,13.281965419564168,31.782646497734813
2012-11-06,1.1931628528367137,1.0573940348936608,0.9074194668320898,12.839945513472362,31.48966894022984
2012-11-07,1.1908285347402399,1.0570666752088482,0.9055584740096395,12.654060776721,31.502113769360385
2012-11-08,1.1711138232252987,1.034385967252912,0.8888922757911413,13.218262843946338,31.749803111178075
2012-11-09,1.1769199543113529,1.0317653833106706,0.887118374740854,14.068563778997746,32.667746246960114
2012-11-12,1.1815108480725738,1.037294144429034,0.8914428771004472,13.903163766813908,32.53915404154852
2012-11-13,1.1736446083741712,1.0196823236299422,0.8758423654758729,15.099044199976163,34.00180838894369
2012-11-14,1.1973134481846703,1.0241758691667375,0.8800663164257869,16.905063303121604,36.04809385812187
2012-11-15,1.1739162107907293,1.0088277353793242,0.8683932478540801,16.364387062507845,35.18255855761645
2012-11-16,1.1564832309597353,1.0008701322338645,0.8619076819297651,15.547781246959037,34.177157856445994
2012-11-19,1.1596604704617315,1.0015749409678847,0.8610149912650927,15.783694562194107,34.68528216423243
2012-11-20,1.1588241559563466,0.9985028249904891,0.8570151036926531,16.05617199604663,35.21630493596641
2012-11-21,1.1686165262344297,1.0116194821058437,0.8688971925175517,15.519377286187908,34.49422282611687
2012-11-22,1.160035893126286,1.00204025768139,0.8620288186674103,15.76739399777014,34.57043059413694
2012-11-23,1.1617142086204288,1.0072414792113387,0.8680183573620869,15.336216051193707,33.8352119822541
2012-11-26,1.154353394641062,0.9964385441879037,0.8612580564837664,15.847926736099804,34.03107070532467
2012-11-27,1.1444478986696667,0.9749258918632878,0.8513767031884709,17.388194140827128,34.42321059333919
2012-11-28,1.0926429030470697,0.961603233580092,0.842874566866887,13.62720765602161,29.632918823095533
2012-11-29,1.0554599018224649,0.9557642765423012,0.837536237104976,10.430984681791578,26.019610264358572
2012-11-30,1.0554599018224649,0.9669335295369946,0.8470312196292202,9.155373102829522,24.606965760303655
2012-12-03,1.0554599018224649,0.9506735773490524,0.8348340169377677,11.022324273028449,26.42751498003988
2012-12-04,1.0554599018224649,0.9616261934823468,0.8437898222179836,9.757815352378984,25.085640289910806
2012-12-05,1.0554599018224649,0.9951202040604556,0.8740363988185622,6.063558705350469,20.756973422289214
2012-12-06,1.0554599018224649,0.9920642767223453,0.8723436514650633,6.390273955793524,20.991297414713305
2012-12-07,1.0554599018224649,1.0108129717643468,0.8894274943182532,4.416932835773557,18.667334725409578
2012-12-10,1.0554599018224649,1.0236658106503465,0.8990428218367592,3.1059053493170063,17.398179061831897
2012-12-11,1.0554599018224649,1.0187462154129974,0.8940762155933085,3.6038108268783953,18.05032763588976
2012-12-12,1.0554599018224649,1.020293263813999,0.8977447585598364,3.446718630387502,17.56792693678717
2012-12-13,1.0554599018224649,1.008667572086166,0.8877957112052689,4.639023899570915,18.88544723758301
2012-12-14,1.0554599018224649,1.0527156467086214,0.9326202628508876,0.26068341649747584,13.171452933702499
2012-12-17,1.0554599018224649,1.059669944131394,0.9369095326299239,-0.397297510630068,12.6533421919369
2012-12-18,1.0554599018224649,1.0594522464904392,0.937471670432068,-0.376831016329382,12.585791668351721
2012-12-19,1.0554599018224649,1.063911656782356,0.9386549309184123,-0.7944038309959267,12.443866969277684
2012-12-20,1.0554599018224649,1.0701707739055086,0.9440811441958697,-1.3746284650773544,11.797583111509248
2012-12-21,1.0554599018224649,1.069024872190965,0.9390084443390565,-1.2689106419665142,12.40153463852771
2012-12-24,1.0554599018224649,1.0739644968053503,0.9426564019776186,-1.7230173844600905,11.966555322617388
2012-12-25,1.0554599018224649,1.0992499187957765,0.9692502704793353,-3.983627037360482,8.894465544022513
2012-12-26,1.0554599018224649,1.1082431884992956,0.9729017909631223,-4.76278918062254,8.485759983812379
2012-12-27,1.0554599018224649,1.1021189090147794,0.9677455621793708,-4.2335728759090525,9.063781129159686
2012-12-28,1.0554599018224649,1.1149509126608264,0.9817811930068496,-5.335751571016378,7.504595661479652
2012-12-31,1.0554599018224649,1.1303751655288399,0.9987652761937436,-6.627469002410924,5.676471437291286
2013-01-04,1.0554599018224649,1.127334983854772,0.9993420612484786,-6.375663228913542,5.615478698442677
2013-01-07,1.0554599018224649,1.134975785210352,1.0039246719510282,-7.005954173123607,5.133376169676462
2013-01-08,1.0554599018224649,1.143394719356986,0.9997066590764889,-7.690678997011046,5.576960225260463
2013-01-09,1.0554599018224649,1.1437741274317992,1.0000217729430432,-7.721299467372356,5.543692185447968
2013-01-10,1.0554599018224649,1.1502419122597702,1.0017806308690476,-8.240180559157007,5.358385788199005
2013-01-11,1.0554599018224649,1.131675335963455,0.9830404608579908,-6.734743766073503,7.366883037679539
2013-01-14,1.0554599018224649,1.171744570655463,1.0204483563605322,-9.924062952384716,3.430996310955181
2013-01-15,1.0554599018224649,1.1860156910375748,1.0276259060018529,-11.007931025001394,2.7085728043685364
2013-01-16,1.0554599018224649,1.1832181138752456,1.0201977695797175,-10.797519963107248,3.456401620763594
2013-01-17,1.0554599018224649,1.1714222810654602,1.010564627835087,-9.899280653729969,4.442593056473387
2013-01-18,1.0554599018224649,1.1874454100393979,1.0274608275064343,-11.115080078717376,2.7250746273200566
2013-01-21,1.0554599018224649,1.192513657701977,1.033580607987664,-11.492845804686247,2.1168444595142777
2013-01-22,1.0554599018224649,1.1780607092782203,1.028038404304553,-10.40700249912172,2.667361200038232
2013-01-23,1.0554599018224649,1.1803438160282405,1.032218017625002,-10.580299782990322,2.2516448851512383
2013-01-24,1.0554599018224649,1.1631292484632625,1.0224395909695358,-9.256868639753613,3.229561056181063
2013-01-25,1.0554599018224649,1.1610311823997774,1.0180529367543534,-9.092889336452059,3.67436345573231
2013-01-28,1.0554599018224649,1.1887722480594773,1.0497974918361384,-11.214288225068202,0.5393811692598671
2013-01-29,1.0554599018224649,1.1967604589783425,1.0592996000508323,-11.806920599340653,-0.36247518909505727
2013-01-30,1.0554599018224649,1.2004783839043032,1.0643845719300866,-12.080057752493323,-0.8384817238978104
2013-01-31,1.0554599018224649,1.1991072152710978,1.0636605226060574,-11.979522066019488,-0.7709810234848513
2013-02-01,1.0554599018224649,1.211708413483139,1.086004312626211,-12.894893682509567,-2.8125496785443516
2013-02-04,1.0554599018224649,1.2102971252788366,1.0878664930637363,-12.793323244546196,-2.978912527216959
2013-02-05,1.0554599018224649,1.2242176819722466,1.0972276709562028,-13.784948758288518,-3.806663852848191
2013-02-06,1.050527846206472,1.2269628027719386,1.098878060038695,-14.379812995705088,-4.399961705534494
2013-02-07,1.0603919574384575,1.227182343131684,1.092554405636265,-13.591328674725634,-2.9437845870089463
2013-02-08,1.0677900408624468,1.2446189330104491,1.0972474645407853,-14.20747246069073,-2.6846654588230767
2013-02-18,1.062857985246454,1.2400197794847505,1.0836872756149791,-14.287013575856855,-1.9220757535152289
2013-02-19,1.0554599018224646,1.2186928996210107,1.063155390327511,-13.394104277567243,-0.7238347822961066
2013-02-20,1.0554599018224646,1.2327398876032203,1.0698966893646322,-14.380972625574396,-1.3493627642441774
2013-02-21,1.0357316793584934,1.2003298242982485,1.0334424487672775,-13.712743081759593,0.221515053300414
2013-02-22,1.0307996237425006,1.1990994589668487,1.0279220180272073,-14.035519236190485,0.2799439709264995
2013-02-25,1.0357316793584932,1.2070001023617303,1.0312299218826415,-14.189594737242949,0.43654255761247374
2013-02-26,1.016003456894522,1.1925043187514806,1.0164381761241097,-14.800857244840016,-0.04276888056737871
2013-02-27,1.0209355125105148,1.1960453756205143,1.0271591732773964,-14.640737440178775,-0.6059100603680978
2013-02-28,1.0307996237425006,1.22318688064039,1.058294481825731,-15.728361703582582,-2.598034720524789
2013-03-01,1.0270295489216361,1.2295117327903178,1.0565166220585271,-16.468503591190476,-2.7909710572691315
2013-03-04,0.9976943738863782,1.1889258422650149,1.0077765035107904,-16.08438992412873,-1.0004330909967774
2013-03-05,1.0143548050217615,1.2170101430889317,1.038295043963533,-16.651902140503484,-2.3057260150624814
2013-03-06,1.0207930761514237,1.2386221751876325,1.0491399489563067,-17.5864039413965,-2.7019153005357177
2013-03-07,1.0151868117552827,1.2249719315477479,1.0369775829737193,-17.12570830316107,-2.101373412137575
2013-03-08,1.0066725669136454,1.215776097240828,1.0320086015001186,-17.19918090195536,-2.455021649010003
2013-03-11,1.002572868927753,1.2145362562869237,1.0262466890281412,-17.45220747935384,-2.306835223293857
2013-03-12,0.9888216516031282,1.1926327473701932,1.011695633258133,-17.0891748710135,-2.2609548665679213
2013-03-13,0.9811196409121826,1.1798625356537529,1.000560158443688,-16.844580511360018,-1.9429633858042084
2013-03-14,0.9817505654384887,1.1831506077888054,1.003246939614922,-17.022350411222288,-2.1426802642113496
2013-03-15,0.9828925855222396,1.1892346766979518,1.0054638210881663,-17.35083034650865,-2.2448580538182883
2013-03-18,0.9722231051517909,1.1710375741053967,0.9906661372542598,-16.97763362593111,-1.861679874673594
2013-03-19,0.9828072061167232,1.1766998939676196,0.9996144209723343,-16.477666807390058,-1.681369786488529
2013-03-20,0.9976890133987952,1.2099482416422458,1.0332939968829085,-17.542835382392397,-3.445774735120999
2013-03-21,1.0015709135747015,1.2175937694898418,1.0351997232065153,-17.741783945367217,-3.2485334837270896
2013-03-22,1.0048068657884472,1.2193795684406612,1.036514017222796,-17.596875345927675,-3.0590181037111197
2013-03-25,1.0039912863449143,1.2167162082119167,1.0344511298376038,-17.483528240297098,-2.9445415654842266
2013-03-26,0.9963713293911521,1.2061720450936502,1.0193893995853662,-17.393929543957277,-2.258025265279062
2013-03-27,0.9942089496124269,1.2127867837533843,1.022746391530565,-18.02277507217661,-2.790275492972516
2013-03-28,0.976814372169455,1.183276349914537,0.9894029106862023,-17.448331301474397,-1.2723369196495082
2013-03-29,0.9802645449604693,1.179849668391371,0.9877327280191276,-16.916148622817328,-0.7560935106033728
2013-04-01,0.9833605945726777,1.179785518704104,0.9869821552917577,-16.649206234297797,-0.3669327454060678
2013-04-02,0.9835787784565941,1.169404170620909,0.984291811275299,-15.89060453458523,-0.07244120194203063
2013-04-03,0.9756485538976353,1.1626297402618082,0.9831659521842441,-16.082608236227237,-0.7646113323908188
2013-04-08,0.9791981367207365,1.1631830251498647,0.978713187396556,-15.817363600661515,0.04954968732673315
2013-04-09,0.9875301690410174,1.1731656004195166,0.9854948653462257,-15.823463568324636,0.20652605775643984
2013-04-10,0.9947348043266528,1.1741488037677617,0.9838634781049329,-15.28034597193999,1.1049628798763589
2013-04-11,0.9914346299303025,1.1678687507596253,0.9809209638208927,-15.107358657774128,1.0718158238210096
2013-04-12,0.9870393524090203,1.1590097118508575,0.9746804424737096,-14.83769787978848,1.2679960935652046
2013-04-15,0.9674746390346951,1.1439221797314358,0.9646672639050945,-15.424785341443958,0.29102004749659294
2013-04-16,0.9746741840566419,1.1527525225227773,0.9736828458107495,-15.448097921001668,0.10181325984714995
2013-04-17,0.9741422351579657,1.1604061947503979,0.9732398653877922,-16.051617135023765,0.09271812656523881
2013-04-18,0.9738780631784184,1.1630382409486228,0.9757647350371409,-16.264312823963333,-0.19335315071113968
2013-04-19,0.9887657159609322,1.1904312914708775,1.0030703808404458,-16.940547258361338,-1.4260878551241918
2013-04-22,0.9870669629197464,1.1939663102665399,1.0018206139099042,-17.328742491955694,-1.4726839102039757
2013-04-23,0.9660656257778456,1.1624804743927144,0.9696762284195517,-16.896184748176257,-0.37235136181392736
2013-04-24,0.9772668425365711,1.1855604022157016,0.9879290803781865,-17.56920687379987,-1.0792513403425463
2013-04-25,0.9773248297528373,1.170235570036059,0.976961851032693,-16.484778383319643,0.03715382742537354
2013-04-26,0.9639608909099062,1.155861216836363,0.9688191662071278,-16.602367406330607,-0.5014635823361591
2013-05-02,0.9580852908382217,1.15617359448781,0.9697427348637491,-17.133093559133073,-1.2021171808175746
2013-05-03,0.9676438461089143,1.1764929428124293,0.9868732905765536,-17.751835910231407,-1.9485221305771683
2013-05-06,0.9741538204178286,1.1980493476336418,0.9999651632911372,-18.688339312403635,-2.5812242086871273
2013-05-07,0.974764606587871,1.2011397095244711,1.001530835831616,-18.846692115958895,-2.6725317170608887
2013-05-08,0.9800470163166307,1.2108567576298332,1.006621745786245,-19.061688334216864,-2.639991593749791
2013-05-09,0.9751851899360114,1.2100992880021746,1.0006820869247166,-19.41279532971191,-2.547951774280466
2013-05-10,0.9846407973154028,1.2183838693550955,1.005845045527226,-19.18468209558746,-2.108102863966377
2013-05-13,0.9826091538996532,1.220513334467167,1.001859409335686,-19.49214104009559,-1.9214527763728229
2013-05-14,0.9699486071694392,1.2049402908620352,0.9870419319171971,-19.502350902755428,-1.7317729059956433
2013-05-15,0.9786802065707768,1.2174260496706475,0.9924206405916565,-19.61070597794905,-1.3845373079592438
2013-05-16,0.9883284094388318,1.230113229989379,1.010545230122196,-19.65549305998724,-2.198498396818682
2013-05-17,0.9963531085946821,1.248462661010476,1.0261184266000465,-20.193599719814003,-2.900768296695455
2013-05-20,1.0121639751917684,1.2630534346130624,1.0330695376337429,-19.863724886521073,-2.0236355521486837
2013-05-21,1.0194146404835356,1.274917410412954,1.035146280528143,-20.040731096978227,-1.5197504295316633
2013-05-22,1.0167773474803334,1.269373401303375,1.0364055483792842,-19.899271054811727,-1.8938726186525257
2013-05-23,1.016790163852008,1.2548788722492508,1.0224768029085511,-18.973043029283886,-0.5561631364512931
2013-05-24,1.0255426392161298,1.2685677540758582,1.0281690419627978,-19.157440671095284,-0.25544464377706966
2013-05-27,1.0224415805789635,1.2713888004979106,1.029102903283402,-19.580730915786937,-0.6472941319264791
2013-05-28,1.020528988492451,1.2806554377037933,1.0468268706619912,-20.311977878901388,-2.5121520001592845
2013-05-29,1.0281305395217577,1.2865703021634365,1.046115093360403,-20.08749636200202,-1.7191754475957444
2013-05-30,1.0320850901083714,1.284235035790322,1.0428539023645838,-19.63425219331264,-1.0326290414980455
2013-05-31,1.022485918440504,1.2726610887863188,1.0318102697826017,-19.657642757381378,-0.9036885573994513
2013-06-03,1.0080055545662987,1.266995664608305,1.0303047697392538,-20.441278315034626,-2.164331936325836
2013-06-04,0.9957909270538277,1.2495198141528623,1.0156745396309157,-20.306111533817916,-1.957675594025765
2013-06-05,1.0189935554547553,1.2513253852392945,1.013644905467822,-18.566859789239366,0.5276650588466936
2013-06-06,0.9987996859580632,1.2365168807449867,1.000702276380991,-19.224743186983563,-0.1901255216295139
2013-06-07,0.99347574007484,1.2165094771897824,0.9834086215312262,-18.333908719738478,1.023696388581441
2013-06-13,0.9708616599493154,1.1761546469190176,0.9500671200453217,-17.454591324999235,2.188744296613665
2013-06-14,0.9955879783286709,1.1916688723519937,0.9567312241025712,-16.454310301511732,4.061407555977681
2013-06-17,0.9907802940859335,1.192835661187017,0.951611811386143,-16.93907833875572,4.116014768956755
2013-06-18,0.9847219634350235,1.1972059486793127,0.9575126748218897,-17.748323542719536,2.841663544369788
2013-06-19,0.9759768484920149,1.1929409248138843,0.9503949018060085,-18.187327788735118,2.69171758364799
2013-06-20,0.941976354360132,1.1555138811965586,0.9190026725297925,-18.479875517834888,2.499849295007883
2013-06-21,0.9435764723362406,1.1514417670218322,0.9173906830013905,-18.052610269925207,2.8543770740268704
2013-06-24,0.8972747301787988,1.0846815324351176,0.8595205756291115,-17.277587628470936,4.392466640144566
2013-06-25,0.8989065096380919,1.083649250235582,0.857228874406145,-17.048204532723798,4.861902868218193
2013-06-26,0.9888583523316246,1.093078142054563,0.8583674013913327,-9.534523261717197,15.20222584510762
2013-06-27,0.9529592042271762,1.0834294351179836,0.8553738196590696,-12.042337660560188,11.408507289479775
2013-06-28,0.9423526377417709,1.0918831102590543,0.8711706836427026,-13.694732624063267,8.170839014167575
2013-07-01,1.0031364226004391,1.1061224293116576,0.8761895449494511,-9.310543207708655,14.488517739424944
2013-07-02,1.0031364226004391,1.1211440716755492,0.8796205649009884,-10.525645370335656,14.041947474631167
2013-07-03,1.0031364226004391,1.116788959096806,0.8724331184673767,-10.176724579036179,14.981469795950876
2013-07-04,1.0031364226004391,1.1249095497051613,0.8796185855425301,-10.825148309625332,14.042204097100308
2013-07-05,1.0031364226004391,1.1218514418664296,0.8815464806808695,-10.582062369014189,13.792799878874074
2013-07-08,1.0031364226004391,1.0841834845736995,0.8565155136177901,-7.4754009009026845,17.118301612932243
2013-07-09,1.0031364226004391,1.0885317862153194,0.8561394355107217,-7.845004132749178,17.169748406931838
2013-07-10,1.0031364226004391,1.1200236297166408,0.8804443738913137,-10.43613759700529,13.935241378948394
2013-07-11,1.0031364226004391,1.1603277409608412,0.9210699145035928,-13.547148173001155,8.909910833541424
2013-07-12,1.0031364226004391,1.1438665616392525,0.9007557586465325,-12.303020628309635,11.366084864974146
2013-07-15,1.0031364226004391,1.1645014956473576,0.9133935665307924,-13.857008655640591,9.825212193086031
2013-07-16,1.0031364226004391,1.176707642464687,0.9175704087493999,-14.750581503889293,9.325280440076655
2013-07-17,1.0031364226004391,1.159053022196572,0.9037101490813223,-13.45206790459409,11.002009175197358
2013-07-18,1.0031364226004391,1.1482117462758725,0.8888617936708845,-12.634892836271094,12.856287641480812
2013-07-19,0.9678075408021167,1.1241185468925683,0.8671482313838388,-13.90520657474662,11.608085650782085
2013-07-22,0.9766397612516974,1.1380107408181037,0.8717842847647612,-14.180092839053394,12.02768601354518
2013-07-23,1.0036459737802224,1.1668005152866763,0.8969838931684839,-13.983070745076576,11.891192408702889
2013-07-24,1.0624142098485854,1.1645579705293372,0.8903752111480657,-8.77103272362848,19.322078663745536
2013-07-25,0.9895483911395456,1.152315125868557,0.8858353545882145,-14.125192933341568,11.707936019277842
2013-07-26,1.0359175484998435,1.1468066354960258,0.8804218092048899,-9.669379611517481,17.661504709359942
2013-07-29,0.9954931549036863,1.1237828957620055,0.8614049248813692,-11.415883027061879,15.5662251455996
2013-07-30,0.9372344700151068,1.1266110997150058,0.8667167312399396,-16.809405636763643,8.136192164455313
2013-07-31,0.918890627542901,1.1279352004476637,0.868154933095707,-18.53338496943756,5.844082952599061
2013-08-01,0.9676376904088552,1.1558301582590995,0.8888760450517842,-16.28201743184293,8.860813135366087
2013-08-02,0.9590303744952614,1.15824937396531,0.889627805394229,-17.200009250858894,7.801303947584848
2013-08-05,0.9737053403175016,1.1747887797189114,0.9019259553670526,-17.116561110629824,7.958456514452705
2013-08-06,0.9834375971864869,1.186134522579463,0.9079875427096094,-17.08886484074127,8.30959136859082
2013-08-07,0.9547349327284449,1.1780866059905806,0.9028340850276994,-18.958850064705814,5.748658425889319
2013-08-08,0.9645467512940943,1.1793094070054388,0.9013135418600687,-18.210882948579254,7.015672848266452
2013-08-09,0.9656757957316074,1.184847486990149,0.9049666458306221,-18.49788210424451,6.708440601726662
2013-08-12,0.9514508530116801,1.2105057974902307,0.9314045408858285,-21.40055380285292,2.152266952315496
2013-08-13,0.9532556480658222,1.2157054950567296,0.9338882398792456,-21.588275125684163,2.073846458231543
2013-08-14,0.948807442857853,1.2124755300732148,0.9299342734230375,-21.746260495619264,2.029516491025163
2013-08-15,0.9403400879690507,1.201450688638287,0.9190462184158742,-21.73294361045951,2.3169530679185923
2013-08-16,0.915724957311788,1.186226714605537,0.9121453830870175,-22.80354623304033,0.3924346152645031
2013-08-19,0.9376535602601862,1.2041876808076415,0.9229471380654011,-22.13393516604425,1.5934197732723199
2013-08-20,0.939112345486186,1.1985475619045145,0.9154394314332439,-21.645800689467933,2.5859618058923894
2013-08-21,0.9242980308887583,1.2017569967873736,0.9139050327564053,-23.08777620104059,1.1372076703644929
2013-08-22,0.916323196772395,1.2030412606226233,0.9120614582883876,-23.83277059856117,0.46726439816953125
2013-08-23,0.9203556615476864,1.1991868832420858,0.9053304519152493,-23.251690423811144,1.659638157608745
2013-08-26,0.9334519385344526,1.2243859333666138,0.9246042569666514,-23.76162506475381,0.9569155128949847
2013-08-27,0.9182251958938185,1.234409827018862,0.9266885214231927,-25.614234770687073,-0.913286971157945
2013-08-28,0.9060493278045191,1.2323052547169078,0.9216114669777714,-26.47525243145523,-1.6885791606179867
2013-08-29,0.8969056189537842,1.2261429683555831,0.9177536973426346,-26.85146495137912,-2.271641993839546
2013-08-30,0.8759211789240752,1.222843355363974,0.9160114660276794,-28.370124016140963,-4.376614113517308
2013-09-02,0.8930916926733478,1.2294286392722966,0.9185585044917606,-27.357175183264637,-2.772475753463699
2013-09-03,0.914202068098045,1.2462176395661475,0.9320806897351682,-26.641861014235747,-1.91814097577786
2013-09-04,0.8956609798305577,1.247072035429295,0.9305751896918203,-28.178889880869374,-3.7518956284258054
2013-09-05,0.8891294600999655,1.2440172367624087,0.9270265958478626,-28.52756104779135,-4.088031122045233
2013-09-06,0.8838621054785202,1.2551894562762984,0.9333791488837828,-29.583370776502115,-5.305137088661072
2013-09-09,0.8954502856457,1.2816649989747504,0.9661680134881426,-30.133826985834634,-7.319402718284107
2013-09-10,0.8703776776476203,1.2962487965289662,0.9797404744363898,-32.8541187480153,-11.162425115863673
2013-09-11,0.783360979301344,1.2992061284874195,0.982905468611138,-39.70464254095231,-20.301493447966447
2013-09-12,0.7652412794035721,1.3022999801797652,0.9926304525882312,-41.239246636712636,-22.907736972178718
2013-09-13,0.8008485966445423,1.2997608879305833,0.9852858450930342,-38.38492879104749,-18.719161486692894
2013-09-16,0.8303457825246359,1.2994509946427761,0.9811244418704009,-36.100261883834946,-15.367944463632243
2013-09-17,0.818125519802883,1.2770381297500388,0.9609080663211785,-35.935701468599156,-14.859126645167663
2013-09-18,0.803376926862836,1.2841955472870665,0.9629618486574628,-37.44123092779649,-16.572299517069766
2013-09-23,0.8528900603044217,1.3083586444280741,0.9787088328079478,-34.81221193159559,-12.855587717804484
2013-09-24,0.8528900603044217,1.3011238957215447,0.9674648891499906,-34.44974278706585,-11.842789348793193
2013-09-25,0.8528900603044217,1.2938435402981519,0.9615842151705182,-34.080896666386515,-11.303654235507777
2013-09-26,0.8528900603044217,1.2709166871704782,0.9439334840548844,-32.89174114132811,-9.645110093919396
2013-09-27,0.8528900603044217,1.2769900210392697,0.9481012212245837,-33.21090640862621,-10.042299154217481
2013-09-30,0.8528900603044217,1.2885283165281376,0.9536695524393436,-33.80897809040915,-10.567548463421428
2013-10-08,0.8528900603044217,1.3087241477188494,0.9666438512615068,-34.83041771705382,-11.767911295213029
2013-10-09,0.8528900603044217,1.3156346497666347,0.9713040528156198,-35.17272743951324,-12.191238383896286
2013-10-10,0.8528900603044217,1.3071619238206462,0.9616978303460217,-34.75253182011707,-11.314132839672798
2013-10-11,0.8528900603044217,1.324451567322869,0.9772124378135078,-35.604284720778466,-12.722144407745638
2013-10-14,0.8528900603044217,1.3306731231625615,0.9788093842176271,-35.90536658038231,-12.86453991385198
2013-10-15,0.8528900603044217,1.3255276099788158,0.9768201289670818,-35.65656015885988,-12.687092023145286
2013-10-16,0.8528900603044217,1.2950647054752145,0.9585522338841646,-34.14305426604457,-11.023100238532379
2013-10-17,0.8528900603044217,1.2937104243199182,0.9553690296116004,-34.074113938382176,-10.726637155994156
2013-10-18,0.8528900603044217,1.3000495983299278,0.9604061010161651,-34.39557526112365,-11.194851906707504
2013-10-21,0.8528900603044217,1.3265320394912261,0.978326420753813,-35.70528001483202,-12.821524369416604
2013-10-22,0.8355657309544882,1.3152345087657928,0.9682590077634418,-36.47020927556277,-13.704316277465733
2013-10-23,0.8102455572892006,1.2961462049659649,0.9574121234122102,-37.48810479983803,-15.37128708988027
2013-10-24,0.7915885872200414,1.2904521328202225,0.9502943503963289,-38.65804340296902,-16.70069522249583
2013-10-25,0.7636031321163026,1.2671021460861032,0.9376454581047029,-39.73626084724399,-18.56163483585773
2013-10-28,0.7609378506778512,1.2708096667159885,0.9366142123479526,-40.12180811905075,-18.75653383795094
2013-10-29,0.7782621800277847,1.2567752966480294,0.9390286337953305,-38.074675552304114,-17.120506018838434
2013-10-30,0.7825315660356744,1.2761015994961897,0.9530496173702183,-38.67795743343467,-17.89183356529328
2013-10-31,0.7823198720105178,1.2610738280679659,0.9396877601619292,-37.96399111627947,-16.746827491324723
2013-11-01,0.7722568439529518,1.2641453246145578,0.9441381497194675,-38.91075425300367,-18.205101215069742
2013-11-04,0.7659861432514498,1.2657890065123991,0.9423543518768891,-39.48547986192781,-18.715699489705372
2013-11-05,0.7618631101363972,1.2746269505580285,0.9436666665347114,-40.22854217833262,-19.265654160056833
2013-11-06,0.7502075908302419,1.2632553739050238,0.9317109455751661,-40.61314866912687,-19.480650689670508
2013-11-07,0.7418043954367718,1.252177953637377,0.9265582796366394,-40.7588679163414,-19.939801765337528
2013-11-08,0.7324111146055031,1.2349918400426818,0.913650091386982,-40.69506446454005,-19.836803880394307
2013-11-11,0.7365982933931915,1.2443703218098208,0.9167948961054558,-40.805539919830466,-19.655061724027846
2013-11-12,0.7409806017904199,1.2561820980316867,0.926339758462848,-41.01328119932107,-20.009845737379315
2013-11-13,0.7456724022910576,1.2351516300751786,0.9058003516132385,-39.629080014599374,-17.6780621730817
2013-11-14,0.749431576180372,1.251474590104118,0.9122867092809367,-40.11611725028934,-17.85131049743418
2013-11-15,0.7611519830682502,1.2749708340689196,0.9305890452010275,-40.30043960777338,-18.207506633196523
2013-11-18,0.7799684366303455,1.3062590585819995,0.9615339394656781,-40.28991175172902,-18.882901100321845
2013-11-19,0.7758229247246056,1.3028205823267607,0.9549070473474439,-40.45051672893963,-18.754089533667294
2013-11-20,0.780342575527216,1.3126614014313904,0.9599294714994173,-40.55263797074462,-18.708342779775812
2013-11-21,0.7876211861854586,1.303052617448332,0.954046422289795,-39.55568826316493,-17.44414445839032
2013-11-22,0.7837744048868989,1.2979807324826498,0.9492852734543109,-39.615867533890714,-17.43531404054569
2013-11-25,0.7780507678939195,1.297580510207734,0.9455906029561341,-40.038343534509565,-17.718009732588968
2013-11-26,0.7764214040186683,1.3021229284816072,0.9451104105941618,-40.372649383876094,-17.848603156264453
2013-11-27,0.7795930600808361,1.3170814072755483,0.9558246779286904,-40.809045228763416,-18.437650953912932
2013-11-28,0.7888571118804921,1.330879386936058,0.9657408679328511,-40.726626347666716,-18.31586110992435
2013-11-29,0.7843291636118781,1.3347591177410194,0.9655088871215436,-41.23814902727191,-18.765205160339203
2013-12-02,0.7482002898450753,1.2979175182492004,0.9575296973046302,-42.35378756160524,-21.86140106659883
2013-12-03,0.7642740972414931,1.3165324672092193,0.9670290344174826,-41.94794915604334,-20.966788995960673
2013-12-04,0.7770119988621846,1.336056670765545,0.9798358795140772,-41.84288616911993,-20.69978094213876
2013-12-05,0.7742824485148936,1.3313685469801593,0.977089321717404,-41.84311697379821,-20.75622654907764
2013-12-06,0.7706301728143516,1.3260848762298254,0.9707910031032398,-41.8868138361309,-20.618323578303897
2013-12-09,0.7785944595556057,1.330695711724908,0.970230844659554,-41.489669449196896,-19.751627786188553
2013-12-10,0.7835218008263768,1.3308921599204797,0.9712007303040986,-41.12807750906039,-19.324422194262205
2013-12-11,0.7764280280319626,1.3141899900393499,0.9551445703624342,-40.91965135050872,-18.710941555439785
2013-12-12,0.7784406047200503,1.3167751165141297,0.9540567149537778,-40.88279806040084,-18.40730299165032
2013-12-13,0.7848188716480926,1.3172336292484064,0.9527202521227648,-40.41915919684662,-17.623366365999836
2013-12-16,0.7742507247675481,1.295309729067578,0.9373936837088127,-40.22659543174368,-17.40388929182741
2013-12-17,0.7727909509508172,1.2897547818804587,0.9328225532853212,-40.08233488973072,-17.15563177271887
2013-12-18,0.7764320546296108,1.2896142503659052,0.9331590442232243,-39.79346502961548,-16.795313785344636
2013-12-19,0.7772028310112046,1.2782514526163273,0.9233350923232182,-39.19797005351142,-15.826568547755283
2013-12-20,0.7631750421299894,1.2521155695306398,0.9018495521305633,-39.04915323303037,-15.376678923104636
2013-12-23,0.751988074845538,1.2562250294347146,0.9044092584887772,-40.1390628887626,-16.853120665518993
2013-12-24,0.7578309516881961,1.2630162242491092,0.905852606676536,-39.99832012144237,-16.34058939581943
2013-12-25,0.7600220854166221,1.2768532392143457,0.9125277951411516,-40.47694268416725,-16.71244542210789
2013-12-26,0.740959456603075,1.2546746561379611,0.8967816027340496,-40.94409630590315,-17.375707268739028
2013-12-27,0.7509144795222584,1.2787279774668667,0.9118817325403773,-41.276448724473504,-17.65220721876797
2013-12-30,0.7528310348512228,1.2792641560264304,0.9102903283399411,-41.15124454126667,-17.29770036949313
2013-12-31,0.7515339924926318,1.2888917566014757,0.9223913342103224,-41.69145790223209,-18.52330300392132
2014-01-02,0.7577473066836862,1.2898421431038416,0.9192053588359169,-41.25270981918273,-17.56495984278219
2014-01-03,0.7568039788153927,1.2793274649730704,0.9068545579281039,-40.843607322123475,-16.546267292908865
2014-01-06,0.7397864097469111,1.247644368240112,0.8862130161820485,-40.705346124358286,-16.522732544142414
2014-01-07,0.7375692895631332,1.249979412852683,0.8859612417861586,-40.99348501429601,-16.749260038041523
2014-01-08,0.7349610643840356,1.252816685082574,0.8875091001005132,-41.33530682219531,-17.188334823744455
2014-01-09,0.7289882403070855,1.2383068153941714,0.8797143864919091,-41.130240805867025,-17.13353203030855
2014-01-10,0.7281197027041589,1.224825299407297,0.872838095207935,-40.55317904875887,-16.580210384756413
2014-01-13,0.7269500951286008,1.2231599443695798,0.8684154166688124,-40.567862896845185,-16.29005183750236
2014-01-14,0.7365861719904444,1.239145366122991,0.876003089382683,-40.55691994434374,-15.915117090567033
2014-01-15,0.729522885415103,1.244062362792363,0.8744572104267866,-41.35962092948051,-16.574204350255982
2014-01-16,0.7269709882790453,1.2465175371480173,0.875606425947649,-41.67984271265641,-16.975142400050224
2014-01-17,0.7185689125627134,1.229446930700116,0.8624017298009452,-41.553482739306205,-16.678168916872483
2014-01-20,0.7193596819599914,1.2205764301459352,0.8574553130137686,-41.06393797281642,-16.1052860665591
2014-01-21,0.7205804908287621,1.234534694880729,0.8659336970338536,-41.63141029435556,-16.785720050274122
2014-01-22,0.7315766638598319,1.2653236482812165,0.888255318239275,-42.182645139558794,-17.638921058194846
2014-01-23,0.7274496904927935,1.2648404137689613,0.8835416740067891,-42.48684003342803,-17.66662378313535
2014-01-24,0.7305662093662368,1.2750071134859666,0.8890003487629617,-42.70100914426954,-17.821605988927335
2014-01-27,0.7458030451624489,1.2665989230526733,0.8772196030911259,-41.1176630906204,-14.981032966613428
2014-01-28,0.7524973423388565,1.2693332884985973,0.8787777540694635,-40.71711904531148,-14.370005515709162
2014-01-29,0.754941917561262,1.2745468421898565,0.8819154330974875,-40.767817033373035,-14.3974706384563
2014-01-30,0.7366301257843122,1.262209473259099,0.8718876072762813,-41.63962944420866,-15.513178575218479
2014-02-07,0.7537707983558618,1.2765003746333374,0.8758593879586138,-40.95020939007752,-13.93929108727222
2014-02-10,0.7590313647210303,1.3131649668611656,0.8976525204556813,-42.1983236016927,-15.442629812288821
2014-02-11,0.7705205752047088,1.3221497754358693,0.9047892953127618,-41.72214150619256,-14.839777703342493
2014-02-12,0.7657447856732218,1.329967779822264,0.9070394300081048,-42.42380926133749,-15.577563627374003
2014-02-13,0.7652480799250174,1.3174141757035196,0.9024108981893239,-41.91287037606354,-15.19959682884171
2014-02-14,0.7654867877596843,1.333825863134576,0.908753158561261,-42.6096907462312,-15.765157947664932
2014-02-17,0.769227859393401,1.3526837612501998,0.9151156083894725,-43.133208113443125,-15.942002044181258
2014-02-18,0.7534538197450805,1.3408431771759959,0.9035541756348112,-43.80746141156043,-16.61221429077836
2014-02-19,0.76163295141458,1.3507212066507408,0.913931556159745,-43.61286787647829,-16.664114913058647
2014-02-20,0.7513116662125926,1.3399576918869036,0.9055311588629154,-43.930194903795105,-17.03083225142443
2014-02-21,0.7600750215727706,1.3282490176068233,0.8963698961747326,-42.77616535021136,-15.20520436748286
2014-02-24,0.7563749381984732,1.3126946960174795,0.8766614240058981,-42.379980623582746,-13.720973971659046
2014-02-25,0.7330059905713319,1.271013583785794,0.8542550862584635,-42.32901993163382,-14.193546826649673
2014-02-26,0.7302796133481655,1.2783779980220373,0.8564307970757763,-42.8745164201757,-14.7298747497574
2014-02-27,0.7400166748594744,1.2690663361356538,0.852750377958499,-41.688101418492586,-13.220012094150135
2014-02-28,0.7497537363707832,1.286390707302397,0.8625929358280124,-41.716483793400435,-13.08139619169425
2014-03-03,0.7396271923990221,1.30307264411306,0.8671054772411398,-43.23975752691429,-14.701589159338956
2014-03-04,0.739432451168796,1.2986768585868305,0.864691847537145,-43.06262976200118,-14.486015651138452
2014-03-05,0.7333954730317844,1.2922552051319742,0.8566568398117089,-43.2468547915901,-14.388651447295631
2014-03-06,0.7370955564060818,1.2921335429498275,0.8604801686096722,-42.95515657589406,-14.339041933174368
2014-03-07,0.7310585782690703,1.2928067587059215,0.8583915495645227,-43.451828871868834,-14.83390317158303
2014-03-10,0.7045737709583102,1.252098692379974,0.8304544884130346,-43.72857545126375,-15.158051309383303
2014-03-11,0.7045737709583102,1.2560588330449831,0.8347591971880454,-43.90598971783375,-15.595566561982832
2014-03-12,0.7045737709583102,1.2564370691347473,0.8369258029564502,-43.92287618165237,-15.814069960635091
2014-03-13,0.7045737709583102,1.273485257909645,0.8472972454060094,-44.6735824712389,-16.844557824486817
2014-03-14,0.7045737709583102,1.2661170591204147,0.8403706784171954,-44.351609048867466,-16.15916772758579
2014-03-17,0.7045737709583102,1.2835005144005402,0.8483680783319247,-45.10529890302523,-16.949518852282285
2014-03-18,0.7045737709583102,1.2835877243791092,0.8464263276843775,-45.10902857853964,-16.75899627486097
2014-03-19,0.7045737709583102,1.2775966284236522,0.8395923946714099,-44.851625678784046,-16.08144911388124
2014-03-20,0.7045737709583102,1.2513481538212792,0.8261711567093732,-43.69482475306874,-14.718183364738069
2014-03-21,0.7045737709583102,1.2800587265828742,0.854607016192341,-44.95769949249322,-17.555817164068756
2014-03-24,0.7045737709583102,1.2894301841472775,0.8616361139492925,-45.35774176682106,-18.228384401286302
2014-03-25,0.7045737709583102,1.2889627213617252,0.8607992411931428,-45.337924884750514,-18.14888568190307
2014-03-26,0.7045737709583102,1.2882489428223594,0.8594560485433717,-45.30763833466106,-18.02096545222527
2014-03-27,0.7045737709583102,1.2715006118809473,0.8533833767934486,-44.5872251751397,-17.43760306115688
2014-03-28,0.7045737709583102,1.2604087052393746,0.8519020249232914,-44.09957912624074,-17.29403730179503
2014-03-31,0.7045737709583102,1.256993893172126,0.8496613911485478,-43.94771726533523,-17.075934213523848
2014-04-01,0.7045737709583102,1.271161675204083,0.8563159942851976,-44.57245016884323,-17.720353740858585
2014-04-02,0.7045737709583102,1.27412326538057,0.8632880865185514,-44.70128675125794,-18.38486109547749
2014-04-03,0.7045737709583102,1.2686192895200135,0.8570653793974926,-44.461370185779835,-17.79229590937185
2014-04-04,0.7045737709583102,1.283080284261418,0.8651664976954345,-45.08731997515765,-18.562060269890146
2014-04-08,0.7045737709583102,1.3046916844435705,0.8856900696773778,-45.99691410934382,-20.44917346595533
2014-04-09,0.7045737709583102,1.3106635132719737,0.8862062863632905,-46.24297053944881,-20.495511959223677
2014-04-10,0.7045737709583102,1.3253755485594787,0.9001176134795909,-46.83968843969577,-21.724254652163232
2014-04-11,0.7045737709583102,1.3202565819873304,0.8988923905939318,-46.633572551651824,-21.617561976159127
2014-04-14,0.7045737709583102,1.3226677088800978,0.8980796660109726,-46.730855661784275,-21.546629143955943
2014-04-15,0.7045737709583102,1.3076609173478124,0.8825812892828443,-46.11953591246566,-20.168965792281522
2014-04-16,0.7045737709583102,1.3068048686079674,0.8837938442743706,-46.08424043378143,-20.278493053230882
2014-04-17,0.7045737709583102,1.3055657291004539,0.8807365271997516,-46.033067868305054,-20.001754304609143
2014-04-18,0.7045737709583102,1.307115162417616,0.8806082647716567,-46.09703940277584,-19.99010239348509
2014-04-21,0.7045737709583102,1.2875993317261796,0.8658695658198062,-45.28004530619432,-18.62818618746358
2014-04-22,0.7045737709583102,1.2861569395192216,0.8696489528599962,-45.21867827252194,-18.981818049548238
2014-04-23,0.7045737709583102,1.2870059246895815,0.868806933771855,-45.254815269925864,-18.903297893876125
2014-04-24,0.7045737709583102,1.2784677683743542,0.8671466478970716,-44.88920343653117,-18.748025761619324
2014-04-25,0.7045737709583102,1.2607587620901977,0.8581809458245645,-44.11510019647174,-17.899159333893643
2014-04-28,0.7045737709583102,1.2359735744318248,0.8451737896519945,-42.99443082493073,-16.635634045345537
2014-04-29,0.7045737709583102,1.249981010447214,0.8544771702774796,-43.633242019714345,-17.543288988106063
2014-04-30,0.7045737709583102,1.256459347094952,0.8545519900272017,-43.923870470831496,-17.550508432391275
2014-05-05,0.7045737709583102,1.2613299433982244,0.853685426894178,-44.14040714358403,-17.466815203623188
2014-05-06,0.7045737709583102,1.2650561992466425,0.8540250848056145,-44.30494302325121,-17.499639823966184
2014-05-07,0.7045737709583102,1.2515409024476485,0.8461029005122988,-43.703496259661215,-16.727176974372206
2014-05-08,0.7045737709583102,1.2528942340410099,0.8453824140334945,-43.7643057318717,-16.656206793249584
2014-05-09,0.7045737709583102,1.2483824193708333,0.844754957402228,-43.56106269796677,-16.59430172212305
2014-05-12,0.7045737709583102,1.278514691754764,0.8630216648700704,-44.891226084286814,-18.35966585330333
2014-05-13,0.7045737709583102,1.2765621878114426,0.8609623403301029,-44.806937124916566,-18.164391407855483
2014-05-14,0.7045737709583102,1.274874374943499,0.8599805785348089,-44.73386673965142,-18.070967118963654
2014-05-15,0.7045737709583102,1.2556909657791477,0.8487821601213914,-43.889556414772244,-16.99003536342667
2014-05-16,0.7045737709583102,1.2566898992530904,0.8495216484413951,-43.934158189934415,-17.062293556499554
2014-05-19,0.7045737709583102,1.2457757028961658,0.8373252374933259,-43.44296735597549,-15.854229705583645
2014-05-20,0.7045737709583102,1.2475987570499067,0.8375738449156827,-43.52561134123303,-15.879205727915412
2014-05-21,0.7045737709583102,1.2599801376235744,0.8455443255553796,-44.080565247068584,-16.672166122630607
2014-05-22,0.7045737709583102,1.2565562784941133,0.8435503198445345,-43.928196212374345,-16.475193668569478
2014-05-23,0.7045737709583102,1.2670275383187912,0.8504962845462394,-44.391597684356285,-17.15733698540287
2014-05-26,0.7045737709583102,1.2758094071108474,0.8534898662785027,-44.77437091846949,-17.447904328321528
2014-05-27,0.7045737709583102,1.2703304295934374,0.8500473660479074,-44.53618093807252,-17.113586948212312
2014-05-28,0.7045737709583102,1.2847789341065878,0.8587850460260236,-45.159921893624585,-17.956912009741764
2014-05-29,0.7045737709583102,1.2740427305597823,0.8531684184648822,-44.69779120762,-17.41680121891296
2014-05-30,0.7045737709583102,1.2766768359807341,0.8536830516640281,-44.8118935739081,-17.46658556885592
2014-06-03,0.7045737709583102,1.272418890807057,0.8510916755704822,-44.6272154517118,-17.21529052836309
2014-06-04,0.7045737709583102,1.261259121784016,0.8425234286763924,-44.13727054265342,-16.373391293676153
2014-06-05,0.7045737709583102,1.2724958967546462,0.8513624518075712,-44.63056637312197,-17.241620245009216
2014-06-06,0.7045737709583102,1.267109438383559,0.8450736341140068,-44.395191953022696,-16.625753956103438
2014-06-09,0.7045737709583102,1.262380841124758,0.8449014299281388,-44.18690873583378,-16.60876097484695
2014-06-10,0.7045737709583102,1.2786820360027642,0.8555848192707187,-44.89843830442402,-17.650038302587813
2014-06-11,0.7045737709583102,1.282637077025306,0.8553860916815101,-45.068345241324316,-17.63090634624821
2014-06-12,0.7045737709583102,1.2806270205032777,0.8524740595177268,-44.98212518728384,-17.349535379773172
2014-06-13,0.7045737709583102,1.2953751596612266,0.8615126019814977,-45.608516135003384,-18.216661098424424
2014-06-16,0.7045737709583102,1.3051144637347343,0.8676933467032415,-46.01440789016377,-18.799219374528587
2014-06-17,0.7045737709583102,1.2932585559255272,0.8589125167107353,-45.51949664434438,-17.969087974579303
2014-06-18,0.7045737709583102,1.2888675789644617,0.8551774673000101,-45.33388980701969,-17.61081203614848
2014-06-19,0.7045737709583102,1.2630817046862772,0.841982272073906,-44.21787851536402,-16.31964302254746
2014-06-20,0.7045737709583102,1.2711056535140715,0.8458705238292998,-44.570007299514344,-16.704300349813806
2014-06-23,0.7045737709583102,1.2784451669429067,0.8448337358688666,-44.888229141408665,-16.602079078471743
2014-06-24,0.7045737709583102,1.2876976441127026,0.8490739175581381,-45.28422303328807,-17.018559116195398
2014-06-25,0.7275490026199942,1.2809202630258318,0.8445411866887366,-43.20107007274956,-13.852750571874816
2014-06-26,0.7594590465945554,1.2931045900427263,0.8507583516061122,-41.26855225458122,-10.731520277079454
2014-06-27,0.7454186272457485,1.2989612320758164,0.8512262719456434,-42.61425138496815,-12.430025738990757
2014-06-30,0.7537372456060133,1.3097170335201227,0.8571089252835741,-42.450374675192556,-12.060506737035826
2014-07-01,0.750554233589096,1.3135126716585335,0.8568876330079415,-42.859003206920455,-12.409258264771806
2014-07-02,0.7579227333051293,1.3194176608276083,0.8593847916388746,-42.55626888988887,-11.80635954009076
2014-07-03,0.7822322985801283,1.3266501570268556,0.8630762951635181,-41.03703267686015,-9.366958290526695
2014-07-04,0.767791111128978,1.3256151817969237,0.8624836752411169,-42.08039243423518,-10.979055816409112
2014-07-07,0.7564677520084863,1.3233212290190295,0.8615312079510051,-42.835667151712556,-12.194968095513703
2014-07-08,0.766567230360815,1.3308418029771212,0.8631875351088719,-42.39982328132555,-11.193431417643263
2014-07-09,0.7530008536848283,1.3126730636157113,0.8506134625669679,-42.63607027855709,-11.475554194447602
2014-07-10,0.7584318954484954,1.3126551615210524,0.8482924668388193,-42.221543198774704,-10.593112034248197
2014-07-11,0.7755935365646497,1.322395166160479,0.8503359565111206,-41.34933668756864,-8.789751788591271
2014-07-14,0.7771507405893848,1.3409591912889143,0.8597375133161351,-42.04516098343033,-9.606045036723
2014-07-15,0.7820142201947035,1.342606403465444,0.8610114284198676,-41.754022759297,-9.17493143733762
2014-07-16,0.7805915295409815,1.337650507891673,0.859385187510566,-41.644583175069805,-9.168607873941948
2014-07-17,0.7767407970024334,1.3300991528142965,0.8539221581657852,-41.602789885328264,-9.038453965070604
2014-07-18,0.7780707640963999,1.3339554981123027,0.8567233462559061,-41.67190995520783,-9.180627854165236
2014-07-21,0.7807878644131776,1.3337330365871671,0.8575748662646471,-41.45845960214778,-8.953970652840127
2014-07-22,0.7834420137573307,1.3526108867225046,0.8680270665393027,-42.07927635007584,-9.744517889194437
2014-07-23,0.7751843322437822,1.3491196647339223,0.8700598676759297,-42.54146963333556,-10.90448358290278
2014-07-24,0.7918517747307875,1.357623232035445,0.8855709122981907,-41.67367233812086,-10.582906040148476
2014-07-25,0.7958021901671991,1.3745630353600524,0.8948497488787936,-42.105078508913415,-11.068624518886738
2014-07-28,0.8183248936624973,1.4070197970470686,0.9199650366121945,-41.83984508391945,-11.048261499588163
2014-07-29,0.8073316693374112,1.4136587596155892,0.9229229898922093,-42.89062591336075,-12.524481654563434
2014-07-30,0.8043822676892173,1.4157027380916087,0.9192184226017411,-43.18141471043998,-12.49280389610703
2014-07-31,0.8108173258307311,1.4317273073125676,0.9303978391739596,-43.36789403334909,-12.852621567715195
2014-08-01,0.8108173258307311,1.416411817652717,0.9221443102747322,-42.75553792156149,-12.072620652057564
2014-08-04,0.8244918243814479,1.4411058213147685,0.9404407081194484,-42.787558541035054,-12.32920722560571
2014-08-05,0.8185930210850602,1.445012113067914,0.937959780227873,-43.350438817630376,-12.726212963397343
2014-08-06,0.8038460128440913,1.4498731893656969,0.9355322950146703,-44.5574951837157,-14.076080844276362
2014-08-07,0.7920484062513161,1.4325763515864547,0.9213743398344715,-44.7116095854723,-14.036198751355421
2014-08-08,0.7958021901671991,1.4380936959878456,0.9228299600446715,-44.6627022712486,-13.765024476591915
2014-08-11,0.802505375731276,1.4596927162700064,0.9363747099745034,-45.02230731260066,-14.296555942532086
2014-08-12,0.8000968962122746,1.459411014642401,0.9330901625488769,-45.17672621455978,-14.25299201240221
2014-08-13,0.8009929204043437,1.461616991174449,0.933822129306739,-45.19816578208194,-14.224251571442903
2014-08-14,0.7863255169329014,1.449043838127732,0.9247344987532036,-45.73487038536459,-14.967429246655717
2014-08-15,0.7854019335541385,1.463032979063956,0.9345085708200614,-46.31686743954082,-15.955620089720213
2014-08-18,0.7887552717468317,1.478556828008918,0.9400218758696819,-46.65370604598268,-16.091817435940257
2014-08-19,0.7858742662899643,1.4800100384307433,0.940103425438162,-46.90074757038622,-16.405552301473094
2014-08-20,0.7809005016205381,1.4773676334093815,0.936687844482599,-47.142438756531966,-16.63172462199651
2014-08-21,0.7806444879212325,1.4717079073730641,0.9319785548387214,-46.95656087663145,-16.237934460163316
2014-08-22,0.7934464644757181,1.4815377047468266,0.9363806480498781,-46.44439612076518,-15.264538398122296
2014-08-25,0.7805437118001965,1.4727576543700371,0.9274731391160436,-47.00121167361583,-15.841906478917823
2014-08-26,0.7712656263793398,1.4522969916848147,0.9200422315920667,-46.893395029029705,-16.170627836863495
2014-08-27,0.7888427567633008,1.4564499691715056,0.9214289701279192,-45.837977722500824,-14.389195224262574
2014-08-28,0.7739689696101562,1.4475573949207905,0.9149695317352533,-46.532761165403926,-15.410410645881012
2014-08-29,0.8039784412035115,1.4666761701420015,0.9256616302550496,-45.183643290142804,-13.145536670674197
2014-09-01,0.8340070748352499,1.4839025630846183,0.9324033251638626,-43.79637210804579,-10.552970766306558
2014-09-02,0.8550094427781814,1.5058611277311909,0.9447319572569431,-43.221228901340766,-9.497139774891671
2014-09-03,0.8551679457399692,1.5232019324012713,0.9535907739727046,-43.8572176446869,-10.321285704422367
2014-09-04,0.8675486619797876,1.5339771508717743,0.9604733992037453,-43.44448602205377,-9.674889205780657
2014-09-05,0.8641015873337602,1.5494879206007148,0.9695923036209211,-44.23308656715697,-10.879904460174462
2014-09-09,0.8678251779931135,1.55372996879281,0.9679949613451102,-44.14568841280823,-10.348171979408072
2014-09-10,0.8678251779931135,1.55389754602707,0.9629313665372049,-44.15171191872162,-9.876735959500671
2014-09-11,0.8678251779931135,1.5483626690670809,0.9593768346178725,-43.95207302976406,-9.542825438475877
2014-09-12,0.8678251779931135,1.5634521773014003,0.9652769063102358,-44.4930142032854,-10.095727731603022
2014-09-15,0.8678251779931135,1.5710098217099782,0.9648141323026959,-44.76004121676831,-10.05260506270792
2014-09-16,0.8678251779931135,1.5340729679254506,0.945644441506198,-43.42999347894864,-8.229230786693565
2014-09-17,0.8678251779931135,1.5426678260777533,0.9506169858250236,-43.74516902970831,-8.70927082794093
2014-09-18,0.8678251779931135,1.549187593325518,0.9535218922983573,-43.98191789477076,-8.98738822856824
2014-09-19,0.8678251779931135,1.5621479347475737,0.9600723811801027,-44.446671234543174,-9.608359223249474
2014-09-22,0.8679487681095388,1.53504021503556,0.9417470847018962,-43.45758765092468,-7.836320153379372
2014-09-23,0.8753404893551622,1.5514727516318905,0.9498790809917868,-43.580028174233156,-7.847166352879087
2014-09-24,0.8843532632245474,1.5793243113898525,0.9666648324611635,-44.00432787320989,-8.515006077861331
2014-09-25,0.8799761746030199,1.5832033136481574,0.9647254570437663,-44.417993127155555,-8.784808343344219
2014-09-26,0.8794351261976899,1.5870633820404132,0.964818882762996,-44.587271299332656,-8.849718645720184
2014-09-29,0.8830732877021613,1.597527413367412,0.9690143309511111,-44.722495506932184,-8.868913544817914
2014-09-30,0.8832894770901697,1.6058595858627511,0.9702767657757854,-44.99584615826665,-8.965203718556003
2014-10-08,0.89206218491078,1.6243279822280972,0.9811216707685586,-45.08115388819844,-9.077313090843674
2014-10-09,0.8902603667789863,1.6299919057877401,0.9825357244511354,-45.38252836606924,-9.391552426625093
2014-10-10,0.8781813956963486,1.6176718053084218,0.9765319343755596,-45.71325328075948,-10.071410387833456
2014-10-13,0.8715140527903381,1.6105996182264777,0.9718436259313392,-45.88884518984231,-10.323633397796183
2014-10-14,0.8691519918582414,1.6042245756328197,0.968524637668539,-45.82105242245237,-10.260208356651656
2014-10-15,0.8792507542543827,1.6121389777140294,0.9753779683943974,-45.46061062916939,-9.85538091436009
2014-10-16,0.8805909807134662,1.595015730912065,0.9676667837127317,-44.79107863030761,-8.998531774044594
2014-10-17,0.87694168091917,1.5909801093317324,0.9666125773978657,-44.880412031831355,-9.276818714700664
2014-10-20,0.8810741417098595,1.6064927841255066,0.9717505960838011,-45.15542488480757,-9.331247620466787
2014-10-21,0.8733024346615225,1.5907774730666788,0.9633106116178064,-45.10216234216706,-9.34362975667029
2014-10-22,0.8684156437985291,1.5760583234604486,0.9574715041659573,-44.89952364885803,-9.301149953805021
2014-10-23,0.8592758691498968,1.552829598568637,0.9484832374070261,-44.66386589088991,-9.405265664051733
2014-10-24,0.8566588765189788,1.550974779057502,0.9464128284596925,-44.76642121546591,-9.48359418233904
2014-10-27,0.8442668283423043,1.550665317349578,0.937753531076523,-45.55454236989458,-9.96921895104973
2014-10-28,0.860429340191594,1.5897993629012463,0.9566845112429555,-45.878117687669416,-10.061328465149256
2014-10-29,0.8694848954592822,1.614483641161595,0.9704335309656792,-46.144706995377064,-10.402426573816237
2014-10-30,0.872305146442412,1.628517097815276,0.9773775163089258,-46.43561632772257,-10.750438608749713
2014-10-31,0.8911808769903495,1.6400994327593021,0.9929748609599667,-45.66299706042655,-10.25141601985844
2014-11-03,0.8962231051894068,1.6544157647668274,0.9946466271138079,-45.82842328538135,-9.895325559993019
2014-11-04,0.8919337765732468,1.6588967790602491,0.9948936510493981,-46.23331675413104,-10.348832196039325
2014-11-05,0.885013172521767,1.6523962071131186,0.9910441947197858,-46.44061946450707,-10.698919660994399
2014-11-06,0.8917646619902778,1.658796300517779,0.9920809826802192,-46.240254954033766,-10.111706850677194
2014-11-07,0.892914038464151,1.6532358500134383,0.9905315408790978,-45.989917986783745,-9.855062497889888
2014-11-10,0.9103488633332683,1.690474600634732,1.0156998754191802,-46.14832645273378,-10.372258049400019
2014-11-11,0.8935773111790404,1.6708708346980512,1.0128820607180098,-46.52026400709054,-11.778740503548546
2014-11-12,0.9020453793711702,1.6948653610722577,1.0270170553400928,-46.77775591563859,-12.168412911851656
2014-11-13,0.8938445510346376,1.682952053789062,1.021249996536124,-46.88829375606976,-12.475441462288394
2014-11-14,0.8924344197423394,1.681932415826553,1.021781652218011,-46.93993579380715,-12.658989539975963
2014-11-17,0.8933142460214927,1.6846285487271278,1.0162426155084332,-46.97262807896355,-12.096360417383067
2014-11-18,0.8823746062647861,1.6816709424866425,1.0060746511083827,-47.52988923266748,-12.295314737064233
2014-11-19,0.8878697679437024,1.6853967898680575,1.004414761105291,-47.31983748389541,-11.603273635020916
2014-11-20,0.8839953971601672,1.683423576369099,1.0043656730155264,-47.48823709200881,-11.984706276744529
2014-11-21,0.8930014704966096,1.7057717298747994,1.0227167011536902,-47.64824302943781,-12.683398101424714
2014-11-24,0.9049968270189076,1.7427412195465797,1.048766246079387,-48.070498541695905,-13.708433084868432
2014-11-25,0.9200469940762107,1.7739234313437309,1.0631375761013855,-48.13490944311596,-13.45927236904747
2014-11-26,0.9247867591013919,1.7949489884939542,1.077965742055549,-48.478382113949046,-14.210004731881698
2014-11-27,0.9298462260700345,1.8122646296103757,1.0904246159351825,-48.691476350783006,-14.726225684792604
2014-11-28,0.9366070958956408,1.8355553025723625,1.1119319290708782,-48.974182658344766,-15.767586899113283
2014-12-01,0.9380301561204419,1.8427641055132955,1.1162837465771953,-49.09656893608979,-15.968483909518827
2014-12-02,0.9476839346180278,1.8842352970720924,1.157505074085409,-49.7045864658925,-18.127016819616905
2014-12-03,0.9669602225076668,1.9132959181298483,1.1747686426866082,-49.46102098765661,-17.689306015497575
2014-12-04,0.9945540066686479,1.9762513640722774,1.2289246818478197,-49.67472130573193,-19.07119928837058
2014-12-05,0.9718622166710297,1.9661551751383672,1.237053511164177,-50.570421451977445,-21.43733412498694
2014-12-08,0.9868271644574934,2.016416664897654,1.2877235042087112,-51.06035465603627,-23.3665331701866
2014-12-09,0.9497040747405772,1.932328393542847,1.2299389051218288,-50.85182839965765,-22.78445126130014
2014-12-10,0.9977858554297053,1.9985298650550583,1.2753188647508338,-50.074008255952826,-21.76185242702825
2014-12-11,1.0106934203896543,2.0065354248540315,1.2600643449847624,-49.629923904125505,-19.790332580049608
2014-12-12,1.0089860919886158,2.0187902354710365,1.2641081743149751,-50.02026093348956,-20.181981851720167
2014-12-15,1.0162350807557679,2.039948783189538,1.2736094907862856,-50.18330415301675,-20.208267282275283
2014-12-16,1.0209838707086045,2.0627432650908624,1.3077233379426008,-50.50358966201105,-21.926615432673568
2014-12-17,1.0172858338107666,2.0612003388692934,1.3303656152182592,-50.64595058388084,-23.53336389832421
2014-12-18,1.0151687803461351,2.0689348406049617,1.3245577816300504,-50.93278142827846,-23.357908999875388
2014-12-19,1.03834864780966,2.087111268510731,1.3393000434271256,-50.24948293482316,-22.470797122306006
2014-12-22,1.0274007707994022,2.06265429764867,1.3437789357464627,-50.19035560294367,-23.543914592716398
2014-12-23,0.9986603688108249,2.0232297486126605,1.3162432884903088,-50.64028840542644,-24.127980173311414
2014-12-24,0.9959131644988564,2.0080448788809764,1.2788179746333348,-50.40383932784166,-22.122367353773974
2014-12-25,1.0299326429501132,2.0619406610169233,1.3203979618941837,-50.05032577212172,-21.99831621425573
2014-12-26,1.0438698099693586,2.099740572397891,1.364110114086264,-50.285772266748864,-23.476132960968123
2014-12-29,1.0458375064868348,2.095819769962564,1.3679168162731778,-50.09888152235935,-23.545240906083187
2014-12-30,1.0235486358818662,2.0739885118365775,1.368747750953953,-50.64829771041095,-25.220068112002313
2014-12-31,1.024200702831608,2.099693809568124,1.3988937761448523,-51.221425801971044,-26.784955348492858
2015-01-05,1.0570316612643622,2.168549853328899,1.4415829958857072,-51.256289559507564,-26.675629201985483
2015-01-06,1.0622099346074698,2.1988406560798,1.4413921857303316,-51.692273304549985,-26.306667600722133
2015-01-07,1.0621522030761261,2.2062591544676686,1.4424733113202297,-51.857323699925686,-26.36590259656264
2015-01-08,1.0332999662003088,2.1749017386509717,1.4090098813532967,-52.48980917909263,-26.664817623005867
2015-01-09,1.0351636705081828,2.164673829879614,1.4040472338267624,-52.17923105922372,-26.272874190505625
2015-01-12,1.0154701511948567,2.1479671777907345,1.3909252748636138,-52.72413090411809,-26.993191543346718
2015-01-13,1.0126587396168794,2.1663617976064433,1.39110895932854,-53.25532693866095,-27.204930079260713
2015-01-14,1.0037335258054303,2.1523259542154225,1.3865101178866328,-53.36517111455284,-27.607197895147273
2015-01-15,1.0292180145783503,2.1926192679357452,1.4267694771841348,-53.05988460334412,-27.863748766926953
2015-01-16,1.032540024936439,2.2183650130669523,1.4390513964176008,-53.45490850899586,-28.248565165437334
2015-01-19,0.9514233020775369,2.091471671339424,1.3282108856006045,-54.50938613630733,-28.368054170305022
2015-01-20,0.973715279152488,2.1456999922408633,1.3444681483616274,-54.62015739974964,-27.576173497374402
2015-01-21,1.0092155485299867,2.2142096170723704,1.4049031084241121,-54.420957223355735,-28.16475794818124
2015-01-22,1.0162927106305022,2.242170841649421,1.4123169934653481,-54.673716571798735,-28.040750388702484
2015-01-23,1.017377784028186,2.231901186852735,1.413947588963258,-54.41654003227544,-28.04699467155265
2015-01-26,1.0422415911505911,2.2622701640662917,1.428299125400674,-53.92939323934564,-27.029179489400303
2015-01-27,1.0462800218073554,2.266024390985935,1.4152139825048489,-53.82750397703686,-26.069129139361756
2015-01-28,1.0305478777235602,2.2390747003863694,1.3955755796254363,-53.97438604680178,-26.156068308378345
2015-01-29,1.0076179585454619,2.2210081963152666,1.3783452642463356,-54.632407020508225,-26.89654873255457
2015-01-30,0.9979903832097684,2.1947803335131373,1.359577779088555,-54.528917178134776,-26.595565288011002
2015-02-02,0.9932837154122156,2.1670606981529463,1.327737818929082,-54.16447189232759,-25.189770054650417
2015-02-03,1.0073216445185211,2.212434463355181,1.3607871671065483,-54.469989452663526,-25.975077597153085
2015-02-04,0.9954956144545837,2.20635748859607,1.3466636527635232,-54.88058396701485,-26.076892889200543
2015-02-05,0.9633734274388764,2.1846610071917123,1.3328786087168594,-55.902841481239626,-27.722343119730873
2015-02-06,0.93974620329912,2.1370227253891687,1.3112933088579084,-56.02544642439473,-28.334401086999616
2015-02-09,0.9394491680490198,2.1377731922828502,1.3245554063999014,-56.05477833474859,-29.074377446964483
2015-02-10,0.9551830732668926,2.17452479960734,1.348712288767816,-56.073939766547035,-29.17814412890476
2015-02-11,0.9783622749396816,2.196060674505499,1.359472477218576,-55.449214755417195,-28.033682819282223
2015-02-12,0.9772593858961054,2.2104046814171103,1.3629363545205204,-55.78821407175199,-28.297503940313906
2015-02-13,0.9825310218927225,2.237765432969481,1.3736066800972757,-56.09320765184407,-28.470716098793158
2015-02-16,1.0006330624129824,2.2738365118869726,1.38534625511318,-55.993623236237234,-27.770183178411767
2015-02-17,0.9945639715178217,2.291089355990345,1.3943875686787923,-56.589909122601114,-28.673778090248668
2015-02-25,0.9845990295863163,2.2745193940592356,1.3771303340246592,-56.71177690733402,-28.503569686913465
2015-02-26,1.0227773593049694,2.3222021249091664,1.4117952345757523,-55.95657465239054,-27.554836972351993
2015-02-27,1.0328242881782992,2.337106054156227,1.4143874024126817,-55.80755582993074,-26.97727041286615
2015-03-02,1.0468899886009608,2.3678839732771673,1.4256388676327807,-55.78795243281882,-26.566957988506445
2015-03-03,1.0167492019809716,2.329650069268787,1.388678307141805,-56.356140546889044,-26.78295637283644
2015-03-04,1.0127304304316398,2.352506338939941,1.3977524780578243,-56.95100099547512,-27.545796102695686
2015-03-05,0.9926365726849804,2.3408089434216044,1.3841036138730882,-57.59429339696452,-28.28307341042766
2015-03-06,1.0368430597276312,2.321298621194622,1.3770475968411044,-55.333490906308505,-24.70535788987176
2015-03-09,1.0348336739529653,2.351443866086251,1.4004950771375808,-55.99156378436773,-26.109438665930696
2015-03-10,1.0160713121051907,2.3641428583947106,1.393710232214378,-57.02157724956102,-27.095942282721186
2015-03-11,1.0226639003505658,2.366305262587383,1.3953103455920304,-56.78224967338503,-26.70706530763597
2015-03-12,1.0625235978907523,2.385283718750686,1.4223052321173892,-55.4550433754162,-25.29566974108849
2015-03-13,1.08083430855123,2.413288679163226,1.4321279964023204,-55.213219293516346,-24.52948959405743
2015-03-16,1.1049303363917033,2.4766133628983633,1.4669702474712727,-55.38543266605769,-24.67943107255548
2015-03-17,1.116991719626071,2.5210772480605788,1.4873382418783974,-55.693871717522605,-24.899952937712833
2015-03-18,1.1466579972196107,2.5673187079368804,1.522544299031977,-55.33635953827194,-24.688037126496233
2015-03-19,1.142754367120293,2.578182938491316,1.5200439734275106,-55.67597822251502,-24.820966557729008
2015-03-20,1.1533860983826911,2.5979257975632226,1.5409598542558802,-55.60357807507308,-25.15145055873932
2015-03-23,1.16790707629647,2.6552383940441526,1.5724265074101265,-56.01498234899922,-25.725808437300024
2015-03-24,1.1502770323150686,2.6774525369341173,1.5728164410264025,-57.03837821781814,-26.865144443403032
2015-03-25,1.1308077845481672,2.6843423311766745,1.5598975642410706,-57.87393539882522,-27.507561363599308
2015-03-26,1.1372885456536648,2.6845679113069787,1.5636927861489267,-57.63606720978881,-27.26905465525701
2015-03-27,1.148100610210622,2.6960160810472367,1.5722824101143655,-57.41491980401484,-26.97872832355157
2015-03-30,1.186830506655391,2.751263739328538,1.618393940629541,-56.86235057402953,-26.666154830403997
2015-03-31,1.1718815246582812,2.739746989622533,1.6037569807024448,-57.226651617938764,-26.928983707681343
2015-04-01,1.1938271436303989,2.8037102399404787,1.6325332898402323,-57.41973879384401,-26.872722837570272
2015-04-02,1.2050772375417769,2.8343227317719952,1.6328820528005765,-57.48270921891903,-26.199370280606992
2015-04-03,1.2175548736888602,2.870723123232624,1.6509979331539,-57.587171544505736,-26.253398066770075
2015-04-07,1.2545893948298767,2.94124314520982,1.6864308247867958,-57.34492753946129,-25.60682736640051
2015-04-08,1.266507227534643,2.9408313519275717,1.7005868006085365,-56.93370084943806,-25.52528179793956
2015-04-09,1.2497949662723704,2.912468034663887,1.6872597801091127,-57.08811388151071,-25.927531669631342
2015-04-10,1.262687545849336,2.97463039766195,1.7198313111547565,-57.55144750615726,-26.58073279282709
2015-04-13,1.3025654363004018,3.029041251107826,1.750177647421631,-56.99743488722684,-25.575244420510877
2015-04-14,1.3081556994588541,3.0370876400609337,1.756951407937468,-56.927298303693064,-25.544002324200132
2015-04-15,1.2577886351974852,2.9770438960027588,1.7341210916082752,-57.75041688547815,-27.46823498750166
2015-04-16,1.2812992182923204,3.0400108574099303,1.7867850903636548,-57.85214993001772,-28.29024457375876
2015-04-17,1.2932062913859457,3.0934865819541737,1.8194801333770936,-58.195833176395425,-28.92440716098085
2015-04-20,1.2469521393765932,3.064191435138684,1.7900997240378467,-59.305671144526364,-30.341750091782604
2015-04-21,1.2856601553140206,3.152570311465398,1.8285962666924276,-59.21866831523857,-29.69141528219742
2015-04-22,1.3387251487980787,3.230625906359024,1.8763581862900955,-58.5614308929118,-28.65300673508484
2015-04-23,1.3619366319909032,3.2560480329965036,1.8767849359736948,-58.172096412916595,-27.432461445865297
2015-04-24,1.3347750252685258,3.248579770493312,1.8616424478963605,-58.91204404484013,-28.30121451212021
2015-04-27,1.3560213669386676,3.316944877628023,1.9031895778068024,-59.118362922317516,-28.750063432917727
2015-04-28,1.346410806036184,3.2525573150402476,1.8771685356429044,-58.60454787959599,-28.274378114107012
2015-04-29,1.4027326770623612,3.2910024802435087,1.8900205101123473,-57.376735949510135,-25.782145243546616
2015-04-30,1.3655158776749936,3.288490056796119,1.8803454059684022,-58.47590066897218,-27.379519031944277
2015-05-04,1.3492971403363667,3.321331582261545,1.8953311288558425,-59.374813778225366,-28.809424390613003
2015-05-05,1.2864425590484456,3.1968661153542284,1.8197576394329404,-59.75926070629638,-29.30692905626062
2015-05-06,1.2669494145697693,3.1513696946999037,1.8025332621292145,-59.796864940962834,-29.712841300181893
2015-05-07,1.2506997698696278,3.0831984677267377,1.769581694259586,-59.434989898922176,-29.322292724499754
2015-05-08,1.2683507020977447,3.177880676015494,1.8045431027077257,-60.088158385857504,-29.713471504527746
2015-05-11,1.3164054720562757,3.2923673054211955,1.8568488375821612,-60.016445616845694,-29.105404521221413
2015-05-12,1.332889291304505,3.3501110161904504,1.879369582248483,-60.213578449701984,-29.077851217011165
2015-05-13,1.2942657947951133,3.3388712433628034,1.8678952412659848,-61.23642691020422,-30.709936713693242
2015-05-14,1.2783620021147752,3.349462874810999,1.8609049389348153,-61.83382082755852,-31.30428237529901
2015-05-15,1.2446639986492394,3.304928636155218,1.8279256600467713,-62.33915658471777,-31.90839070460928
2015-05-18,1.260543180914872,3.318025165608331,1.8111684113391935,-62.00923386656224,-30.401658232167627
2015-05-19,1.3236763471427146,3.411663905711855,1.872956856715432,-61.20144352652683,-29.326917360818438
2015-05-20,1.3309790641317565,3.4444896522797084,1.882337828192481,-61.35917948684042,-29.29116951286943
2015-05-21,1.3874804011283448,3.5347734453096034,1.9164053583608727,-60.74768517429501,-27.59984754399375
2015-05-22,1.3727682144126945,3.6125699628530854,1.9600933623797623,-62.00023173174676,-29.964141465893867
2015-05-25,1.4273176575629083,3.717679204548815,2.018745712214743,-61.60729371656126,-29.296807967110716
2015-05-26,1.4792240086697572,3.8227584208138796,2.0581044634137395,-61.30480020354452,-28.126874268753298
2015-05-27,1.4898210290152103,3.8632994467496435,2.0511830427569175,-61.43656349836771,-27.36771911819248
2015-05-28,1.3699504761659818,3.633625610012522,1.9136465285417585,-62.29797389166738,-28.411519278332207
2015-05-29,1.3825142085460704,3.6529502330767785,1.9163471652222004,-62.15348908869155,-27.856797889448803
2015-06-01,1.489545171174088,3.834535969701651,2.009515567852214,-61.15448693287435,-25.875410223065575
2015-06-02,1.5515940149542495,3.923367525881597,2.0434382089814616,-60.4524938151034,-24.069442954791796
2015-06-03,1.5187233150035775,3.9185049210216243,2.036201674458085,-61.24227618406004,-25.413905014699946
2015-06-04,1.4773503122455056,3.9225140047724003,2.051175917066468,-62.336646588181466,-27.975445696614408
2015-06-05,1.5061408139494288,3.9898217478793376,2.070627468507421,-62.250423474432914,-27.26162301734041
2015-06-08,1.5473285300618895,4.020646001932836,2.119398465047107,-61.51542490142018,-26.992089709402634
2015-06-09,1.5376251929317744,4.015645013108205,2.1050322813571,-61.70913544617292,-26.954792734082066
2015-06-10,1.5418970249912953,4.044139444477949,2.101727148603507,-61.87329724506232,-26.63666993996776
2015-06-11,1.553143820850615,4.052586089563303,2.100728760197164,-61.67524177091626,-26.06642750467012
2015-06-12,1.5650335718253432,4.091210997711215,2.1120210002015027,-61.74644689064228,-25.89876844614579
2015-06-15,1.5426151081666537,4.011991688405258,2.0669122126812787,-61.54989272223956,-25.36620091060793
2015-06-16,1.4694094308129089,3.8785402899271495,2.005019257178444,-62.11436981513195,-26.7134504792373
2015-06-17,1.502878763773525,3.962935887906704,2.034317721077519,-62.0766319142404,-26.12369502550006
2015-06-18,1.4566973928786116,3.8223941969014548,1.9518647733971093,-61.89044567775209,-25.3689388356903
2015-06-19,1.3522961628666437,3.60276680419525,1.8356776195126774,-62.46506542438552,-26.332589748212886
2015-06-23,1.3751311886562172,3.7138249723880112,1.8946779405646197,-62.97264413696912,-27.421375463609188
2015-06-24,1.4144813841706816,3.8058832090264527,1.9319037350890016,-62.8343460247035,-26.783029688302907
2015-06-25,1.347321224568151,3.6782514441541667,1.8631764507015078,-63.37060570697405,-27.686869160413195
2015-06-26,1.2294652387998948,3.3920610688316652,1.7165768499776959,-63.754625466593914,-28.376918352599844
2015-06-29,1.1585923644047627,3.2528609201588,1.659315593267176,-64.38235778158625,-30.176491494092105
2015-06-30,1.2393118924573399,3.4457997010527897,1.7707332850105988,-64.03412850495359,-30.011374217211827
2015-07-01,1.1649047563021682,3.262656228920707,1.683650617896333,-64.2958168262943,-30.810778440619767
2015-07-02,1.1032864859815037,3.0897792351360693,1.6262393258146774,-64.2923846003219,-32.15718815379135
2015-07-03,1.025653847384994,2.910940594132831,1.5383245364045617,-64.76555208813747,-33.326562561226744
2015-07-06,1.0480753571579033,2.921779855737429,1.5829076063182737,-64.12887319009258,-33.7879638094829
2015-07-07,0.9792151530435006,2.8074871667599703,1.5549847965476853,-65.12129549024507,-37.02734874208965
2015-07-08,0.94157560771839,2.659631612378772,1.4500930496411253,-64.59751781652777,-35.067918024197496
2015-07-09,1.0045564973564294,2.837355020204412,1.5429597980421006,-64.59531887257246,-34.894188517994074
2015-07-10,1.0850008691682214,3.0173804771175123,1.6256692705786997,-64.04162890969862,-33.258203940707645
2015-07-13,1.1666244324210315,3.16443897182813,1.6673371413550955,-63.133293363939956,-30.030681648890734
2015-07-14,1.0842502447831828,3.1506052444735984,1.627883380950103,-65.58596965820963,-33.39509098309195
2015-07-15,1.0842502447831828,2.9957393443361617,1.5703275957009946,-63.80692309452422,-30.953881995611678
2015-07-16,1.0842502447831828,3.0487393757340344,1.5824396859787422,-64.43611240064982,-31.482365211753915
2015-07-17,1.0842502447831828,3.2008001885633464,1.6434597444014867,-66.12565043399852,-34.026358207024785
2015-07-20,1.0842502447831828,3.227213848381342,1.647068510742575,-66.40290059095386,-34.17090802772058
2015-07-21,1.0842502447831828,3.2573330809662338,1.6492038426473397,-66.71355928815368,-34.2561412516042
2015-07-22,1.0842502447831828,3.2708552822102748,1.6457019616629966,-66.8511703749087,-34.11624522294802
2015-07-23,1.0842502447831828,3.3670341333275977,1.682773366227635,-67.79806197831348,-35.56766071156654
2015-07-24,1.0842502447831828,3.3126197693740913,1.6532706325356683,-67.26910058294894,-34.41786096930559
2015-07-27,1.0842502447831828,3.0361149151504048,1.5117275009293119,-64.28823430323057,-28.277401574248263
2015-07-28,1.0842502447831828,2.994538807190811,1.508703832948483,-63.792412969250435,-28.133658766928704
2015-07-29,1.0842502447831828,3.1279189715971,1.5559257835587392,-65.33637045496835,-30.314783890060127
2015-07-30,1.0842502447831828,3.0275512655894286,1.5104136027847228,-64.18722096941629,-28.21501059152475
2015-07-31,1.0842502447831828,3.0213789515371645,1.5109230896518775,-64.1140597662681,-28.239216661054655
2015-08-03,1.0842502447831828,2.9961113355805464,1.515885737178412,-63.811416755209095,-28.474144311077975
2015-08-04,1.0842502447831828,3.132198651289491,1.5629631946212155,-65.38373310591878,-30.628549122940086
2015-08-05,1.0842502447831828,3.0835827494280927,1.530796244444439,-64.83797151270623,-29.170831930236275
2015-08-06,1.0842502447831828,3.066374924105437,1.5169217333954619,-64.64064990032182,-28.52299357883098
2015-08-07,1.0842502447831828,3.1424580588028794,1.5466489263365948,-65.49674730754471,-29.89680939737587
2015-08-10,1.0842502447831828,3.2984170714325067,1.6168844818692776,-67.1281641677809,-32.94200934319793
2015-08-11,1.0842502447831828,3.3039586957513096,1.6098791364138252,-67.18329904736815,-32.650208313248655
2015-08-12,1.0842502447831828,3.2604108186988197,1.5898705935027195,-66.74498076853116,-31.802610274436272
2015-08-13,1.0842502447831828,3.3214764321377483,1.6133604320702024,-67.35637699270549,-32.79553513086258
2015-08-14,1.0842502447831828,3.321275913111927,1.6125991708071579,-67.3544061635254,-32.763809853599234
2015-08-17,1.0842502447831828,3.337848999682401,1.6143140869753891,-67.51649805349642,-32.8352361209549
2015-08-18,1.0842502447831828,3.0947784755841106,1.5143723197012307,-64.96517429802336,-28.40266355389448
2015-08-19,1.0842502447831828,3.1522477173229317,1.5384112323050334,-65.6039010251393,-29.521429510194864
2015-08-20,1.0842502447831828,3.0477016970087965,1.4890531580466297,-64.42400364027316,-27.18525601829257
2015-08-21,1.0842502447831828,2.900440668349735,1.4209956885614092,-62.617740931067246,-23.697851196096277
2015-08-24,1.0842502447831828,2.6514720348386898,1.296691185639678,-59.10761152534101,-16.38331032162409
2015-08-25,1.0842502447831828,2.4490727040046028,1.2046086590598626,-55.728131589957684,-9.991495027988062
2015-08-26,1.0842502447831828,2.414184552278459,1.1977858104542611,-55.08834468516961,-9.478786998488475
2015-08-27,1.0842502447831828,2.544957787523578,1.2690209420083625,-57.39614031719425,-14.560098348949246
2015-08-28,1.0842502447831828,2.685446198591121,1.323116412800751,-59.62495002312769,-18.053299445658023
2015-08-31,1.0842502447831828,2.6542203043141717,1.3327163013232828,-59.149952887450915,-18.643582005667124
2015-09-01,1.0842502447831828,2.5888455308873453,1.330953484680362,-58.11838783554042,-18.53582734008369
2015-09-02,1.0842502447831828,2.571264020801014,1.3324376076523605,-57.83201429289975,-18.62656543494463
2015-09-07,1.0842502447831828,2.5293895129760213,1.286774995635517,-57.13391554678034,-15.738940493812636
2015-09-08,1.0842502447831828,2.6242033374444818,1.3198453250126405,-58.68268935900927,-17.85020379014498
2015-09-09,1.0842502447831828,2.7044763097411924,1.3456886207869874,-59.90905001172144,-19.427850690370697
2015-09-10,1.0842502447831828,2.659908285506541,1.329163352890717,-59.23730713983234,-18.42611049837385
2015-09-11,1.0842502447831828,2.6603768247137323,1.3250569758332233,-59.2444861678626,-18.173311445616612
2015-09-14,1.0842502447831828,2.5473228689236254,1.2989072753695388,-57.43569619655893,-16.525970302636583
2015-09-15,1.0842502447831828,2.42433076753238,1.247879414315752,-55.276307205934884,-13.112578639843308
2015-09-16,1.0842502447831828,2.588303003643,1.3100376038519923,-58.10960914324499,-17.23518152493575
2015-09-17,1.0842502447831828,2.5478401196732334,1.2814362700019144,-57.44433740519634,-15.387891683324762
2015-09-18,1.0842502447831828,2.5726180830447616,1.287086942528538,-57.854208833829546,-15.759362560766387
2015-09-21,1.0842502447831828,2.64624563077247,1.30964133628865,-59.026847992690776,-17.210138780759298
2015-09-22,1.0842502447831828,2.6649754941040227,1.3218274545727364,-59.314813694085665,-17.973390472990847
2015-09-23,1.0842502447831828,2.619300916143557,1.2917404142638929,-58.6053577082108,-16.062837950220032
2015-09-24,1.0842502447831828,2.649340104036644,1.3004381112011523,-59.07470531506414,-16.624233368421294
2015-09-25,1.0842502447831828,2.5738219967484226,1.2794379097024613,-57.873922666254906,-15.255735619454192
2015-09-28,1.0842502447831828,2.608781457634472,1.2837137198439816,-58.43844099665086,-15.538002903407545
2015-09-29,1.0842502447831828,2.5579088324460884,1.2584183104908795,-57.611849529979885,-13.840236132590745
2015-09-30,1.0842502447831828,2.5761388441009054,1.2679564430295136,-57.91180870293521,-14.488368212980863
2015-10-08,1.0842502447831828,2.67101255972492,1.3049839058363786,-59.40677100766435,-16.914665389051308
2015-10-09,1.0842502447831828,2.709793284000911,1.3222573712298693,-59.98771377932095,-18.000060474256184
2015-10-12,1.0842502447831828,2.809216812063961,1.3648440602025864,-61.403824719866584,-20.558672129748988
2015-10-13,1.0842502447831828,2.8227936355816765,1.363795000219712,-61.58946119489328,-20.4975641787434
2015-10-14,1.0842502447831828,2.7961723610542446,1.3483833193920551,-61.22376932535065,-19.588871414395857
2015-10-15,1.0842502447831828,2.869574775284618,1.3803313525233487,-62.21564762411038,-21.450002363483776
2015-10-16,1.0842502447831828,2.9033728932821616,1.3990362899538484,-62.655494673387416,-22.500205851061228
2015-10-19,1.0842502447831828,2.9086466891889735,1.3990826069417714,-62.723205647038995,-22.502771501589525
2015-10-20,1.0842502447831828,2.9478389124701776,1.4163113388341055,-63.21880954225474,-23.445487227707464
2015-10-21,1.0842502447831828,2.8111064700657042,1.3749629365128722,-61.42976951143937,-21.143311140224885
2015-10-22,1.0842502447831828,2.881594347495317,1.3952632368607247,-62.373251955966204,-22.29063189375693
2015-10-23,1.0842502447831828,2.9294989776238145,1.4137532159626582,-62.988543328912726,-23.306965279305057
2015-10-26,1.0842502447831828,2.95993086741921,1.4208868238462056,-63.36906862529021,-23.69200512056122
2015-10-27,1.0842502447831828,2.9700096573972266,1.4223190876265983,-63.49337645813019,-23.768846652233698
2015-10-28,1.0842502447831828,2.9264355019844994,1.3954160433337024,-62.94979868690351,-22.299141538256407
2015-10-29,1.0842502447831828,2.9411290275288517,1.3987358233398859,-63.13489701966003,-22.483557889135774
2015-10-30,1.0842502447831828,2.9436028596841712,1.399041832157532,-63.16587880677913,-22.500512860926648
2015-11-02,1.0842502447831828,2.9058782921036883,1.376034957053863,-62.687692470483746,-21.204745618919528
2015-11-03,1.0842502447831828,2.9105476076254577,1.3718905763139708,-62.74755163109125,-20.9667109386834
2015-11-04,1.0842502447831828,3.0506077786947436,1.436435476279174,-64.4578941824144,-24.51799870665011
2015-11-05,1.0842502447831828,3.0991008351156895,1.467088613107078,-65.01403786228505,-26.095108700564428
2015-11-06,1.0842502447831828,3.1747846763013245,1.5016893824441235,-65.84806985882419,-27.797968244373152
2015-11-09,1.0842502447831828,3.2238478179030934,1.5202878303895695,-66.36782174512139,-28.681252121491585
2015-11-10,1.0842502447831828,3.231955851124215,1.5174704115600908,-66.4521950568714,-28.548837820931226
2015-11-11,1.0842502447831828,3.2559381373541174,1.5176319272102843,-66.69929835754557,-28.556442089601074
2015-11-12,1.0842502447831828,3.248798536964768,1.5024613322428426,-66.62611631818335,-27.83506493543918
2015-11-13,1.0842502447831828,3.19587837704237,1.4830311578732387,-66.07348225226882,-26.889584279667677
2015-11-16,1.0842502447831828,3.230081541019532,1.4901109272067214,-66.43272836880291,-27.236944244435712
2015-11-17,1.0842502447831828,3.2200669419130445,1.4878390195683375,-66.32833216383294,-27.125836160839956
2015-11-18,1.0842502447831828,3.1793210765097935,1.4708929400638422,-65.89679938921252,-26.286256786566508
2015-11-19,1.0842502447831828,3.2555062609299967,1.4944033639592909,-66.69488067660953,-27.44594458683788
2015-11-20,1.0842502447831828,3.2758465490993256,1.4941713831479833,-66.90167782488801,-27.434680049965976
2015-11-23,1.0842502447831828,3.2472308506047955,1.4858390757821176,-66.61000419538261,-27.027747320990734
2015-11-24,1.0842502447831828,3.272978031460305,1.4860583886992922,-66.87266964943781,-27.03851658667339
2015-11-25,1.0842502447831828,3.3161457909231693,1.4970311602484687,-67.30390299030422,-27.57330150674853
2015-11-26,1.0842502447831828,3.297665164040884,1.4882515178710376,-67.12066899313189,-27.146034674688835
2015-11-27,1.0842502447831828,3.1053838853074227,1.4081124402283267,-65.08482413677994,-22.999739665152696
2015-11-30,1.0842502447831828,3.1210104205719458,1.411841551563677,-65.25964035120117,-23.20312122969269
2015-12-01,1.0842502447831828,3.1282848628087296,1.4218507714153756,-65.34042479080088,-23.7437383317048
2015-12-02,1.0842502447831828,3.1991020437087143,1.473416622098116,-66.10766927815116,-26.4125143885487
2015-12-03,1.0842502447831828,3.2422750120043338,1.484241337634615,-66.55896736801137,-26.949195033799857
2015-12-04,1.0842502447831828,3.198440872700755,1.455854566241412,-66.1006631688131,-25.524824393524568
2015-12-07,1.0842502447831828,3.2270266652990185,1.4598192212332948,-66.40095179744307,-25.727088052233015
2015-12-08,1.0842502447831828,3.170145230920723,1.4342510562846453,-65.79808917876365,-24.4030366906699
2015-12-09,1.0842502447831828,3.175636663381732,1.4393649267973903,-65.85723243198214,-24.671622560954244
2015-12-10,1.0842502447831828,3.1600103987332786,1.434276392072911,-65.6883963034484,-24.404372073910196
2015-12-11,1.0842502447831828,3.1462497613909672,1.428328419905858,-65.5383288991071,-24.08957004057607
2015-12-14,1.0842502447831828,3.2327204367896094,1.4692073184007934,-66.46012960341403,-26.201685003626974
2015-12-15,1.1186624839974928,3.236804323230979,1.462503627174379,-65.43929220655379,-23.510447207655982
2015-12-16,1.1525453041469673,3.240687722106462,1.458961367277488,-64.43516305860511,-21.002342488500013
2015-12-17,1.1626042663788425,3.3089208907710757,1.4868497362109026,-64.86454935742142,-21.807547994619103
2015-12-18,1.168957295156869,3.3031396852000285,1.4916100933030034,-64.61072172047486,-21.63117557294454
2015-12-21,1.157310075730487,3.3678938972078476,1.5304261044127465,-65.63697933922576,-24.379878754448658
2015-12-22,1.2261345541591069,3.3825017226214085,1.5346884549167503,-63.75065987523389,-20.10531191324959
2015-12-23,1.213428496603054,3.364697967313537,1.530590787036473,-63.9364808255914,-20.72156014002332
2015-12-24,1.220310944445916,3.3558167529429466,1.5159518477509186,-63.63594813764066,-19.501998282044287
2015-12-25,1.214487334732725,3.3683404335757685,1.5194351227657539,-63.9440442947316,-20.069813015638815
2015-12-28,1.214487334732725,3.2824963782192134,1.4756639856916176,-63.001106633616565,-17.69892424639501
2015-12-29,1.1753103239348952,3.311566794101196,1.4892198200288156,-64.50893498423636,-21.078788495297253
2015-12-30,1.2377817735854886,3.3197524642672556,1.4905261966112633,-62.714636500505016,-16.95672465203184
2015-12-31,1.2308502851079235,3.2717684477645377,1.4769992609075557,-62.37966394141028,-16.665477249351078
2016-01-04,1.1262604109343686,3.0208663511358194,1.3733050258682393,-62.71730424250962,-17.989056348037657
2016-01-05,1.161580328887721,3.011297983139883,1.3771505234809351,-61.42592545170372,-15.653350226983997
2016-01-06,1.2060347856517057,3.088886601590967,1.4013097810789996,-60.95567946617,-13.935176794165628
2016-01-07,1.1019171296680184,2.848281967260005,1.3041533670272962,-61.31291977640674,-15.50709007639628
2016-01-08,1.1149651558174671,2.9086840545100086,1.3307476314007045,-61.667711758220086,-16.215131290980487
2016-01-11,1.0033313210652097,2.745621428225125,1.2638005820105644,-63.45704069938726,-20.60999691351443
2016-01-12,0.942379949638512,2.765283329582062,1.273008557558362,-65.92103458053461,-25.97222194279649
2016-01-13,0.9370874292738424,2.682124180503143,1.2493231583752036,-65.06174337170127,-24.99239104055645
2016-01-14,0.9872107103745364,2.7649937428752756,1.2753287615431272,-64.2960960429534,-22.591668897984597
2016-01-15,0.9713331492805277,2.657210547022293,1.2346169209020683,-63.44538258855636,-21.325138766863272
2016-01-18,0.998729725285876,2.6857570916202413,1.239366985330186,-62.81384759619603,-19.416142506022993
2016-01-19,1.0273716002005582,2.779557785898706,1.2759439461519524,-63.038307553358486,-19.481447182773948
2016-01-20,0.9999750241952099,2.7482173293855117,1.2566463887990513,-63.613684641934796,-20.42510660848168
2016-01-21,0.944247898002513,2.644172784317505,1.2198172577097033,-64.28947822158923,-22.591036318390188
2016-01-22,0.9700878503711937,2.6802110173892304,1.2325318647021437,-63.805542023472924,-21.293081489164813
2016-01-25,0.9847201125558683,2.7040744620053636,1.2386373938024737,-63.583838892306545,-20.49972675757097
2016-01-26,0.9028417092671573,2.5136576911319453,1.1640642721443728,-64.08255139702051,-22.440561842518036
2016-01-27,0.9090682038138272,2.501683538832855,1.1600434033722755,-63.66174259443114,-21.634983555689125
2016-01-28,0.8576996238037994,2.401074376823897,1.1297212152785916,-64.27850665174518,-24.078647704930557
2016-01-29,0.8576996238037994,2.495898272735245,1.1662736320554759,-65.63563374464579,-26.458114096932494
2016-02-01,0.8576996238037994,2.457532222752534,1.1484427793201408,-65.09915044600547,-25.316294442502098
2016-02-02,0.8576996238037994,2.5279137921369945,1.1723083001230004,-66.07085152699233,-26.836684196997652
2016-02-03,0.8576996238037994,2.5298977378953706,1.1672827089974938,-66.0974587645854,-26.521688602718697
2016-02-04,0.8576996238037994,2.5809964004147026,1.181581990371612,-66.76866253412875,-27.410909205373923
2016-02-05,0.8576996238037994,2.5590252177903707,1.1732801651260032,-66.4833461647403,-26.897287681353788
2016-02-15,0.8576996238037994,2.5601485816260716,1.1665178848892244,-66.4980528880463,-26.473512758422146
2016-02-16,0.8576996238037994,2.652576704231865,1.202276183052657,-67.66541670838609,-28.66034976871582
2016-02-17,0.8576996238037994,2.6793026661383452,1.2126816704676981,-67.98795318484888,-29.272483893237368
2016-02-18,0.8576996238037994,2.6736080783328373,1.208872593050634,-67.91976988868807,-29.049626177779153
2016-02-19,0.8576996238037994,2.6720492902147246,1.2080361161661761,-67.90105530819474,-29.000498219722502
2016-02-22,0.8576996238037994,2.7358391565888804,1.2346711553238248,-68.6494865117289,-30.532140472752424
2016-02-23,0.8576996238037994,2.7172992611014184,1.2229913569333597,-68.43558469683816,-29.868709296975425
2016-02-24,0.8576996238037994,2.736252523684358,1.230980839414256,-68.65422265014821,-30.323885121402615
2016-02-25,0.8576996238037994,2.5383479905574546,1.1554505000057436,-66.21032155581483,-25.769245519428495
2016-02-26,0.8576996238037994,2.562578869526057,1.1670420190089703,-66.52982532543754,-26.506534483467746
2016-02-29,0.8576996238037994,2.4649271544570515,1.1391077289593239,-65.20385512192857,-24.70425737630767
2016-03-01,0.8576996238037994,2.523161213902587,1.1601787914908204,-66.00694323145564,-26.071771860123192
2016-03-02,0.8576996238037994,2.645221151177851,1.20793635649988,-67.57550409643869,-28.994634594071467
2016-03-03,0.8576996238037994,2.648696066948869,1.2107426909219923,-67.61804291151398,-29.15921522923646
2016-03-04,0.8576996238037994,2.6395071411389583,1.224783072209771,-67.50531148653387,-29.97130322381697
2016-03-07,0.8576996238037994,2.6794776648593825,1.229118263105039,-67.99004391593573,-30.218299609587586
2016-03-08,0.8576996238037994,2.6860810909685777,1.2302397676074857,-68.06873676719417,-30.28191362470629
2016-03-09,0.8576996238037994,2.6289242762090193,1.2160810206839037,-67.37450250789932,-29.470190783715754
2016-03-10,0.8576996238037994,2.5879224409164743,1.1928192042108117,-66.85759935293665,-28.09475058952734
2016-03-11,0.8576996238037994,2.589725627616454,1.1948531929625135,-66.88067590414148,-28.21715430351549
2016-03-14,0.8576996238037994,2.66094296947807,1.2136198863769108,-67.76707980434347,-29.32716137634005
2016-03-15,0.8576996238037994,2.653443968170047,1.2172183600540163,-67.67598509361727,-29.53609213011399
2016-03-16,0.8576996238037994,2.647257311921915,1.2232565909667656,-67.60044367651184,-29.88391559566901
2016-03-17,0.8576996238037994,2.712596394310598,1.2367839225421648,-68.38086102293953,-30.65081068964507
2016-03-18,0.8576996238037994,2.7827507350882743,1.255690358663715,-69.17799309191122,-31.694974172092138
2016-03-21,0.8576996238037994,2.8541124981401045,1.286360122102668,-69.94863992352357,-33.323522000836405
2016-03-22,0.8576996238037994,2.840926594072219,1.2769989442102017,-69.8091592513004,-32.83474291873675
2016-03-23,0.8576996238037994,2.854128172160659,1.2810772143775881,-69.94880495662899,-33.04856146235392
2016-03-24,0.8576996238037994,2.8037354649147357,1.2596047379507576,-69.40868229057826,-31.90724058412283
2016-03-25,0.8576996238037994,2.81646420770902,1.2659252253796542,-69.54693684882746,-32.247212820443394
2016-03-28,0.8576996238037994,2.8008409207966123,1.2548055854328752,-69.37706752871016,-31.646811764237135
2016-03-29,0.8576996238037994,2.7639186153665576,1.2412200607188033,-68.96798556096235,-30.898665680032867
2016-03-30,0.8576996238037994,2.850799943987652,1.2732322250641444,-69.91372103774974,-32.63604180607437
2016-03-31,0.8576996238037994,2.8593341852652707,1.2739499404411072,-70.0035194128864,-32.67399317850593
2016-04-01,0.8576996238037994,2.8582405626043683,1.2754570239712217,-69.99204213160135,-32.75354577347549
2016-04-05,0.8576996238037994,2.9124694801892046,1.2923175951903203,-70.55077728237413,-33.63089483607274
2016-04-06,0.8576996238037994,2.915926767809077,1.289563119959814,-70.58569394565954,-33.489132053456416
2016-04-07,0.8576996238037994,2.8700719613048062,1.2704670612979634,-70.11574499289321,-32.489424564259316
2016-04-08,0.8576996238037994,2.847528475411877,1.2611387407559043,-69.87915551293167,-31.990066113605444
2016-04-11,0.8576996238037994,2.89897763271266,1.2787035677144498,-70.41372054322392,-32.924280070880805
2016-04-12,0.8576996238037994,2.8832843007223117,1.2740932459934846,-70.25268636918909,-32.68156577229156
2016-04-13,0.8576996238037994,2.9287135874297725,1.291089205331128,-70.71411736930844,-33.567748823070396
2016-04-14,0.8576996238037994,2.9491391467810457,1.2968091554037902,-70.91694962104553,-33.86076738972932
2016-04-15,0.8576996238037994,2.945504381786674,1.2953733287781728,-70.8810610125951,-33.78745688605444
2016-04-18,0.8576996238037994,2.9036728472040547,1.2780531505250676,-70.4615613074428,-32.890144400377466
2016-04-19,0.8576996238037994,2.9096283700576078,1.2819524866878278,-70.52202155332924,-33.094273562366396
2016-04-20,0.8576996238037994,2.827750685952679,1.2592781438051455,-69.66848498827834,-31.889580707555297
2016-04-21,0.8576996238037994,2.8069750966266573,1.2511932562465615,-69.4439888392826,-31.449468775367173
2016-04-22,0.8576996238037994,2.822285842555937,1.2568534296937843,-69.60975352421978,-31.75818249445629
2016-04-25,0.8576996238037994,2.8138191644191415,1.251759352765622,-69.51831039288359,-31.480470115217575
2016-04-26,0.8576996238037994,2.8325113728235154,1.258539447228525,-69.71946407583798,-31.849603467529708
2016-04-27,0.8576996238037994,2.820206104470251,1.253296522544302,-69.58734248378948,-31.56450940575548
2016-04-28,0.8444225398439882,2.8147070900902995,1.251184547069345,-69.99963005682066,-32.51015273311337
2016-04-29,0.8523887902198749,2.816529209565967,1.2496659832601724,-69.73619917290934,-31.790670336073866
2016-05-03,0.8736321245555727,2.885294273262054,1.272149515987479,-69.72121240278682,-31.3263013838877
2016-05-04,0.8719164848998604,2.8898871807794904,1.2705347553572353,-69.8287015943412,-31.374054804608285
2016-05-05,0.8683576421043508,2.908430280541873,1.2722999472303063,-70.14342589148927,-31.748983878000235
2016-05-06,0.8540966751931848,2.8206419056977543,1.2392185334458161,-69.71977642862457,-31.077800069834936
2016-05-09,0.8291435516538942,2.7385182730471365,1.2135901960000357,-69.72291330627823,-31.678456666283928
2016-05-10,0.8278018954214446,2.7348650491591373,1.2149745593057388,-69.73152676487781,-31.866730123594735
2016-05-11,0.8287131649958591,2.740908393753577,1.2203968138662797,-69.76501779904561,-32.09477806071508
2016-05-12,0.8255905111066228,2.749483499128829,1.2232977616226968,-69.97288722161052,-32.511074817019015
2016-05-13,0.8241852446647276,2.742741752361748,1.2172797201662213,-69.95031544785324,-32.29286325806989
2016-05-16,0.8313876822204261,2.781636005430091,1.2253452100119144,-70.11155734979499,-32.15073797755799
2016-05-17,0.8265520340673916,2.776459975790279,1.2216699372266284,-70.23000362783456,-32.342443005204245
2016-05-18,0.825147853412378,2.7275812740564787,1.2145486013655222,-69.74800123241747,-32.06135575927874
2016-05-19,0.8257439950213118,2.7324494904358905,1.2123570556805434,-69.7800820139008,-31.889372759266088
2016-05-20,0.8245999242851928,2.752268712153706,1.2185793669299105,-70.03926540152663,-32.33104493122264
2016-05-23,0.8260460736216886,2.7798534298176074,1.2221437956415344,-70.28454576916714,-32.41007510183562
2016-05-24,0.8230253841900758,2.7509652100835096,1.2127750961869268,-70.08230488799633,-32.137014787181805
2016-05-25,0.820140667399415,2.7344873851987446,1.211060971762079,-70.00751688090868,-32.27915963585877
2016-05-26,0.822807276323439,2.743236787855376,1.213034392144958,-70.00596959161159,-32.169501404778536
2016-05-27,0.8291503284409857,2.741761750276429,1.2123566598088518,-69.75848363347437,-31.608382588361827
2016-05-30,0.8278015364230672,2.7370314455225944,1.2140232796307016,-69.75549777561977,-31.81337208995866
2016-05-31,0.8458231639837948,2.8487836205731236,1.2547390789886772,-70.30932227089855,-32.589717005902905
2016-06-01,0.8385027695262959,2.859277775605294,1.2511710874318287,-70.67431584716216,-32.98256505851502
2016-06-02,0.8369705276775843,2.876132093288075,1.2537652346272163,-70.89944061919854,-33.24344107161005
2016-06-03,0.8450566319289479,2.8974526091725497,1.262563482974155,-70.83449685238241,-33.06818680211692
2016-06-06,0.8440100571409337,2.9035075933878107,1.2583921829592306,-70.9313638764711,-32.929489822786195
2016-06-07,0.8446648120520441,2.906755001264326,1.257705741445908,-70.941313881471,-32.840824032417615
2016-06-08,0.8449311866968576,2.9007616501649323,1.2525324901794155,-70.87209193320602,-32.5421740895657
2016-06-13,0.837781262524773,2.7917668468918455,1.213877598848174,-69.99100181100371,-30.983052713080117
2016-06-14,0.84110394031303,2.8042015411910675,1.217694593699071,-70.00558169739197,-30.9265274999741
2016-06-15,0.8446918988019089,2.8770312793395982,1.2336818719663882,-70.64015588333118,-31.53081697994484
2016-06-16,0.8444853822824727,2.878265023081902,1.2250942273594079,-70.65991576487143,-31.06772006405637
2016-06-17,0.8533231693428867,2.8990988908303033,1.2313022872278756,-70.56591715301941,-30.697507980429574
2016-06-20,0.8550714925362939,2.911462232577654,1.2322195219374306,-70.63085747881198,-30.6072110274753
2016-06-21,0.8499936820543094,2.8900745219916537,1.2297029655936065,-70.5892122993234,-30.878130260993764
2016-06-22,0.8633361090110465,2.9255850260373886,1.2406464426376007,-70.49013782448812,-30.412397977331608
2016-06-23,0.8634876010897241,2.909432445971979,1.2340575542017649,-70.32109811364768,-30.02857944917645
2016-06-24,0.8504751717632663,2.880502209796637,1.2181589511933775,-70.47476065559728,-30.183563406886048
2016-06-27,0.8672162659879808,2.9425116844830232,1.235335032150722,-70.52802642853926,-29.7991036101231
2016-06-28,0.8680850019205869,2.963857408970148,1.2416123695652284,-70.7109728257062,-30.084056570364094
2016-06-29,0.8734407804656859,2.9789755783014202,1.247546090351382,-70.6798274269938,-29.987293678290172
2016-06-30,0.8687094059343047,2.9776919166558318,1.2485480416029502,-70.8260817354829,-30.422428533946455
2016-07-01,0.8766563745620324,2.9787666813964684,1.2486584898049207,-70.56982072355365,-29.792142389630214
2016-07-04,0.8898965433809857,3.045327771407843,1.268648426746519,-70.77830006555943,-29.85475529551178
2016-07-05,0.8857209542779972,3.060928457245734,1.2697121339819846,-71.06365056715565,-30.24238088516492
2016-07-06,0.8902977670034611,3.077327529205085,1.273441245317335,-71.06912544881314,-30.087252138468035
2016-07-07,0.8956893780338835,3.091042779311605,1.2707299201012188,-71.0230675541359,-29.513788582034948
2016-07-08,0.8925085057134116,3.0716874529869918,1.2637336796946743,-70.94403257579113,-29.375269484861168
2016-07-11,0.8927615893136894,3.0786684289945447,1.268107666015724,-71.00169732778745,-29.59891236059923
2016-07-12,0.912498062963527,3.13526945111389,1.2957600954209147,-70.8957052275256,-29.578162949437715
2016-07-13,0.918484014177986,3.151184590650519,1.2995945086262441,-70.85273846212934,-29.325338935997557
2016-07-14,0.9074253437731674,3.142326301331358,1.2971781078204079,-71.12249789626543,-30.046202730180603
2016-07-15,0.9381438726754412,3.138134278116914,1.2969857141782655,-70.10504364910769,-27.667370394297407
2016-07-18,0.9381438726754412,3.1210250758680664,1.2913421673420917,-69.94116196216365,-27.35125543012522
2016-07-19,0.9381438726754412,3.117606061427351,1.2858838884576105,-69.90819705277563,-27.04287835811333
2016-07-20,0.9381438726754412,3.1123462742971943,1.2816761682470543,-69.85734266064962,-26.803361417062277
2016-07-21,0.9643111087934546,3.1281121586079865,1.2875817821431008,-69.17274509675593,-25.10680702639191
2016-07-22,0.9463817062681491,3.0958817381759998,1.2767503367878434,-69.43094774590037,-25.87574257868329
2016-07-25,0.9332980882091425,3.091247911626672,1.2790159104791612,-69.80837141211286,-27.029986057053932
2016-07-26,0.9672185794732338,3.1302949640824176,1.2943373325611216,-69.10135975774556,-25.273067913494685
2016-07-27,0.9841788251052794,3.04953920359344,1.2740113005533118,-67.72696596438021,-22.749600048457662
2016-07-28,1.005984855203624,3.060187673587498,1.2751565573572576,-67.126694095062,-21.10891408592902
2016-07-29,0.9890246095715781,3.044765382742847,1.2683451890307142,-67.51721445674659,-22.022441672412263
2016-08-01,0.9618882165603051,3.0106690050743543,1.2576087528814532,-68.05068192687129,-23.514510028940915
2016-08-02,0.9686723148131232,3.027687785303523,1.2624558058740254,-68.00620197646916,-23.270794089897628
2016-08-03,0.9870862957850585,3.0340963536230356,1.2642190183886381,-67.46687709484335,-21.92125878289748
2016-08-04,0.9686723148131231,3.0468841358409757,1.2672996918930646,-68.20777319956217,-23.56406925609351
2016-08-05,0.9599499027737854,3.0411978739851584,1.2688123176268622,-68.43513830568757,-24.34264000768539
2016-08-08,0.9691568932597531,3.0724244062742603,1.2803214953182256,-68.4562819094713,-24.30363023633624
2016-08-09,0.9647956872400842,3.0991906416980384,1.2893465781444804,-68.86943080366702,-25.171733993466884
2016-08-10,0.9575270105406362,3.0894605583952255,1.2839468882703635,-69.00666014529055,-25.423160468066996
2016-08-11,0.9439588140349996,3.0607176599715546,1.279995692915997,-69.15890588732799,-26.252969501441182
2016-08-12,0.9531658045209671,3.1024144943731207,1.3040939862735472,-69.27664545631367,-26.909730851175727
2016-08-15,0.9696414717063828,3.182775443256597,1.3433604993683892,-69.53471933557928,-27.819712418052987
2016-08-16,0.9633419519001944,3.180780372829302,1.337351562960822,-69.71366020335121,-27.966439148774835
2016-08-17,0.9599499027737853,3.1785712851490993,1.3352942177793128,-69.79932753879527,-28.109484037888755
2016-08-18,0.9599499027737853,3.164525671856582,1.3319043684837073,-69.66528313197105,-27.92651443386808
2016-08-19,0.9599499027737853,3.1703799950732714,1.3321161598387403,-69.72129825870921,-27.937973300316965
2016-08-22,0.9599499027737853,3.1382107413845186,1.320942681341897,-69.41091654188037,-27.328421109187893
2016-08-23,0.9599499027737853,3.1423092581249854,1.3229358953093584,-69.45081391044918,-27.437912435711155
2016-08-24,0.9581600645461152,3.1453007747907824,1.3181984987753734,-69.53677459956593,-27.312914903464037
2016-08-25,0.9527905498631045,3.1287307672011004,1.309928343265097,-69.5470585116708,-27.26391830806555
2016-08-26,0.9504040988928776,3.135186264339756,1.3091833127414103,-69.68588087722358,-27.404811102981018
2016-08-29,0.9510007116354343,3.138561557429807,1.3094568600803411,-69.69947237822487,-27.37441448990644
2016-08-30,0.9581600645461152,3.140847035751815,1.3111218964154245,-69.49357757192516,-26.920596233980866
2016-08-31,0.958756677288672,3.1482522587875224,1.3173794402453485,-69.54638324763991,-27.222435085967845
2016-09-01,0.9569668390610018,3.1265983010469194,1.3070008721053399,-69.39271543963392,-26.781468973352496
2016-09-02,0.9575634518035585,3.124485331281467,1.3119639155035656,-69.35292215275575,-27.012973414286247
2016-09-05,0.9565638050134786,3.1296393077398803,1.3141673373392937,-69.43533388503238,-27.211415332375477
2016-09-06,0.9705251579321069,3.1656862908873267,1.3232510091759127,-69.34234574266443,-26.656004703406534
2016-09-07,0.966177545275364,3.166240182847062,1.3225348772857164,-69.48502041918425,-26.945023388851318
2016-09-08,0.9701165729082044,3.1716028471698796,1.322038850056078,-69.41241953500358,-26.61966228397492
2016-09-09,0.9630928968409476,3.151296576430523,1.313519691251753,-69.4382019120573,-26.678457639021545
2016-09-12,0.932255200057278,3.0811741829963304,1.2915725646666332,-69.74350865322734,-27.820145335937685
2016-09-13,0.932625768258279,3.0849781518518262,1.2906735400548943,-69.76880475803533,-27.74115689869856
2016-09-14,0.9366407188729926,3.070856017022558,1.2821215239001622,-69.49903500258729,-26.946026455919004
2016-09-19,0.9514707006125225,3.0996219266458005,1.2917784179462914,-69.30365305416008,-26.344124704823646
2016-09-20,0.9637665328332589,3.0962008825251965,1.2895136359983572,-68.87260971105883,-25.26123757604943
2016-09-21,0.9710941480134098,3.1040280512163774,1.2931687193273689,-68.71503311212453,-24.905843027310738
2016-09-22,0.9860761491488979,3.122545312152035,1.3028616376974387,-68.42075772891502,-24.314591771110805
2016-09-23,0.9823725129809856,3.1131533933757476,1.2967438365746673,-68.44445522436176,-24.243132276925994
2016-09-26,0.9406229558619617,3.051980438112227,1.2748192746759717,-69.17991530627978,-26.215191867016184
2016-09-27,0.9418743070794224,3.072689509430056,1.2829231640757548,-69.3469091429896,-26.583732100747536
2016-09-28,0.939874575987185,3.0687184642562375,1.2790178898376197,-69.37240783295572,-26.515916356220103
2016-09-29,0.9365664971096378,3.081013122686373,1.2843609700598306,-69.60199584307405,-27.079184205822692
2016-09-30,0.9444668394437,3.094745257722853,1.2878834363721392,-69.48159668112235,-26.6651924568434
2016-10-10,0.9695261949166161,3.1475070584263896,1.303949493106095,-69.19701284478342,-25.646951815047704
2016-10-11,0.9807793395674095,3.161956675927575,1.3089723131297601,-68.98188558261339,-25.072568019230246
2016-10-12,0.9833333092152713,3.1588690739652416,1.3063805411645226,-68.87071650674905,-24.728417315622544
2016-10-13,0.9837345405743154,3.1599281141925286,1.307424058943714,-68.86845190699239,-24.75780647871142
2016-10-14,0.9847011303677803,3.1630673906240903,1.3086916401003799,-68.86879067810523,-24.75682581022285
2016-10-17,0.9757457473487923,3.145473321776179,1.2976195047565988,-68.97936661571143,-24.80494137364112
2016-10-18,0.9911888115778028,3.1979242750705246,1.3148217132455922,-69.00524445482863,-24.614204223089132
2016-10-19,0.997971264658356,3.197087127507181,1.3128059345917062,-68.7849838037886,-23.981813430121836
2016-10-20,1.0030449344168906,3.201162706289675,1.313741379399077,-68.66623079026573,-23.649741863524408
2016-10-21,1.0076510628475752,3.2055272293761323,1.3173580631739985,-68.56520033231205,-23.509705446386054
2016-10-24,1.013854596232218,3.2427038132803045,1.3331287996259829,-68.73428303627252,-23.949239074524463
2016-10-25,1.013193603320904,3.24652124042398,1.3330801074079097,-68.79140691565024,-23.99604512207484
2016-10-26,1.0143616579543961,3.229567287694695,1.328070351150069,-68.59140660052758,-23.62139121048901
2016-10-27,1.0139708461958012,3.221277095938941,1.3244659393975886,-68.52270649196517,-23.443040999832043
2016-10-28,1.0128813821504812,3.203489775632511,1.3222613299467854,-68.38193803972752,-23.39779140396968
2016-10-31,1.0136483213184357,3.208844064825218,1.320738015677313,-68.41079526332022,-23.251370878530565
2016-11-01,1.020888532140254,3.237523346601999,1.3297535975829682,-68.46699088018173,-23.227240445457255
2016-11-02,1.0104651790797914,3.2147584564170413,1.319579695107543,-68.56792842203177,-23.42522525724067
2016-11-03,1.0233451541178316,3.2400829123803607,1.3321418914986976,-68.41608126114215,-23.18046893889516
2016-11-04,1.025563852210591,3.229889890692863,1.3278229313427876,-68.24771472347031,-22.763507994739264
2016-11-07,1.0240213812467485,3.2376193488412564,1.3287797532215075,-68.37116192756739,-22.935205871093366
2016-11-08,1.032102600810767,3.2520481529776815,1.334530185414427,-68.26299758612922,-22.661726794118454
2016-11-09,1.0342725598875675,3.2305234828078095,1.3273795550481386,-67.98436645355602,-22.081626468168814
2016-11-10,1.046554873883174,3.27625552458466,1.3422473081714674,-68.05637209827067,-22.02965373729173
2016-11-11,1.0548923338825438,3.3061655942006074,1.3527810580146031,-68.09317912771988,-22.0204683061761
2016-11-14,1.0665559597295386,3.324465769863499,1.357938078541738,-67.91797438860888,-21.457688197764412
2016-11-15,1.070723914271144,3.3196139820153308,1.357788439042294,-67.74552944794172,-21.14206576789156
2016-11-16,1.0696006042921082,3.3211444836541784,1.3576783867120152,-67.79421643483418,-21.218411167136953
2016-11-17,1.072573777816172,3.325492534557042,1.3604269238671465,-67.74691969173104,-21.15903037501815
2016-11-18,1.0623110136625578,3.30291431674803,1.3528736919904494,-67.83716101032607,-21.47744316769099
2016-11-21,1.0677947202057432,3.3168859896130254,1.3622384327281405,-67.80731313799782,-21.61469721073116
2016-11-22,1.069841860040967,3.343295451963035,1.3730271239406995,-68.00037940371668,-22.081520358430083
2016-11-23,1.0571432595416308,3.33544653850398,1.3755468472580565,-68.30579512104,-23.14741866851826
2016-11-24,1.0550417778306616,3.3360431802248693,1.3810934055297757,-68.37445677907725,-23.608224207981323
2016-11-25,1.0631254906874872,3.3534356983843776,1.393982196066542,-68.29742430428348,-23.73464354944037
2016-11-28,1.0723449539802872,3.3673162363146893,1.399438495592565,-68.15431403752265,-23.37319879669141
2016-11-29,1.0729910188233913,3.3716584478972638,1.4109025439110803,-68.17616507115179,-23.950025928154062
2016-11-30,1.0521136509298044,3.3425564812350617,1.4005944409321853,-68.5236836883291,-24.880920544739894
2016-12-01,1.0522158936259742,3.370444803275639,1.4112968321159645,-68.78109700525712,-25.443331999237774
2016-12-02,1.0338730014070912,3.328564188849501,1.3970133856095122,-68.93937016835949,-25.9940518783207
2016-12-05,1.0189022214777181,3.2927628330288368,1.373440018115091,-69.05631309800457,-25.813853678440246
2016-12-06,1.0142086137199025,3.2882004525905266,1.3693807497889037,-69.1561196361711,-25.936697016060183
2016-12-07,1.0229092587555908,3.3139605347109664,1.3759498446401568,-69.13333010331681,-25.65795455843046
2016-12-08,1.0246866494291704,3.304349470113133,1.3737313796801458,-68.98976156435151,-25.408514023480024
2016-12-09,1.0223759068215081,3.3105869569833053,1.3830569291203634,-69.11798662575762,-26.078537672939582
2016-12-12,0.983052752243696,3.206112418132224,1.3495974578703471,-69.33816959492674,-27.159558095571356
2016-12-13,0.9892061327680142,3.2134450452750865,1.3479569655801462,-69.21664696825916,-26.614412920647624
2016-12-14,0.9897107326713005,3.1884526170830436,1.3376286731449771,-68.95952828752596,-26.010054020124016
2016-12-15,0.9901894881364591,3.1798055383059927,1.3223832584278137,-68.86006152866908,-25.120839074014057
2016-12-16,0.993199289389515,3.1866175621857264,1.3245989522859831,-68.83217800669273,-25.01886796184921
2016-12-19,0.9898172357728641,3.1767331293695023,1.3178501316867204,-68.84166231586106,-24.891517481885895
2016-12-20,0.9851608049367093,3.165696534602703,1.309964763460728,-68.88012498455265,-24.7948622423962
2016-12-21,0.9949902169435922,3.203113174577474,1.3216318939570602,-68.93677610767398,-24.715026816996634
2016-12-22,0.9961846076772785,3.1984831903245428,1.3204981174321722,-68.85446793371462,-24.55993730498841
2016-12-23,0.983072761703177,3.1702206056754747,1.3093848114324595,-68.99039896645569,-24.9210199232645
2016-12-26,0.9896219996112098,3.180004326917763,1.3152445042122745,-68.87985367710469,-24.757564358429796
2016-12-27,0.9983895749303189,3.1769763151531585,1.3128629401153034,-68.57422039414267,-23.953251750511406
2016-12-28,1.0017064859350069,3.1610874567989105,1.3071243840731335,-68.3113327415057,-23.365633895254334
2016-12-29,0.9977440598536002,3.1624468831332595,1.3054918092167656,-68.45025081132542,-23.573319050373797
2016-12-30,1.0038215627211464,3.177059812161676,1.3103673649711367,-68.40407099423965,-23.393882543521872
2017-01-03,1.0146656978784472,3.2097494923181324,1.3230930563709429,-68.38800970895585,-23.3110858686288
2017-01-04,1.0455322725269447,3.2460129720710196,1.3334193694476537,-67.79026203768143,-21.590139120295014
2017-01-05,1.0354592479190043,3.249122629331703,1.3332123285529205,-68.13111211711997,-22.333507893457583
2017-01-06,1.0290685084170728,3.230800866518979,1.325246598373523,-68.14819139485249,-22.34890399416607
2017-01-09,1.0388185466771571,3.2495387520487475,1.3316731794157821,-68.03181540696477,-21.9914793858883
2017-01-10,1.0210096819600463,3.2404746148399584,1.3294444217917882,-68.49197098214354,-23.20027334546578
2017-01-11,1.0059660657574552,3.219621595301192,1.320032176451099,-68.7551460325154,-23.792307210117347
2017-01-12,0.9914123095199193,3.1936893035523166,1.3133534251412584,-68.95714594349617,-24.5129079087537
2017-01-13,0.9951697160712605,3.182920056525042,1.3142591795717553,-68.73406499697832,-24.279036316449275
2017-01-16,0.9831226067731966,3.1605873518862966,1.3140747033634461,-68.89430674376233,-25.185181309948323
2017-01-17,0.9956750288658728,3.176908094233637,1.3168101767527531,-68.65899171987037,-24.38735313230932
2017-01-18,0.9997769786484376,3.180542393504849,1.321960071589438,-68.5658339065018,-24.37162058560729
2017-01-19,0.9949528503894226,3.169936925316925,1.3179712684243647,-68.61285022919033,-24.508760226701366
2017-01-20,1.0013533046437462,3.2018721260366854,1.3281055837306248,-68.72600574829224,-24.602884220171518
2017-01-23,1.0085705011861053,3.2215362790700204,1.3317444363202788,-68.69287154272696,-24.266963414326714
2017-01-24,1.0128175114411024,3.222638145666916,1.3318909088461897,-68.57178914725772,-23.956421301914197
2017-01-25,1.0127662452397597,3.237716131336607,1.336424827330666,-68.71973316506703,-24.21824074739558
2017-01-26,1.0190640521165253,3.257336072101785,1.3411978523168997,-68.71480161827522,-24.018365347356696
2017-02-03,1.0097988456596605,3.2401603049792476,1.3319071395855475,-68.83491091141775,-24.18399033630214
2017-02-06,1.0149772325979147,3.25954506397042,1.335356369634901,-68.86138363856271,-23.992032712928978
2017-02-07,1.0223236241067208,3.25784619027943,1.332379414513687,-68.61964732536883,-23.270833144786707
2017-02-08,1.0334067604446493,3.2802933686090157,1.3393479439018159,-68.49651405164235,-22.842546990880685
2017-02-09,1.0377989861771169,3.2968188279824484,1.3444958593800427,-68.52120057770303,-22.811291761385277
2017-02-10,1.0595736837057323,3.306300075561889,1.3513028731179781,-67.95288813809005,-21.58873448845068
2017-02-13,1.0699413926575752,3.332898507439536,1.3603239972273165,-67.89757052999654,-21.346576636272996
2017-02-14,1.0692217694423733,3.338372733509388,1.3601375416605488,-67.971767840364,-21.38870248835317
2017-02-15,1.0540325621120596,3.3176835388532404,1.3545593136534975,-68.22986430838466,-22.18631170390476
2017-02-16,1.061201952539587,3.346153058267626,1.3621679675670255,-68.28591119232921,-22.094633128467645
2017-02-17,1.0570408836247684,3.319039904248611,1.35445203242506,-68.1522092496785,-21.958042195691185
2017-02-20,1.083126021876175,3.3677243921645483,1.3742262192947086,-67.83804445529422,-21.18284408573826
2017-02-21,1.0844204209153707,3.3881139736919503,1.378751032730277,-67.9933901475663,-21.347625845984464
2017-02-22,1.0925271129678713,3.40176870330132,1.3814960070401836,-67.88355681244276,-20.917099477646705
2017-02-23,1.0933865806703988,3.4002439349915834,1.3749902516595944,-67.84387821654609,-20.48041218105392
2017-02-24,1.090807002756091,3.4043540536872534,1.3751996677844776,-67.95847360310134,-20.680099893171068
2017-02-27,1.0834875355316875,3.3765197954313613,1.3642621288158578,-67.9111155516484,-20.58069247497729
2017-02-28,1.0905422723828935,3.3978425334750857,1.3668697356487616,-67.90486134542675,-20.216078830270824
2017-03-01,1.0951208091788815,3.4072233967796604,1.3690977015293722,-67.85884922562062,-20.011493120209057
2017-03-02,1.0765065047949853,3.3908132088413856,1.3598572645028593,-68.25226167020804,-20.83680156030656
2017-03-03,1.0860487034896444,3.392889458460762,1.356993924557149,-67.99044835423706,-19.966575838276256
2017-03-06,1.094275510419251,3.4190914063399234,1.3643654513273784,-67.99513729319528,-19.796011445860007
2017-03-07,1.10749919707603,3.4234817656478818,1.3673238004790846,-67.6499168715029,-19.002419420477946
2017-03-08,1.1074226105215268,3.4169825848350106,1.3652549750185177,-67.59062760704708,-18.88529023624278
2017-03-09,1.0881505597961314,3.389866792849504,1.3566301184725218,-67.8999020819506,-19.790181201246003
2017-03-10,1.0819375019544668,3.3966574640487566,1.3570054048362068,-68.14699411388936,-20.270214245384032
2017-03-13,1.1033609299730347,3.429566464755767,1.3689631051542106,-67.82797647131737,-19.40170441271728
2017-03-14,1.0993827923345114,3.42904074507408,1.3684069054274413,-67.93905718636304,-19.65965766658393
2017-03-15,1.0974633198141515,3.4356560571680603,1.3711586095561057,-68.05665929438909,-19.960877453160542
2017-03-16,1.1052638638582484,3.4645965405744326,1.3782300655840638,-68.09833840926844,-19.805561389356164
2017-03-17,1.0999783254451536,3.424646103587178,1.3640966544487472,-67.88052569014442,-19.362141835200664
2017-03-20,1.0987383574307437,3.4338530337895734,1.3656041338505531,-68.0027553125014,-19.541957277716794
2017-03-21,1.0974435773678861,3.4511525574022213,1.3722286507386376,-68.20066458626904,-20.02472934979468
2017-03-22,1.0868182230244738,3.445454083845531,1.3657771297798047,-68.45645895790152,-20.424921509727255
2017-03-23,1.088680422735814,3.4525645847116704,1.3704990873178153,-68.46748566104719,-20.563214320233126
2017-03-24,1.0927123450852578,3.47821168438909,1.3814338551845933,-68.58407583444188,-20.900132787085578
2017-03-27,1.0901765860854304,3.470659361969247,1.3768571825574187,-68.5887760109403,-20.821374947508975
2017-03-28,1.0860074498752308,3.465851192281448,1.3735991585351328,-68.66549111243434,-20.937091208369885
2017-03-29,1.0867897923355005,3.455950470818072,1.3717718148064728,-68.55308542433359,-20.7747396028236
2017-03-30,1.0851761270679343,3.4136812904073386,1.3605152032543824,-68.21097124335104,-20.23785368423895
2017-03-31,1.0976612516259705,3.4339723790515433,1.3681503805712512,-68.03523352948045,-19.770423835451624
2017-04-05,1.1046256484327963,3.499435448143687,1.387092049273358,-68.43417560341749,-20.36392617119639
2017-04-06,1.1034353688165641,3.510672005983325,1.3911117304303802,-68.56911249652626,-20.679601452632067
2017-04-07,1.1022324201008191,3.5139130654357498,1.3924640281290595,-68.63233666925865,-20.84302374533875
2017-04-10,1.0953291191250674,3.4904527722968957,1.387585305401155,-68.6192826381007,-21.062213987023704
2017-04-11,1.1048937310775253,3.5068207859001728,1.3924105854506865,-68.49300838183814,-20.648855831564916
2017-04-12,1.1075808810971368,3.489147348081419,1.3892875536752536,-68.25640276538726,-20.277060125737357
2017-04-13,1.1048349214065785,3.4970089485443654,1.3913171878383472,-68.40628841208807,-20.590722872968215
2017-04-14,1.096863568355597,3.4609580924901593,1.3802082364272428,-68.30751661698385,-20.529124562037214
2017-04-17,1.088754936139116,3.4432760574692356,1.3776105263866303,-68.3802600207624,-20.96787043324654
2017-04-18,1.085493887394529,3.42559873701314,1.3708019291619282,-68.31228726044556,-20.81322149450351
2017-04-19,1.0726428261690353,3.4062201624440704,1.3641247613388545,-68.50929255848864,-21.367688896999205
2017-04-20,1.0639616702442856,3.42276492018644,1.3703288624904053,-68.91514038929876,-22.35720202881335
2017-04-21,1.068445460350412,3.423328402611083,1.372402834282964,-68.78927947621168,-22.147824701291864
2017-04-24,1.0482390362408658,3.3637309451174886,1.3583383048219948,-68.83701302678794,-22.829310450887007
2017-04-25,1.0563372207833839,3.376433736343758,1.3621841983063823,-68.71440983979562,-22.4526886968195
2017-04-26,1.0535272232293227,3.3867512248749048,1.3638504222565404,-68.89268938647135,-22.75346284043206
2017-04-27,1.0544425781698004,3.4009787475757007,1.3644588770466075,-68.9959080478985,-22.72082391723247
2017-04-28,1.05070707815433,3.396763746372532,1.3617008389708765,-69.06740778553116,-22.838625924001356
2017-05-02,1.037634002649253,3.394555057312113,1.3564848335616857,-69.43240026659412,-23.50566869776455
2017-05-03,1.0323366039226043,3.3887458446302583,1.3511607551806741,-69.53632254368014,-23.59631524491972
2017-05-04,1.0238957025043967,3.37795200174028,1.347700044852263,-69.68886171334294,-24.026439977106495
2017-05-05,1.0128004380292677,3.345906063979293,1.3390557905933764,-69.73015922554795,-24.364582480878937
2017-05-08,1.0044975383009564,3.3131887627167997,1.3296589842486615,-69.68185001698264,-24.45449922120002
2017-05-09,0.9998183747188348,3.3264955982026194,1.327172514153403,-69.9437938454192,-24.665530361995614
2017-05-10,0.9970268020760582,3.2893431078624906,1.32130134109453,-69.68918202260892,-24.542057813235218
2017-05-11,1.0017813039420698,3.3021918798874843,1.3288011302928544,-69.66314071439714,-24.610140591821494
2017-05-12,1.0095126106950572,3.3126713430919668,1.3401757116090565,-69.52572392065908,-24.673115476551576
2017-05-15,1.0121182214373738,3.3262689536184373,1.345644679029212,-69.5719668027339,-24.785626011797856
2017-05-16,1.025442682912229,3.3823562014202784,1.3573050797067858,-69.68259338027032,-24.450096132127353
2017-05-17,1.018352604559794,3.377669020161549,1.3499090088916743,-69.85043239935074,-24.561389112003972
2017-05-18,1.013020941574283,3.362211188332875,1.3452167417305376,-69.87039525983549,-24.69459306081081
2017-05-19,1.016644476063528,3.3591558043592054,1.3474874617538466,-69.73511991482444,-24.552583610663348
2017-05-22,1.0223078770361553,3.3362316885390224,1.350412953555146,-69.35740762405393,-24.296647603624454
2017-05-23,1.0298067750553832,3.3132760815849216,1.3555414713204819,-68.9187755653984,-24.029858411324646
2017-05-24,1.028969466829224,3.3211694724479384,1.3555307827848073,-69.01785725283088,-24.091029145401965
2017-05-25,1.0415220896473825,3.359300817327043,1.379873328976106,-68.99586710796237,-24.52045649579929
2017-05-26,1.0438599600443987,3.3552247149594323,1.377805691130614,-68.88852316238913,-24.23750556670895
2017-05-31,1.054441582498604,3.365869156057912,1.3827338978199748,-68.67253200853594,-23.742262762123513
2017-06-01,1.0642627581059383,3.3398803029780995,1.3846554590112476,-68.13470359530676,-23.138803145592245
2017-06-02,1.060964159176545,3.3458691524344,1.3802094240423177,-68.29032724114137,-23.130204685226406
2017-06-05,1.0619918686169394,3.3504979053725634,1.3731811180287496,-68.30346119858714,-22.661923130616124
2017-06-06,1.062529447723135,3.367315767536418,1.3827327102048996,-68.44580309435908,-23.1572783458862
2017-06-07,1.0693720051711761,3.4236913663256616,1.3989594908456657,-68.76552554680661,-23.559473153526067
2017-06-08,1.0870392967527511,3.4416075512223316,1.4096903847912439,-68.41478057640028,-22.888081774514834
2017-06-09,1.101969610036631,3.459420093135254,1.4157044675308026,-68.14582848080985,-22.161041706774544
2017-06-12,1.1101713711012082,3.4414040866751607,1.4149994200479725,-67.74074351222798,-21.54262712958778
2017-06-13,1.1470017009481677,3.474507377140208,1.4181180972347973,-66.9880769718716,-19.11804079048721
2017-06-14,1.1433685354514747,3.4547477413104213,1.3995243997496514,-66.90442773058206,-18.30306526588591
2017-06-15,1.1609588206122665,3.465921879472955,1.3969488585237715,-66.50360680406312,-16.89324820100343
2017-06-16,1.2665005315770181,3.4576309094224467,1.3929778695848223,-63.370858117745975,-9.079637284223384
2017-06-19,1.2438844506559998,3.4832155489654864,1.4067953751102014,-64.28919103138956,-11.58028575701281
2017-06-20,1.248910246416226,3.4843813512281274,1.4039565792093736,-64.15690131116024,-11.043527633914474
2017-06-21,1.251423144296339,3.511222033901658,1.4203698154169067,-64.35932754426919,-11.894555156466657
2017-06-22,1.2212683697349813,3.4928132176073405,1.4213147611448773,-65.03482168532393,-14.074742406021134
2017-06-23,1.2137296760946419,3.513683437625543,1.4341968218628853,-65.45705674285645,-15.372168060021052
2017-06-26,1.2237812676150945,3.5639068213008125,1.4520933892990342,-65.66180517681383,-15.722964057714794
2017-06-27,1.2439216625584053,3.569244739202083,1.4547156433845292,-65.14888293044068,-14.49039073613675
2017-06-28,1.2310536262463754,3.549354921158848,1.4434139024595907,-65.31613057607544,-14.712361842389864
2017-06-29,1.2585403049307233,3.569437069807681,1.4523847508640892,-64.74121043970295,-13.34663186308167
2017-06-30,1.278399159153504,3.5779060922625248,1.451581131330038,-64.26962792796232,-11.93057476696826
2017-07-03,1.2720276333826444,3.5854288879329035,1.4452665819765163,-64.5223019855791,-11.986643208545921
2017-07-04,1.2316151532236754,3.566325110974859,1.4330491898287896,-65.46542687783695,-14.0563239583688
2017-07-05,1.2817494081182763,3.6008797854592967,1.4487633166288678,-64.40454876349648,-11.528032674047594
2017-07-06,1.2604665477327135,3.6123506529756333,1.4489283951242864,-65.1067499027422,-13.006981437161148
2017-07-07,1.2265877087516137,3.6290411327307153,1.4472787977851775,-66.20077690250226,-15.248692191946379
2017-07-10,1.2648099886277264,3.6176466061954864,1.4463908575808049,-65.03776829772023,-12.554066419970733
2017-07-11,1.2569917950167033,3.603944164914136,1.4531689726852495,-65.12177388168135,-13.499956395713475
2017-07-12,1.2808807199392738,3.603790319999333,1.4484244504608146,-64.45740161876257,-11.567308910605378
2017-07-13,1.2721938381492481,3.623667289021807,1.4595472573811268,-64.89209034164196,-12.836406514719357
2017-07-14,1.2795776876707698,3.636454625793668,1.4659500861218866,-64.81249405410915,-12.71342047833004
2017-07-17,1.2352745905416394,3.5554922590144318,1.4502985070490892,-65.25728364589233,-14.826183400337168
2017-07-18,1.2604665477327135,3.572069056152957,1.45173275018794,-64.71326483564096,-13.175028422446577
2017-07-19,1.2704564617912428,3.651380096734497,1.4765008584477635,-65.20612951449678,-13.954912079978998
2017-07-20,1.2661130208962301,3.6673737312438948,1.4836811791909255,-65.47630228930086,-14.664077521920083
2017-07-21,1.2591635154642098,3.666508612718841,1.4760460018740569,-65.6576965046184,-14.69347744816103
2017-07-24,1.2530826982111918,3.6753898617910084,1.4819330098005958,-65.9061284562458,-15.442689384468022
2017-07-25,1.2530826982111918,3.655666145863908,1.4724681135249174,-65.7221789897594,-14.899162385835464
2017-07-26,1.2530826982111918,3.653969139988288,1.4668582157825338,-65.70625940712766,-14.573700121200739
2017-07-27,1.2530826982111918,3.6750112890156204,1.469552518515909,-65.90261635504146,-14.730322161152065
2017-07-28,1.2530826982111918,3.6902117363584983,1.4733912863098468,-66.04306777670882,-14.95248344045963
2017-07-31,1.2530826982111918,3.726296323508783,1.47971810768581,-66.37189881261901,-15.316120570360681
2017-08-01,1.307713006580072,3.7390816687919775,1.4925875005096856,-65.02582392102263,-12.38617460393331
2017-08-02,1.2894801816839616,3.7214551409933745,1.4888148432882535,-65.35010814775646,-13.388814767861511
2017-08-03,1.2788308276904423,3.713015828302518,1.4757407847997945,-65.55816385315313,-13.343126322558463
2017-08-04,1.2704623786548392,3.697640899069902,1.4677255706589412,-65.64127200739236,-13.440059637002832
2017-08-07,1.2748099075549906,3.7243938834219814,1.475332245214011,-65.77134568850455,-13.591673218660837
2017-08-08,1.276383140943219,3.7349554554674698,1.477477078039375,-65.82601436183752,-13.61062990994144
2017-08-09,1.2657030470789037,3.7427425191351307,1.4770146999035267,-66.18247072546734,-14.306672292322153
2017-08-10,1.2677392193160242,3.728166483192879,1.4710275364390002,-65.99563820362695,-13.8194773440535
2017-08-11,1.2545136892144235,3.6550805656896097,1.4438826145425057,-65.67753660505886,-13.115257668510939
2017-08-14,1.2759821326142842,3.717898489598413,1.4626204093234125,-65.68001691858701,-12.760540979697154
2017-08-15,1.2851053865065456,3.729269900714564,1.467122658072557,-65.54002738551299,-12.406411322495547
2017-08-16,1.2884657193585227,3.730276084503528,1.465287396910064,-65.45923974069582,-12.067371760953883
2017-08-17,1.2890323586710397,3.7585451225803146,1.4731482210911735,-65.70395414632952,-12.498122034438431
2017-08-18,1.2888324280328436,3.74593141181579,1.4744929972277112,-65.59380601664301,-12.591485313524032
2017-08-21,1.2920474982595118,3.773868694516475,1.480953623235452,-65.7633160333085,-12.755708349815531
2017-08-22,1.28845639749297,3.772134033978887,1.4854285568378722,-65.8427726616625,-13.260291680685722
2017-08-23,1.287963880038947,3.754838218812701,1.4869289105492287,-65.6985519752644,-13.38093765604368
2017-08-24,1.2832225140084157,3.7278203104139034,1.4784402338651608,-65.57713604318181,-13.204302438819425
2017-08-25,1.2936106013031592,3.7879280712056898,1.5026315570702486,-65.84912445575014,-13.91032650576216
2017-08-28,1.305798730535208,3.8471118183045974,1.5212205040950948,-66.05768711160917,-14.161114248721729
2017-08-29,1.3075330837770318,3.837781466669432,1.5179846488875413,-65.92997555663958,-13.863879668660639
2017-08-30,1.305431776294122,3.8553729042638585,1.51789082729662,-66.13993487243796,-13.99699156103933
2017-08-31,1.2930865568284258,3.859573995493906,1.5130580256849473,-66.49665070968666,-14.538204425897183
2017-09-01,1.2970797630030249,3.8893975838098833,1.51640155799263,-66.65088268676142,-14.463305833049734
2017-09-04,1.3249531274996746,3.9162412556560238,1.5223705113593407,-66.16773479963439,-12.96776194668865
2017-09-05,1.3258604785408195,3.9250609212050755,1.526895324794909,-66.22063949688321,-13.166249381311868
2017-09-06,1.3218830196674118,3.943381310986193,1.523887887553438,-66.47843778169084,-13.255887754993555
2017-09-07,1.3056610186719688,3.914001802306879,1.516137511574299,-66.64127701979025,-13.88241444430588
2017-09-08,1.3130818066905525,3.9154157936818965,1.5146007376673107,-66.4637965446887,-13.305086018056777
2017-09-11,1.3245266167218457,3.9461536496243292,1.5144645578053828,-66.43499634516412,-12.541590366352118
2017-09-12,1.3173894999138416,3.9506461108855717,1.5193294250240794,-66.65382160442263,-13.29138511926321
2017-09-13,1.3154585545753692,3.9607098215945427,1.5211789375674718,-66.78730293738666,-13.52374647791742
2017-09-14,1.316411227910382,3.953412776111811,1.5161707647963976,-66.70190282520727,-13.175266370001593
2017-09-15,1.32043917156314,3.9412286566246775,1.5167016287349013,-66.49676315167203,-12.94008349786412
2017-09-18,1.321215798906086,3.9790372699503553,1.5213911247941965,-66.79559126314567,-13.157387513693353
2017-09-19,1.3131428777038958,3.9648789815551786,1.517026243522055,-66.8806315700251,-13.439672958116166
2017-09-20,1.315898872470495,4.00396380283623,1.5211112435081995,-67.13509568846825,-13.490950902737076
2017-09-21,1.309298012607052,3.975814294821899,1.5192831080361562,-67.06843138241437,-13.821327593152377
2017-09-22,1.306303913931304,3.9647274062172726,1.5192486671989827,-67.05186056718986,-14.016451543793806
2017-09-25,1.300168150671158,3.9366536820301654,1.5113553815391576,-66.97275768488097,-13.973366783722796
2017-09-26,1.3056694135734128,3.9465150236088675,1.5125390378971932,-66.915888935868,-13.676977528552314
2017-09-27,1.3006548287084665,3.977094335103196,1.5127049081359947,-67.29635459666014,-14.017940861236667
2017-09-28,1.2924298324064067,3.9850394358939214,1.5132345844594235,-67.56795376313536,-14.591574519947637
2017-09-29,1.2987497321380377,4.002835299108188,1.5187621408899434,-67.55425504448327,-14.4862979414924
2017-10-09,1.3248337561719168,4.044187463282759,1.5368558524285343,-67.24103993199863,-13.795834913312198
2017-10-10,1.3305463461012503,4.052221911061028,1.5398866460998129,-67.16501772843773,-13.59452661848679
2017-10-11,1.3351881108450159,4.0519785961549815,1.544962908801851,-67.04849052973756,-13.57798279568534
2017-10-12,1.3420873613198634,4.049495886298377,1.5490273234600296,-66.85791518245847,-13.359348734916354
2017-10-13,1.3383725655843364,4.063012295099984,1.552213298834435,-67.05959843640096,-13.776504389614031
2017-10-16,1.3415270118615075,4.0372176376497615,1.549222488204013,-66.77100091531184,-13.40643309298224
2017-10-17,1.3541806510125571,4.030208804483265,1.5490728487045693,-66.39924339636829,-12.581215780458166
2017-10-18,1.3705619343987427,4.034726099908745,1.561382083084759,-66.03085561545947,-12.221233402974663
2017-10-19,1.360736858006087,4.012979594236745,1.5562701919304722,-66.09160784270335,-12.564227917379577
2017-10-20,1.3578372906396354,4.041203991612786,1.5545295441022837,-66.40017941539887,-12.652847558213177
2017-10-23,1.3735695664767031,4.048703999698291,1.5560916537975378,-66.07384569039718,-11.729520357968736
2017-10-24,1.3771624573054577,4.066030056316746,1.5674123965636755,-66.13004728860824,-12.137835561037614
2017-10-25,1.3851849145437398,4.084041307102262,1.5743615282389134,-66.08298471088271,-12.016084635070268
2017-10-26,1.389529320147908,4.1095535650886275,1.5809432909842993,-66.18782799299171,-12.107579818199332
2017-10-27,1.394484765098623,4.108081861358162,1.5921828800536486,-66.05508818566736,-12.416796929028918
2017-10-30,1.3806957721778275,4.0778221404955675,1.5873350353176932,-66.14134396724731,-13.017999259274738
2017-10-31,1.384370736876303,4.105812213944307,1.5861458367559742,-66.28265822351413,-12.721093811420692
2017-11-01,1.3755527809141466,4.115843547697871,1.5821495120287592,-66.57907996324255,-13.05797774128803
2017-11-02,1.3649067250968447,4.106168731957103,1.5823521983348845,-66.7596045317335,-13.74191368185025
2017-11-03,1.3593529862345415,4.098432890248369,1.58059571563903,-66.83237172264242,-13.997426869845764
2017-11-06,1.3652031458917384,4.143340369110038,1.5917561303700491,-67.05066385398177,-14.232895363540521
2017-11-07,1.3679906573574097,4.179192969539584,1.6049612223884444,-67.26663096611883,-14.764877912650364
2017-11-08,1.3741862458623857,4.187079653683168,1.602490587160852,-67.18031755967236,-14.246844451233576
2017-11-09,1.377322023758236,4.225558009204712,1.613533032127759,-67.40496708936531,-14.639366140402633
2017-11-10,1.3775024678965915,4.2739374184358745,1.6277891634874873,-67.76970898182422,-15.375866924600013
2017-11-13,1.3848900941340037,4.312088422000645,1.6341872417679473,-67.88354137015892,-15.255115280684805
2017-11-14,1.375091009972706,4.279621924485602,1.6228170150403531,-67.86886705797059,-15.265184107124185
2017-11-15,1.3631855417630803,4.229976763918552,1.6126502382553776,-67.77321442068025,-15.469237567730564
2017-11-16,1.3527089679852913,4.250479646616995,1.6250580446867882,-68.17514538478197,-16.75934454107386
2017-11-17,1.350516918937401,4.195844751758531,1.6313278605391537,-67.8129912129999,-17.213642235531047
2017-11-20,1.3578800400646565,4.2557783371625995,1.6404261796283635,-68.09326209010268,-17.22394723228067
2017-11-21,1.3707917193924544,4.307644290039112,1.6696684297472242,-68.1776946494343,-17.900363031959444
2017-11-22,1.3787193914939608,4.31405503575675,1.673573703985359,-68.04121922259824,-17.618244824787098
2017-11-23,1.3471348405257195,4.185885851997546,1.62402244434143,-67.81721030727932,-17.049493668050463
2017-11-24,1.3477581256613937,4.181786606650194,1.6247377844882431,-67.770757993292,-17.047652948755164
2017-11-27,1.3369394406357624,4.102723752276505,1.6032593699860378,-67.41336923077196,-16.61115689301068
2017-11-28,1.3399496875554249,4.162992558495018,1.6055855120461777,-67.8128252998887,-16.54448314946635
2017-11-29,1.3425593401935738,4.169009567689011,1.6047656617727688,-67.79668363923211,-16.339228077047597
2017-11-30,1.3338552636982517,4.13690851486298,1.5859011880505338,-67.757196976776,-15.89291478254765
2017-12-01,1.3406081107910344,4.16019491802501,1.5827488617699186,-67.77535338590654,-15.298747440456783
2017-12-04,1.3395059804340188,4.157844641905636,1.5909517190926146,-67.78364523451526,-15.804737229989962
2017-12-05,1.3306243329506036,4.1173050918074505,1.5993889324567678,-67.68215365924038,-16.80420528440971
2017-12-06,1.3313871126055619,4.1306105759268625,1.5897498526367628,-67.76778909237132,-16.2517857512413
2017-12-07,1.3331998032737795,4.095743275802517,1.5720286563600152,-67.44913649372828,-15.192398186890355
2017-12-08,1.340850874206959,4.125293048784394,1.5848244170492436,-67.49683335582502,-15.394357899693055
2017-12-11,1.3525044956708188,4.193909148074729,1.6109994533011935,-67.75074404528519,-16.04562665124917
2017-12-12,1.3361716685993987,4.149986059178919,1.5898270476166345,-67.80298416559592,-15.954903987669567
2017-12-13,1.3415657823088332,4.188611668028935,1.6033167713813268,-67.97111098770961,-16.325594152363532
2017-12-14,1.3378007856749499,4.180151460175176,1.593839207211515,-67.99635615071978,-16.06425669403092
2017-12-15,1.3229601874366193,4.147196038997711,1.575907803066501,-68.09988785202566,-16.050914599044454
2017-12-18,1.3258820339672797,4.130391571309192,1.577663889890664,-67.89936229830576,-15.959156924155337
2017-12-19,1.3432506958388521,4.17720470404151,1.5974725175974864,-67.8433117117953,-15.914002836240982
2017-12-20,1.3350688931651609,4.170961482087769,1.5955564986098965,-67.99133967315147,-16.325815204393034
2017-12-21,1.354886266439063,4.212735595874191,1.6103458691382784,-67.838326531435,-15.863648151307752
2017-12-22,1.345330688251554,4.220026293640735,1.6051005692239055,-68.1203245041656,-16.184025222665944
2017-12-25,1.3480694033795944,4.1900796843684,1.5999312766743297,-67.82711774172863,-15.742043234398405
2017-12-26,1.3541154211591158,4.218723398638974,1.6047141984528546,-67.90224688359577,-15.616411790669481
2017-12-27,1.327632889085417,4.188536036858612,1.5800058668184707,-68.30317615982273,-15.972913963999169
2017-12-28,1.3474658266634683,4.22068426431556,1.5909675539602812,-68.07470679444492,-15.305260417830747
2017-12-29,1.3627815714156177,4.238198800225681,1.5957009917773495,-67.84526550894567,-14.596683311094372
2018-01-02,1.3712376326599616,4.300952673723815,1.6180863483251267,-68.11781629132115,-15.25559596499142
2018-01-03,1.3970791714526285,4.339318580857281,1.6275837060795209,-67.80418064680053,-14.162376642496955
2018-01-04,1.4067284599503367,4.368072871657644,1.6344793950763858,-67.79521538942421,-13.934157616921528
2018-01-05,1.4165226184125848,4.3585611136377125,1.638413963819703,-67.50022354899743,-13.543057512145085
2018-01-08,1.4155798972073357,4.388280451184708,1.6468891808662547,-67.74180882570597,-14.045224557079884
2018-01-09,1.4352490262336297,4.384190320040025,1.6584240902175753,-67.26307661250146,-13.45705632837656
2018-01-10,1.4379638713224088,4.372984573051599,1.6657540504601815,-67.11710623943603,-13.674898708776572
2018-01-11,1.4400920583166068,4.376152092945177,1.6648724442028753,-67.09227586860638,-13.501357816868131
2018-01-12,1.4447253646621967,4.364887876272805,1.6725582930962752,-66.90120329285861,-13.621822890986323
2018-01-15,1.4363449070168202,4.283977857273281,1.6726525105588876,-66.47170095479807,-14.127716429463844
2018-01-16,1.441045819934246,4.3159400105231684,1.68580891035921,-66.61107855019594,-14.519029346737177
2018-01-17,1.4389568275463875,4.311934074071339,1.6817088672487828,-66.6285058438354,-14.434843297195021
2018-01-18,1.436016849452298,4.334885155097095,1.6909326776642462,-66.87301282333203,-15.075456969941214
2018-01-19,1.442957090751194,4.345900893638998,1.6964665680418325,-66.79728493433387,-14.943381854159089
2018-01-22,1.44585652751922,4.38388710745263,1.7167359903977357,-67.01884669746043,-15.778748997727842
2018-01-23,1.4672069487777142,4.417714770623567,1.7349520262890468,-66.78810142895179,-15.432419655085361
2018-01-24,1.4673421672873432,4.448421939992133,1.737831201102423,-67.01432132380098,-15.564747234569765
2018-01-25,1.441469490065636,4.4400057952734375,1.7280112079193335,-67.5345133197768,-16.582167785747014
2018-01-26,1.4600402783121915,4.439849578378575,1.7344322467579094,-67.11509584868874,-15.820275998594102
2018-01-29,1.4098520248257402,4.3754332148968125,1.7030471431721432,-67.7780015010699,-17.215913224826508
2018-01-30,1.3925260557012102,4.352970185383635,1.6848702985783055,-68.0097497479532,-17.351142288149745
2018-01-31,1.3253072354842057,4.311845645601878,1.6927069745862244,-69.26357424607647,-21.704863548035426
2018-02-01,1.345221987696844,4.24273900045868,1.680830427965009,-68.29354839995077,-19.966823225260622
2018-02-02,1.3471744143843576,4.282925317101376,1.6908598372729817,-68.54546099589459,-20.32607406672572
2018-02-05,1.3624033425469635,4.2808184672771015,1.6920134073824522,-68.17423226513161,-19.48034592381842
2018-02-06,1.35186023843439,4.119297338112056,1.642426123414583,-67.18226125783941,-17.69126055886825
2018-02-07,1.2647820081712853,4.09363388311202,1.6034770994164451,-69.10368527608077,-21.122539970693776
2018-02-08,1.221438135708484,4.0913862276319515,1.5882558328724723,-70.14610531122018,-23.095630412423716
2018-02-09,1.1991804714708296,3.924939540895617,1.5204054042819852,-69.44716067658986,-21.12758425525689
2018-02-12,1.1734084391956505,4.017049322740541,1.5399820511775,-70.78929470561943,-23.8037587322242
2018-02-13,1.2069901782208838,4.048949049173692,1.5580052975549774,-70.19003787001948,-22.529777009420428
2018-02-14,1.2249525037460087,4.068230367844236,1.570407561782705,-69.8897949971522,-21.997796396531633
2018-02-22,1.2300288131335437,4.1685158663274136,1.6043622685189767,-70.4924041894739,-23.33222756048662
2018-02-23,1.2409624025836197,4.181054319266721,1.6116284934192269,-70.31939056938008,-22.999474900645556
2018-02-26,1.2304192984710465,4.2762284576898635,1.6303651005850583,-71.22653032584343,-24.53105761221771
2018-02-27,1.2054282368708729,4.245568985957768,1.6068352789767189,-71.60738075725939,-24.981219130406085
2018-02-28,1.1831705726332182,4.227336461336762,1.5928455692654717,-72.01144069192264,-25.719693392572385
2018-03-01,1.1870754260082454,4.265883739870633,1.6029185244595259,-72.17281345683733,-25.942871836950975
2018-03-02,1.1722659495431478,4.234982671627851,1.5900032105194188,-72.31946290130746,-26.27273065944349
2018-03-05,1.1772473871689444,4.259730532101488,1.5906508566069597,-72.36333664072964,-25.989579530975902
2018-03-06,1.1925804445528645,4.3145872373659655,1.6098375698861982,-72.3593387051103,-25.919206579507904
2018-03-07,1.2104238360429824,4.281881850065484,1.5979966517172315,-71.73149847596866,-24.253668820754882
2018-03-08,1.24994164165694,4.307058479990744,1.6142064098752562,-70.97922752932702,-22.566182737836236
2018-03-09,1.2503783024924533,4.361251910051146,1.626583338314718,-71.32983078526667,-23.128543552649806
2018-03-12,1.230728564894353,4.413704281948486,1.6340261219894445,-72.1157448194279,-24.681218474284393
2018-03-13,1.2316018865653795,4.375289840884661,1.6196112460813643,-71.85096459080856,-23.956944016952843
2018-03-14,1.2490683199859132,4.340684330780334,1.6125215799555903,-71.22416133491639,-22.539435408962827
2018-03-15,1.2414267553644296,4.3451322446614045,1.621554580215678,-71.42948279906338,-23.442185017336193
2018-03-16,1.211952148967279,4.30367973550776,1.6058226391894757,-71.83916500644791,-24.527645868848825
2018-03-19,1.2309468953121094,4.312590369333615,1.6128790520931509,-71.45690200337029,-23.680148631441412
2018-03-20,1.2141354531448458,4.317499331541279,1.6142475805311876,-71.87873442677711,-24.78629252488519
2018-03-21,1.24994164165694,4.291051180252259,1.6076547333784355,-70.87096869388867,-22.250616646384813
2018-03-22,1.2455750333018065,4.260212741016,1.5915423596565568,-70.76260954506336,-21.73786479861004
2018-03-23,1.2455750333018065,4.101352017662545,1.5458532242363727,-69.63013591767506,-19.424754318631965
2018-03-26,1.1940490547112323,4.140753622387939,1.5359398053340538,-71.16348463102632,-22.259384738613708
2018-03-27,1.2123888098027926,4.2101080998904665,1.5491520230428988,-71.20290545902289,-21.73855168704644
2018-03-28,1.2390251207691063,4.1443988334725494,1.5212220875818607,-70.10362249014196,-18.550675086590118
2018-03-29,1.1726526737710785,4.183319773416741,1.5415437650010624,-71.96837111944446,-23.92997848035341
2018-03-30,1.1705126703788051,4.229032390816459,1.543304602285525,-72.32197433813398,-24.155434471888526
2018-04-02,1.1944674773370303,4.232798962150772,1.5387208039679008,-71.78067070943297,-22.372695926586815
2018-04-03,1.1932272345653376,4.20274160050589,1.529046095695647,-71.60836073239174,-21.962638149082547
2018-04-04,1.1877390434995614,4.179955510655359,1.526030741020343,-71.58488791395436,-22.16807882222551
2018-04-09,1.194124135921353,4.177292754036679,1.525265521040382,-71.41392269508943,-21.71040914195437
2018-04-10,1.2265646546714246,4.223724292563815,1.5546562230436114,-70.9601155352189,-21.103801825066448
2018-04-11,1.236030032397579,4.243620396845015,1.5590785057110421,-70.87321869513765,-20.720475083846512
2018-04-12,1.2280315269502553,4.2107836925985564,1.5433592325789727,-70.83603394045603,-20.431257932205504
2018-04-13,1.2263925256578676,4.193813284176538,1.5324763239038006,-70.75710236588009,-19.973150219131675
2018-04-16,1.1947187451955061,4.162558729980662,1.5078210390760978,-71.29845312234053,-20.765215882147526
2018-04-17,1.1850079535587683,4.092621231391933,1.483980854061504,-71.04525714548625,-20.146681790703525
2018-04-18,1.1987458875056185,4.1387194661648445,1.4909644265739157,-71.03582648435847,-19.599296526462783
2018-04-19,1.1961719023067239,4.173547353573511,1.5090007367172174,-71.33920377631449,-20.730860283808905
2018-04-20,1.1752342435668295,4.108240655023055,1.4888156350316353,-71.39324732279506,-21.062473021257777
2018-04-23,1.183121621143166,4.0792286896934185,1.4909814490566566,-70.99643802436373,-20.648132685237186
2018-04-24,1.2069143290246798,4.168431311032326,1.5215280963995064,-71.04631841166687,-20.677486542596103
2018-04-25,1.2005619328875319,4.158255162952805,1.5156743416950662,-71.12822840734465,-20.79024498462684
2018-04-26,1.1893239148280066,4.088405986713829,1.4866937627643868,-70.90983824275341,-20.00209157960312
2018-04-27,1.2001821732779543,4.101036018482313,1.4872408574422482,-70.73465905032185,-19.301425369524637
2018-05-02,1.18722811679059,4.106231585304178,1.489920908794724,-71.08716125413946,-20.316030885760117
2018-05-03,1.1903442010866283,4.149312714279173,1.5015413264314412,-71.31225619630317,-20.72517884568672
2018-05-04,1.1841120324945518,4.143550784891517,1.4942564955616833,-71.42277013202933,-20.755771448097327
2018-05-07,1.1934602853826666,4.221302978902718,1.517846093795462,-71.7276800232687,-21.371455889947978
2018-05-08,1.2059246225668199,4.251456501694888,1.5354580294853142,-71.63502385391772,-21.46157046239512
2018-05-09,1.2090407068628584,4.249007843691766,1.5326627794705678,-71.54534066916716,-21.11502131731151
2018-05-10,1.2090407068628584,4.267304234713868,1.5411506644112525,-71.6673421822729,-21.549480217449478
2018-05-11,1.2090407068628584,4.24433133111939,1.533146930549457,-71.51398859937758,-21.139932333194167
2018-05-14,1.2090407068628584,4.26514381363414,1.5475784330685862,-71.6529908558303,-21.875319465034472
2018-05-15,1.2090407068628584,4.299047000944046,1.5534389175917844,-71.8765413218939,-22.170051672377866
2018-05-16,1.1938586888543066,4.272662354579001,1.5410667396126223,-72.05820189430949,-22.5303708031226
2018-05-17,1.1814370377564005,4.247677164597208,1.5296680101232296,-72.1862798895539,-22.765134007004285
2018-05-18,1.1869577715776922,4.279887328709923,1.5451121524296019,-72.26661170224136,-23.17983068664188
2018-05-21,1.2338840090586707,4.333136757866387,1.5523087039121217,-71.5244618850611,-20.51297490318508
2018-05-22,1.2311236421480247,4.341133904649706,1.5463571688998439,-71.64050524151324,-20.385557301492774
2018-05-23,1.2297434586927019,4.290392853340331,1.52591989694668,-71.33727607868654,-19.4096976418368
2018-05-24,1.2614876781651285,4.265178699059351,1.5150868681046563,-70.42356798688554,-16.7382607082309
2018-05-25,1.2518263939778682,4.238092641178499,1.5108435194418515,-70.46250518889627,-17.143875069184634
2018-05-28,1.2269830917820561,4.2366498878140275,1.5174787248656103,-71.03883671598035,-19.143308457868546
2018-05-29,1.2173218075947958,4.2074857311850495,1.5058994778848247,-71.06771394202842,-19.163142993804804
2018-05-30,1.148312634828651,4.103597963682127,1.47397757228518,-72.0169313614173,-22.094293941775156
2018-05-31,1.150393771896121,4.16987921317501,1.5052526235406674,-72.41182026900502,-23.574704079229203
2018-06-01,1.1364612588380554,4.125170948889347,1.4926694459498555,-72.4505657360931,-23.86383590005945
2018-06-04,1.124507341132626,4.129647565278964,1.5073123439523264,-72.76989565436043,-25.39652808892593
2018-06-05,1.1377345912087629,4.183533483413137,1.522251749851844,-72.80445834317688,-25.259761316122976
2018-06-06,1.1498111885826459,4.188487562064535,1.5190986318278454,-72.54829645439138,-24.309642277859002
2018-06-07,1.14962236618713,4.172398018883302,1.516589201174471,-72.44696308970988,-24.196851375649775
2018-06-08,1.128546520536274,4.128688482389508,1.4962425838386952,-72.66573815510733,-24.57462895883341
2018-06-11,1.1433804993140435,4.111222500203257,1.4963874728778395,-72.18879544326498,-23.59061272311349
2018-06-12,1.1412048817895577,4.163046193276181,1.5145864862864094,-72.58726353714881,-24.652379238662036
2018-06-13,1.1407957011220105,4.117488322317089,1.4996961684766565,-72.29389346561558,-23.931545262211728
2018-06-14,1.1526619404808838,4.10413039445551,1.4937683857658774,-71.91458775193699,-22.835296859633512
2018-06-15,1.1019235377050123,4.062198537842512,1.4858778712078942,-72.8737153676822,-25.840234984505095
2018-06-19,1.0286801982140368,3.868584136020793,1.4334973165837368,-73.40938798161613,-28.239823938732357
2018-06-20,1.0127221521796903,3.892633607433346,1.439168970310018,-73.98362511576217,-29.63146280443114
2018-06-21,0.9803968794434496,3.8189094309000327,1.4223531325920757,-74.32783109463814,-31.07218896781361
2018-06-22,0.9975824674804382,3.862077892652534,1.4286629314852977,-74.16979938757052,-30.17369979332285
2018-06-25,0.9922631188023228,3.827517094478127,1.409492053073725,-74.07554050551887,-29.601368334183764
2018-06-26,0.9832611441162811,3.839341331174001,1.397866884976708,-74.38984817180561,-29.65988716925183
2018-06-27,0.9869437701242072,3.7986540761767205,1.3694238998032906,-74.01859315609099,-27.930002516680506
2018-06-28,0.9664847367468397,3.765507530106367,1.3552766331587662,-74.33321460601252,-28.687272170092882
2018-06-29,0.9664847367468397,3.8766370548282447,1.3898991754388523,-75.0689909042914,-30.463680112503276
2018-07-02,0.9664847367468397,3.7987288529856604,1.3491160778932967,-74.55768036754668,-28.361632287708893
2018-07-03,0.9664847367468397,3.826934736765404,1.3496374409112009,-74.74519940301542,-28.389306086950107
2018-07-04,0.9664847367468397,3.7725729759979023,1.3316122151752654,-74.38128452661171,-27.41995561976488
2018-07-05,0.9664847367468397,3.7125745117053714,1.323176189426187,-73.96726358758292,-26.957215186439488
2018-07-06,0.9664847367468397,3.7280364871342644,1.332156538751285,-74.07523397149541,-27.449612066402707
2018-07-09,0.9664847367468397,3.8257879443580154,1.36939262593965,-74.73762919421243,-29.422379057747804
2018-07-10,0.9664847367468397,3.847456522012356,1.3726910288744842,-74.87990491335471,-29.591968154749793
2018-07-11,0.9664847367468397,3.7746957996787867,1.34894426957912,-74.39569204943392,-28.35250806555637
2018-07-12,0.9664847367468397,3.8821151629855857,1.378051131579436,-75.10417140733267,-29.865829024855174
2018-07-13,0.9664847367468397,3.897740748726358,1.3826567028401013,-75.2039758656947,-30.09944299538757
2018-07-16,0.9664847367468397,3.890046167317054,1.3745001625053286,-75.15492888318548,-29.68464005233664
2018-07-17,0.9664847367468397,3.879915298417784,1.3655107081313225,-75.0900557767081,-29.22173872444712
2018-07-18,0.9664847367468397,3.856419953457231,1.3583632447385676,-74.93829125429147,-28.849316227424094
2018-07-19,0.9664847367468397,3.8346545336418956,1.35718394296914,-74.7960415138378,-28.78749105795928
2018-07-20,0.9664847367468397,3.899622618834943,1.3827374606651983,-75.2159418688676,-30.10352548907661
2018-07-23,0.9664847367468397,3.952429038139655,1.3957446168377683,-75.54706922197524,-30.754901356056806
2018-07-24,0.9664847367468397,4.016272181131066,1.4178956173440882,-75.93577593452201,-31.83667930667581
2018-07-25,0.9664847367468397,4.006284144077306,1.4163307365469926,-75.87578159737762,-31.76136676217839
2018-07-26,0.9664847367468397,3.956755161014028,1.3998992902416432,-75.57380486238752,-30.960409546317425
2018-07-27,0.9664847367468397,3.939451915859012,1.39395369330474,-75.46651774435749,-30.66593665277868
2018-07-30,0.9664847367468397,3.912039712596831,1.3915202700161626,-75.29460824145667,-30.544688599066273
2018-07-31,0.9664847367468397,3.910844742196772,1.3925404313655467,-75.28705943453146,-30.595570873364895
2018-08-01,0.9664847367468397,3.849303559762399,1.364723319336629,-74.89195846101323,-29.18090260107573
2018-08-02,0.9664847367468397,3.7666173536171796,1.3344664500720675,-74.34077725419336,-27.575194063916342
2018-08-03,0.9664847367468397,3.700094728722444,1.3124266895111016,-73.87945964614413,-26.358954410865454
2018-08-06,0.9664847367468397,3.625925362970552,1.2957957238731603,-73.34515633948284,-25.413804125082564
2018-08-07,0.9664847367468397,3.7373802795418016,1.333639869979901,-74.14004825686806,-27.53030570678685
2018-08-08,0.9664847367468397,3.6801182869731623,1.3121194930783808,-73.73767196103478,-26.34171339994674
2018-08-09,0.9664847367468397,3.7770373823607444,1.3449855526626127,-74.41156549679786,-28.141626887104508
2018-08-10,0.9664847367468397,3.7880042812575585,1.3479506316330772,-74.48564824678652,-28.299693322156884
2018-08-13,0.9664847367468397,3.795555967916243,1.342141214558102,-74.53641192709274,-27.989340744218683
2018-08-14,0.9664847367468397,3.773135121128745,1.3352407751009372,-74.3851013621343,-27.617194234217536
2018-08-15,0.9664847367468397,3.6905120303984624,1.3032001079937974,-73.8116356541862,-25.837580060157606
2018-08-16,0.9664847367468397,3.6621564737995214,1.2971634605678144,-73.60886287460833,-25.49244824366429
2018-08-17,0.9664847367468397,3.603107539340209,1.2785147369175291,-73.17635607057625,-24.405663162161662
2018-08-20,0.9664847367468397,3.6359405983587405,1.2934113886743481,-73.41857737766371,-25.27630843444052
2018-08-21,0.9664847367468397,3.696085476107621,1.3169257712867133,-73.85112592783831,-26.61053813211297
2018-08-22,0.9664847367468397,3.6615218555965727,1.3095253458829934,-73.60428873940532,-26.195797600606696
2018-08-23,0.9664847367468397,3.6902879693946997,1.3143039130729102,-73.81004559095783,-26.46413610021532
2018-08-24,0.9664847367468397,3.690659534423737,1.3164055958838843,-73.81268232053955,-26.581538412718054
2018-08-27,0.9664847367468397,3.7808278916278355,1.3485658162419027,-74.43721945431588,-28.332401347664458
2018-08-28,0.9664847367468397,3.791680534868437,1.3460310498002628,-74.51038588670617,-28.197441144447886
2018-08-29,0.9664847367468397,3.7751776953359646,1.340648382408887,-74.39896040017186,-27.90915579144976
2018-08-30,0.9664847367468397,3.7277149678260257,1.3266032506608088,-74.0729979333563,-27.145909203417563
2018-08-31,0.9664847367468397,3.7080045129014096,1.3200353434246306,-73.93517905967724,-26.783419734850256
2018-09-03,0.9664847367468397,3.7015595243745114,1.3150160862461902,-73.88979616881466,-26.503960913075886
2018-09-04,0.9664847367468397,3.7416687916090767,1.3316719918007056,-74.16968762937432,-27.423213621851026
2018-09-05,0.9664847367468397,3.679072924526308,1.3056406569728245,-73.73020984977411,-25.97620703787903
2018-09-06,0.9664847367468397,3.658774316370442,1.291681825253526,-73.58446700517985,-25.176253327158026
2018-09-07,0.9664847367468397,3.660850928511797,1.2975260790373664,-73.5994511762397,-25.51327080347595
2018-09-10,0.9664847367468397,3.58913598036338,1.27869248330708,-73.07193870517582,-24.416171255873664
2018-09-11,0.9664847367468397,3.596810856909018,1.2763738628090813,-73.12939781388992,-24.27886805674855
2018-09-12,0.9664847367468397,3.5877616211073984,1.2675906575864253,-73.06162340717262,-23.75419217848377
2018-09-13,0.9664847367468397,3.6189899123649796,1.2812648575594268,-73.29407486203104,-24.567919658093583
2018-09-14,0.9664847367468397,3.601275557662998,1.283451652784106,-73.16271078756252,-24.696443792774836
2018-09-17,0.9664847367468397,3.550868197054374,1.2687378937488294,-72.78173440657167,-23.823136243601983
2018-09-18,0.9664847367468397,3.620478652945482,1.2942751807055304,-73.30505633666573,-25.32617860909663
2018-09-19,0.9664847367468397,3.6704501168720167,1.3113178529027885,-73.6684955258162,-26.296684315904926
2018-09-20,0.9664847367468397,3.6709278197524178,1.3103847833255675,-73.67192208066832,-26.244203302327673
2018-09-21,0.9664847367468397,3.7546716435989023,1.3501144662996407,-74.259140918633,-28.4146077335386
2018-09-25,0.9664847367468397,3.736721354306921,1.3379687269281029,-74.13548816978619,-27.764773772715035
2018-09-26,0.9664847367468397,3.7726513378383215,1.3527889754484335,-74.38181665362636,-28.556134453530603
2018-09-27,0.9664847367468397,3.7384537314849595,1.3473849309857087,-74.14747363041617,-28.269589890708758
2018-09-28,0.9664847367468397,3.773228901957818,1.3613489090369986,-74.38573800159966,-29.005361496156112
2018-10-08,0.9664847367468397,3.628464089678032,1.302773358310198,-73.36380592834806,-25.813286664040458
2018-10-09,0.9664847367468397,3.6179694218923264,1.301899273615033,-73.28654214436854,-25.76347830173029
2018-10-10,0.9664847367468397,3.6209595254842237,1.2990913557061539,-73.30860149237395,-25.603019949164196
2018-10-11,0.9664847367468397,3.40950823839809,1.236747898218221,-71.65325116794763,-21.852728584438964
2018-10-12,0.9664847367468397,3.438477461516021,1.2552006653811394,-71.89207294321722,-23.001575492842154
2018-10-15,0.9664847367468397,3.3882497313703515,1.2376734462333008,-71.47539841002356,-21.91116811237963
2018-10-16,0.9664847367468397,3.3304869361756344,1.227587427273422,-70.98067774267733,-21.26958004991254
2018-10-17,0.9664847367468397,3.365537844638585,1.234425319003306,-71.28290391128769,-21.70569398826052
2018-10-18,0.9664847367468397,3.273963850521577,1.205188215216437,-70.47967598686624,-19.806323647690927
2018-10-19,0.9664847367468397,3.3703856318014807,1.2410359803821824,-71.3242090867136,-22.122746477567357
2018-10-22,0.9664847367468397,3.538659539326149,1.2946085046699003,-72.68782921877579,-25.345404942069784
2018-10-23,0.9664847367468397,3.461143497802617,1.2602278399934126,-72.07614369758338,-23.30872989189863
2018-10-24,0.9664847367468397,3.4575358656538486,1.2621185231927368,-72.0470076291148,-23.423615216266914
2018-10-25,0.9664847367468397,3.4584278320460853,1.264536111613648,-72.0542170118078,-23.570016872548717
2018-10-26,0.9664847367468397,3.4400427177988875,1.2563522561321514,-71.90486235109181,-23.072153368650582
2018-10-29,0.9664847367468397,3.36619765995121,1.2180528575800125,-71.28853280823539,-20.653300820867504
2018-10-30,0.9664847367468397,3.3994867792599752,1.2312638876737827,-71.5696868526363,-21.504663100871756
2018-10-31,0.9664847367468397,3.455186718505328,1.2485092461771659,-72.02800266710537,-22.588900346061703
2018-11-01,0.9664847367468397,3.4819221014907074,1.2576974281403808,-72.2427811830408,-23.154431652462335
2018-11-02,0.9664847367468397,3.6080631691324743,1.30251485409555,-73.21319801118608,-25.7985631635691
2018-11-05,0.9664847367468397,3.5955927262040763,1.291664011027402,-73.120294473196,-25.175221381442036
2018-11-06,0.9664847367468397,3.589176369253555,1.2838712767772562,-73.07224172581297,-24.72105621266899
2018-11-07,0.9664847367468397,3.5710581695607826,1.2754629620465934,-72.93562045600306,-24.224790095352578
2018-11-08,0.9664847367468397,3.5457970171270734,1.27184588239998,-72.74280698871142,-24.00928837988784
2018-11-09,0.9664847367468397,3.5179856544963424,1.2539014144891414,-72.52732581465833,-22.92179228934036
2018-11-12,0.9664847367468397,3.5839133112444923,1.2688241937776095,-73.03269770185278,-23.828317470100334
2018-11-13,0.9664847367468397,3.619974311843005,1.2815878888598142,-73.3013371507937,-24.586932730248513
2018-11-14,0.9664847367468397,3.5956359562966203,1.2687458111826626,-73.12061764611218,-23.823611614848993
2018-11-15,0.9664847367468397,3.6506691950772017,1.2835628927294602,-73.52581992227314,-24.702969973552513
2018-11-16,0.9664847367468397,3.67454354810345,1.2896205213551004,-73.69782874812645,-25.056656532474985
2018-11-19,0.9664847367468397,3.6973195290575696,1.3042400629277642,-73.85985362771196,-25.896714552896782
2018-11-20,0.9532452198051021,3.6058193153690246,1.2740762235107408,-73.56369977435916,-25.18146071524534
2018-11-21,0.9585410265817971,3.6150184956610003,1.2772764502660456,-73.48447794299516,-24.95430207124376
2018-11-22,0.9532452198051021,3.60887739745389,1.2725006541779706,-73.58610130458771,-25.08882280921938
2018-11-23,0.9453015096400594,3.511246699213378,1.244412765911964,-73.07789538536741,-24.036337818561492
2018-11-26,0.9505973164167546,3.4983460483443958,1.2435291802961994,-72.82723597722335,-23.55649296542206
2018-11-27,0.9453015096400594,3.509837622163663,1.241944901786213,-73.06708710195767,-23.88539070610215
2018-11-28,0.947949413028407,3.561362257089911,1.258449188482826,-73.38239289919912,-24.673207174042076
2018-11-29,0.9400057028633645,3.504887936556106,1.2421083967948647,-73.1801495545957,-24.321765693803034
2018-11-30,0.9453015096400595,3.548955906908004,1.2559781573835418,-73.36395451405748,-24.735832061815866
2018-12-03,0.9585410265817972,3.6621100575160357,1.2909177928886404,-73.82544457902056,-25.747322419586116
2018-12-04,0.9582589673078209,3.6731062169153996,1.293593489652508,-73.91148225186508,-25.92271258529343
2018-12-05,0.9558924123924948,3.656890365393933,1.2873763247351324,-73.86051215977533,-25.7487966784567
2018-12-06,0.9477534733739353,3.5781386451342487,1.2595342727896408,-73.51266769210459,-24.753657455081978
2018-12-07,0.953237672670696,3.586277080339154,1.259491122775251,-73.41985431363969,-24.315649754619518
2018-12-10,0.9485027417972165,3.5514149571378923,1.2449226486508103,-73.29225806489194,-23.81030718453392
2018-12-11,0.9505737084823632,3.572069634952914,1.250881309353538,-73.38871282964523,-24.00768151427375
2018-12-12,0.9539752484992821,3.581419308293404,1.2551543483932166,-73.36320697522947,-23.995383538246784
2018-12-13,0.9587123295651686,3.629754611128479,1.2745849186345124,-73.58740652533785,-24.782388717398618
2018-12-14,0.9477770602216028,3.559641722794262,1.2532941473141495,-73.37436927563562,-24.377125493427044
2018-12-17,0.9543006252369494,3.5505590234473767,1.2514280081597076,-73.12252468034227,-23.743066399776367
2018-12-18,0.9543006252369494,3.5257974816438904,1.238455292824311,-72.93376519198118,-22.94428141522524
2018-12-19,0.9584407581013178,3.482732983473996,1.223688882854045,-72.4802112981604,-21.676108075288013
2018-12-20,0.960510824533502,3.4759513119361363,1.2143031609166965,-72.36696552005245,-20.900245058375923
2018-12-21,0.9687910902622391,3.4414132417029575,1.1992517233284419,-71.84903345746297,-19.21703580517482
2018-12-24,0.9584407581013177,3.4684538414021295,1.202736581830044,-72.36691615553211,-20.31166486655074
2018-12-25,0.9543006252369491,3.44167664513924,1.1944561336557844,-72.27221718854007,-20.1058458031279
2018-12-26,0.960510824533502,3.420481644769378,1.1884194862298016,-71.91884289154655,-19.17745916631911
2018-12-27,0.9687910902622391,3.3991450610268776,1.183856273240143,-71.49897774678765,-18.166494348953655
2018-12-28,0.9791414224231604,3.4133030995306686,1.191832296083523,-71.31396205166213,-17.84570483274246
2019-01-02,0.9625808909656861,3.37624528971062,1.175554843866226,-71.48960432764677,-18.11688786888922
2019-01-03,0.9625808909656861,3.3643035043596,1.173697018017309,-71.38840506754711,-17.98727642745953
2019-01-04,0.9625808909656861,3.446507730516688,1.2018165760186477,-72.07083325411897,-19.906172857550064
2019-01-07,0.9625808909656861,3.496310128701717,1.20911209542408,-72.46866394763668,-20.389441590353652
2019-01-08,0.9625808909656861,3.4924692086063143,1.2064993422591848,-72.43838575316148,-20.21703972393042
2019-01-09,0.9625808909656861,3.511697403383613,1.2186811059546627,-72.5892985529387,-21.01453889271211
2019-01-10,0.9625808909656861,3.5051438399487664,1.2163894047316963,-72.53804879574484,-20.86572875254481
2019-01-11,0.9625808909656861,3.5265972897155353,1.2251350021436453,-72.70510886590824,-21.43062688753179
2019-01-14,0.9625808909656861,3.5023483947651632,1.214448841699224,-72.51612968017625,-20.739280411444184
2019-01-15,0.9625808909656861,3.562009831985273,1.2382826927667514,-72.97646732128207,-22.264851427831246
2019-01-16,0.9625808909656861,3.5575165759443546,1.2385443639549325,-72.94233574413731,-22.281274778727912
2019-01-17,0.9625808909656861,3.530731534766666,1.2317215153493313,-72.73706931588329,-21.850769108901503
2019-01-18,0.9625808909656861,3.585927401410075,1.254190004952355,-73.15671001629381,-23.250792370789686
2019-01-21,0.9625808909656861,3.6102065647165675,1.261103112303653,-73.33723503875859,-23.671515709183943
2019-01-22,0.9625808909656861,3.5586936024351195,1.2443502181846833,-72.9512849797741,-22.643892619720475
2019-01-23,0.9625808909656861,3.563553425243733,1.2434539646747857,-72.98817286849433,-22.588136086128408
2019-01-24,0.9625808909656861,3.5893920931912593,1.250471978024371,-73.18262073425714,-23.02259403793485
2019-01-25,0.9625808909656861,3.601070272452276,1.2606411300394964,-73.26958881282306,-23.643543905669006
2019-01-28,0.9625808909656861,3.6047105498419314,1.2603671868288742,-73.29658296675454,-23.626947684383016
2019-01-29,0.9625808909656861,3.585982704304057,1.264401911110179,-73.15712399252921,-23.870655168457144
2019-01-30,0.9625808909656861,3.560594385051248,1.2543123293050753,-72.96572462713044,-23.258277186912192
2019-01-31,0.9625808909656861,3.5646843524360303,1.2674358717549905,-72.99674260617553,-24.052891951620282
2019-02-01,0.9776212173870249,3.644235061891952,1.2855525438516973,-73.17348632062499,-23.95322757808611
2019-02-11,1.017728754510595,3.7299806095828387,1.3089386640359677,-72.71490495430703,-22.247788802223855
2019-02-12,1.0222305887378953,3.7660696892205126,1.3183853502138305,-72.85683290291229,-22.46344450261841
2019-02-13,1.0428707925132084,3.8473552135720333,1.344786825073405,-72.89382615791884,-22.45084699901909
2019-02-14,1.0406909481931312,3.861160987001586,1.3468109170328155,-73.04720130301308,-22.729246174667406
2019-02-15,1.0394844622822101,3.8125601426620617,1.3216984004012562,-72.73526388081038,-21.35237040714949
2019-02-18,1.0653081748963351,3.947414817805519,1.3640725062755565,-73.01251010937405,-21.902379089434408
2019-02-19,1.0671379825324032,3.9402348177525046,1.3616430417038956,-72.91689374134573,-21.6286537772016
2019-02-20,1.074484737767206,3.952133797261844,1.3665201809450336,-72.8125414551592,-21.37073767735116
2019-02-21,1.0663776462259142,3.9478969572857245,1.3628694522046298,-72.98871632761472,-21.754967469488662
2019-02-22,1.070915436105096,4.046987351095589,1.3935150674703924,-73.5379593955197,-23.150064100196786
2019-02-25,1.12910792278979,4.284716051128491,1.47639674419286,-73.6480105258688,-23.52273010415852
2019-02-26,1.1430429347636635,4.266078689061904,1.4586656511238212,-73.20623884190438,-21.63776984238902
2019-02-27,1.1313299817767182,4.238718023403366,1.4561712635947295,-73.30961919310813,-22.307903605795833
2019-02-28,1.1326531570695553,4.231588388148885,1.4525997091926561,-73.23338063215937,-22.025789355343093
2019-03-01,1.1379849649504525,4.302821629834573,1.4844056243866472,-73.55258797947886,-23.337331369876402
2019-03-04,1.1527969067073345,4.372561484897817,1.5019783687790256,-73.63566159815191,-23.248101925432152
2019-03-05,1.1675227364101735,4.440182862590426,1.510651521671403,-73.70552581861382,-22.71396019126818
2019-03-06,1.1941106123360037,4.503887129009631,1.5233498979244853,-73.48711061951991,-21.61284718875548
2019-03-07,1.202158564856783,4.490860380771382,1.5078154968724167,-73.230996670391,-20.27150753189909
2019-03-08,1.1437071462530404,4.319471140001574,1.4479319860764017,-73.52205607623013,-21.010989656202582
2019-03-11,1.20285667421078,4.454054429488639,1.4765831997596277,-72.99411820728743,-18.537832855839586
2019-03-12,1.2056060608946906,4.5100060156268,1.486637153112483,-73.26819395101991,-18.903811977886765
2019-03-13,1.2056060608946906,4.423771823528424,1.4743029788157191,-72.7471011392922,-18.225352711209197
2019-03-14,1.2056060608946906,4.3662142123965735,1.464125513495069,-72.38783984826651,-17.656918769433705
2019-03-15,1.2056060608946906,4.4125795570490425,1.4825414645906636,-72.67797565329447,-18.679774583737263
2019-03-18,1.2056060608946906,4.533648416410101,1.5247976007008521,-73.40759692500967,-20.933371069015948
2019-03-19,1.2056060608946906,4.528212798039091,1.517757022664843,-73.37567568783938,-20.566596438610762
2019-03-20,1.204913049090913,4.510535575247636,1.5183417251534113,-73.28669669067489,-20.642828348198748
2019-03-21,1.2202781005431826,4.526989188425664,1.5189165308496884,-73.04437784691164,-19.661279882143756
2019-03-22,1.2273668596267004,4.527877259402636,1.5176932873224873,-72.89310665217485,-19.129453238076877
2019-03-25,1.2013605156828027,4.449120864118839,1.481678464302865,-72.99779996152711,-18.918946004385173
2019-03-26,1.1812983895538682,4.361424240235952,1.4648986509088633,-72.9148478917529,-19.359718925199477
2019-03-27,1.1884479337453153,4.396135935968654,1.4819009441935729,-72.966078595942,-19.80247138636855
2019-03-28,1.17772291555767,4.371736196487318,1.475966035792344,-73.06052189279015,-20.206638432202674
2019-03-29,1.2071773891862805,4.519085435908963,1.5329501823187086,-73.28713063059251,-21.25136203967639
2019-04-01,1.243556790911838,4.669168068033568,1.5731655998584373,-73.36663035486824,-20.951946125459365
2019-04-02,1.2376159546707948,4.66784258190681,1.572119310977404,-73.48633907518729,-21.277224570102437
2019-04-03,1.2609935035401307,4.72000190623776,1.5922576998033715,-73.28404673155633,-20.804684838650722
2019-04-04,1.2722783356106042,4.764842416325726,1.6081218619745852,-73.29862722738928,-20.884208734753752
2019-04-08,1.2639021317785606,4.737222473749156,1.606141711772948,-73.31976408576233,-21.308180809064748
2019-04-09,1.27099027064948,4.744531599170938,1.6133473683043755,-73.21147000324387,-21.220296656554016
2019-04-10,1.2735455406491782,4.7450041349645184,1.617471163716302,-73.160285967618,-21.26316875269171
2019-04-11,1.241092313848968,4.657192117697853,1.5825275694942869,-73.35106041400617,-21.575311686634823
2019-04-12,1.2374788568826687,4.652283749152407,1.5789801632654041,-73.40061519016068,-21.62796685656233
2019-04-15,1.2299406779409658,4.622738916840427,1.573797411078312,-73.393680671423,-21.848856194378108
2019-04-16,1.2515946222354963,4.738015237453267,1.6174482031581865,-73.58398908593968,-22.619183736971248
2019-04-17,1.2708701280604089,4.771113486490546,1.61802221711108,-73.36323833715359,-21.45533512330249
2019-04-18,1.2574673393867204,4.75120056525402,1.6120192187788875,-73.53369275583317,-21.99427123832568
2019-04-19,1.2640852912482456,4.7831533755394045,1.6312316637180837,-73.5721355348407,-22.50731031256452
2019-04-22,1.2281675316985687,4.7005353729443105,1.5936250406263337,-73.87175216747126,-22.93246526699475
2019-04-23,1.2168473683026058,4.657268117985168,1.5910103081029803,-73.87207827688822,-23.51731713457612
2019-04-24,1.2330214435579623,4.696891251491933,1.595397754061546,-73.74813727768762,-22.71385361932785
2019-04-25,1.2058941408262926,4.566917509920709,1.5604533680961474,-73.59500936448424,-22.72155224365593
2019-04-26,1.19638758017416,4.505984840998232,1.5396534776734316,-73.44892132595105,-22.295010044596552
2019-04-29,1.1878436534397505,4.452222462018909,1.5440314227113978,-73.32020887156861,-23.068686558604067
2019-04-30,1.1830739661122118,4.4787814967342365,1.5491294583564765,-73.58491440194467,-23.629754780638233
2019-05-06,1.1228832451763593,4.17844064455267,1.4586351690035644,-73.1267393581327,-23.018224910658557
2019-05-07,1.1458316915866196,4.224148566017407,1.4729071352309588,-72.87425681935879,-22.206114412844656
2019-05-08,1.1520726315471335,4.186212060473177,1.4518424066465285,-72.47935329351394,-20.647542303975296
2019-05-09,1.1343693711140792,4.126661607615373,1.4250193284353458,-72.51120932666963,-20.396211582645464
2019-05-10,1.1944131498559323,4.27927304000497,1.4767799479903783,-72.08840990771309,-19.1204382561325
2019-05-13,1.1864298975575638,4.216089242793673,1.4523443719515416,-71.85946906637561,-18.30932659839234
2019-05-14,1.1920884614611678,4.193329760284134,1.4430116968208744,-71.57179307118471,-17.388856647005724
2019-05-15,1.2253596651776169,4.279596169925253,1.4754502149781232,-71.36739971428148,-16.950117819069522
2019-05-16,1.225938290251883,4.302155911856861,1.4821289662879635,-71.50409433388587,-17.28531604626268
2019-05-17,1.196785601705594,4.177715812536003,1.4444407936277335,-71.35311123570399,-17.145402775571718
2019-05-20,1.1869373800899603,4.153668534815786,1.4321814390806917,-71.42435969213416,-17.123812130127313
2019-05-21,1.1909460692532519,4.221140347407844,1.4515728180245142,-71.7861532373687,-17.954782945436833
2019-05-22,1.1853864857953837,4.20409387051302,1.4446858382048655,-71.80399576447296,-17.948494098321156
2019-05-23,1.1629769396662903,4.123873344075999,1.4187898914955293,-71.79891711909818,-18.030361885338042
2019-05-24,1.1574737607246073,4.109905212906545,1.422728418955763,-71.83697188222897,-18.644082362946268
2019-05-27,1.1939105272982449,4.197656795671074,1.4398633292571759,-71.55769074476285,-17.08167691761535
2019-05-28,1.2018377476540025,4.221394746640335,1.4537437783815277,-71.5298421544087,-17.32809003027862
2019-05-29,1.1953762543870454,4.211398787463769,1.450437853884552,-71.61569552744879,-17.585144983247815
2019-05-30,1.2080311094351874,4.184911376002245,1.4414412738200961,-71.13365132742206,-16.19283203722389
2019-05-31,1.2015941474055472,4.1831525677907795,1.436930711765427,-71.27539271081051,-16.377725274640632
2019-06-03,1.2097566198745549,4.173957092816901,1.437810734535967,-71.01655352527547,-15.86120545518207
2019-06-04,1.2129999352093392,4.131274829462869,1.4245308227678495,-70.63860466123847,-14.84916185579669
2019-06-05,1.2195129799064992,4.132058819669128,1.423992041395513,-70.48655323826802,-14.359564909409473
2019-06-06,1.2195129799064992,4.069678208434466,1.4111547141786613,-70.03416689361235,-13.580490668147894
2019-06-10,1.2260260230452429,4.122322030248618,1.4293909395262465,-70.25884891939651,-14.227382506594477
2019-06-11,1.2417952028423125,4.259014930664066,1.47235568596449,-70.84313572367094,-15.659292473961218
2019-06-12,1.2343070707641732,4.232055821406816,1.4612000216937706,-70.83433860865603,-15.52785023001787
2019-06-13,1.2335950533334386,4.2311399348264676,1.458942761307978,-70.84485334130099,-15.44595949552604
2019-06-14,1.2179771620418205,4.180743430736208,1.4468631325089458,-70.86697181445213,-15.819462485731018
2019-06-17,1.2229860310015341,4.1773992745886455,1.446841359565905,-70.72374578984999,-15.47200230932948
2019-06-18,1.2264917749383286,4.18145670301826,1.4519061419888852,-70.6683134120934,-15.525409014509306
2019-06-19,1.2384187896830487,4.246553853771286,1.4710346621294514,-70.83708738126018,-15.813078946057658
2019-06-20,1.2679519180532692,4.348527601848965,1.5156018971754972,-70.84181051273207,-16.34004150982873
2019-06-21,1.2741090107911883,4.392722156968016,1.5177475217442444,-70.99500115730936,-16.05263770571398
2019-06-24,1.2771895260550106,4.395593153564292,1.5206480736289696,-70.94386396931742,-16.01018353924286
2019-06-25,1.2685722270319406,4.360989029352984,1.5048306243173708,-70.91090533607345,-15.699999286803656
2019-06-26,1.2718260452035333,4.36227424388382,1.5020682316530316,-70.84488562389876,-15.328344052394737
2019-06-27,1.2800240763023676,4.416236011531321,1.5180954929612054,-71.01549661385688,-15.68224250468292
2019-06-28,1.271558814740623,4.389847289175059,1.5144415972472685,-71.03409911601788,-16.03777807926846
2019-07-01,1.3057497299291196,4.514560670331391,1.5580761585877851,-71.07692585659125,-16.19474293781442
2019-07-02,1.3089075651250128,4.5206214853379985,1.558613752345047,-71.04584913003067,-16.021043497424113
2019-07-03,1.2948104222374617,4.483754681042928,1.5413398910798648,-71.12218409914686,-15.994490914634296
2019-07-04,1.2943852893331667,4.464076302553109,1.5332510448043644,-71.0044093871586,-15.579037515130201
2019-07-05,1.2992340680436307,4.483227948955677,1.541208461678237,-71.02012026075377,-15.70030269436219
2019-07-08,1.264780858277598,4.369340186546452,1.5054165144210143,-71.05327568286033,-15.98465632854873
2019-07-09,1.2644381474857505,4.383875977550222,1.5015923938796676,-71.15707301116811,-15.793516759976466
2019-07-10,1.26549725907383,4.367826332458462,1.499062773770019,-71.0268412077287,-15.580769450287335
2019-07-11,1.2685989676610812,4.372331441639523,1.498461840542093,-70.9857547490639,-15.339921689153947
2019-07-12,1.2789722559334837,4.4009169917183035,1.5077687840128031,-70.9385053537645,-15.174510210404824
2019-07-15,1.2926834473885804,4.453793897835025,1.5138873768789578,-70.97567877990605,-14.611650302971224
2019-07-16,1.2921397372816175,4.455893575911678,1.5070217741306582,-71.00155748182911,-14.258721442362553
2019-07-17,1.2939365330078367,4.4613117016273245,1.5061484811788766,-70.9965001428648,-14.089709668261897
2019-07-18,1.3031401221382901,4.411203015465499,1.491803278688527,-70.45839609808178,-12.646651153367506
2019-07-19,1.3172913269675472,4.449198043992227,1.507461587580082,-70.39261201810758,-12.615264108839675
2019-07-22,1.3372751029843055,4.395140251821991,1.4970612464970325,-69.57377861992134,-10.673320406002762
2019-07-23,1.3357809466046133,4.436886987298639,1.5003192705193187,-69.89373516998475,-10.966887325105956
2019-07-24,1.3355408034422256,4.483322140720523,1.5121633556618186,-70.2109114285598,-11.680123814552545
2019-07-25,1.3433249289879854,4.517745318280608,1.5245280120788394,-70.26558970572434,-11.885848056262759
2019-07-26,1.3712036484363395,4.520286826138074,1.5274978415096039,-69.66556103237738,-10.232040191873605
2019-07-29,1.3749533520531432,4.529944643545678,1.5257963849788887,-69.64745796591147,-9.886183661906667
2019-07-30,1.4118050174074421,4.547500084942765,1.532148938014809,-68.95426077984975,-7.854583691014749
2019-07-31,1.3899538740076318,4.527719954762706,1.5183096595463892,-69.30124018501762,-8.453860826855642
2019-08-01,1.3785197039502295,4.505061859487671,1.505685707171337,-69.40064871590911,-8.44572028647389
2019-08-02,1.3702575847853675,4.4452477136672055,1.4835042245447598,-69.17477555699718,-7.633725464728225
2019-08-05,1.3266756902069883,4.371034034474874,1.4551008265405074,-69.64847036780458,-8.825858249207997
2019-08-06,1.3298979328319087,4.298284016631515,1.4395193167571323,-69.05979391575605,-7.615138098471119
2019-08-07,1.34295977860992,4.280115477104506,1.4336220161666104,-68.6232816428955,-6.323998692424793
2019-08-08,1.3450065559879496,4.327020890904325,1.4525692270724007,-68.9161067187071,-7.404994480107474
2019-08-09,1.342528669207214,4.278817559994832,1.4384112718922017,-68.62383940462198,-6.665868417372456
2019-08-12,1.3459939822879743,4.357631444826203,1.4643705580722022,-69.11179847744886,-8.083785564499934
2019-08-13,1.3475502674767537,4.33407559548074,1.4511670495405735,-68.90801192111459,-7.140238065398741
2019-08-14,1.3610940950811343,4.352132529273738,1.4577583132065588,-68.72581232473941,-6.631018135838785
2019-08-15,1.3581960474533887,4.374600518972344,1.4623500289580165,-68.9526839865038,-7.122370119474175
2019-08-16,1.3875139924497308,4.386317496326411,1.4688969549945372,-68.36722390452152,-5.540413319538063
2019-08-19,1.4071471701629203,4.514741427204895,1.5007867949871583,-68.83216474627443,-6.239368918823618
2019-08-20,1.3971633601609108,4.5130204826916005,1.4994558743598283,-69.04150190500285,-6.821975621162569
2019-08-21,1.393910461207761,4.510838045957649,1.4970905410022148,-69.09863650598356,-6.892040058270677
2019-08-22,1.4015498551559096,4.522695893574185,1.50174163750742,-69.01074296975789,-6.671705694849617
2019-08-23,1.4033104278636979,4.52995246359474,1.5125714993759105,-69.02151978102434,-7.22353102364377
2019-08-26,1.3966228098358935,4.491130332548196,1.4908171623046247,-68.90264351238562,-6.3183034680871275
2019-08-27,1.402769811285431,4.57085535071527,1.5110204740880226,-69.31056216719003,-7.164076507164896
2019-08-28,1.3950331201683122,4.562929677493955,1.5053353607242255,-69.42681087001783,-7.327419752024311
2019-08-29,1.3894328838938919,4.564273897665641,1.500427343491139,-69.55851215229426,-7.397523117579919
2019-08-30,1.390967999782459,4.563011349485048,1.5041485373926564,-69.51644663475504,-7.524558565631311
2019-09-02,1.4234283563838717,4.656752882784753,1.5234405525418744,-69.43302785840211,-6.564889978222743
2019-09-03,1.4348668044605193,4.689030963987891,1.5255351096623986,-69.39950246691899,-5.943377155176998
2019-09-04,1.4409255469516438,4.731569373087332,1.5383577896266596,-69.54656196847759,-6.3335228860290975
2019-09-05,1.4554207428624,4.785192778950876,1.5539242562857516,-69.58490890347176,-6.339016398315223
2019-09-06,1.4671198310884879,4.804927474424836,1.5631021455849838,-69.466348058373,-6.140501743126647
2019-09-09,1.4757147081999362,4.870101718890285,1.5727776456006206,-69.69848283710598,-6.171434193014457
2019-09-10,1.461930100581417,4.85125950796304,1.567360933243763,-69.86493717390813,-6.726646710796191
2019-09-11,1.4600777857049858,4.8288765878717,1.5558149394850762,-69.76361356237297,-6.153505237054491
2019-09-12,1.4417574615136044,4.8556447164235745,1.5725523946080713,-70.30759979952713,-8.317365675250842
2019-09-16,1.4319402255771612,4.85800038529075,1.5667473321217043,-70.52408167951474,-8.604265906870001
2019-09-17,1.420366426427591,4.766627476942996,1.5404238439853848,-70.20185795306745,-7.79379117160256
2019-09-18,1.4099207187631262,4.770908082553041,1.5478911717049937,-70.44753966400795,-8.91344659520823
2019-09-19,1.4160608279129507,4.804602877551976,1.5535517410239084,-70.52699538334255,-8.85010196186583
2019-09-20,1.4058000952492218,4.824955820342503,1.558012819117121,-70.86397994936604,-9.76967082685196
2019-09-23,1.3634508900655846,4.783967931303755,1.540202551709752,-71.49958131734363,-11.475871238361368
2019-09-24,1.3630560918903434,4.798377390735922,1.5443251595066032,-71.59339541483433,-11.737752668238176
2019-09-25,1.3676175222826703,4.734405777830716,1.5324125885614477,-71.11321702320778,-10.75396192310576
2019-09-26,1.377394596049065,4.651851224861433,1.5205977979241296,-70.39039880106883,-9.417559467109648
2019-09-27,1.3793030181088097,4.6709144433165575,1.5251562604534883,-70.4703857275227,-9.563167140743378
2019-09-30,1.3688504235831118,4.615612379515065,1.510063652209302,-70.34303769401605,-9.351475245403584
2019-10-08,1.3991623883074829,4.610777423467644,1.5192284777427096,-69.6545233091037,-7.903096288296451
2019-10-09,1.3917865911975027,4.642137545711779,1.521429524348288,-70.01841118466687,-8.521126419333724
2019-10-10,1.3997745232527883,4.701800736601843,1.5338598954661227,-70.22896967206538,-8.741696201176662
2019-10-11,1.4123389361548118,4.725709171630693,1.5485411930226838,-70.11371447415038,-8.795520421514347
2019-10-14,1.4119557673963299,4.792192470414436,1.564976202173258,-70.53633016383789,-9.777812248162688
2019-10-15,1.4285003841951758,4.7413714107126825,1.5582495503887277,-69.87157806351948,-8.326597377241928
2019-10-16,1.4247611382689542,4.715110389398523,1.5528799467631764,-69.78307991532088,-8.250400087996058
2019-10-17,1.4250227007532734,4.708285502778701,1.5538838773732027,-69.73372366836583,-8.292844690413126
2019-10-18,1.4024812981337023,4.640791774716275,1.531776818624656,-69.77926685324196,-8.440885050541825
2019-10-21,1.394353619857319,4.6406123621389765,1.5363142999543573,-69.953240843098,-9.240340996712447
2019-10-22,1.4020688717200946,4.676248322765368,1.542268606068477,-70.01722802242118,-9.090487467405362
2019-10-23,1.3899775284706417,4.649331227296576,1.5324525716023039,-70.10371039365882,-9.29719103689407
2019-10-24,1.3715969996116852,4.637756684264931,1.5322874931068855,-70.42542131920663,-10.486967636170041
2019-10-25,1.3924272080484779,4.678644238524879,1.5426296410512623,-70.23866023872989,-9.736778615275753
2019-10-28,1.4150615303936542,4.743656078655,1.5544238463606144,-70.1693902987403,-8.965528693686108
2019-10-29,1.4102452294385746,4.699893017924285,1.5479477813568991,-69.99409935374632,-8.895813772065186
2019-10-30,1.445367214364986,4.673312216052829,1.5404258233438424,-69.07188846916435,-6.17093063088946
2019-10-31,1.429680997180771,4.655220193365234,1.5386546933953968,-69.28864934856578,-7.082401053491106
2019-11-01,1.4392584359148928,4.708927296204162,1.5646381277485881,-69.4355349874467,-8.0133348158982
2019-11-04,1.456485255221725,4.748285100750136,1.5748254898615297,-69.32607827209809,-7.514498298488304
2019-11-05,1.479679885611637,4.781208986514567,1.5845999578000793,-69.05218136699139,-6.621234064281067
2019-11-06,1.4768907000823042,4.75328902281364,1.577501582497089,-68.92907851818192,-6.377862534725576
2019-11-07,1.476410508029737,4.766666557094381,1.580269913236803,-69.02635226639991,-6.5722573300364235
2019-11-08,1.4777551037732173,4.753682753073679,1.5728021896455027,-68.91346813546366,-6.043168460600135
2019-11-11,1.4442632483540754,4.656029074931812,1.5450785033358145,-68.98079403906586,-6.524927682579218
2019-11-12,1.4501710874135176,4.661337359373333,1.5453595722368867,-68.88937711196948,-6.159633429880984
2019-11-13,1.4590292833217327,4.660507949295993,1.5438920758759374,-68.69377116839527,-5.49667906715936
2019-11-14,1.462174704251426,4.681197866202621,1.546218217936077,-68.76494551089036,-5.435423843138654
2019-11-15,1.445042329560987,4.6364638285907676,1.534829781110667,-68.83309386239293,-5.849994094114197
2019-11-18,1.4527114962426244,4.665561785981451,1.5470384640811776,-68.86309595968557,-6.0972606711867545
2019-11-19,1.473554821958713,4.736472880787571,1.56252100594164,-68.88919541932026,-5.693759229131912
2019-11-20,1.4627911931452169,4.699115809050855,1.5470127324212202,-68.87092694485695,-5.444140019726184
2019-11-21,1.4648928158517536,4.688751785659272,1.5397817401015268,-68.75729655103125,-4.863606464435366
2019-11-22,1.4530762593332291,4.653952540111342,1.5241036376253891,-68.77758750632928,-4.660272211069804
2019-11-25,1.463741997177013,4.673127549014869,1.5352719697902413,-68.67746532008138,-4.6591075731683755
2019-11-26,1.4858600819139685,4.70277203417871,1.5405952564278693,-68.40459050289776,-3.5528588242452197
2019-11-27,1.4837000674497771,4.695440348199677,1.534247453852249,-68.40125829692083,-3.2946045486701325
2019-11-28,1.4751274871087066,4.6797141144687044,1.528976026406227,-68.47825634160175,-3.52186943205961
2019-11-29,1.4763509310797085,4.670486272645752,1.5156620696726277,-68.38978117275612,-2.593661171544004
2019-12-02,1.4752817428302398,4.687465676721577,1.5185867697305437,-68.52709236556895,-2.851666283645282
2019-12-03,1.4855496161487791,4.707454443049403,1.5245363253843636,-68.44261300622449,-2.55728306281946
2019-12-04,1.4836458813112798,4.712914364209537,1.5240343600793502,-68.51956630957963,-2.6501028996464004
2019-12-05,1.5040386723440602,4.759718980740052,1.5357299933374813,-68.40068335063326,-2.0635997949449925
2019-12-06,1.5110906370282378,4.792689786155771,1.5448437514226658,-68.47092750728005,-2.1848885599818346
2019-12-09,1.5149216744578862,4.799978514631781,1.5420967977543008,-68.43899051131275,-1.7622190342388877
2019-12-10,1.5259441366286532,4.8084730309518315,1.5440516121676726,-68.26551533498785,-1.1727247584424005
2019-12-11,1.5207321961240479,4.804003443368146,1.5449878487184265,-68.34448155478749,-1.5699574993097043
2019-12-12,1.5160864909359242,4.799138058367544,1.540346253133821,-68.40919197370141,-1.5749551211969748
2019-12-13,1.5606455147284706,4.877797507083184,1.570906360114187,-68.00511885820978,-0.653179950520455
2019-12-16,1.5810489273677901,4.934449755333462,1.5785565805553383,-67.95896187495083,0.15788770850233558
2019-12-17,1.6012828651616011,5.001992741605164,1.6000338074424685,-67.98710138376288,0.07806445797100547
2019-12-18,1.5885111487485046,5.001808738685707,1.5964642323988534,-68.24126567530634,-0.49816860841275235
2019-12-19,1.5832821744875705,4.992559570987072,1.5942342871597843,-68.28716509086055,-0.6869826323786854
2019-12-20,1.5813009158867215,4.965488091656614,1.5903163450275166,-68.15416960633252,-0.5668953330564608
2019-12-23,1.5583769801947618,4.890812209188538,1.5704610044610796,-68.13664247285993,-0.7694571359614599
2019-12-24,1.5633135404956828,4.957939832754468,1.5806990381505526,-68.46848503147007,-1.0998613420560521
2019-12-25,1.5510129912018698,4.980424432993867,1.5798712704433109,-68.85781499008681,-1.8266221926640624
2019-12-26,1.5532449948945244,5.0165161794772795,1.5937742842540865,-69.0373769499858,-2.542975486552701
2019-12-27,1.5378565759446254,4.99218861242998,1.5922066323551494,-69.19474211940755,-3.413505213838408
2019-12-30,1.579612693403898,5.056580608267346,1.6158029604076862,-68.76124765377452,-2.2397698166524482
2019-12-31,1.5897024207434445,5.07956050013993,1.6217208463261743,-68.70393765957405,-1.9743487700280782
2020-01-02,1.609162098713119,5.1815712245719325,1.6437542729400738,-68.94451453099425,-2.1044614025600095
2020-01-03,1.5924689973830763,5.1889266858670675,1.6408739105116228,-69.3102428731468,-2.9499471481909234
2020-01-06,1.5982869133402215,5.207243894466259,1.6346709969751465,-69.30647102896943,-2.2257740978001928
2020-01-07,1.617807896100155,5.2379716233487335,1.6469161001412886,-69.11384764116266,-1.767436971357339
2020-01-08,1.598490827126986,5.18080524027318,1.6279498873942992,-69.1459000484894,-1.8095802883997592
2020-01-09,1.6576634751642807,5.252370829378629,1.648555800688106,-68.43970981842523,0.5524638275739902
2020-01-10,1.6588837530445757,5.243619017612664,1.6480866927335,-68.36376274720585,0.6551269638108481
2020-01-13,1.679024663628263,5.311070588862681,1.6642398412396189,-68.38632370751805,0.8883829134646692
2020-01-14,1.6712797873516687,5.305104326303986,1.6586572586439596,-68.49675926135777,0.7610088607473253
2020-01-15,1.67770860307864,5.280950557964769,1.6494920372388606,-68.23093523289462,1.710621524855127
2020-01-16,1.6714533741110456,5.274036976876027,1.6424886711418663,-68.3078942859233,1.763464398755521
2020-01-17,1.6673319725043614,5.285173510026703,1.6447886856703575,-68.4526540265669,1.370588637337078
2020-01-20,1.6916847502273429,5.355426529551649,1.6570516030626241,-68.41176438715948,2.090046387252431
2020-01-21,1.6728319493448973,5.28028685299321,1.6287380679323764,-68.31929787305727,2.7072420225614513
2020-01-22,1.7214498002817986,5.333532199896954,1.6357145147543382,-67.72401973470681,5.241457769929769
2020-01-23,1.6632613884681964,5.175910131993099,1.5850310620722876,-67.86533486763379,4.935570555546698
2020-02-03,1.5271967936729391,4.735692980521349,1.460116125002031,-67.75135550479011,4.594200935272519
2020-02-04,1.5889074754593269,4.8449366783189545,1.4986265231658198,-67.2047834480547,6.024246261356048
2020-02-05,1.6145382313979535,4.927051123747215,1.515605460020722,-67.23114514448079,6.527607216186637
2020-02-06,1.6357323521366762,5.035953814915778,1.5438105263074577,-67.51891672850792,5.954216807232204
2020-02-07,1.6117420287779736,5.06944937489012,1.5438477382464728,-68.20676350450965,4.397732292474399
2020-02-10,1.6490690890962396,5.12104529545782,1.5502355238629502,-67.79819365083719,6.375390301146711
2020-02-11,1.7031581043645896,5.137319374869534,1.5646686098688463,-66.84733846418021,8.851043193571307
2020-02-12,1.7502267261912121,5.217780106140287,1.5773238361075388,-66.45648742208311,10.961787689099832
2020-02-13,1.7371914080430815,5.192546841008854,1.5676194374584114,-66.54452119096214,10.817164327816563
2020-02-14,1.7464336040517534,5.220004562581894,1.5786310044333696,-66.54344678986371,10.629627769069106
2020-02-17,1.8133072026231365,5.372459970434088,1.614136736457529,-66.24810212449803,12.33913222263423
2020-02-18,1.8139694420556836,5.392150286214121,1.6062533475899952,-66.35907113543587,12.931714338671618
2020-02-19,1.7986786529670842,5.377112674026648,1.6037989431017603,-66.54935907042943,12.15113095712763
2020-02-20,1.8932754066357182,5.494956771822661,1.6407519820305951,-65.54521745568302,15.390712756756809
2020-02-21,1.909868536504398,5.535914124661562,1.642665625788035,-65.50039445163615,16.26642126806408
2020-02-24,1.9053119668834253,5.552205647098878,1.636073570378666,-65.68369242808967,16.45637466305654
2020-02-25,1.9344591998741043,5.554433728915141,1.6325170591008755,-65.17270176789145,18.495496821302826
2020-02-26,1.828004639182524,5.457308199409588,1.612391338169041,-66.50354767611822,13.372268624211525
2020-02-27,1.8523818436750983,5.4575509099818795,1.6170863764320191,-66.05836804404179,14.550581259749462
2020-02-28,1.7466119917121141,5.226186570329395,1.5597534669453101,-66.57960889440598,11.980003810009542
2020-03-02,1.7682643748704823,5.419796874001011,1.6110655638737024,-67.37397330603072,9.75744342885745
2020-03-03,1.7767671591330405,5.4565225487048625,1.6196540002240662,-67.43773816980256,9.700414958209524
2020-03-04,1.7330698466376895,5.467352539670677,1.629032596470965,-68.30147984673255,6.386443733053859
2020-03-05,1.744469951440666,5.561445291382763,1.665323342059668,-68.63279489337685,4.752627155463385
2020-03-06,1.7328749221378343,5.4922156006275085,1.6383177669986342,-68.44852700356763,5.771600421109202
2020-03-09,1.6273560214008822,5.295682975955791,1.58235160452735,-69.27013892656275,2.8441477067908005
2020-03-10,1.7000760127613017,5.423008633788297,1.616237825460966,-68.65068585417876,5.187243237326444
2020-03-11,1.6605829121660762,5.35080364881254,1.59474096333793,-68.96572886701615,4.128692392169664
2020-03-12,1.616645144481024,5.250354231401391,1.5640538607188823,-69.20883671406072,3.362498254246127
2020-03-13,1.6086460141978136,5.198296863093015,1.5420440676449743,-69.05436421650109,4.319068952066618
2020-03-16,1.4671284196645265,4.973323019464436,1.4757462478291417,-70.50003762227941,-0.583964091204181
2020-03-17,1.4800555128355495,4.966484601833776,1.4685581680008233,-70.19913215297056,0.7829002000225627
2020-03-18,1.4734115361379407,4.8733865594051515,1.4394910119311797,-69.76616736272638,2.3564248700139068
2020-03-19,1.493516670527991,4.849647316976808,1.4208201590533311,-69.20360238775002,5.1165174572900485
2020-03-20,1.4823762001726128,4.904923243522963,1.4462079252720954,-69.77779005756885,2.500904210832111
2020-03-23,1.431823190129419,4.694283057048002,1.3975481290905947,-69.49857576271039,2.4525138222701193
2020-03-24,1.4898746908024458,4.801231693578501,1.4350802491299761,-68.96890660796255,3.8182144661031314
2020-03-25,1.5288033441949462,4.935144201943874,1.4736395374476836,-69.02211401253939,3.7433717910965836
2020-03-26,1.5277789059477749,4.885480548581616,1.4639522008684664,-68.72817544240701,4.359889963719055
2020-03-27,1.5204370985097155,4.889985437678161,1.4687079262617748,-68.90712420543235,3.522087089133108
2020-03-30,1.4973872379483668,4.817601122210887,1.4544764577084364,-68.91840565536094,2.9502560878529094
2020-03-31,1.5008020321056035,4.831204918038669,1.4592444551241859,-68.93524374215767,2.8478831518246928
2020-04-01,1.5008020321056035,4.8224917519550585,1.4548584738908792,-68.87911666210374,3.157940036040241
2020-04-02,1.5008020321056035,4.932794999982585,1.4783949461436385,-69.57501716347625,1.5156359956731036
2020-04-03,1.5008020321056035,4.89170879573628,1.4699580098896694,-69.31947311717053,2.098292740909602
2020-04-07,1.5008020321056035,5.019211895505734,1.5035291565439004,-70.09885090825831,-0.18138154663829287
2020-04-08,1.5008020321056035,5.0142540444561225,1.4965313722377585,-70.06928610318568,0.28537055400710276
2020-04-09,1.5008020321056035,5.030121576224015,1.5014663087458773,-70.16370261904848,-0.044241861199578736
2020-04-10,1.5008020321056035,4.964101918073049,1.4921109501672782,-69.76689727820535,0.5824688799013877
2020-04-13,1.5008020321056035,4.931828966520103,1.4858080394414912,-69.56905759924257,1.0091473639992188
2020-04-14,1.5008020321056035,5.039531375168269,1.5144859744639032,-70.21941287039826,-0.9035370805030807
2020-04-15,1.5008020321056035,5.018486171446244,1.503268237511933,-70.0945268984751,-0.1640562439083615
2020-04-16,1.5008020321056035,5.038962269543622,1.5052548404221444,-70.21604942000228,-0.29581757168056777
2020-04-17,1.5008020321056035,5.077370426116556,1.5199442533483845,-70.4413523900895,-1.2594028498486898
2020-04-20,1.5008020321056035,5.115156055407489,1.5254737891373629,-70.65970195534837,-1.6173176627119257
2020-04-21,1.5008020321056035,5.055596866112899,1.5074981661243911,-70.314048531731,-0.4441885349686814
2020-04-22,1.5008020321056035,5.088339085632745,1.5199032014539602,-70.50507038056455,-1.256735911213569
2020-04-23,1.5008020321056035,5.066885179669138,1.5160906007788406,-70.38018469162145,-1.0084205169125893
2020-04-24,1.5008020321056035,5.020115078627041,1.503113768377851,-70.10423050867472,-0.15379649371067838
2020-04-27,1.5008020321056035,5.0318663226866605,1.5133260308201972,-70.17404803980799,-0.8275810010223594
2020-04-28,1.5473144917782977,5.041492016060375,1.5237681363667162,-69.30840142463556,1.545271544247262
2020-04-29,1.6011507803525664,5.068834634790162,1.5308484995077365,-68.4118560632655,4.592373501847935
2020-04-30,1.6346823236588826,5.1947007212089735,1.5488785548783102,-68.53173240597314,5.539735088353237
2020-05-06,1.649587619855807,5.264445299603888,1.5582514901600184,-68.66549985845751,5.8614498540546345
2020-05-07,1.6458878739128093,5.2394915272279645,1.5537546648530496,-68.58687784187347,5.929714075450487
2020-05-08,1.6615114665761668,5.292419561006988,1.569085627442779,-68.605824851497,5.890426724768294
2020-05-11,1.6485139826217343,5.289804788117317,1.5677232746031318,-68.83601477459335,5.153378107437656
2020-05-12,1.639616192549484,5.292578069413445,1.5677460372254017,-69.02046278683999,4.584298324955638
2020-05-13,1.6493967955492408,5.311542276773904,1.5709189884211519,-68.94693274377846,4.995662265624712
2020-05-14,1.617678127473789,5.265920750379091,1.553882570996622,-69.28024168693892,4.105558403699083
2020-05-15,1.6135411762603846,5.282807239343238,1.5489730494511071,-69.45674708242845,4.168447400176389
2020-05-18,1.6252609049268951,5.273794489394837,1.5529696908756752,-69.18232388093317,4.655030582757669
2020-05-19,1.6511629799582468,5.351634959223923,1.5661671821575909,-69.14656936545438,5.426993923060208
2020-05-20,1.6400652124638213,5.3186956267379735,1.5578429901614042,-69.16414610719706,5.277953094226673
2020-05-21,1.6147327002144467,5.261109685568,1.5493606078372333,-69.30813465752487,4.219294852762978
2020-05-22,1.5797879469782938,5.16874458287348,1.5138386846608856,-69.4357513386735,4.356426017226633
2020-05-25,1.5772142116753622,5.155342981908118,1.5159211676948148,-69.40622152182013,4.043287031459086
2020-05-26,1.5929675773458045,5.244951039781808,1.5331200508615985,-69.62855200623432,3.903642539315322
2020-05-27,1.5836490203948812,5.211169929250704,1.5223695216801145,-69.61048973848011,4.0252709898670025
2020-05-28,1.6005512729415596,5.2188423319191966,1.5267315922632454,-69.33129665266269,4.835144635271682
2020-05-29,1.592830186467639,5.251988113083475,1.5308450158368503,-69.67186230868145,4.049082042240837
2020-06-01,1.6377773683124537,5.407878091623813,1.572141163094786,-69.71497247970171,4.174956216301973
2020-06-02,1.631871507376781,5.427734372010525,1.576981684204446,-69.9345731472797,3.4806886929714675
2020-06-03,1.620943796389883,5.428722169898857,1.5770133539397782,-70.14133813335151,2.7856734592865307
2020-06-04,1.610016085402985,5.423542649068679,1.5764343520035697,-70.31430949142708,2.1302335461501842
2020-06-05,1.77028917987749,5.45664910854746,1.583981962502245,-67.55721057627738,11.761953215738142
2020-06-08,1.8577108677726744,5.485967322804632,1.5921780900061833,-66.13704095446667,16.6773289642153
2020-06-09,1.8155708609828491,5.524198974751709,1.602104335151312,-67.13422399734522,13.324133837474218
2020-06-10,1.8411320957501272,5.51162922177712,1.5992048917073232,-66.59550159006362,15.12796798567322
2020-06-11,1.8813846380822976,5.48340928697926,1.5818575962433397,-65.68950921555722,18.93514577736246
2020-06-12,1.8567909040970778,5.47980660309046,1.5847071994413493,-66.11575848224463,17.169336061049336
2020-06-15,1.8960054886460307,5.421589311118629,1.565667908780081,-65.02860360968894,21.0988280473436
2020-06-16,1.92604890859116,5.510278109242217,1.5892546963248493,-65.0462486573834,21.191959542114127
2020-06-17,1.9487347563048294,5.509858671098013,1.590451772733232,-64.63185586724892,22.52712026318655
2020-06-18,1.9068374699867918,5.551900220326627,1.6010572149397257,-65.65432744980764,19.09864633154772
2020-06-19,1.9584291306168753,5.6203482245847605,1.6225630633501624,-65.15466564775767,20.69972347165592
2020-06-22,2.009163040874296,5.650204094573939,1.6238838496621861,-64.4408766967594,23.72578502411111
2020-06-23,2.0575351980825487,5.674402272054425,1.6317017217647518,-63.74005402797051,26.0975073224315
2020-06-24,2.05652841625275,5.7044642340084195,1.6385087750898562,-63.948789371098115,25.512200332278944
2020-06-29,2.092836847787151,5.6611622357643485,1.6269203834729937,-63.031675111416696,28.637938835062315
2020-06-30,2.1861295171088613,5.746349580984025,1.6483953538914817,-61.956203911727535,32.62167428147096
2020-07-01,2.1958845946741654,5.825818089479338,1.6815772399113122,-62.307704069242305,30.584818975664675
2020-07-02,2.193286999004983,5.948261024900337,1.7164380969497726,-63.127257028171,27.781304953706364
2020-07-03,2.224373868098167,6.069962729185587,1.749592746997218,-63.35440648749069,27.136664913352206
2020-07-06,2.34877708818131,6.413652963848196,1.8487583682327255,-63.378481788449584,27.046191029634926
2020-07-07,2.3541414493642225,6.475953063753676,1.8598552455572346,-63.6479538040431,26.57659540911712
2020-07-08,2.3773789460887094,6.639524579605965,1.889893118601975,-64.1935364861651,25.794359622164563
2020-07-09,2.4350478472089048,6.770477649035916,1.916324283838423,-64.0343270676679,27.068673488365526
2020-07-10,2.3868643372921707,6.687593202576099,1.8816309201127004,-64.30906807590006,26.85082455751786
2020-07-13,2.5109213339609724,6.875440669398903,1.921149959759646,-63.479848715202515,30.698872370958096
2020-07-14,2.5130112356432526,6.816601796885031,1.9028325807152724,-63.13395867143628,32.0668597496168
2020-07-15,2.541606954796924,6.673138297061225,1.878200850253223,-61.912868553672574,35.32136110226225
2020-07-16,2.3967591983978993,6.3612276794817095,1.7878567942072923,-62.32237990586782,34.05767207773398
2020-07-17,2.479572558923647,6.388392082627906,1.7991183541555285,-61.186280884881775,37.821536487381934
2020-07-20,2.6253562068989322,6.61577574580707,1.8528000994429727,-60.316729167205764,41.696678863964955
2020-07-21,2.6380502369103116,6.635328747929899,1.8570509300807494,-60.24235818408643,42.05589056168763
2020-07-22,2.561635749006244,6.6714588193285635,1.8663154756932838,-61.603064361505645,37.25630968444218
2020-07-23,2.5628113505431904,6.6585667454769055,1.8655198923545735,-61.511066142213245,37.37786238819076
2020-07-24,2.4805192429569414,6.363895493030429,1.7836357727078969,-61.02199909358127,39.07095164339766
2020-07-27,2.4840460475677806,6.3981664039206745,1.7926851620560187,-61.175657356370024,38.56566117381397
2020-07-28,2.47111443066137,6.449242729391849,1.8084438640085765,-61.68364978109001,36.64313722096551
2020-07-29,2.5181384921392267,6.616474406739396,1.8522868122075782,-61.941385436716786,35.947547406984896
2020-07-30,2.5181384921392267,6.598114861206951,1.8432382146028394,-61.83548566357331,36.61492433205695
2020-07-31,2.5181384921392267,6.6583891874811485,1.8586358815726118,-62.18096567749847,35.48315283833876
2020-08-03,2.5181384921392267,6.813069243829062,1.8888268777876827,-63.03958756297639,33.31759102711598
2020-08-04,2.5181384921392267,6.791172182354534,1.890604975077901,-62.920414554028056,33.192207009582674
2020-08-05,2.5181384921392267,6.815177424882621,1.8911221814430432,-63.051020756329066,33.15578003626034
2020-08-06,2.5181384921392267,6.83006875625664,1.88544352078782,-63.13157916847466,33.556824395728356
2020-08-07,2.5181384921392267,6.751775543872536,1.863734708961074,-62.704055018171886,35.11249643158416
2020-08-10,2.5181384921392267,6.795280056995411,1.8704421609685593,-62.9428298610456,34.6279796663306
2020-08-11,2.5181384921392267,6.713731941820493,1.8533856332620933,-62.492716212670096,35.866947868108824
2020-08-12,2.4592838362294622,6.666613802736576,1.8398709299936578,-63.11044993756874,33.666106471824065
2020-08-13,2.5055267801585632,6.6631173615743515,1.8351473889688807,-62.3970786615927,36.53000272454139
2020-08-14,2.467691644216572,6.753661897130707,1.8624293616450251,-63.46142756620714,32.4985363223085
2020-08-17,2.4834012571681034,6.916694839747691,1.906211701888035,-64.09554975742296,30.279404680413148
2020-08-18,2.5031447226791714,6.912028897748865,1.905234017571165,-63.78567335714691,31.382533567726046
2020-08-19,2.4517992833442626,6.829468431350777,1.8767003777803593,-64.09970544575268,30.644151425178134
2020-08-20,2.4058563876496613,6.7254538564304855,1.8523447678232363,-64.22759803266925,29.881673727341717
2020-08-21,2.4298659218011434,6.767828690832301,1.868056400631657,-64.09681697332796,30.074548122825327
2020-08-24,2.45833257760671,6.8149631780208,1.882706028452886,-63.92742684897883,30.574425345992285
2020-08-25,2.46371200865117,6.784450379512871,1.8851214791666624,-63.68590127667695,30.69247981516181
2020-08-26,2.4751269685892394,6.6692909053782365,1.8630237234028693,-62.887704199658586,32.855365044324024
2020-08-27,2.516205577688694,6.731113863111435,1.8730055885206747,-62.6182883121578,34.340526964258956
2020-08-28,2.5844059771665786,6.857321201502996,1.917707459529051,-62.31172638376448,34.76539210006799
2020-08-31,2.5782989240313663,6.831073716106316,1.9066032981654155,-62.256315314644475,35.229962442227716
2020-09-01,2.5950663089636885,6.882650013648937,1.9168591460810125,-62.2955358209784,35.38116842175179
2020-09-02,2.6206844466580117,6.86675874070429,1.9175577408552684,-61.83520427005389,36.66782443219336
2020-09-03,2.6116620846291267,6.823252949978829,1.9069516256668988,-61.72409107832899,36.954815710953156
2020-09-04,2.576121392248153,6.783855679895619,1.888394665074738,-62.025704646361355,36.4185908747098
2020-09-07,2.510335359978921,6.634639712574564,1.8484704903385567,-62.163199981739645,35.80608254769273
2020-09-08,2.4884113864392527,6.675497480869554,1.8583758730455353,-62.723206868544715,33.90248025342717
2020-09-09,2.4323681365977765,6.5281221376764,1.8149088841920944,-62.740155816638165,34.02150145298031
2020-09-10,2.4524098908623135,6.473393999380715,1.8138751840308558,-62.115547252385284,35.2027919259849
2020-09-11,2.5314963703616917,6.546904332313459,1.831810190608264,-61.332925580307894,38.19643450728334
2020-09-14,2.5554289273491766,6.60231970640931,1.8412193085625892,-61.29498356663261,38.79003524811824
2020-09-15,2.5653386457031657,6.657120137695006,1.8560375381372927,-61.464738616067685,38.21588157520366
2020-09-16,2.5609975242859604,6.639793088195303,1.8437163484320152,-61.429558266821836,38.90409587483212
2020-09-17,2.562653796376711,6.656032657777558,1.8339604072886349,-61.498779706522974,39.7333217332315
2020-09-18,2.595609533958621,6.790396452373195,1.87527931716884,-61.77528731696551,38.41188937535358
2020-09-21,2.5699041425186016,6.755147973345917,1.85720357820505,-61.956360502260125,38.37492952723913
2020-09-22,2.544123642783235,6.6564190836649555,1.835166469984418,-61.77939503498828,38.63176362441041
2020-09-23,2.5584647536962533,6.6766467586373155,1.8417246783641508,-61.68039367386828,38.916787278363586
2020-09-24,2.5061178134538418,6.532173861948572,1.8063885377726947,-61.634245100967696,38.736366017021126
2020-09-25,2.499250027974893,6.5334396648189665,1.8091421816726483,-61.746795620800384,38.14558376302979
2020-09-28,2.5107415725580693,6.519005506208039,1.813847868884132,-61.48581911509211,38.4207361393909
2020-09-29,2.507262621948412,6.566903365451926,1.8177633566119116,-61.81971193395404,37.931189603339945
2020-09-30,2.529171477847803,6.549752618110347,1.8160199376818817,-61.38523658352324,39.27002811853744
2020-10-09,2.5795024183406956,6.704665575474252,1.8531312857002076,-61.526754924562574,39.19696020705992
2020-10-12,2.644962978974577,6.904546931918467,1.909351637384701,-61.692446947570254,38.52676097931682
2020-10-13,2.6460743954986636,6.915372939668902,1.915702686108193,-61.73634569554605,38.125525149951244
2020-10-14,2.6273848259717307,6.858521953629375,1.9029956402650634,-61.69167579056334,38.06573017717314
2020-10-15,2.6307524704648273,6.825144305861931,1.899683777692713,-61.45499124164532,38.483704570033424
2020-10-16,2.634898891050092,6.799575968303255,1.8968888839624893,-61.2490704812642,38.90633833785473
2020-10-19,2.615518873541463,6.752910457366004,1.8825630395978614,-61.26827254626954,38.93393307563129
2020-10-20,2.6239971781206877,6.808282609583844,1.897597969336574,-61.45875063372143,38.27993181496039
2020-10-21,2.6273974670971447,6.752926716585607,1.8973450864999477,-61.09246290731849,38.4775751017403
2020-10-22,2.621956187917337,6.731671843529648,1.8914688066962524,-61.050445582288596,38.62011250912436
2020-10-23,2.6183713571024363,6.6505084757332416,1.8679158661811202,-60.629005035381866,40.17608632746359
2020-10-26,2.591426836301309,6.645012852364215,1.8571274916659146,-61.00192890704026,39.53952261924136
2020-10-27,2.5877232839490665,6.671355826122539,1.8603116064433696,-61.21143360669644,39.1016039993642
2020-10-28,2.5968447581066205,6.723172891966118,1.8753518012755814,-61.37471399538556,38.472405888873354
2020-10-29,2.6079302649803138,6.747325769846462,1.8894638353395485,-61.348683108868805,38.02488389578795
2020-10-30,2.569414904527699,6.655933970105885,1.8587497342711305,-61.39662869151293,38.23350487446018
2020-11-02,2.568587657105507,6.690700171785813,1.8688434727289962,-61.609583583836994,37.44263201212365
2020-11-03,2.5878241260409713,6.808313998548804,1.8913010758604998,-61.99023537115698,36.82771923891437
2020-11-04,2.5874511740303254,6.843502041475206,1.9055903020936498,-62.191124392905614,35.78213381898108
2020-11-05,2.6453550693323864,6.975072752317463,1.9338774721692338,-62.07415803005827,36.790210724420234
2020-11-06,2.6662365220983872,6.984069224773084,1.9341173704143744,-61.82402498759576,37.852881261655824
2020-11-09,2.7127459754458276,7.187327201919331,1.9719753324431533,-62.25653988980206,37.56490412508893
2020-11-10,2.680469754983511,7.14008203095216,1.9610991139995706,-62.45883810068693,36.68201346115634
2020-11-11,2.635357870289131,7.043459373211044,1.9417103082217442,-62.58432496519537,35.72353502632648
2020-11-12,2.6251456913351587,7.061356477578209,1.94312155121531,-62.823776144559,35.099406915294736
2020-11-13,2.5891386787031636,7.048632416960171,1.922689940227337,-63.26750317588885,34.66230953478784
2020-11-16,2.593298532095894,7.145463587738578,1.9414227074377595,-63.70706392590224,33.57722262960774
2020-11-17,2.5951647384734264,7.123235488148946,1.937707214088602,-63.567612740150906,33.92966283061802
2020-11-18,2.6057150305666403,7.130675781503939,1.9364743112921246,-63.457670627438546,34.559751986999544
2020-11-19,2.600093752441601,7.158556019781388,1.950851381453652,-63.678516375974326,33.279950341690004
2020-11-20,2.6230551173004275,7.211549868508045,1.9569078620513867,-63.62702657364975,34.04080836747889
2020-11-23,2.6917851124459276,7.295012302629931,1.9813486240093838,-63.10102024810143,35.85620823249827
2020-11-24,2.678736060258031,7.292690573923785,1.9691788156389938,-63.26820625248667,36.03315447961426
2020-11-25,2.640557401740649,7.191464238058936,1.9440071161895325,-63.28206170078421,35.830644844368244
2020-11-26,2.6336501954689164,7.195782590236029,1.947526890574338,-63.40008661403249,35.23049197499073
2020-11-27,2.660048905536252,7.253939750246514,1.971743866265045,-63.32959747224459,34.90844074869732
2020-11-30,2.647586590495483,7.269285060786018,1.963623310667043,-63.57844590828024,34.83169486290614
2020-12-01,2.711563901644482,7.396886510973684,2.00592077578184,-63.34182094558665,35.178015721364005
2020-12-02,2.702817579964831,7.408638752245546,2.0059391442283325,-63.51802712548764,34.740756604786306
2020-12-03,2.6719710840821325,7.369374037066632,2.0019470157410493,-63.742224636141465,33.46862145065634
2020-12-04,2.69889386932785,7.376223130312804,2.0054528554423086,-63.41089712651632,34.57777688484236
2020-12-07,2.681635325507672,7.328939109588956,1.988160704904972,-63.41032057424104,34.88020957721554
2020-12-08,2.6855916406539726,7.317620980374658,1.9832691163470892,-63.29966190027415,35.41236630561089
2020-12-09,2.6643152943477504,7.201712860202492,1.956674456101989,-63.00442205810415,36.16548660094925
2020-12-10,2.681964306977774,7.203038021251927,1.955813949805848,-62.76620643865998,37.127782897959726
2020-12-11,2.684599955608829,7.144803735136187,1.9356657829490969,-62.42584044112084,38.69129574211352
2020-12-14,2.6802244231338648,7.1998883297708,1.9535615586418626,-62.77408342499686,37.19682450125534
2020-12-15,2.6789925861688917,7.210820847320412,1.95762510238232,-62.84760580115615,36.84911288217074
2020-12-16,2.6905181319250024,7.18616988905294,1.9610957095030224,-62.55977560419763,37.19463659460196
2020-12-17,2.6909296666003417,7.2801527657275145,1.9862776620292975,-63.03745603707214,35.47600710824743
2020-12-18,2.6708451820781325,7.284579396331321,1.9793457111854773,-63.33562946100593,34.93576018504112
2020-12-21,2.693934214858365,7.378646752003183,1.9979009299421946,-63.490131654195196,34.83822818663529
2020-12-22,2.630727227580015,7.189205882905997,1.9654129674106584,-63.407262631952456,33.85111786689174
2020-12-23,2.681568426257272,7.282612891786057,1.9821784502494224,-63.17848461667144,35.283905741172994
2020-12-24,2.672159669499615,7.243464716843753,1.9793645546779997,-63.10937135807608,35.00088516712467
2020-12-25,2.703918511785094,7.323421953679099,1.9959904927454573,-63.07848258795583,35.467504560399576
2020-12-28,2.647020074822456,7.32083995327878,2.0048584145101267,-63.84267253873052,32.03027483959446
2020-12-29,2.6263582899997084,7.288919984767809,1.996355644793836,-63.96779913226922,31.55763587759599
2020-12-30,2.648424156022911,7.376198249162637,2.024373226247406,-64.09499763209908,30.82687133401345
2020-12-31,2.7047196894681975,7.5133411446229585,2.063001594175306,-64.00110633331386,31.10603971924806
2021-01-04,2.727096027011583,7.652914826462778,2.0853404753864835,-64.36526357798154,30.77461734425697
2021-01-05,2.7692885626034522,7.761529691098214,2.125239116398553,-64.32032507999575,30.304799174612906
2021-01-06,2.7698273421446813,7.790467479259352,2.1447012772008422,-64.44594179336704,29.147465504367243
2021-01-07,2.811633321953037,7.866387562072414,2.182700644597879,-64.25763033200582,28.814426701698558
2021-01-08,2.8429351797479763,7.886974453570766,2.1754854079715136,-63.95404604790041,30.680498675411137
2021-01-11,2.8278684219494012,7.795395912230173,2.1540005407607343,-63.723864011669164,31.284480594915507
2021-01-12,2.878508892806771,7.97086914737077,2.2154375312491252,-63.88713903607035,29.929589627552588
2021-01-13,2.8729095746662474,7.986800730947197,2.2081608553362155,-64.02928191842425,30.10418003396844
2021-01-14,2.8222716708263444,7.905456417802432,2.1655987895827193,-64.29969983174124,30.322924283225916
2021-01-15,2.8244200413512397,7.8825554483254585,2.1606998378113715,-64.16872599416665,30.717834653617015
2021-01-18,2.8091475788171927,7.995130500314458,2.1846260457445608,-64.8642685856509,28.587113766639337
2021-01-19,2.7916660035171064,7.900041908218986,2.1525615867487526,-64.66264311063041,29.690412608991256
2021-01-20,2.8187265769334857,7.96821851026175,2.167965033445223,-64.6253855450446,30.017160491472694
2021-01-21,2.953789097421034,8.078746373795422,2.2030138107757096,-63.43753150857571,34.079463459240266
2021-01-22,2.9547950905885814,8.039978477485615,2.2049166472359674,-63.2487189006425,34.00937828160735
2021-01-25,3.0094193826583586,8.065242115995531,2.2271437342814226,-62.68655869995675,35.12461438099923
2021-01-26,2.962339771857871,7.94068145782219,2.182427889002331,-62.6941366733741,35.73597491058762
2021-01-27,2.9770025618741665,7.973221228431001,2.1883800574093155,-62.66248638306011,36.03681644761703
2021-01-28,2.8694339589752076,7.770426300841955,2.1286585768966937,-63.07237405154601,34.800103225500244
2021-01-29,2.8550513505685036,7.716302696227848,2.118691279857141,-62.99974919381779,34.75542084456087
2021-02-01,2.894469550531243,7.7824769111754755,2.144693636877193,-62.80786202687161,34.95958120833382
2021-02-02,2.951211922856811,7.884294624125315,2.177726398030779,-62.56847234213778,35.518030434193236
2021-02-03,2.9744226082538043,7.818232283353839,2.1714357197402636,-61.955305234576045,36.979537603332325
2021-02-04,2.9410738014454463,7.745989848341937,2.16698085683261,-62.0310139952611,35.722186569949564
2021-02-05,2.895165214498036,7.682118750840127,2.170728376201622,-62.31293334040928,33.37298421297863
2021-02-08,2.975079184252327,7.794014794024157,2.202852493061362,-61.828669012363356,35.05576036631402
2021-02-09,3.0184402045365575,7.99140777197212,2.25102548582364,-62.22893023776126,34.091782769492916
2021-02-10,3.0409022056524626,8.085696828144988,2.2991115847496006,-62.39158763574242,32.26422874919537
2021-02-18,3.124162992539573,8.180692879353442,2.2835389029049495,-61.81053318326638,36.81233932845389
2021-02-19,3.0870209269106224,8.227735079199368,2.2876799583226313,-62.48030719031104,34.941118650796014
2021-02-22,3.0706343440394512,8.124801058156851,2.215825564681281,-62.2066519283361,38.57744007394932
2021-02-23,3.1227531343258335,8.094027325612766,2.2088326495969466,-61.41904383687731,41.37572327607766
2021-02-24,2.990488560015052,7.95612711904496,2.152579361387708,-62.41276043897568,38.92582144275356
2021-02-25,2.9666926234154656,7.979223974835952,2.1652433363907857,-62.81978507218856,37.01428257761572
2021-02-26,2.8888161743580065,7.805459736466714,2.1126725654187903,-62.98980108933747,36.73752486038284
2021-03-01,2.982914673690584,7.950678229755377,2.1451430700087246,-62.482261418566296,39.05434632285165
2021-03-02,2.988518394757081,7.8756262990728745,2.1177671173929826,-62.05357794707842,41.11647924895594
2021-03-03,3.0837030444430216,7.990748998932126,2.1583765856145805,-61.40908637156387,42.87140923394339
2021-03-04,3.0071354204815903,7.794875224279499,2.090481938156136,-61.42163493374524,43.848907067523804
2021-03-05,3.0193109341118745,7.78943040256977,2.0833918761586703,-61.23836046964628,44.92285242461629
2021-03-08,2.913527274979701,7.5744865035066145,2.0110379320296254,-61.53498625113556,44.87679364850392
2021-03-09,2.8637962622902267,7.407793006944155,1.9678779416730596,-61.34076290191061,45.527128570559164
2021-03-10,2.8153788855800186,7.402643552242616,1.9807883863913593,-61.96792584012633,42.134258506489594
2021-03-11,2.9008974039135484,7.601452675934987,2.030115384721969,-61.83759173957187,42.8932279290537
2021-03-12,2.9197804646665113,7.638750105462194,2.0373056022574216,-61.77672493070978,43.31578244477754
2021-03-15,2.954098329320607,7.502835188838051,1.9934293612491523,-60.62690629649694,48.19177377168087
2021-03-16,2.94361530775723,7.540302642859421,2.0107757857954143,-60.961576117308766,46.39202085839753
2021-03-17,2.8908263419004454,7.580239344742561,2.0192853249176324,-61.86365350184568,43.16086519463829
2021-03-18,2.9044141509599717,7.630429287851011,2.0354804358230663,-61.93642531247474,42.689367082299846
2021-03-19,2.8707230244320625,7.494596614662211,1.982165465657936,-61.69609690779269,44.8276177831193
2021-03-22,2.940112867715497,7.598815783456141,2.0019833171751737,-61.30827550634138,46.8600083972746
2021-03-23,2.8588973530526918,7.496251572977714,1.9830186483277819,-61.86230777848534,44.16895955383533
2021-03-24,2.8486725238902504,7.355294204874644,1.9511269873253794,-61.27044759131017,46.00139008867043
2021-03-25,2.8233788547037797,7.367822697260877,1.950201280961623,-61.67960372128087,44.77371552702512
2021-03-26,2.8968497908620905,7.524193700053826,1.9943975842325918,-61.49953195860219,45.24936320441573
2021-03-29,2.885178042836917,7.547868226602409,1.997915854304969,-61.7749282814964,44.40938724321835
2021-03-30,2.9042461113326206,7.605478941345765,2.016859027319504,-61.81376434369925,43.9984685093481
2021-03-31,2.9246731788721054,7.5631894905171215,1.998503090372364,-61.33016126940731,46.343190208786524
2021-04-01,2.9709560665160755,7.645257057178814,2.0232118574656086,-61.139880002774014,46.84354757774432
2021-04-02,2.9257606595694003,7.701132027143438,2.0433142615548046,-62.008693666629085,43.18701310992281
2021-04-06,2.961008494933366,7.711868298490283,2.0349158040292643,-61.60452460640402,45.51012327244097
2021-04-07,2.92159976688631,7.717824703381725,2.0204272959865373,-62.14477680989372,44.603063554422384
2021-04-08,2.9069502511222773,7.7264077677549015,2.0237786665537145,-62.37643237968835,43.639731911618206
2021-04-09,2.863855130588686,7.644242189740524,1.9933475345704885,-62.53578759667874,43.670638507387416
2021-04-12,2.8611423707387122,7.497654746563178,1.9586725392912583,-61.839502251684486,46.075585037507636
2021-04-13,2.8442266033890062,7.472828342175159,1.9554651472583344,-61.939088211932344,45.45013023508817
2021-04-14,2.8415231559724683,7.555549874665027,1.9716895922561197,-62.39157701148195,44.116151301536036
2021-04-15,2.8319556377382544,7.541487548380021,1.9591587489029438,-62.44831514246041,44.5495746234982
2021-04-16,2.826091769513031,7.585653015134934,1.9659705131011787,-62.7442520258388,43.75046577148669
2021-04-19,2.8496859775693304,7.758575324888183,2.0138058273104784,-63.270499308964304,41.50748492843546
2021-04-20,2.8400263271347064,7.734961788112596,2.012360460177092,-63.28325329933272,41.12910600940638
2021-04-21,2.862861936566597,7.737946781263998,2.0184487688588355,-63.00230516577749,41.83475849055929
2021-04-22,2.8406525576976587,7.753509128313548,2.0146874335677847,-63.36300750166881,40.99718449462817
2021-04-23,2.8093269778646026,7.785651025580683,2.032980624851799,-63.9166080185944,38.1875923224501
2021-04-26,2.8427822567473924,7.723158136143754,2.009934479276318,-63.19145346197948,41.43656353270497
2021-04-27,2.856487405585708,7.699693465851585,2.015192565846332,-62.9012840802776,41.74761528985955
2021-04-28,2.9062864201697427,7.759533642855447,2.026563030096941,-62.545604492021354,43.409623930163185
2021-04-29,3.008586083091487,7.8196151511381435,2.044348397174905,-61.52513870642869,47.16601569718091
2021-04-30,3.0580999292746607,7.746763589218924,2.028244257584212,-60.52416090855566,50.77572229476357
2021-05-06,3.0716616972195996,7.727818839012465,2.0035558778830875,-60.25189304758436,53.31050813841283
2021-05-07,3.033113052135851,7.6547527466096215,1.977795833925495,-60.376080684261794,53.35824861739042
2021-05-10,3.09341306852117,7.672635344604251,1.9763585425746182,-59.68252198123034,56.52084385919955
2021-05-11,3.0838498433521013,7.688372166689979,1.9884870615275696,-59.8894307339473,55.08523555506901
2021-05-12,3.111534854885682,7.726095934004695,1.9969937899607766,-59.726945129027555,55.81094295474982
2021-05-13,3.137102571113331,7.647204999532499,1.976576984574071,-58.97713515846491,58.71390770996654
2021-05-14,3.151692702880095,7.821641722691564,2.023137948220778,-59.70548364882734,55.78239267627843
2021-05-17,3.1659502261057777,7.926581327001443,2.052588901895477,-60.05907092227578,54.24180765969062
2021-05-18,3.1928789164395925,7.948541200687919,2.0536245022408357,-59.83063010149259,55.475302956097686
2021-05-19,3.186574312682081,7.938852805290203,2.047556066318013,-59.86102286014614,55.62818352575274
2021-05-20,3.125763985135583,7.9301756050259895,2.0531536920379554,-60.58392473485033,52.242084811145205
2021-05-21,3.099617245660261,7.8838020951558,2.032463972707026,-60.68372584384354,52.505396763904265
2021-05-24,3.130838649247996,7.924190806515919,2.0409511450786657,-60.49011532289752,53.40095997875159
2021-05-25,3.16947878038047,8.112576954584242,2.105434882867509,-60.931294727633166,50.5379627824813
2021-05-26,3.1425784711737963,8.12097323198335,2.1062720327338433,-61.302932771688276,49.20097795225793
2021-05-27,3.135524081777488,8.191084809920453,2.1132552885489018,-61.72028303284118,48.37412681600539
2021-05-28,3.123005706231759,8.184408993101107,2.1064683455057334,-61.84201316351323,48.25789871919339
2021-05-31,3.1227511905204217,8.23807225520344,2.1106174767059254,-62.09366592350548,47.95438893996793
2021-06-01,3.149424991648574,8.254929922008069,2.1146198186828533,-61.847949995892215,48.935754967541946
2021-06-02,3.098223223667051,8.171270540026628,2.0941507978200193,-62.08394755147888,47.94651974882882
2021-06-03,3.104302509755288,8.134027727988709,2.0804187609928673,-61.835604529923515,49.21527184622092
2021-06-04,3.0867015668823536,8.17073187524884,2.0911040109323977,-62.222459211607074,47.61109685338087
2021-06-07,3.2469073620359357,8.201287520311727,2.089263167979052,-60.409785000288316,55.40920894023491
2021-06-08,3.2561417665744132,8.165083391482993,2.0712468097690095,-60.1211449968668,57.20684523046029
2021-06-09,3.23093961377774,8.188264867086225,2.072962042634594,-60.541828260039395,55.86101179505607
2021-06-10,3.2404287716793325,8.249609211435658,2.0868242024867913,-60.720214877724985,55.28039054836691
2021-06-11,3.289645705857862,8.205069385558424,2.068312014982957,-59.907155548886635,59.04977982178232
2021-06-15,3.249978202990729,8.134256677458254,2.045294728453797,-60.04578744119169,58.900238570880646
2021-06-16,3.2589719858952604,8.02197542967128,2.0112225269994437,-59.374445677792295,62.03935378335994
2021-06-17,3.4051095475049995,8.105841301541984,2.019694775008308,-57.99190459283676,68.59525457211684
2021-06-18,3.5752174389140725,8.156926104597785,2.0199217282491317,-56.16954974130706,76.99782070333345
2021-06-21,3.597498227737389,8.166886323011411,2.015139479452483,-55.95018608743329,78.5235346942255
2021-06-22,3.5976232644298634,8.212848433760428,2.0277174711241344,-56.195182542987524,77.42231428500727
2021-06-23,3.7000352212184846,8.305373493787396,2.0377074911987876,-55.45010439342442,81.57832943146055
2021-06-24,3.731192519056995,8.302768549537973,2.0411040703131516,-55.06086317118131,82.80265927276042
2021-06-25,3.759479482895364,8.407365534631035,2.074355154704683,-55.2835015034189,81.23605663035967
2021-06-28,3.731103107949723,8.426689698512124,2.0790232736926293,-55.72278983277962,79.46422991806024
2021-06-29,3.680517860713698,8.344217526870874,2.0547896318037036,-55.89139606126841,79.11896204590651
2021-06-30,3.692097287417063,8.415328981641167,2.0680499479230843,-56.126524637697216,78.53037307561108
2021-07-01,3.688510691269039,8.338036481339133,2.0702760136195746,-55.76283817510181,78.1651657558558
2021-07-02,3.6755176181233917,8.192475587603438,2.0114704614399246,-55.135446193027974,82.72789427353797
2021-07-05,3.7436508237452752,8.25214731558441,2.0133212407727306,-54.63422209301467,85.94403853348453
2021-07-06,3.727461079218451,8.269645982064086,2.012257098078404,-54.925989730359845,85.23781492822032
2021-07-07,3.722654901865491,8.363640505123488,2.0349744326268,-55.49001777892022,82.93374315569105
2021-07-08,3.7080809812790165,8.337485772392377,2.0142967477952967,-55.52518969738509,84.08811836377204
2021-07-09,3.7334740904393358,8.355479531423258,2.006846244622583,-55.31705778946021,86.03687753575116
2021-07-12,3.752324459272922,8.44329024047839,2.0318941154068964,-55.55850441710839,84.6712597285859
2021-07-13,3.747947061151595,8.467983388802637,2.0356114693530047,-55.739792001628494,84.11897936214889
2021-07-14,3.721460320940343,8.373911730437381,2.0122494181675865,-55.558878087840014,84.94031044765885
2021-07-15,3.7821692097613075,8.441053125130097,2.0393182139377766,-55.19315950634992,85.4624346466367
2021-07-16,3.8143046140345342,8.420271392507406,2.0168762873252626,-54.70093021670763,89.11941391769656
2021-07-19,3.753980919506551,8.416826515679329,2.02428771796201,-55.39909355962811,85.44700371377753
2021-07-20,3.833877819327855,8.406403789200585,2.0225061370009048,-54.393365873608104,89.56075085205737
2021-07-21,3.856785503176321,8.486807453443378,2.0363809251600657,-54.55552014896372,89.39410871142223
2021-07-22,3.9593752542474534,8.567411939968066,2.039432660443832,-53.78563232408069,94.1410143635629
2021-07-23,3.9374806037389867,8.534537445587581,2.014681376730904,-53.86415926062058,95.4393706725024
2021-07-26,3.960301527823724,8.376793935057469,1.9497864470159436,-52.722944380312555,103.11463000908532
2021-07-27,3.8930661591842353,8.19896820278187,1.8809103148723894,-52.51760876614527,106.97776647837465
2021-07-28,3.7559531396375636,8.119169811113771,1.8845402999361507,-53.73968980798629,99.30341313289068
2021-07-29,3.8588061202457653,8.295037968837246,1.9200864108728584,-53.48054903735815,100.970440621554
2021-07-30,3.840658594293107,8.308135173150443,1.9046058087836852,-53.772314553751656,101.65110158651775
2021-08-02,3.847694743990472,8.504109384981476,1.9531264164784017,-54.75487708582839,97.00182801930892
2021-08-03,3.870115089133103,8.4338236068385,1.953412354601281,-54.111974952914,98.12074393903627
2021-08-04,3.855347027281328,8.533127660225476,1.9709849406449826,-54.81906305876765,95.60509813026319
2021-08-05,3.827315980662392,8.49589167672875,1.9590384830830219,-54.95097952877786,95.36706469590035
2021-08-06,3.8089948250774364,8.493785946326707,1.9483081433578122,-55.1555119337013,95.50268975998956
2021-08-09,3.7673224324674863,8.581473922633643,1.9736431398800798,-56.099354651289325,90.88164199209751
2021-08-10,3.7645470283061546,8.74757936328638,1.9964395300052977,-56.96469992480468,88.56303793464583
2021-08-11,3.795902408076638,8.763733448361887,1.9854313675268878,-56.68624073925746,91.18779274676851
2021-08-12,3.8789308403514875,8.756469616862582,1.9688088339559786,-55.70211500669493,97.01917085354862
2021-08-13,3.910829615308175,8.690112306828656,1.9579746174988797,-54.99678856583866,99.73852471611077
2021-08-16,3.9008156518108277,8.682833341147004,1.9560287893729087,-55.07439221106218,99.42526781834363
2021-08-17,3.8906027262982574,8.519074909556489,1.9149910671552828,-54.33069003849379,103.1655809276303
2021-08-18,3.929306304077473,8.62951780167162,1.9374904347502555,-54.46667595591113,102.80390724013895
2021-08-19,3.9590542851813493,8.618048780972785,1.9247833493199566,-54.060897242514095,105.68830702843096
2021-08-20,3.892552813425784,8.541047852982327,1.888018111921641,-54.42534826606084,106.17137032991226
2021-08-23,3.892552813425784,8.675811139091214,1.9143872836511768,-55.13326937366313,103.33152265835106
2021-08-24,3.892552813425784,8.756708000124263,1.9351752979231431,-55.547760489780565,101.14729748789814
2021-08-25,3.892552813425784,8.797970796568027,1.9390417767354966,-55.75624307659424,100.7462067155227
2021-08-26,3.892552813425784,8.691611048886578,1.9008212358243348,-55.21482966124638,104.78268761226718
2021-08-27,3.892552813425784,8.756986953605187,1.9108897968426117,-55.54917651415195,103.70367877087942
2021-08-30,3.892552813425784,8.76222753770681,1.9054374560335052,-55.57576202312915,104.28656952765061
2021-08-31,3.892552813425784,8.825343429194417,1.9024049205267834,-55.89346924960292,104.61221327938537
2021-09-01,3.892552813425784,8.889483112720088,1.9276808529926561,-56.21170810419929,101.92931871386976
2021-09-02,3.892552813425784,8.965302017838148,1.9276620886744718,-56.58202249426934,101.93128434156424
2021-09-03,3.892552813425784,8.920740353175114,1.9172313050583343,-56.36513720478001,103.02990062575405
2021-09-06,3.892552813425784,9.077040419886975,1.9531225369358232,-57.11649796229228,99.29895538109228
2021-09-07,3.892552813425784,9.193531671054384,1.976519820701798,-57.65987486961737,96.93973076595128
2021-09-08,3.892552813425784,9.223747654080187,1.968326464299702,-57.798576463614694,97.75951215545382
2021-09-09,3.892552813425784,9.272062084166745,1.9674875725979246,-58.01847767960025,97.84383228840173
2021-09-10,3.892552813425784,9.30691607011571,1.9847113956812823,-58.175696609914866,96.1268939099131
2021-09-13,3.892552813425784,9.312389516983485,1.9760568091712438,-58.20027924812708,96.98587587966747
2021-09-14,3.892552813425784,9.16212784230717,1.9465651202994738,-57.51475115364055,99.97033609781958
2021-09-15,3.892552813425784,9.125315938115623,1.9268336875725236,-57.34336389201671,102.0181003960817
2021-09-16,3.5034507218830253,8.981236294170072,1.903231461031781,-60.991442523818286,84.0790672924108
2021-09-17,3.3242186560936444,9.022223141883508,1.9223292615290755,-63.15521569554452,72.92660121343968
2021-09-22,3.2295473598048945,9.060817111399137,1.9088012569718005,-64.3569965037491,69.19243677198637
2021-09-23,3.2393515069933736,9.133198239607973,1.92124279167134,-64.5321231182165,68.60708709154744
2021-09-24,3.1918626690491787,9.047745435609764,1.9197511471371997,-64.72201067365611,66.2643970188009
2021-09-27,2.946758989337205,8.951611117707277,1.9308126335324753,-67.08124436384206,52.61755274234081
2021-09-28,2.909074298581489,9.002887211678425,1.9333692520914947,-67.6873181882377,50.46656480310156
2021-09-29,2.9412441565436853,8.843882676158861,1.9136152942652893,-66.74261448003347,53.70091184774641
2021-09-30,3.112203973142787,8.93496496031383,1.9264631120819695,-65.16825766003367,61.55014615251895
2021-10-08,2.961158830520283,8.978494187295562,1.9516240438214176,-67.01942699132913,51.72793345598083
2021-10-11,2.9384867401469252,8.974677698260361,1.9540985981787573,-67.2580248679402,50.37556154462366
2021-10-12,2.8000031611096605,8.834809433708818,1.9333727753495498,-68.30714706277223,44.82479513571435
2021-10-13,2.90202756778977,8.885704284304637,1.955649267182123,-67.34048900416596,48.392025936801765
2021-10-14,3.005162356585771,8.887834790021698,1.9451600133171285,-66.18791384421723,54.49435193051264
2021-10-15,3.0448399883433215,8.937916502751788,1.9524820957130706,-65.93344782975001,55.947140054634325
2021-10-18,3.1341881227864135,8.946883267796368,1.9297855444284868,-64.96893913808302,62.411213610505875
2021-10-19,3.134784808496378,9.006605732480795,1.9487667607125896,-65.19460380960933,60.85992801673748
2021-10-20,3.1523433492459842,8.985674106119196,1.9438030839196567,-64.91812064384513,62.174006992998486
2021-10-21,3.142074091241328,8.992386401893814,1.950861872053482,-65.05850670985845,61.06081810569053
2021-10-22,3.07628771089279,8.96660508736927,1.9634148842213905,-65.69172299975409,56.68047215159617
2021-10-25,3.0718406018058473,9.057442442208261,1.971252391559862,-66.08490066146186,55.831927710438144
2021-10-26,3.098810992721681,9.060258914455757,1.9647501594373287,-65.79776558286332,57.72035837926224
2021-10-27,3.024364545023286,8.962894356194655,1.9390446270116761,-66.25683150071926,55.97188960443016
2021-10-28,2.978659240709055,8.851934272442772,1.92557453848289,-66.35018800374502,54.689376140996494
2021-10-29,3.0720684066289246,8.947568935841359,1.943243123411817,-65.66588725208797,58.08976085479161
2021-11-01,3.136272999723703,8.970596505554754,1.9360837838683125,-65.03830043206528,61.99056186800975
2021-11-02,3.114683767364933,8.905491195954678,1.9159579045878015,-65.02513226019718,62.56535490194002
2021-11-03,3.114467012140548,8.902307661747578,1.9085417234907538,-65.0150597971003,63.18569166222561
2021-11-04,3.1199887655676988,8.970249187240318,1.9273970921640808,-65.21848278188627,61.875763860605204
2021-11-05,3.1144680933553732,8.895241088131327,1.9169476234040974,-64.98725484224457,62.470171606709336
2021-11-08,3.1049091478528554,8.926136046602922,1.919257020091681,-65.21552963519403,61.77662060626654
2021-11-09,3.095846745348187,8.956441704023591,1.9186889046269928,-65.43441192770328,61.352199300388534
2021-11-10,3.0863958517973478,8.901441917599454,1.9085736307491012,-65.32701240576438,61.71217091509118
2021-11-11,3.139228952202283,9.00783143430849,1.939238010333048,-65.15000335990109,61.879508109638714
2021-11-12,3.1225495349419217,9.02549446576521,1.935169241086261,-65.40300870178217,61.357956123215
2021-11-15,3.116081979580491,8.991286026533459,1.932795119377093,-65.34331161988538,61.22153602005944
2021-11-16,3.089777522479342,8.935088301919075,1.9331683867951506,-65.41973153398249,59.829714968681216
2021-11-17,3.112639396897075,8.988839825285549,1.93413185931829,-65.37217864155016,60.93211959158593
2021-11-18,3.0926916522388224,8.939154713184339,1.9150762191561566,-65.40286244651948,61.4918310458453
2021-11-19,3.1132964211516656,9.045024188098195,1.9358353347946324,-65.58000999877628,60.824444372586406
2021-11-22,3.1544125097988696,9.131329070223487,1.9446797021936488,-65.455056043428,62.207303662428885
2021-11-23,3.17329845441203,9.145689190132146,1.9450544739241344,-65.3027957932804,63.14702220189863
2021-11-24,3.173586535061532,9.144453721539422,1.9463656801412204,-65.29495766831575,63.051916062929635
2021-11-25,3.1290122446738593,9.117291232664327,1.9383626192613004,-65.68046182989512,61.42553584046668
2021-11-26,3.122150311637679,9.043941944329738,1.923986499191833,-65.47799255174158,62.27506341386142
2021-11-29,3.1103602628535194,9.035486657783295,1.92054102992355,-65.57617336334384,61.95229439994478
2021-11-30,3.1332962324822518,9.054878069119171,1.9128623067205996,-65.3965938738803,63.80145196409652
2021-12-01,3.1526529263077254,9.099521979976332,1.9175434894743704,-65.35364238643308,64.41102606605907
2021-12-02,3.1670517907324385,9.105688432177521,1.9224174617419747,-65.2189747725085,64.74318683428176
2021-12-03,3.1846715834538424,9.213484005366364,1.940174088535125,-65.43466530577422,64.14359939516257
2021-12-06,3.182868479274904,9.175902259853908,1.93685011228901,-65.31274648379288,64.33220408126074
2021-12-07,3.152832338547605,9.190156175017707,1.9485206472818906,-65.6933758414445,61.80646291563201
2021-12-08,3.177405183325707,9.313531976648779,1.9777471812945926,-65.88399340559295,60.65780365546232
2021-12-09,3.199413023351617,9.395090562765391,2.0105096412571193,-65.94590544947458,59.13442829108282
2021-12-10,3.1897371967952344,9.365597027958048,2.001177797457004,-65.94197692604887,59.39299350855238
2021-12-13,3.1641869273714227,9.43697431075373,2.0125327831244695,-66.47032382226863,57.22411847915356
2021-12-14,3.1137784226104976,9.36706978510978,1.9990314207320428,-66.75824463739698,55.76435619357278
2021-12-15,3.104655746047604,9.329635934450945,1.9816937449501661,-66.72264847352464,56.666778303106426
2021-12-16,3.1027379159474395,9.396178662472558,1.9931079134355338,-66.97872584799309,55.673352909388065
2021-12-17,3.105349277520472,9.283394964933612,1.9614491833364984,-66.54942195985002,58.31912974865639
2021-12-20,3.095372009354163,9.149915950274773,1.9320192504486262,-66.1704869621102,60.21434613735859
2021-12-21,3.1174250792983087,9.244419969383138,1.9451097376122888,-66.27776442845523,60.269881900087064
2021-12-22,3.0976424566791634,9.268531401055336,1.945493376868667,-66.57892903803014,59.22143418781083
2021-12-23,3.1429882061205068,9.329841942445922,1.9590656398810689,-66.31252463322505,60.43302185174926
2021-12-24,3.111464293529953,9.259945773368411,1.9482211307599868,-66.39867695037137,59.70796355730901
2021-12-27,3.1029052336476175,9.249116616664121,1.9474210344839913,-66.45187467895997,59.33407202155414
2021-12-28,3.1403811867802243,9.28806325144797,1.961926010789091,-66.1890632980923,60.066239476439584
2021-12-29,3.083449876644514,9.206935205844086,1.9332316470914754,-66.50948651525972,59.49717568939701
2021-12-30,3.1046334409753045,9.283564602902956,1.9482868454608009,-66.55774399410663,59.351968536286506
2021-12-31,3.0934664704663066,9.349774907997752,1.9557539356573947,-66.91400059460074,58.17258061283095
2022-01-04,3.1371444622293834,9.324595082591957,1.9468040684525536,-66.35623923138385,61.1433072832537
2022-01-05,3.033850148618457,9.216019240247645,1.9271509787333811,-67.08068777277278,57.42669786113246
2022-01-06,3.003104473040653,9.183924293631334,1.9074015734316296,-67.30042216132836,57.444793737782796
2022-01-07,2.9772947433808254,9.164966231882634,1.9090393342071585,-67.51439483733657,55.95774744040689
2022-01-10,3.0444696116575507,9.20840300391919,1.9176203281697195,-66.93813671749821,58.762898313836565
2022-01-11,2.961296712897257,9.120059720608037,1.8993027116023309,-67.52985393060752,55.91494156289514
2022-01-12,3.0119496585593186,9.196625806872099,1.9182274369960353,-67.24940514260496,57.01733801055751
2022-01-13,2.9328058075968486,9.056376911922406,1.88669245638781,-67.61612468076598,55.446946197680134
2022-01-14,2.9130088616570196,8.977944524662934,1.8711792740584139,-67.5537217493958,55.67770026326628
2022-01-17,2.9878721266532198,9.057931791251747,1.8872296938605493,-67.01374888317287,58.320533868941915
2022-01-18,3.0258477847674285,9.169150127343464,1.905467898566593,-66.99969198078674,58.79815068223675
2022-01-19,2.957053600331122,9.109385257688482,1.8924164839388962,-67.53838468040072,56.25807666694376
2022-01-20,2.933146844038755,9.123328865368768,1.9094907071099794,-67.85003711558964,53.60885670284736
2022-01-21,2.8803759097096435,9.018983783816802,1.8919951972846416,-68.06318784076271,52.24012797936848
2022-01-24,2.8927563647001806,9.050531095289355,1.894933950787611,-68.03771696662298,52.65737169877791
2022-01-25,2.8580940846372624,8.813965831494029,1.8520663512624989,-67.57312044000973,54.31920582591354
2022-01-26,2.8073156880466676,8.896964724014119,1.8654704875674564,-68.44636597839553,50.48834633172687
2022-01-27,2.650161185870171,8.701882377885688,1.8288783252727305,-69.54496658556208,44.90636961728809
2022-01-28,2.6684937298233864,8.614765102614498,1.8066681419485087,-69.0241846639147,47.70248436137201
2022-02-07,2.7140533788691514,8.780090202785196,1.8345050079748397,-69.08854788293397,47.944724439061034
2022-02-08,2.7433417246842864,8.817575322866336,1.8244827243573167,-68.88779937529917,50.362713116433724
2022-02-09,2.8084269376068076,8.923489208102573,1.8416192181454965,-68.52770399434402,52.49769930370747
2022-02-10,2.8084269376068076,8.935850667626458,1.8367902169020633,-68.5712413728957,52.89862237743785
2022-02-11,2.779138591791673,8.83563487763521,1.821562141364994,-68.54624902137776,52.5689697145943
2022-02-14,2.834461022775816,8.722405620002787,1.8018843492522623,-67.50367792715754,57.30538000133292
2022-02-15,2.951614406036355,8.817776749098854,1.821050358442028,-66.52654642976758,62.08307432868381
2022-02-16,2.951614406036355,8.844938411087892,1.8281312362162474,-66.62933907672831,61.45527999102642
2022-02-17,2.951614406036355,8.867208001367635,1.8325553398934598,-66.71314797644182,61.065499184758835
2022-02-18,2.951614406036355,8.92236422455536,1.8412925844127155,-66.91892045929735,60.30121616862858
2022-02-21,2.951614406036355,8.938043016321602,1.8345937624081081,-66.9769500924703,60.8865388358256
2022-02-22,2.951614406036355,8.859114092371742,1.8107775672180282,-66.68273627294312,63.00259399452586
2022-02-23,2.951614406036355,8.9681306996866,1.830133238535264,-67.08774096992697,61.2786623338234
2022-02-24,2.951614406036355,8.812932304799169,1.7930291349688954,-66.50814616573165,64.6160872945078
2022-02-25,2.951614406036355,8.869357009760433,1.8104893726265063,-66.72121324253607,63.02854082785363
2022-02-28,2.951614406036355,8.905149195617353,1.813743912977906,-66.85496962264277,62.736006164741845
2022-03-01,2.951614406036355,8.947696623685763,1.8288029908898094,-67.01257843026292,61.395974347145966
2022-03-02,2.951614406036355,8.91448453790369,1.8125384045024908,-66.88967944824715,62.84424091121645
2022-03-03,2.951614406036355,8.884487791697515,1.801860794886609,-66.7778888863507,63.809236230266045
2022-03-04,2.951614406036355,8.805843384961467,1.7800093900765301,-66.48118440219942,65.82015929193791
2022-03-07,2.951614406036355,8.581146590397536,1.723141392304496,-65.6034962817292,71.29264140587574
2022-03-08,2.951614406036355,8.366829177354223,1.6885475507220542,-64.72242538397657,74.80197136137446
2022-03-09,2.951614406036355,8.268698823898967,1.673090859283057,-64.30376206827944,76.41686281766931
2022-03-10,2.951614406036355,8.38036627279353,1.6994128035197789,-64.77941047017677,73.6843690904911
2022-03-11,2.951614406036355,8.420912062551436,1.7048300305098358,-64.94899383687364,73.13247380758912
2022-03-14,2.951614406036355,8.18449090904758,1.6526683929311612,-63.936493560357185,78.59689328246861
2022-03-15,2.951614406036355,7.786255013198086,1.5770783956587169,-62.091989010978665,87.15711369589332
2022-03-16,2.951614406036355,8.084253438916425,1.645274816107707,-63.489338522865815,79.3994764363505
2022-03-17,2.951614406036355,8.20350035379329,1.6775837258731094,-64.02006120873108,75.9443871870042
2022-03-18,2.951614406036355,8.259681158965424,1.6887497223949808,-64.26479001755968,74.78104463285315
2022-03-21,2.951614406036355,8.256937914659536,1.685916943743866,-64.25291752774356,75.07472221506903
2022-03-22,2.951614406036355,8.262655939965304,1.6845508301231484,-64.27765566565817,75.21670188014322
2022-03-23,2.951614406036355,8.287359183731857,1.692952177512038,-64.38413805171623,74.34718152370061
2022-03-24,2.951614406036355,8.229007560151535,1.6829717375323225,-64.13158713902067,75.3811035688689
2022-03-25,2.951614406036355,8.104173143723624,1.6525957504757434,-63.579080139443114,78.60474379089106
2022-03-28,2.951614406036355,8.097259228353797,1.6422603719372937,-63.547981819566516,79.72877239645506
2022-03-29,2.951614406036355,8.06006912250417,1.6365906183951329,-63.37978792520178,80.35141915519199
2022-03-30,2.951614406036355,8.238121406261264,1.684077327992765,-64.17126841814903,75.26596653102354
2022-03-31,2.951614406036355,8.1640922831919,1.6716065383752128,-63.84638605674399,76.57351405823638
2022-04-01,2.951614406036355,8.245013040766546,1.6928099012260591,-64.20121603880519,74.36183495255881
2022-04-06,2.951614406036355,8.215171160385074,1.6879339891871652,-64.07117577452881,74.86551162215311
2022-04-07,2.951614406036355,8.091662627211589,1.6662634581530018,-63.52276976909145,77.13971890784441
2022-04-08,2.951614406036355,8.125848540361261,1.6748408496831686,-63.67623157906988,76.2325301890454
2022-04-11,2.951614406036355,7.8763005349185,1.623101765548162,-62.52537097904306,81.85023691595339
2022-04-12,2.951614406036355,8.023057946319994,1.65473286380312,-63.210855190318085,78.37407297589864
2022-04-13,2.951614406036355,7.934995729560446,1.6388046891793664,-62.80257095740293,80.10775936419732
2022-04-14,2.951614406036355,8.035923508637715,1.6593232731779952,-63.26975483447919,77.88061276229301
2022-04-15,2.951614406036355,8.005692807880349,1.65820643996151,-63.13105590148358,78.0004186996685
2022-04-18,2.951614406036355,8.020438567818335,1.6493536404954616,-63.19884029933749,78.95582448586936
2022-04-19,2.951614406036355,8.00137633536322,1.6368905307887276,-63.11116635032806,80.31837502377964
2022-04-20,2.951614406036355,7.880751406690755,1.6115100881962587,-62.5465358096382,83.15829529432588
2022-04-21,2.951614406036355,7.702427238650939,1.5818359816489762,-61.67942501001382,86.59421332415644
2022-04-22,2.951614406036355,7.7249576158609905,1.5887319873431947,-61.79118963738961,85.78428769299735
2022-04-25,2.951614406036355,7.315424234833619,1.5102159440490825,-59.6521772178058,95.44320252126978
2022-04-26,2.951614406036355,7.174600472501083,1.498025906635249,-58.86022619169739,97.03360222027435
2022-04-27,2.951614406036355,7.446138879032906,1.542132465793721,-60.36047065483009,91.39824052126333
2022-04-28,2.951614406036355,7.466321755140997,1.5522553799952619,-60.46762378002265,90.15005160074656
2022-04-29,2.951614406036355,7.71480179604141,1.5899161187472606,-61.74089128834294,85.64592001004523
2022-05-05,2.951614406036355,7.747451264080829,1.587528695749253,-61.90212360907908,85.92510572813966
2022-05-06,2.951614406036355,7.572206603296804,1.5473892063999828,-61.02041900505891,90.74802860382599
2022-05-09,2.951614406036355,7.561621808705431,1.5349673069363492,-60.9658552000278,92.29167896269404
2022-05-10,2.951614406036355,7.661064735072781,1.5517649345564755,-61.47253014944907,90.2101497660136
2022-05-11,2.951614406036355,7.76341706549756,1.5741533393162785,-61.98047353202214,87.50488483659198
2022-05-12,2.951614406036355,7.746438119096933,1.5671531006056485,-61.897140845159825,88.34244113709515
2022-05-13,2.951614406036355,7.816405663906169,1.5789739084926795,-62.23821366301354,86.93243695546724
2022-05-16,2.951614406036355,7.784404725115089,1.5662813119662953,-62.08297859291076,88.44727211428737
2022-05-17,2.951614406036355,7.868721488456058,1.585819796830735,-62.48927592155128,86.1254609089358
2022-05-18,2.951614406036355,7.859028578389893,1.5802829374154614,-62.443012178980226,86.77759128777876
2022-05-19,2.951614406036355,7.8967516511633855,1.5833277845317935,-62.622423289688875,86.41840526465454
2022-05-20,2.951614406036355,8.019746239618609,1.6142063307009236,-63.19566333090455,82.85236217322351
2022-05-23,2.951614406036355,8.021344546351122,1.604856831023361,-63.20299684198165,83.9176148911809
2022-05-24,2.951614406036355,7.807871977047206,1.5673170310731617,-62.19694156470275,88.3227418268624
2022-05-25,2.951614406036355,7.90050963472609,1.5768275713548876,-62.64020243627375,87.18688458118366
2022-05-26,2.951614406036355,7.968983133246491,1.5807333206390526,-62.961216548165865,86.72437453542689
2022-05-27,2.951614406036355,7.967832883863009,1.5840009247562765,-62.955869568823886,86.33918452355115
2022-05-30,2.951614406036355,8.034064267476563,1.5949741317643138,-63.261254730248325,85.05719605441911
2022-05-31,2.951614406036355,8.15885558993854,1.6197159937309809,-63.82318116187433,82.23036738912326
2022-06-01,2.951614406036355,8.15638883256499,1.6164142654739366,-63.8122401147452,82.60259570098106
2022-06-02,2.951614406036355,8.228642756650435,1.6189442814552768,-64.12999697123996,82.31723227578496
2022-06-06,2.951614406036355,8.37726729961116,1.649235116510982,-64.76638144071924,78.96868533096753
2022-06-07,2.951614406036355,8.382728500022958,1.654398668921029,-64.7893355244862,78.41010522338901
2022-06-08,2.951614406036355,8.444698422008964,1.6705041940626426,-65.04772274230989,76.69003265762957
2022-06-09,2.951614406036355,8.356157616040022,1.6530314072724057,-64.67737276316332,78.55767247076592
2022-06-10,2.951614406036355,8.495638136761778,1.678097567328873,-65.2572960556745,75.89051217889637
2022-06-13,2.951614406036355,8.437034490398796,1.6584461402708055,-65.01597321434157,77.97469175299172
2022-06-14,2.951614406036355,8.503553840270188,1.6714935565944162,-65.2896369979052,76.58544924636863
2022-06-15,2.951614406036355,8.585962760630295,1.6936253177365224,-65.62279049740863,74.27788632618552
2022-06-16,2.951614406036355,8.535890477123738,1.6824789960377258,-65.42113076606702,75.43246679378883
2022-06-17,2.951614406036355,8.596970394512699,1.7058286960263644,-65.66680736832221,73.03111460793107
2022-06-20,2.951614406036355,8.614262874159747,1.714295758116068,-65.73572864962911,72.17649825372274
2022-06-21,2.9445191790987675,8.592153889871183,1.7123690110056349,-65.73013918465892,71.95587867883215
2022-06-22,2.9019478174732427,8.471142414462046,1.6906186326512653,-65.74313504021607,71.65005527724158
2022-06-23,2.90904304441083,8.626128729756548,1.7196183717718205,-66.27637801907773,69.16794401384988
2022-06-24,2.9019478174732427,8.689803444705195,1.739765944821034,-66.6051385864034,66.80104735420372
2022-06-27,2.90904304441083,8.780550306727372,1.7593582682355384,-66.86946782615647,65.34682542676833
2022-06-28,3.029661902349816,8.895489056989284,1.777668402827955,-65.9415926101401,70.42896737828954
2022-06-29,2.9232334982860055,8.73979814007628,1.750290074982063,-66.55261996405227,67.01423038783803
2022-06-30,2.916138271348418,8.827087888326577,1.7754888124680641,-66.96375624394906,64.24424929463592
2022-07-01,2.8877573635980687,8.804097863135722,1.768247171199865,-67.1998493373227,63.3118610696573
2022-07-04,2.9658048599115303,8.86415808608665,1.77985112057421,-66.54160687221143,66.6321876941433
2022-07-05,3.2638043912902006,8.835984835716708,1.777281121552013,-63.06235861680872,83.64030044048852
2022-07-06,3.12899507947604,8.72945029882921,1.751324408538008,-64.1558749707791,78.6645046583974
2022-07-07,3.171566441101564,8.766290875705973,1.7590454108376268,-63.820885183140255,80.30043008334387
2022-07-08,3.058042810100166,8.756803788851368,1.7532290264208783,-65.07809374473503,74.42346459110331
2022-07-11,3.199947348851914,8.64830020913853,1.7238694795197815,-62.999118075589266,85.62584852672974
2022-07-12,3.221233029664676,8.579855722340076,1.7076394131439752,-62.45586016933494,88.6366058823852
2022-07-13,3.2141378027270884,8.598898200296489,1.7107443535830997,-62.621515828431775,87.87949210501141
2022-07-14,3.2354234835398508,8.616650484258521,1.7109868249942357,-62.451494470495916,89.09692560319691
2022-07-15,3.1077093986632778,8.501038437503837,1.681871689275564,-63.44317907147594,84.77684228110573
2022-07-18,3.199947348851914,8.631213015757298,1.6993132022021602,-62.92586751120576,88.30827328976578
2022-07-19,3.1445301508262746,8.644166057942467,1.6901108876195536,-63.62251569731235,86.05466504361772
2022-07-20,3.1571969389464205,8.699821858776973,1.6958362215472222,-63.70963693053985,86.17345819314457
2022-07-21,2.986195299324448,8.628024109778629,1.6769353672165241,-65.38958095932969,78.0745613518254
2022-07-22,2.9481949349640098,8.60839006604741,1.6777969027790638,-65.75207544797411,75.71822489841817
2022-07-25,3.003612132989649,8.54645392640172,1.6676665461897204,-64.85545749318456,80.10867579326893
2022-07-26,3.085946255770599,8.615022412473625,1.6808616226543172,-64.17947501445288,83.59311761175528
2022-07-27,3.0732794676504525,8.605012631404579,1.6725720298439803,-64.2850092231787,83.74571694452715
2022-07-28,3.0827795587405618,8.650600622108533,1.6728244376345769,-64.36340442232608,84.28589930810091
2022-07-29,3.025779012199904,8.564520214809425,1.6508252935091738,-64.67077038398662,83.28886915513507
2022-08-01,3.0954463468607076,8.619769768653192,1.6581792039891248,-64.08899042619835,86.67743145095005
2022-08-02,3.017424396694774,8.44303675960384,1.6258545385303946,-64.26138506074257,85.59005896199147
2022-08-03,2.9556812709493854,8.405479740076414,1.6100004315001486,-64.83625727087274,83.5826384341632
2022-08-04,2.953451552768702,8.471140110033373,1.623682271796799,-65.13513512460288,81.8983679300972
2022-08-05,2.994171933589965,8.63125039070821,1.6456034291989465,-65.3101022672998,81.94978695732786
2022-08-08,3.023785123239366,8.644340588313458,1.6421053089956743,-65.0200603233136,84.14075556997858
2022-08-09,3.033582202059193,8.669146701738356,1.645357830401446,-65.00714192031273,84.3721861595929
2022-08-10,3.016478563449865,8.612393951190569,1.6269286571913502,-64.97514418702515,85.4093939593741
2022-08-11,3.0817460798008915,8.799292779982975,1.6601048822459907,-64.97734355638916,85.63562536070206
2022-08-12,3.081430754907734,8.778039454729015,1.659158432205592,-64.89613915727313,85.72251420326711
2022-08-15,3.0655175479740784,8.771642022362933,1.6569919847858638,-65.05195332688372,85.0049714253893
2022-08-16,3.082431414881921,8.750954457647527,1.6538874006312618,-64.776054660093,86.3749257479927
2022-08-17,3.1128367229635225,8.815482964918132,1.669374534603347,-64.68898260763152,86.46724617152198
2022-08-18,3.0864264624532254,8.765421496003713,1.6547830999207904,-64.7886132588105,86.51546916335823
2022-08-19,3.06465034955063,8.707304945246513,1.6432926073732732,-64.80368645841808,86.49450108884326
2022-08-22,3.125385937466372,8.778204383169323,1.6552965059176925,-64.39606779424327,88.81124477053525
2022-08-23,3.1360056767825824,8.758554383049296,1.64725468919916,-64.19493971685793,90.37770524163469
2022-08-24,3.0765285431174965,8.57494029119529,1.6161143134931721,-64.12186629128529,90.36577533105887
2022-08-25,3.145311603228332,8.639003309010375,1.629502733691971,-63.5917305420197,93.02278776188284
2022-08-26,3.0882878216926453,8.603726240676249,1.6260609856175898,-64.10522911465965,89.92447694203123
2022-08-29,3.0884245539603152,8.603335332626559,1.6189253983755842,-64.10200887732417,90.77003529991028
2022-08-30,3.096325652146853,8.586696481178171,1.6134913468386323,-63.940432051675245,91.90221616084821
2022-08-31,3.093196858295827,8.51655869825354,1.6146973699472462,-63.68020267470078,91.56511404963055
2022-09-01,3.08494055113558,8.456233469207957,1.6008019964601194,-63.51873960943835,92.71218788815614
2022-09-02,3.0815362962415596,8.485132453529724,1.5928345244452788,-63.68310909560788,93.46242493800393
2022-09-05,3.135813102634976,8.498400102204167,1.5895936416672412,-63.10113592061095,97.27136674666026
2022-09-06,3.164707439328779,8.611927536770322,1.6041830178170011,-63.25204286942224,97.2784529059138
2022-09-07,3.156837142045765,8.648977390314936,1.6052529798251949,-63.50045792025345,96.65667541009833
2022-09-08,3.163474320742893,8.622029255679168,1.5984047558441588,-63.3093993660579,97.91447123617827
2022-09-09,3.169826820173717,8.700904893346099,1.620614543296689,-63.56899817859405,95.59412404911454
2022-09-13,3.2012578898799346,8.714502815129876,1.6274738516850913,-63.265168905310354,96.70103372569352
2022-09-14,3.1893246847412535,8.632916420051503,1.6093605444977637,-63.0562311789157,98.17341090194009
2022-09-15,3.1737706303048396,8.506272434919387,1.5942222526603607,-62.68905499339421,99.07955901434731
2022-09-16,3.1182900726947667,8.301226250293032,1.5568377135876268,-62.435789861953324,100.2964114678902
2022-09-19,3.1088079746486623,8.272048596949437,1.554984044391472,-62.417919355610074,99.92539382391313
2022-09-20,3.095732203911885,8.297822670811124,1.556898479892295,-62.69223473765471,98.83969596566409
2022-09-21,3.0842538707314016,8.27820346029085,1.5453780990320578,-62.742473224703296,99.5792403595737
2022-09-22,3.0552518781644347,8.236233999661412,1.5317637548588336,-62.90474653476292,99.45973185963032
2022-09-23,3.033792604751809,8.17555998808025,1.5264896354853086,-62.891929003334354,98.74308571949733
2022-09-26,3.0094460945298076,8.080790746617648,1.5188319330691848,-62.75802469220648,98.14213995675341
2022-09-27,3.0530035610450836,8.208898440781935,1.540849406053911,-62.808608450097104,98.1376991839698
2022-09-28,3.0155638891421033,8.046271589398414,1.5156778253659573,-62.52222093627387,98.95810565243319
2022-09-29,2.9775181328236417,8.043689031830949,1.5150577319481555,-62.98317698457965,96.52836126547888
2022-09-30,2.9649771017213182,7.993030052813356,1.506246380248223,-62.90546786224434,96.84542586138546
2022-10-10,2.906804769739601,7.824750254323626,1.4730134267801693,-62.851149554154475,97.33728945658883
2022-10-11,2.928611776694513,7.840470231958924,1.4756856398731506,-62.64749829982066,98.45769976769951
2022-10-12,2.957619561290666,8.009607785560153,1.498099776292911,-63.07410249696983,97.42473819797084
2022-10-13,2.96847472165923,7.993700211181157,1.4855769691350755,-62.86482300765937,99.81965144407962
2022-10-14,3.0023234478558343,8.154741935361484,1.5211250198430721,-63.18309675948382,97.37519327409203
2022-10-17,3.0115256954612404,8.206704925867314,1.522685585638729,-63.30408217835404,97.77725118465477
2022-10-18,3.009228518245674,8.201932476206338,1.519461131535895,-63.31073771973381,98.04577134552295
2022-10-19,2.9790967793590744,8.101454703518039,1.4950227052208784,-63.2276314762902,99.26766121715423
2022-10-20,2.938676719999063,8.120286091619363,1.4864692639280566,-63.81067505697911,97.69508803925675
2022-10-21,2.9840300177895043,8.116602230435527,1.481705343990731,-63.23547793681414,101.39159448210582
2022-10-24,2.9345164952106613,7.976078359492841,1.4383496346698135,-63.20852976929313,104.01969204687194
2022-10-25,2.948231596384957,7.9714120409175875,1.4360064305397633,-63.01493911929828,105.30768760393232
2022-10-26,2.979257969522233,8.062593082397497,1.4476642580513415,-63.048389778883404,105.79757723192844
2022-10-27,3.0022796566308108,8.05280340321922,1.4374674346049696,-62.717584097103284,108.85896851331923
2022-10-28,2.9432869021246746,7.853994836873244,1.4019120998578463,-62.524970244360034,109.94803471794867
2022-10-31,2.9560560426978832,7.8329463632831375,1.3889963504588785,-62.26125003798866,112.81956872826196
2022-11-01,3.0199017455639288,8.035708335124601,1.438666292435965,-62.41897267022818,109.90981448870949
2022-11-02,3.0199017455639288,8.14071967613741,1.455938926498903,-62.90374972109585,107.41953461096668
2022-11-03,3.0199017455639288,8.122786769039571,1.4440989980091654,-62.82185127554446,109.12013301907729
2022-11-04,3.0199017455639288,8.329280797515258,1.4913177816458882,-63.743547384489574,102.49887600958019
2022-11-07,3.0199017455639288,8.34205662867253,1.4945332494613217,-63.79907401750058,102.06320245149443
2022-11-08,3.0199017455639288,8.303836905524681,1.4842516698857675,-63.63245352814266,103.46291716123517
2022-11-09,3.0199017455639288,8.237506980440585,1.4703745064964566,-63.33961533829974,105.3831681807118
2022-11-10,3.0199017455639288,8.177500438321859,1.459059741392863,-63.07060123883459,106.97588041741449
2022-11-11,3.0199017455639288,8.345982770083001,1.49973563688432,-63.81610376205107,101.36227154258552
2022-11-14,3.0199017455639288,8.332634666975256,1.5019439675290247,-63.758140537077544,101.06620558769745
2022-11-15,3.0199017455639288,8.499843380979575,1.530429113037603,-64.47108952240605,97.32385641632322
2022-11-16,3.0199017455639288,8.445515697621975,1.5179264161617039,-64.2425417974861,98.94915283180765
2022-11-17,3.0199017455639288,8.450440113706636,1.5117009775259729,-64.26337912666062,99.76845887248513
2022-11-18,3.0199017455639288,8.38442075331635,1.504933392608526,-63.981987135253846,100.66680428490477
2022-11-21,3.0199017455639288,8.347563686302996,1.4920906419494986,-63.822956505032714,102.39398737989944
2022-11-22,3.0199017455639288,8.356985246171684,1.4922671215496364,-63.86374204803893,102.37005171218465
2022-11-23,3.0199017455639288,8.367313285254001,1.493833189961807,-63.908346172647754,102.15789593221847
2022-11-24,3.0199017455639288,8.332336998825031,1.48721401734156,-63.756845816608546,103.05764404790203
2022-11-25,3.0199017455639288,8.356447769204005,1.4947229907631308,-63.861417806102196,102.03755239103654
2022-11-28,3.0199017455639288,8.280244147151846,1.477884984230456,-63.52883209847522,104.33942950820429
2022-11-29,3.0199017455639288,8.456102895648659,1.523481485674794,-64.28731079989684,98.22372467009843
2022-11-30,3.0199017455639288,8.46942487543068,1.52530807724724,-64.34348506562125,97.9863471918419
2022-12-01,3.0199017455639288,8.53175334526197,1.5418286738575493,-64.60397267296759,95.86493601836723
2022-12-02,3.0199017455639288,8.467669696963606,1.532398653877905,-64.33609418365921,97.07024265009186
2022-12-05,3.0199017455639288,8.646209885634597,1.5624564392687357,-65.07253715201387,93.27910011861258
2022-12-06,2.9780555319995323,8.672375006996502,1.5708972154781138,-65.66043869647052,89.57672740499065
2022-12-07,2.9571324252173343,8.633167950254903,1.567034695382677,-65.74684470108076,88.70880357216271
2022-12-08,2.943183687362535,8.609618402339347,1.5673272049756377,-65.81516683058992,87.78361519018509
2022-12-09,2.957132425217334,8.648292735513552,1.582791695086961,-65.80674919716702,86.83017066594255
2022-12-12,2.901337473798139,8.584460690670326,1.565056287016483,-66.20244907229478,85.38230847460777
2022-12-13,2.9362093184351354,8.553716922616973,1.5619835309458898,-65.67329331800222,87.97953117066837
2022-12-14,2.8734399980885414,8.561030303724886,1.56562729234452,-66.43581559525244,83.53282496663543
2022-12-15,2.8804143670159412,8.547865006585907,1.5644803728794694,-66.30252858700206,84.1131673460664
2022-12-16,2.866465629161142,8.531704987152342,1.5653665316612297,-66.40219471397953,83.11785586211133
2022-12-19,2.8036963088145477,8.358461603399991,1.541215864478874,-66.45679023429285,81.91457624026934
2022-12-20,2.810670677741947,8.278717785967006,1.5157995559111417,-66.04944448636446,85.42495719709213
2022-12-21,2.7967219398871483,8.246196082100148,1.5164017163413117,-66.08470242469815,84.4314675820152
2022-12-22,2.768824464177551,8.202488313846757,1.5185748935797978,-66.24409132648867,82.33045178631193
2022-12-23,2.747901357395353,8.17481538386983,1.5154834523653584,-66.38576862766362,81.32176587652233
2022-12-26,2.761850095250152,8.266567162078148,1.5215283735096965,-66.59012089177963,81.51814605201322
2022-12-27,2.775798833104951,8.356623945307584,1.5390913398712913,-66.78325061326208,80.35309284094087
2022-12-28,2.757277701746213,8.311757004432648,1.5325239868554814,-66.826776814147,79.91742546253711
2022-12-29,2.7372248109654302,8.29308917223927,1.5267586302997866,-66.99390596054167,79.28340188441985
2022-12-30,2.739986894528463,8.32611827731287,1.5326702218583772,-67.09166500799755,78.77210997198098
2023-01-03,2.773266597941694,8.417262242044231,1.5391092332717538,-67.05262924933923,80.18647006921246
2023-01-04,2.767731135670353,8.409347237481393,1.541107791507053,-67.0874437990351,79.59361122714084
2023-01-05,2.8037116404340674,8.51250157371063,1.5710477654824482,-67.0635991528878,78.46126018791568
2023-01-06,2.800943909298397,8.526439727981808,1.5759211835296845,-67.14990079497841,77.73375588650673
2023-01-09,2.8286212206551005,8.592953886519888,1.5886804448489427,-67.0820854154417,78.04846971122981
2023-01-10,2.812014833841078,8.602152775780748,1.5904041097815593,-67.31033606194173,76.81134100108092
2023-01-11,2.7760343290773632,8.571617241404784,1.5874577159549408,-67.61364569957857,74.87296204342866
2023-01-12,2.8016756083342633,8.583470127590203,1.5905606770356069,-67.35963932199493,76.14389999606057
2023-01-13,2.863398197469437,8.666810254261279,1.6129305945874097,-66.96133740713238,77.52767583913918
2023-01-16,2.8447701426308583,8.794914011480332,1.6381029274315775,-67.65437230065612,73.66247840672897
2023-01-17,2.8696503497634462,8.811934070414045,1.6378170684830364,-67.43450045321764,75.21189667545391
2023-01-18,2.8619841138011144,8.835347908392546,1.635074508990449,-67.60756742716872,75.03692327563722
2023-01-19,2.8958129148020095,8.906250844962383,1.6452457987127094,-67.48561246239814,76.01095939997428
2023-01-20,3.026743771604306,8.970320364364465,1.6553480484119458,-66.25824219580427,82.84636723425054
2023-01-30,3.067191902762087,8.992932419130907,1.6631935523585888,-65.89330643431539,84.41581248390943
2023-01-31,3.0429974861503912,8.942807784812949,1.6455823292377816,-65.97268375466889,84.91918830702802
2023-02-01,3.0803616311498874,9.065603699785884,1.6610511739377132,-66.02143957359795,85.44652202662337
2023-02-02,3.118997945571152,9.074635118448276,1.6551986464355168,-65.62949468645427,88.43647270301594
2023-02-03,3.1177031998847236,9.042075264177953,1.6395548264478759,-65.52004812173872,90.15547083834225
2023-02-06,3.082322542425596,8.98025605159117,1.6178792678432283,-65.67667419817663,90.51622724201145
2023-02-07,3.07708354003446,9.032282464928732,1.6207911416583347,-65.93238141098436,89.85071308361789
2023-02-08,3.0212820623058767,8.993338178881492,1.613628872664312,-66.40533245596647,87.23525052680456
2023-02-09,3.1126854039407617,9.151456108460216,1.6352891506216616,-65.98699303094304,90.34464961486854
2023-02-10,3.1059976694461624,9.121687605463418,1.625571767381048,-65.94930890216158,91.07108844848004
2023-02-13,3.1728021345983586,9.219413617944088,1.6403236488602304,-65.58564062661192,93.425372901437
2023-02-14,3.178734201503984,9.2424451278317,1.641003043857442,-65.60721586615767,93.7067827754821
2023-02-15,3.188479533307893,9.242440621591582,1.6324518590332622,-65.50175798955985,95.31844174541908
2023-02-16,3.2467299607987807,9.120523055833196,1.6204958609635325,-64.40193242291872,100.35410388942947
2023-02-17,3.1973037931536084,8.991597918856156,1.597147111066954,-64.44120586788488,100.18843417734327
2023-02-20,3.365558886956123,9.206130885016092,1.6363315203729474,-63.44220032289667,105.67707980037295
2023-02-21,3.373989979116953,9.242971778539086,1.6406322704310419,-63.49669716669594,105.65181119048131
2023-02-22,3.3111411330381486,9.211055981499207,1.6258254815482274,-64.05253491360041,103.65907476644067
2023-02-23,3.253204295072779,9.186568425370611,1.6245174027175058,-64.5873829656743,100.25666020141072
2023-02-24,3.2394296695135996,9.14657675398001,1.607653031130167,-64.58314671547467,101.50054811493168
2023-02-27,3.2552968019484094,9.094361984121562,1.6008435234005742,-64.20533064736104,103.3488441789352
2023-02-28,3.3521663329368696,9.163093279097128,1.6109834996720251,-63.41665166081153,108.08197809718885
2023-03-01,3.4415386853138386,9.301147476016501,1.633739312948849,-62.99877306334485,110.65409016215489
2023-03-02,3.44377182075838,9.298360660008935,1.6300957890732335,-62.96366696583835,111.2619297493115
2023-03-03,3.4870376394517395,9.352185880488243,1.6351683305813705,-62.71419661657009,113.25251805800032
2023-03-06,3.446130861008268,9.336134873392407,1.6266408188843515,-63.08824896232383,111.85567342222681
2023-03-07,3.4127546554072614,9.193360766282519,1.602825850896516,-62.87805143116054,112.9211138875998
2023-03-08,3.4239467828013073,9.198384953530123,1.5969890395004784,-62.776652639578025,114.40014290093576
2023-03-09,3.432461748745323,9.193868594567663,1.5913450176182746,-62.66575149036342,115.69563549974858
2023-03-10,3.374649953875744,9.06662241746506,1.5704765226313957,-62.77941444462112,114.88063687965129
2023-03-13,3.45639589197829,9.184917162744323,1.5869253081168393,-62.36878536043794,117.80457305075687
2023-03-14,3.403022437798949,9.138908709715132,1.5774281878854601,-62.763361076346456,115.73232074422957
2023-03-15,3.4015243782938653,9.17499975163437,1.5783016391859184,-62.9261638106536,115.51801593821813
2023-03-16,3.3726721596977702,9.05865118448952,1.5593981721020558,-62.76849509922011,116.2803714943077
2023-03-17,3.4586463478920524,9.168326222902044,1.5671845328179659,-62.27614218991775,120.69171022719547
2023-03-20,3.4818344995937998,9.168987310712458,1.5593690755327194,-62.025964464735964,123.28482424241471
2023-03-21,3.5047228222003195,9.23611147382933,1.5765107948272286,-62.054130332543004,122.30883757344687
2023-03-22,3.5277182651790784,9.307439521099681,1.5832661473094034,-62.097865291717994,122.812713527291
2023-03-23,3.6029352009991413,9.447781453436086,1.598961193093944,-61.86474868458372,125.32974637286634
2023-03-24,3.597630864846986,9.434440400217401,1.5941933936140402,-61.8670455031537,125.67091792364965
2023-03-27,3.60672977335032,9.4146011286187,1.5884260972870565,-61.69004162707958,127.06311483489307
2023-03-28,3.5587969430680086,9.369187333804065,1.5832946500712024,-62.0159484886394,124.77161423541511
2023-03-29,3.5408629288450753,9.392927003327218,1.5859190022766627,-62.30288037380882,123.26883805301514
2023-03-30,3.560915272734197,9.45293213648789,1.5987380006341911,-62.330045097973084,122.73288502066286
2023-03-31,3.60512983319377,9.518381709994083,1.6036468096106606,-62.12455075836614,124.80821909090048
2023-04-03,3.704220181469892,9.664252274389948,1.6193399156239119,-61.670907626387276,128.74877261595205
2023-04-04,3.747424995469948,9.727387738733874,1.6243031965451529,-61.47552563831782,130.7096977608993
2023-04-06,3.7577461153525946,9.763747767314852,1.6217438068842924,-61.51328152974174,131.71021830951258
2023-04-07,3.7665854643679104,9.815616835596922,1.6322897891627004,-61.6266045480895,130.75470356890602
2023-04-10,3.7138413178230034,9.751194863154492,1.6249787911741245,-61.91398726061779,128.54706399826773
2023-04-11,3.7337019800639784,9.767417661556543,1.6231324851914342,-61.77390883202006,130.03063607735146
2023-04-12,3.7902244671983834,9.833177936895202,1.6220001733918052,-61.45473526948974,133.67595943424283
2023-04-13,3.7380549996359425,9.742372860000787,1.6107934416728633,-61.63095938379389,132.06296368787335
2023-04-14,3.7690306471411557,9.830891561993145,1.6199064871890025,-61.661354686156145,132.6696433990763
2023-04-17,3.816942542149573,9.949593360538154,1.642623505040045,-61.63720059868736,132.36867915490595
2023-04-18,3.843544825585586,9.990134753442636,1.647630648544721,-61.526596783280766,133.27708967907452
2023-04-19,3.7936450378450255,9.929208326841042,1.6327961090563217,-61.79307641687919,132.34040164620257
2023-04-20,3.8518419550852663,9.971809549506133,1.628227868496179,-61.372688317377325,136.56651686245874
2023-04-21,3.7617283440293616,9.728033183413658,1.5963791991594898,-61.331049420728476,135.64127783736785
2023-04-24,3.716035195745732,9.654824840645016,1.5766155820640082,-61.51110706740204,135.69697255439573
2023-04-25,3.729142350483566,9.590169165413856,1.5687072136927314,-61.114947128019324,137.72073704596397
2023-04-26,3.6730909108218546,9.548027622777823,1.5673479882394483,-61.53036987388567,134.3506954666602
2023-04-27,3.6864622522065744,9.570615522775064,1.5789019786063068,-61.481450765272626,133.48265453822577
2023-04-28,3.7423606496315376,9.726328158753422,1.5950010114521767,-61.52339723122011,134.63061294389317
2023-05-04,3.71043678261762,9.725250959363278,1.5954607372476908,-61.84739295549709,132.56208667462715
2023-05-05,3.704715931112847,9.650681088193256,1.590168051491827,-61.61187073474809,132.97637803987087
2023-05-08,3.772939721986248,9.77328393940752,1.6082930368940587,-61.395373905252846,134.592803390641
2023-05-09,3.7497456396358335,9.705168751206333,1.5945218483566026,-61.36341638397841,135.16426842946788
2023-05-10,3.7087229629109175,9.605198327112069,1.5822474902724475,-61.38837703702059,134.39588216836492
2023-05-11,3.687375729618084,9.581890307578401,1.5797907897284011,-61.517241261865564,133.40911680160005
2023-05-12,3.6314932511468387,9.4534322620174,1.558848583432537,-61.58545224111158,132.9599737743868
2023-05-15,3.675385394660027,9.57934022541189,1.5830462405846915,-61.63216559622724,132.17170164925435
2023-05-16,3.6513425951548673,9.519992536842858,1.574858901432308,-61.645530907466735,131.8520466712308
2023-05-17,3.6527246032387075,9.516168629066309,1.5677172177662513,-61.615596091038384,132.99639513070233
2023-05-18,3.650466232068362,9.57869447189389,1.5660961627761105,-61.88973097764339,133.0933641774227
2023-05-19,3.6116084500315186,9.54991858840633,1.5615318413457153,-62.18178807915664,131.28625074459345
2023-05-22,3.6034982783997687,9.549366353304368,1.57134447131534,-62.26452996901883,129.3257999236383
2023-05-23,3.5486224112086973,9.412125359457528,1.5491204324819106,-62.29733162613525,129.07337201170998
2023-05-24,3.478876448399468,9.30952153741695,1.5277058720835686,-62.63098555154395,127.71899434115457
2023-05-25,3.489274783739499,9.334512944331543,1.5243037903526908,-62.619637419235794,128.9094080735807
2023-05-26,3.523173193890284,9.393017294764544,1.5244825264214712,-62.49157130952988,131.10617096809142
2023-05-29,3.5439955156945033,9.39145287378748,1.517748946882337,-62.26360752353703,133.50340798946706
2023-05-30,3.544599839866243,9.45045289135975,1.519257811835064,-62.49280451832146,133.31127951119976
2023-05-31,3.5933278396751627,9.428706643616286,1.503735801566944,-61.88949369733516,138.96005108947946
2023-06-01,3.53797464616939,9.423671330041579,1.507031235464091,-62.45651485222395,134.76451999880874
2023-06-02,3.550158289736179,9.509817378760255,1.5287906396930298,-62.668491430074184,132.22004357961174
2023-06-05,3.556400961809186,9.498862957076653,1.5218294339311964,-62.55971922239738,133.6924810701207
2023-06-06,3.5203228308895946,9.371362099727031,1.5075438893047783,-62.435313101473966,133.51378728436444
2023-06-07,3.5481827687362486,9.352104120454285,1.5000931486090499,-62.060059179881186,136.53082957056864
2023-06-08,3.582572507537799,9.387022553873482,1.5123037713508494,-61.83483647794712,136.89503229484802
2023-06-09,3.6093651217419276,9.486955793982101,1.5188419486229845,-61.95444355257278,137.6392833378257
2023-06-12,3.5525235458486666,9.504201760991693,1.521901957625107,-62.62154744621091,133.42657048633396
2023-06-13,3.553509285453385,9.576774020178567,1.5300074305116567,-62.89450625058054,132.25438089964308
2023-06-14,3.536747800092692,9.600412804650556,1.5296579945694366,-63.16046120038246,131.2116703634923
2023-06-15,3.550320926515466,9.690460204827941,1.5539940880521617,-63.36272115594015,128.46424924084366
2023-06-16,3.5334441066884255,9.806568973800779,1.5689784253886816,-63.96859986272088,125.20667266747716
2023-06-19,3.6412541752242107,9.817072770542872,1.5561351600964552,-62.90896216894546,133.99343891172742
2023-06-20,3.6094567384777356,9.799785108979071,1.5534946167388062,-63.168001151672556,132.34433512585545
2023-06-21,3.4960449564153375,9.62252084723474,1.5296610031942937,-63.66809683327411,128.5503094551518
2023-06-26,3.422730011374221,9.456113480809867,1.5081508793695872,-63.804051016093744,126.9487793426169
2023-06-27,3.4270376536547813,9.559884695647003,1.5222982251884498,-64.15189343010331,125.12262032168748
2023-06-28,3.438543161128902,9.526807469581131,1.5204634390719869,-63.90665842562592,126.15099270177868
2023-06-29,3.5612413940325442,9.50846962802832,1.5129596515695771,-62.5466396449856,135.38244330164622
2023-06-30,3.7707261819168116,9.585126575780311,1.5211178149782858,-60.66065323075984,147.89179015503407
2023-07-03,3.64653162909971,9.702741932241029,1.541081822324081,-62.41751399176423,136.62154573989028
2023-07-04,3.6779543472823497,9.733833071769219,1.5435089908399304,-62.21473781023198,138.28525581058778
2023-07-05,3.5702193135132982,9.667875483515195,1.5315505383657126,-63.071314689551805,133.11142688918437
2023-07-06,3.5732119533402167,9.63234679968456,1.5212378036880252,-62.904035458345085,134.88845364462225
2023-07-07,3.540292915244117,9.600067134369334,1.5144858557023986,-63.122206691977546,133.76203230383922
2023-07-10,3.533006487839447,9.622539612970412,1.5218601931616387,-63.28405358729583,132.15052891945916
2023-07-11,3.55532183229942,9.702980480850329,1.5318200082262192,-63.35845630818123,132.09788442548987
2023-07-12,3.4540632331357775,9.605947058544146,1.5215078673560694,-64.04244982733367,127.01579842225317
2023-07-13,3.5829218083294943,9.761574081228181,1.5432752681931796,-63.29565520360525,132.1634955327361
2023-07-14,3.6587845344437464,9.78074692588667,1.5435443817691636,-62.591972145194205,137.0378576513724
2023-07-17,3.631652495903273,9.739145661143104,1.5309050695724757,-62.71076927832889,137.2225795109201
2023-07-18,3.611236234185802,9.715760714796795,1.5260613419021134,-62.83115300806036,136.63768519846556
2023-07-19,3.618830535445959,9.71307080130242,1.5244489565020198,-62.74267315172138,137.38614008760774
2023-07-20,3.5869078210968834,9.58362495107984,1.513692449657992,-62.57253555511135,136.96410865412716
2023-07-21,3.581010653384448,9.557473880063553,1.512985977037072,-62.5318290342988,136.68498636036625
2023-07-24,3.5742337738259775,9.546155058400203,1.5063792743751119,-62.55839390875171,137.27316450956013
2023-07-25,3.6353035299798537,9.771983753313684,1.5498833168188915,-62.79871496156427,134.55336866527804
2023-07-26,3.5881409415900847,9.726445025578835,1.546675766437291,-63.109430710255324,131.99050631375906
2023-07-27,3.5902959173265567,9.693852819307821,1.5448282332523569,-62.96316867762267,132.40745087677723
2023-07-28,3.6372128922844484,9.882159709266002,1.5806117880297168,-63.194149869142294,130.1142456250026
2023-07-31,3.64343749066058,9.933320078859508,1.5892784090391816,-63.32105014500951,129.2510531784841
2023-08-01,3.684226241697932,9.926635095662833,1.5826954190915516,-62.88544702013221,132.78175934903723
2023-08-02,3.627772896471051,9.86725167809487,1.5715690493260144,-63.2342113607516,130.83763949327354
2023-08-03,3.6450970480905767,9.937848957032527,1.5854597515271798,-63.32106611953363,129.90788915199326
2023-08-04,3.656033714401687,9.999814796343575,1.5916334893199815,-63.438985732630634,129.7032412885275
2023-08-07,3.6638170903365097,9.94438896653918,1.5795886576426454,-63.15694103816233,131.947543596846
2023-08-08,3.662989116085028,9.913561543592357,1.5754633183311215,-63.0507250095945,132.502342229409
2023-08-09,3.6463613851722267,9.844859301048063,1.5706467474588064,-62.961772498017886,132.15668265775085
2023-08-10,3.6711761032218058,9.889025246484938,1.5738736559661286,-62.876259168953695,133.25735768594714
2023-08-11,3.6221682280279346,9.666301449970536,1.5376661226070105,-62.5278784571841,135.56272553412242
2023-08-14,3.6043990327474615,9.648318132840789,1.5264440706536015,-62.64220371756952,136.13043556873387
2023-08-15,3.649216705193567,9.618654041560642,1.522734594554157,-62.06104628125833,139.64889996224358
2023-08-16,3.6326555478408267,9.524256933632232,1.5115702606933905,-61.85890854106291,140.3233010270027
2023-08-17,3.6043275696402883,9.569737071573329,1.5166243545806963,-62.33619019328278,137.65460173140784
2023-08-18,3.599328727021165,9.432190799488124,1.497979985519019,-61.839949980480704,140.27882627377508
2023-08-21,3.548805086526198,9.307769977732361,1.4764252469546633,-61.87266020737238,140.36469803304382
2023-08-22,3.5936838422873074,9.415985442551658,1.4877757196848438,-61.834224742456186,141.54741838699715
2023-08-23,3.56992649723438,9.236093222607979,1.4633927154066582,-61.348089379436274,143.9486311261528
2023-08-24,3.5648422951040497,9.278959415205781,1.4740002557331178,-61.58144318141743,141.84814631060004
2023-08-25,3.5524227772122305,9.191594215371728,1.4683481580684046,-61.35139678739002,141.93327431863318
2023-08-28,3.5459160233302036,9.305378540848372,1.4855557899995735,-61.893908906935,138.69288835872138
2023-08-29,3.6149968491950486,9.430352796090911,1.500395950865994,-61.66636681192305,140.93619068410277
2023-08-30,3.6078016785216698,9.452374409452096,1.499763743774428,-61.831794613277545,140.55800078497575
2023-08-31,3.6051079757838607,9.408253437162013,1.4905629335042494,-61.68143216100121,141.86217802346707
2023-09-01,3.5814708851727963,9.459491241321684,1.5009440352230845,-62.13886356247218,138.61455198364436
2023-09-04,3.5942020516696336,9.595801636906845,1.5236910205611849,-62.544014688196434,135.8878541100719
2023-09-05,3.5874607519416055,9.526161140450403,1.5123555117809486,-62.34096086503962,137.21014827505832
2023-09-06,3.581127549254742,9.519034218014617,1.509074091741686,-62.37929744513875,137.30627732940613
2023-09-07,3.529292165400813,9.382542385119761,1.4878737771028654,-62.384479381642954,137.20373459857086
2023-09-08,3.5650206409531644,9.365382288006785,1.4805572369106064,-61.93406172518452,140.78911318498487
2023-09-11,3.550011327381532,9.464994083988918,1.4914612455469431,-62.49325360502054,138.0223648439276
2023-09-12,3.6186567901470053,9.45159000942357,1.4887169838060816,-61.71377740106081,143.07217755355217
2023-09-13,3.5217602277752085,9.371376413319355,1.4792344712401244,-62.42003231489242,138.07991878547296
2023-09-14,3.4746995628472224,9.37414361117717,1.477990008990251,-62.93315200863577,135.09628222866706
2023-09-15,3.34984510496554,9.330329470716757,1.468199666596866,-64.09724741790706,128.16005078724285
2023-09-18,3.364827639911342,9.340634615721289,1.4756952595552586,-63.976455794042344,128.01642941683133
2023-09-19,3.2699382519212636,9.320116492370627,1.4728414601173174,-64.91526415364004,122.01563036260539
2023-09-20,3.2699382519212636,9.274130663973187,1.4669776898590785,-64.741296296117,122.90306625149712
2023-09-21,3.2699382519212636,9.213970513676134,1.453816935470148,-64.51108404278317,124.92090800027738
2023-09-22,3.2699382519212636,9.388193514830325,1.4801376129174566,-65.16967564893275,120.92123214651527
2023-09-25,3.2699382519212636,9.325299186139029,1.4705064505312846,-64.93476309283838,122.36816783359608
2023-09-26,3.2699382519212636,9.293945971632333,1.4619117198210234,-64.81647018497837,123.67549336847716
2023-09-27,3.2699382519212636,9.311794532688804,1.4649212155952909,-64.88390889165098,123.21598029368968
2023-09-28,3.2699382519212636,9.323170049449285,1.4605754153386867,-64.92675522834192,123.88013775810482
2023-10-09,3.2699382519212636,9.321762220513612,1.4586791899356795,-64.92145825469152,124.1711731052701
2023-10-10,3.2699382519212636,9.26741389433809,1.4477526166129187,-64.7157417462597,125.86305245791434
2023-10-11,3.2699382519212636,9.278985956530239,1.45187854973198,-64.75974565281035,125.22119722237797
2023-10-12,3.2699382519212636,9.366078614240426,1.4656683838261129,-65.08743534407702,123.1021892813927
2023-10-13,3.2699382519212636,9.273778650995126,1.4502404722590985,-64.73995795046949,125.47558935709108
2023-10-16,3.2699382519212636,9.196176604340227,1.4356671685000195,-64.44241566241797,127.76436793060361
2023-10-17,3.2699382519212636,9.23410497262157,1.440736147162931,-64.58846567570559,126.9630187567905
2023-10-18,3.2699382519212636,9.144184928434832,1.4293251060639278,-64.24024363556957,128.77498184622337
2023-10-19,3.2699382519212636,9.002373510719154,1.3988302387383458,-63.67693199990272,133.76233665569995
2023-10-20,3.2699382519212636,8.93236081978454,1.389742766533487,-63.39222834932301,135.2908991983929
2023-10-23,3.2699382519212636,8.798314066790706,1.3753547703132698,-62.834490481947356,137.75234743079832
2023-10-24,3.2699382519212636,8.865382751426546,1.3804561312805586,-63.11565621467283,136.8737533794686
2023-10-25,3.2699382519212636,8.911773424869374,1.3873155584304686,-63.307659474419445,135.70255750758605
2023-10-26,3.2699382519212636,8.95677838774719,1.391150446681828,-63.49202681631026,135.0528125639265
2023-10-27,3.2699382519212636,9.066270519588395,1.4102474158485696,-63.93292870694401,131.8698276042354
2023-10-30,3.2699382519212636,9.123205006030014,1.4187138049563974,-64.15800971522631,130.48610935464615
2023-10-31,3.2699382519212636,9.096144169487866,1.4142538353039213,-64.051380552103,131.21296688713295
2023-11-01,3.2699382519212636,9.057682957060667,1.4136684202463081,-63.898733622904366,131.30871462429155
2023-11-02,3.2699382519212636,9.002953534771065,1.4070027722894614,-63.67927214894357,132.40453510979594
2023-11-03,3.2699382519212636,9.087474169193886,1.4188581397751732,-64.01708339368707,130.46266291564606
2023-11-06,3.2699382519212636,9.225906369632566,1.4380468324128703,-64.55699721076302,127.3874659863962
2023-11-07,3.2699382519212636,9.231832252577952,1.4329602374596802,-64.5797479583953,128.1946258130747
2023-11-08,3.2699382519212636,9.21544408874133,1.4295213000743097,-64.51675881885926,128.74358372633446
2023-11-09,3.2699382519212636,9.222973795024181,1.4302156590214652,-64.5457276081018,128.63253043659952
2023-11-10,3.2699382519212636,9.180175685783487,1.4197895862784582,-64.38043928739705,130.31146893339326
2023-11-13,3.2699382519212636,9.207855375104286,1.4169887148856906,-64.48751507585197,130.7667109533086
2023-11-14,3.2699382519212636,9.236519526306475,1.4180355183999227,-64.59772273952139,130.59635738962191
2023-11-15,3.2699382519212636,9.293406568794401,1.4280063386975312,-64.81442808172051,128.98625610469895
2023-11-16,3.2699382519212636,9.204926324601308,1.4141978194595526,-64.47621483746211,131.2221251458935
2023-11-17,3.2699382519212636,9.225651491884564,1.4124973130208975,-64.55601802433468,131.50049361353265
2023-11-20,3.2699382519212636,9.245804183232753,1.4157651546611367,-64.63327378432598,130.96614866919248
2023-11-21,3.2699382519212636,9.227690633343775,1.4176432095534974,-64.56385045998927,130.6601710419907
2023-11-22,3.2699382519212636,9.130393348623745,1.4031340370084662,-64.18622805101653,133.0453232317629
2023-11-23,3.2699382519212636,9.190509541835716,1.4099051055967995,-64.42049010409792,131.92612317955468
2023-11-24,3.2699382519212636,9.104866800041238,1.4005974891442137,-64.08581999347366,133.46737926249216
2023-11-27,3.2699382519212636,9.078971553062892,1.3902785788681367,-63.98338476104033,135.20021826009926
2023-11-28,3.2337663686035505,9.091973644307666,1.3928837312965523,-64.432734903184,132.16341004955456
2023-11-29,3.212063238612923,9.027524224605012,1.380922111848801,-64.4192232698942,132.60278121787476
2023-11-30,3.1903601086222957,9.047107948562944,1.3840477167902299,-64.73613306306291,130.50940151262398
2023-12-01,3.212063238612923,9.063035012455947,1.378774112049904,-64.5586358852375,132.96515437451615
2023-12-04,3.1903601086222957,9.041559632255472,1.3697706834051824,-64.71449353449168,132.91198645682925
2023-12-05,3.1324850953139545,8.875460470858698,1.3436903000747058,-64.70622447591288,133.12552715010267
2023-12-06,3.118016341986869,8.890052375363814,1.3458046111926436,-64.9269069479552,131.68417733564627
2023-12-07,3.074610082005613,8.894646205153512,1.342512660966383,-65.43302554041779,129.01907530558492
2023-12-08,3.0673757053420703,8.95987204084851,1.3457506934682406,-65.76540723619992,127.93045697319268
2023-12-11,3.081844458669156,9.036681659985312,1.3536653561994147,-65.89628168140908,127.6666418738691
2023-12-12,3.0963132119962413,9.046166347879215,1.356574300564003,-65.77209512931252,128.24501471898242
2023-12-13,3.0529069520149856,8.92493025658339,1.3339312315449612,-65.79349233835147,128.86539274435492
2023-12-14,3.0312038220243585,8.881010458688033,1.3269476194453804,-65.86870563744218,128.43432382743939
2023-12-15,3.0239694453608155,8.84278136828588,1.322825724217574,-65.80296041010236,128.59923193203966
2023-12-18,2.9733288087160172,8.789481689999521,1.3180016317831176,-66.1717389763835,125.59371225462112
2023-12-19,2.958860055388932,8.794684641108494,1.319852529877431,-66.35626885859556,124.18111026871377
2023-12-20,2.9443913020618466,8.68341874796419,1.3053877741362028,-66.09179647414616,125.55683149477943
2023-12-21,2.9588600553889317,8.760547882395754,1.3185970623945298,-66.2251711295964,124.39455841163011
2023-12-22,2.9588600553889317,8.75727145047946,1.321114133371553,-66.21253466766827,123.96702757526063
2023-12-25,2.951625678725389,8.784309681868303,1.3251610109137915,-66.39888863643047,122.73713567002974
2023-12-26,2.951625678725389,8.719691281543827,1.3161903208579695,-66.14988325363278,124.25523360492025
2023-12-27,2.951625678725389,8.770858686920393,1.3207693687152942,-66.34735794880584,123.47775082007092
2023-12-28,2.951625678725389,8.9408023308094,1.351719844770797,-66.98701559977131,118.36075649432215
2023-12-29,2.951625678725389,9.001397954070118,1.358279280352774,-67.20925245405057,117.3062433786658
2024-01-02,2.951625678725389,8.933327447409333,1.3405609739393753,-66.95939227458452,120.1783981560895
2024-01-03,2.951625678725389,8.906768549340983,1.337372187875959,-66.86086921003711,120.70338425485127
2024-01-04,2.951625678725389,8.824423267844395,1.325003097695992,-66.55163075097593,122.76368137235924
2024-01-05,2.951625678725389,8.754143388856173,1.3179009616119308,-66.28310106865804,123.96414940886315
2024-01-08,2.951625678725389,8.627884372171435,1.3008567059279061,-65.78969360964518,126.89860191941608
2024-01-09,2.951625678725389,8.637462776450107,1.3034073072372123,-65.82763069297451,126.45459039061615
2024-01-10,2.951625678725389,8.591138579178487,1.297322600987863,-65.64337018286541,127.51670837136699
2024-01-11,2.951625678725389,8.655442870392687,1.304663131004636,-65.89861751821051,126.2366130061892
2024-01-12,2.951625678725389,8.618258129219665,1.3001086271921938,-65.75148209220971,127.02915871729333
2024-01-15,2.951625678725389,8.616320840906237,1.298823152635065,-65.74378167636866,127.25385459422264
2024-01-16,2.951625678725389,8.653452105168496,1.3067234452238323,-65.8907723431848,125.87990515619754
2024-01-17,2.951625678725389,8.468874988597918,1.278302153819117,-65.14736983720606,130.9020343826356
2024-01-18,2.951625678725389,8.55840812569623,1.2963723505792242,-65.51197798264296,127.68347978160683
2024-01-19,2.951625678725389,8.513176849449112,1.294411875200662,-65.32874001182779,128.02832199510092
2024-01-22,2.951625678725389,8.29038994230524,1.2742720216494354,-64.39702234434759,131.6323068056351
2024-01-23,2.951625678725389,8.390551983990083,1.2794307444248443,-64.82203215762976,130.69835484157167
2024-01-24,2.951625678725389,8.525545921977693,1.2973146439668606,-65.37904193188965,127.51810383486175
2024-01-25,2.951625678725389,8.734798348770966,1.3233669599943991,-66.20842793536615,123.03909406487534
2024-01-26,2.951625678725389,8.690821237256106,1.3197654776924368,-66.03743653048275,123.64774110368475
2024-01-29,2.951625678725389,8.575294290097888,1.3079443926952217,-65.57989056849387,125.66904948023883
2024-01-30,2.951625678725389,8.411037658441455,1.2846189596412814,-64.90771057524526,129.76662897374683
2024-01-31,2.951625678725389,8.288075888890488,1.2728667563184135,-64.38708189578945,131.88803259050835
2024-02-01,2.951625678725389,8.308667987481062,1.2738006572261868,-64.4753445056091,131.71802133881874
2024-02-02,2.951625678725389,8.178478255577398,1.2587245568315422,-63.909842558883156,134.49337368575794
2024-02-05,2.951625678725389,8.121505827536515,1.266956391962067,-63.65666981709596,132.96979260307182
2024-02-06,2.951625678725389,8.508786890310391,1.311005193440727,-65.31085198423958,125.1421804805259
2024-02-07,2.951625678725389,8.628634646407907,1.3236485831158389,-65.79266825309207,122.99163965237123
2024-02-08,2.951625678725389,8.729092224563702,1.3320804126249859,-66.1863387074832,121.58014266638317
2024-02-19,2.951625678725389,8.901381251376087,1.3474711518401543,-66.84081273039406,119.04926682063244
2024-02-20,2.951625678725389,8.916472059679867,1.3502606221282025,-66.89693346236581,118.59673831509711
2024-02-21,2.951625678725389,8.982105252198652,1.368477489350066,-67.13882106867,115.68682727307493
2024-02-22,2.951625678725389,9.095879264522392,1.3802758117250111,-67.54985864601433,113.84317928723031
2024-02-23,2.951625678725389,9.131931776607692,1.381489910616135,-67.67797054412674,113.6552468493226
2024-02-26,2.951625678725389,9.075166762641969,1.367086871271635,-67.47579679884461,115.90622664526431
2024-02-27,2.951625678725389,9.255761787836573,1.3834873999978665,-68.11039710848806,113.34676981734279
2024-02-28,2.951625678725389,9.07545287126793,1.3658601836607167,-67.47682214217681,116.10013338368029
2024-02-29,2.951625678725389,9.316162296613916,1.3919175668459085,-68.31715050951617,112.05463233097821
2024-03-01,2.951625678725389,9.397530686515521,1.4005163750345935,-68.59147602507258,110.75267175312264
2024-03-04,2.951625678725389,9.434389302888825,1.4017296425951646,-68.7141839925813,110.57025470765849
2024-03-05,3.0105272998086012,9.460328942471307,1.4114861775460827,-68.17735072304826,113.28776347229316
2024-03-06,2.977804176984595,9.442780275483328,1.4057594184803242,-68.4647520104223,111.82886188333043
2024-03-07,2.9908934261141975,9.368223267117047,1.3973160295177813,-68.07405907358773,114.04559619532635
2024-03-08,2.977804176984595,9.468163322312735,1.4033294788626336,-68.54929434975966,112.19565482213324
2024-03-11,2.9516256787253896,9.568024671357461,1.4208878135254361,-69.15114895594611,107.73108549660671
2024-03-12,2.873090183947774,9.542560081732805,1.424145995896399,-69.8918302914572,101.74126755448043
2024-03-13,2.85345631025337,9.510609581859269,1.4141965922573088,-69.99712494038121,101.7722518832228
2024-03-14,2.860000934818171,9.474783423613445,1.410183205460184,-69.8146035962114,102.81059395292327
2024-03-15,2.846911685688569,9.544209655351251,1.4132591680914797,-70.17132074322821,101.44300139465217
2024-03-18,2.846911685688569,9.683161501333823,1.426534725270989,-70.59935760343957,99.56834104741199
2024-03-19,2.8076439382997607,9.605705646928707,1.4162825589621242,-70.77108083988118,98.24038081477538
2024-03-20,2.846911685688569,9.632982646215394,1.4193519501233387,-70.44620767787781,100.57827696937171
2024-03-21,2.8557485096782402,9.618148586385598,1.417652235428067,-70.30875033766347,101.44210535639111
2024-03-22,2.866874638839171,9.523825744803482,1.4033660574069424,-69.89786756227208,104.28559061321563
2024-03-25,2.8793285726785296,9.437079893183446,1.395749921518442,-69.48919999333359,106.29258352714763
2024-03-26,2.925167811497671,9.455254078875718,1.4028690009109055,-69.06304381568253,108.51325459457102
2024-03-27,2.9477613812230516,9.28746462681894,1.38665405683372,-68.26086020601413,112.58087889303532
2024-03-28,2.9154373134518927,9.386025731347445,1.3938502916188864,-68.93853269851033,109.16430774396582
2024-03-29,2.947263158291812,9.45298866112903,1.4003898940291117,-68.82189047352774,110.46018475698477
2024-04-01,2.9478884833351136,9.614577882025483,1.4234147021204124,-69.3393873396542,107.0997636137764
2024-04-02,2.9653605771931724,9.561750429340462,1.417488225786216,-68.98726233123705,109.19825105061611
2024-04-03,2.9685053770275065,9.518258376874547,1.4123922486739338,-68.812515278638,110.17570577964979
2024-04-08,3.0288387763203213,9.435167152636323,1.3999636985658805,-67.89840892777379,116.35123678014341
2024-04-09,3.0218444022298137,9.440368330645015,1.3988075157032451,-67.9901853784624,116.03003760746833
2024-04-10,3.068783906699845,9.338614548644358,1.387414922225073,-67.13876677622031,121.18717750118103
2024-04-11,3.1046561668383186,9.35907864037985,1.387231277347316,-66.82733112805309,123.80234770766467
2024-04-12,3.1016547567323682,9.325584422132353,1.375986225248622,-66.74037125897193,125.41321270654011
2024-04-15,3.1598659560421924,9.504510076041932,1.4049786803300506,-66.7540364441584,124.90490427227638
2024-04-16,3.1375748275926125,9.32264034499397,1.3899508762817874,-66.34456858268254,125.73278531870402
2024-04-17,3.1816792140072003,9.54012799537246,1.411442117026802,-66.64951229637057,125.42045299805827
2024-04-18,3.1621639101219654,9.544487584305468,1.4131834774240357,-66.86921238892187,123.76173799356809
2024-04-19,3.1194220837266897,9.46964154580395,1.4020436876081517,-67.05870999827948,122.49107579866778
2024-04-22,3.104803995960067,9.41433112149215,1.3977851374723875,-67.02045046119048,122.12312269784742
2024-04-23,3.0706640201695947,9.336162830652073,1.3880151824711227,-67.10999930198167,121.22697640113742
2024-04-24,3.1119738029713107,9.425615064792042,1.3941104189074698,-66.98386490876742,123.2229069351686
2024-04-25,3.122040780458247,9.42201992202374,1.3975384302341507,-66.86442178751338,123.39570153610478
2024-04-26,3.1903372885104213,9.604320997957867,1.4189104740128093,-66.78227134235964,124.84415662165449
2024-04-29,3.2076703540677007,9.734391472789113,1.4346043321822752,-67.04806496601032,123.59268560051629
2024-04-30,3.17611219708064,9.680739055679291,1.4268776689174658,-67.19142847655473,122.59176566203269
2024-05-06,3.2313510939433288,9.810507686726073,1.44804983707901,-67.06234583236248,123.15192552084908
2024-05-07,3.21650149545418,9.810365794668007,1.448497528375098,-67.21323584893881,122.0577828021841
2024-05-08,3.2038926667875427,9.712892813350056,1.4371026388411143,-67.014022203726,122.94111639591554
2024-05-09,3.23059322125049,9.83641791836587,1.4506959622275115,-67.15681208279538,122.69264583117652
2024-05-10,3.2319536216779183,9.836962859961693,1.4513753176375532,-67.1448020320115,122.68214033973415
2024-05-13,3.2291936708862523,9.842862856486562,1.4507473067859185,-67.19253617601534,122.58829334244443
2024-05-14,3.216137090638602,9.850449143864155,1.4477207489417405,-67.35035079449212,122.1517577191281
2024-05-15,3.194234304548651,9.74992211764569,1.4354528831533282,-67.23836081964558,122.52449676590729
2024-05-16,3.183130185403634,9.768130768551089,1.4411151547205168,-67.41310839478258,120.87965524316174
2024-05-17,3.213290001406388,9.860219162520345,1.4560040473921796,-67.4115762698215,120.6923811208938
2024-05-20,3.220663789838569,9.92621230404012,1.4611474895202907,-67.55395017566057,120.42017064929871
2024-05-21,3.2083762777677514,9.884189849656916,1.4552881134378288,-67.5403211940621,120.46330538552948
2024-05-22,3.1894456993217153,9.90666136435118,1.4585698501744448,-67.80503963929928,118.66938350194593
2024-05-23,3.1646630457862988,9.76953809738927,1.4416822409188064,-67.60683039219637,119.51182833253257
2024-05-24,3.1804733965150294,9.658989681675827,1.4257221590367055,-67.07240093082676,123.0780644290419
2024-05-27,3.2316524591687643,9.784982378008467,1.4392738367211413,-66.9733441070693,124.53353744905846
2024-05-28,3.223308092895508,9.699542675641231,1.4287691834473417,-66.76845289840001,125.60033700603013
2024-05-29,3.222146159503018,9.719046104888461,1.4304911857188536,-66.84709461474463,125.24753676715723
2024-05-30,3.2070442867205298,9.696141540662616,1.4228864113479036,-66.9245310284387,125.39004246182164
2024-05-31,3.1827139498009087,9.682680159576437,1.417190846971447,-67.12982462140798,124.57906474645988
2024-06-03,3.1838789276913655,9.708025874235751,1.4206838604298968,-67.20364192537743,124.10889687505345
2024-06-04,3.195792154081366,9.791004257409975,1.43134195357138,-67.3599145699202,123.27244346520119
2024-06-05,3.1679401391982327,9.735077744792777,1.423077023567433,-67.45850190161305,122.61199406176195
2024-06-06,3.188422636951154,9.70938900174554,1.4220682633227684,-67.16144922839177,124.21023794604396
2024-06-07,3.2123581072467355,9.679329324174311,1.4148906740942788,-66.81218295544704,127.039315903547
2024-06-11,3.1235107234243813,9.666190166317927,1.4025247508878447,-67.68622725519792,122.70628175703106
2024-06-12,3.132726538109156,9.697096437862955,1.4030177694926265,-67.69417981781415,123.28487965209764
2024-06-13,3.0926419723045626,9.680067176186938,1.3958952856036146,-68.05144100742923,121.55257662950261
2024-06-14,3.0828706655641067,9.724251314621768,1.401992699334266,-68.29708976228761,119.89206270674613
2024-06-17,3.082107366854556,9.720999374045846,1.3998809217951549,-68.29433633044466,120.16925288917983
2024-06-18,3.1120000080606234,9.771923934033293,1.4035987903744622,-68.15366115139041,121.7157801361728
2024-06-19,3.0815702721039218,9.710945963396558,1.3969318360410328,-68.26704335788423,120.59560764519688
2024-06-20,3.0773387700564485,9.627487175175045,1.3868500529082548,-68.03590891305969,121.89412356463495
2024-06-21,3.0969795005386787,9.630270402273004,1.3838169235939957,-67.84119893655625,123.79979950637714
2024-06-24,3.0626095157238225,9.50642778483862,1.3763707354227208,-67.78380286432888,122.51341422071226
2024-06-25,3.051565687331244,9.41939135547849,1.368885633064157,-67.60336658529006,122.92334827859376
2024-06-26,3.062949878735796,9.537590473456161,1.3777383137686976,-67.88549595141228,122.31724617988817
2024-06-27,3.0456517841225965,9.43284758726281,1.367387337885597,-67.71227610806363,122.73511679814986
2024-06-28,3.0881163053327585,9.483730439989948,1.370372012504798,-67.4377469406856,125.34875764780304
2024-07-01,3.104224219434479,9.556408425939967,1.3769140693195114,-67.5168318360237,125.4479265339068
2024-07-02,3.1004934966377076,9.486811236009,1.3743816781080214,-67.31785402381367,125.59188222778536
2024-07-03,3.0854087842645255,9.457510473531451,1.3710675986541978,-67.37609973682189,125.03695567549534
2024-07-04,3.0691456051120922,9.37704377597589,1.3640997422479448,-67.26958220057281,124.99422220066884
2024-07-05,3.071711836409316,9.39013922510018,1.358259724291205,-67.28789890358047,126.15054996291377
2024-07-08,3.0706485464059967,9.288893545906266,1.3466606441386675,-66.94279537998074,128.0194761591182
2024-07-09,3.123563596423639,9.444114902685794,1.3617238391161641,-66.92581963890196,129.3830442486054
2024-07-10,3.107762112196626,9.430306716698535,1.3574304522715348,-67.04495192405973,128.9444816120098
2024-07-11,3.1406754853619385,9.585030804392217,1.372949928960828,-67.2335379045129,128.7538255484003
2024-07-12,3.1413662491052037,9.559365269275206,1.374625416308571,-67.1383385756596,128.52525581412942
2024-07-15,3.1356164491530683,9.564696284296987,1.3761476617244757,-67.21676929458782,127.85465080279033
2024-07-16,3.1393733439652562,9.660872811679303,1.3848710903216925,-67.50424723354209,126.69065488514235
2024-07-17,3.117923233406945,9.628019250499435,1.3861778231886623,-67.61615081684418,124.92952788948118
2024-07-18,3.1379391264203296,9.682178456970924,1.393836911155707,-67.59056713976292,125.12957587114633
2024-07-19,3.143496388311566,9.735869844710784,1.4009960923505347,-67.71221844117672,124.37581414217469
2024-07-22,3.127710836451991,9.695422967271476,1.3914592661884828,-67.74033637304836,124.77918775297594
2024-07-23,3.0608572869822654,9.453413699980791,1.361750283345166,-67.62167208456682,124.77375803904445
2024-07-24,3.0305816134796197,9.390473194077304,1.3531552755247207,-67.72706176946389,123.96406889109115
2024-07-25,3.0087516587634253,9.350420678345854,1.3456753986724865,-67.8222856247395,123.58673285783253
2024-07-26,3.0480024327561313,9.430965124148731,1.349642626830365,-67.68090653891318,125.83774194464823
2024-07-29,3.051084719906182,9.385554094870866,1.342298771491382,-67.491693201432,127.30295107967851
2024-07-30,3.0191338810796884,9.346501169466048,1.3338429917448902,-67.69771033739498,126.34852076031491
2024-07-31,3.088358826207537,9.60214390726124,1.3626237742327933,-67.83677836912976,126.64794821640295
2024-08-01,3.089082374212758,9.554422102154804,1.3535908531470437,-67.66855869266988,128.21389247945692
2024-08-02,3.061990434476027,9.437847302396504,1.33978494666223,-67.55626218175291,128.54342721974007
2024-08-05,3.0302875966006217,9.253688086940409,1.3235259420657637,-67.25319063998687,128.95566307305916
2024-08-06,3.0152262431796752,9.313671451756422,1.3233907122958959,-67.62580407953894,127.84097055877655
2024-08-07,3.0188703276985787,9.307221510662165,1.3228009030625054,-67.56421533279054,128.2180425421081
2024-08-08,3.027318628618336,9.296143845038596,1.3233740856848466,-67.43468389601101,128.75758724349643
2024-08-09,3.0075229114791853,9.258678734712946,1.3188969747881218,-67.51671596290214,128.03319508427396
2024-08-12,3.0311439542722516,9.23561364640197,1.3166156058163077,-67.17983157022672,130.22239299624042
2024-08-13,3.0381523295201522,9.277579500342577,1.319990728684984,-67.2527480965486,130.16467187969226
2024-08-14,3.0456983781384137,9.18910540888023,1.3100340014195981,-66.85533310788784,132.49002505568478
2024-08-15,3.077670185464541,9.271827038935557,1.3229845875274313,-66.80621658988724,132.63084199767573
2024-08-16,3.103357964517051,9.267628663394865,1.324441791224398,-66.51400183118422,134.31440966900556
2024-08-19,3.131002000491328,9.303209750602484,1.3289284822160605,-66.34492734845023,135.6034987880019
2024-08-20,3.1293202198728856,9.20324807704204,1.3193229327283382,-65.99765437509905,137.19137614029816
2024-08-21,3.120572970163023,9.180370602503181,1.3149412664964708,-66.00820266109795,137.31652885740493
2024-08-22,3.139014385753561,9.116695955686298,1.311576634227623,-65.56850858017609,139.33137445697952
2024-08-23,3.15697701708,9.132923270258948,1.3171405316794365,-65.43300623842327,139.68414464132061
2024-08-26,3.091765540181422,9.129671925311717,1.315965822021632,-66.13497653065053,134.94269292129073
2024-08-27,3.1840570488435542,9.050819458804467,1.3084880828765326,-64.82023463912803,143.33863567514035
2024-08-28,3.1840570488435542,9.027526971016002,1.3010305727748768,-64.72946512299143,144.7334532694726
2024-08-29,3.1840570488435542,9.031282173152592,1.29754120133599,-64.74413059190154,145.39159493086981
2024-08-30,3.1840570488435542,9.177940140343493,1.3148610233045728,-65.30749819507552,142.15920864710304
2024-09-02,3.1840570488435542,9.003633472512268,1.2925254278284362,-64.63586552513102,146.3438614273971
2024-09-03,3.1840570488435542,9.045501812243092,1.2958575590313992,-64.79955324829044,145.71041984147604
2024-09-04,3.1840570488435542,8.982748998563027,1.2874400204903211,-64.55364555602179,147.31692336477988
2024-09-05,3.1840570488435542,9.009325849821199,1.2896540912745547,-64.65820970492764,146.89233108211027
2024-09-06,3.1840570488435542,8.915843472951163,1.2791982885675048,-64.2876519927326,148.91035872235125
2024-09-09,3.1840570488435542,8.826543655661204,1.2639991512510953,-63.926343390355854,151.90341668283577
2024-09-10,3.1840570488435542,8.846467396483252,1.2651090171258075,-64.00758736635014,151.6824246559709
2024-09-11,3.1840570488435542,8.828747401615297,1.261298633332161,-63.935347745241835,152.44275738504172
2024-09-12,3.1840570488435542,8.794937245931798,1.2558929262083312,-63.7967053111564,153.52934015294974
2024-09-13,3.1840570488435542,8.757717844024,1.250656454232682,-63.64284502478854,154.59086210825785
2024-09-18,3.1840570488435542,8.787716069316891,1.2553131721159085,-63.7669557854631,153.64643019531354
2024-09-19,3.1840570488435542,8.871241872652853,1.265220059135315,-64.10810239929357,151.66033575373623
2024-09-20,3.1840570488435542,8.88494855813315,1.2672049597972521,-64.16347232614064,151.26614477211257
2024-09-23,3.1840570488435542,8.896994435196541,1.271842279967588,-64.2119923527499,150.34999221166777
2024-09-24,3.1840570488435542,9.2657773512264,1.3269258860895061,-65.63637428194713,139.95741451898826
2024-09-25,3.1840570488435542,9.379763918334598,1.3465706229159848,-66.05397452893578,136.45674386899302
2024-09-26,3.1840570488435542,9.75523386741121,1.4034919841920537,-67.36052572270602,126.86677834334165
2024-09-27,3.1840570488435542,10.237761784023391,1.4661840067044851,-68.89889493412069,117.16626523571901
2024-09-30,3.1840570488435542,11.22097671197697,1.5905548577217368,-71.62406508298893,100.18530221612743
2024-10-08,3.1840570488435542,11.996729189302558,1.6848680025224967,-73.4589570323654,88.97961407520054
2024-10-09,3.1840570488435542,11.1543117642166,1.5660620386362876,-71.45447324631795,103.31615033694335
2024-10-10,3.1840570488435542,11.223923571003873,1.582611058834057,-71.63151522993869,101.19011750046258
2024-10-11,3.1840570488435542,10.883381455185,1.538819376019124,-70.74386244794697,106.91558076689982
2024-10-14,3.1840570488435542,11.122542580616347,1.5681833170959978,-71.37293900413991,103.04112498402756
2024-10-15,3.1840570488435542,10.844766474251765,1.5264792240598162,-70.63969006245256,108.58829905167346
2024-10-16,3.1840570488435542,10.767265236767065,1.516817619140556,-70.42835874451268,109.91693455193858
2024-10-17,3.1840570488435542,10.682010939673114,1.4996497327272287,-70.19234424280612,112.32004909927204
2024-10-18,3.1840570488435542,11.097370638023309,1.553889023705194,-71.3080048175204,104.90890921227316
2024-10-21,3.1840570488435542,11.185975806998467,1.5578332517177877,-71.53527681642704,104.39010692142858
2024-10-22,3.1840570488435542,11.259356236616167,1.5667712823590485,-71.720789520019,103.22411348064784
2024-10-23,3.1840570488435542,11.302145804016059,1.5728809285249719,-71.82785371860851,102.43471651916609
2024-10-24,3.1840570488435542,11.192944500452716,1.5553139242721223,-71.55299886714555,104.72118195261926
2024-10-25,3.1840570488435542,11.287040338222834,1.5662350741527076,-71.79015088604804,103.29368824574728
2024-10-28,3.1840570488435542,11.332098679872765,1.5692974979721488,-71.90231801900171,102.89696841790695
2024-10-29,3.1840570488435542,11.22174871375391,1.5536574387655784,-71.62601720941208,104.93945250719948
2024-10-30,3.1840570488435542,11.158250805764826,1.539722636457963,-71.46455027522293,106.79419613965547
2024-10-31,3.1840570488435542,11.195788472034367,1.5403524287322101,-71.56022501856911,106.70964575712057
2024-11-01,3.1840570488435542,11.150826705697822,1.5399489167169105,-71.4455516807864,106.76380977830067
2024-11-04,3.1840570488435542,11.33000773864959,1.5616195665125812,-71.89713262081973,103.8945410983938
2024-11-05,3.1840570488435542,11.652268100082518,1.6011317575792614,-72.67435814645387,98.86290018115093
2024-11-06,3.1840570488435542,11.657813250800201,1.593099758478682,-72.68735585016343,99.86551575929836
2024-11-07,3.1840570488435542,11.958066100682345,1.6411633718925567,-73.37314393452075,94.01219301962385
2024-11-08,3.1840570488435542,11.904700124454038,1.624676028504346,-73.25378198898918,95.98104440395743
2024-11-11,3.1840570488435542,12.038945732264526,1.6353978965753544,-73.55202756408943,94.69616877404626
2024-11-12,3.1840570488435542,11.901283163457093,1.6174299930603702,-73.24610291921962,96.85903331240564
2024-11-13,3.1840570488435542,11.993352178863907,1.6273850180774814,-73.45148377736399,95.6548090018092
2024-11-14,3.1840570488435542,11.733405683618875,1.5991708467418382,-72.86331748258864,99.1067468076206
2024-11-15,3.1840570488435542,11.513851174523534,1.5711477626717547,-72.34585543463639,102.6580264754366
2024-11-18,3.1840570488435542,11.39908223418792,1.5638438507864594,-72.06742627670508,103.6045380900585
2024-11-19,3.1840570488435542,11.52171995099909,1.5743386468551366,-72.36474187547448,102.24727730618537
2024-11-20,3.1840570488435542,11.584133861298916,1.577854581284533,-72.51363729936621,101.79660956153577
2024-11-21,3.1840570488435542,11.587859727432766,1.5792501081719406,-72.52247504079024,101.61828910869959
2024-11-22,3.1840570488435542,11.222901521740656,1.5303207629555946,-71.62893176354174,108.0646832951548
2024-11-25,3.1840570488435542,11.172851817582972,1.5233502542090076,-71.50184124134957,109.01674057204005
2024-11-26,3.1840570488435542,11.13876171762288,1.520220413440478,-71.41462283185403,109.4470657473658
2024-11-27,3.1840570488435542,11.3705538031152,1.54668839474425,-71.99734415775583,105.86286543968338
2024-11-28,3.1840570488435542,11.276366906395804,1.5330331174381093,-71.76344938689783,107.6965600172104
2024-11-29,3.1840570488435542,11.42942883313711,1.550464416875061,-72.14159084124935,105.36150421697363
2024-12-02,3.229526606507043,11.56577240394359,1.562755757854788,-72.07686184966022,106.65587634373846
2024-12-03,3.2401656201495572,11.566888400133774,1.564441854563867,-71.98757774725237,107.11320211084781
2024-12-04,3.2562802004702536,11.485816127868489,1.5559961695455122,-71.64955311647891,109.27302163098345
2024-12-05,3.224210083912128,11.49270568732002,1.5524457151046038,-71.94559600121475,107.68585030329905
2024-12-06,3.262277497751645,11.622523289113936,1.572853850901262,-71.9314178461814,107.41135585371299
2024-12-09,3.2663642819478214,11.593122373190354,1.5702530926486238,-71.82498228862447,108.01514719122652
2024-12-10,3.2741172628552127,11.652066413649381,1.5817595388253147,-71.90097321261516,106.99209851370446
2024-12-11,3.273577313047326,11.675172383908496,1.5790651965047704,-71.96120789137821,107.31109268276727
2024-12-12,3.2894139441428294,11.767718423932525,1.594771009999324,-72.04713925298378,106.26246172760712
2024-12-13,3.1758481777054417,11.529587329596243,1.5570349368644043,-72.45479749693125,103.96768900388605
2024-12-16,3.1557269486576143,11.453704663881075,1.5485873516619297,-72.44798044593286,103.78101017491308
2024-12-17,3.154878765087744,11.437868357814036,1.5526219967688961,-72.41724885797957,103.1968355242451
2024-12-18,3.164157568146578,11.499220553719262,1.5604826626013293,-72.48372136733063,102.76787714333962
2024-12-19,3.15410375065016,11.548100707707286,1.5618973100914433,-72.68725108584229,101.94053285522968
2024-12-20,3.124628113407302,11.533494846822562,1.5548827012384063,-72.90822812247472,100.9558734506887
2024-12-23,3.1575953813597826,11.494110886190034,1.5571897226958396,-72.52858083043573,102.77525181024743
2024-12-24,3.193672441460153,11.637816617960961,1.5770293867432872,-72.55780404263055,102.5119169183895
2024-12-25,3.1950544417535856,11.627099273673451,1.5777977341096123,-72.52062301568236,102.50088922561602
2024-12-26,3.1910597515567325,11.691300012588547,1.5785304926108579,-72.70568928929396,102.15382385669241
2024-12-27,3.189199755985546,11.670215287079388,1.5759773577227252,-72.67231428441214,102.36329794699049
2024-12-30,3.233548796837148,11.686585751667815,1.5831126282673773,-72.3311079424914,104.25260585382831
2024-12-31,3.166985548470571,11.458096255065993,1.5577198344781291,-72.36028151648364,103.30905971493789
2025-01-02,3.0684002703364985,11.094665542789471,1.5123863105985549,-72.34346309492238,102.88468950252016
2025-01-03,3.0592188007706533,10.922743205890468,1.4944808756365129,-71.99221163488616,104.70110060576752
2025-01-06,3.0653743608586486,10.906946351022118,1.492028410919567,-71.89521005967555,105.45013341732528
2025-01-07,3.095390811754363,11.030177197098494,1.5027707059698643,-71.93707085169393,105.97891610860532
2025-01-08,3.080143717549496,11.020753349073503,1.500043070840052,-72.05142316511022,105.33701847804662
2025-01-09,3.0729083157494115,11.013484180560312,1.496346420983417,-72.09867226964069,105.36075554816105
2025-01-10,3.045713817900535,10.844884148895733,1.477583409175752,-71.91566294223013,106.12804657840202
2025-01-13,3.039963984776978,10.830018599914368,1.4736375185020538,-71.93020532022896,106.28980645573466
2025-01-14,3.101236345576093,11.16683917288655,1.51244343488366,-72.22816324689268,105.04808801756256
2025-01-15,3.0753233626303214,11.077144598126978,1.5027392341703785,-72.23721929972527,104.64783860708367
2025-01-16,3.0957797174003137,11.116310502009172,1.5044642846539162,-72.15101434202671,105.77289530754533
2025-01-17,3.113642084963362,11.17538869608792,1.5091986329758753,-72.13840010725238,106.31095317279775
2025-01-20,3.1029748520553886,11.20826246339661,1.516060474943104,-72.3152909544282,104.67355381531465
2025-01-21,3.0937925056204816,11.228832845538308,1.5172235855603433,-72.44778198965018,103.91144291880208
2025-01-22,3.0864368939997933,11.176486314351086,1.5031313846681276,-72.38455085802167,105.33380684358735
2025-01-23,3.0788018824019456,11.191356151534334,1.50579453229937,-72.4894656133355,104.46361149290206
2025-01-24,3.1176177619615477,11.292010576873066,1.5173222367859027,-72.39094188995293,105.4684025830599
2025-01-27,3.131595339268254,11.220041491192971,1.5110739959407324,-72.0892713121751,107.24301706473689
2025-02-05,3.1062936173473745,11.188670106582382,1.5023666397341968,-72.23715072696693,106.76002349845501
2025-02-06,3.1507495008900266,11.375186126731913,1.5212681670467703,-72.30155651268244,107.11335247397962
2025-02-07,3.1797720203677096,11.53174404315156,1.5410108425297635,-72.4259226664322,106.34326070981518
2025-02-10,3.1883793743039415,11.578760462124858,1.5443199340002725,-72.46355182203303,106.45847431659061
2025-02-11,3.155529415766771,11.542179465170046,1.5372233005327256,-72.66088761408561,105.2746282646913
2025-02-12,3.1804329598568706,11.656389711824886,1.5517622822161383,-72.71511129530559,104.95619698364868
2025-02-13,3.1667714583617053,11.577281078696503,1.5459342987588245,-72.6466738015982,104.84515162799566
2025-02-14,3.190349874282865,11.661911855091896,1.5593419583218378,-72.6429944427176,104.59591029772048
2025-02-17,3.1883293567229996,11.709832443586773,1.5626632426404496,-72.7722034274779,104.03176255273294
2025-02-18,3.1520871323277326,11.555332779925905,1.5489599856852811,-72.72179700610972,103.49700195342399
2025-02-19,3.1665590259703085,11.66263099323791,1.559797883749112,-72.84867344421421,103.0108553782112
2025-02-20,3.180926154512158,11.647573017709785,1.55533866625285,-72.6902235369063,104.51662544825062
2025-02-21,3.2655907136029008,11.797398171878479,1.5749533564179325,-72.3193990231922,107.34523345060497
2025-02-24,3.3559475185339105,11.789228905996916,1.571498544577727,-71.53378269865627,113.55078756599664
2025-02-25,3.320914135334633,11.669749286758016,1.5540539042647668,-71.54254085730047,113.69362582733444
2025-02-26,3.3572801748033907,11.7875261714044,1.5676286612688255,-71.51836504127655,114.1629748008075
2025-02-27,3.3572477783444405,11.780242343197664,1.5708647539993938,-71.50102960077866,113.71972156081212
2025-02-28,3.302161822741825,11.518961778822247,1.5399601594729535,-71.33281726124928,114.4316398335902
2025-03-03,3.3079828213879026,11.533243063026324,1.5393367011457728,-71.31784353012772,114.89663820304389
2025-03-04,3.295686087272235,11.57319080527395,1.5380489305328326,-71.52309900766194,114.27706374273131
2025-03-05,3.3554956563370095,11.624278375559378,1.5449172252086354,-71.13372935568968,117.1958213414225
2025-03-06,3.3958174517022957,11.76924008658043,1.5661621941742743,-71.14667194550404,116.8241236018769
2025-03-07,3.3725765360543107,11.72687262228953,1.5613236128359034,-71.24061423124884,116.00752773658152
2025-03-10,3.3718307408982753,11.709649896721348,1.555301414726666,-71.20468356750467,116.7959669406494
2025-03-11,3.4006408967168067,11.752517211459454,1.5602949006579798,-71.06457420542243,117.94860031156604
2025-03-12,3.3799995290399836,11.717810360655973,1.5546797774092667,-71.1550244882887,117.40808481296692
2025-03-13,3.3711679202856537,11.652930590906802,1.5484835145172102,-71.07021367726762,117.70770490486781
2025-03-14,3.425495605253845,11.889282966569088,1.5860823785238038,-71.18837515360822,115.9721116403813
2025-03-17,3.4229534634188683,11.881321727086538,1.5822150683808982,-71.19046565656612,116.33932907247701
2025-03-18,3.413663533539606,11.917880910966753,1.5865440440906071,-71.35679103490307,115.16348986682479
2025-03-19,3.4133175560328097,11.855680383189304,1.5875119899638623,-71.20943340482842,115.01050559690636
2025-03-20,3.3921668609749918,11.784045391717076,1.5735867281640157,-71.21390194780375,115.56910720344007
2025-03-21,3.3881148946578277,11.62076655480335,1.5497171694699015,-70.84430808691035,118.62795104843364
2025-03-24,3.403073012962727,11.66356620643676,1.5576951716717398,-70.82304886232242,118.468483105748
2025-03-25,3.4254974872598782,11.639239348872554,1.5566843133071095,-70.56940419743415,120.05087723808012
2025-03-26,3.42643216119938,11.618059195811346,1.551562327424686,-70.50770611984221,120.83754552655583
2025-03-27,3.445018349713191,11.633296905590663,1.556730471946356,-70.38656902105194,121.29831796803839
2025-03-28,3.4350086192039235,11.57270109212194,1.5499034666879923,-70.31800448434386,121.62726215099289
2025-03-31,3.458650254235603,11.477553838408113,1.5388742438355865,-69.8659635761264,124.75197489919947
2025-04-01,3.4594144461073455,11.519078585476233,1.5390240812708762,-69.96795863109114,124.77974764700713
2025-04-02,3.4642544372966695,11.512613975470863,1.5377183776703045,-69.90905414984192,125.28536353614585
2025-04-03,3.487269824264293,11.423660173218028,1.5286598832732745,-69.47327063842503,128.1259462894457
2025-04-07,3.2566874148395764,10.520537597519455,1.4209579224020241,-69.04447719850893,129.1895744058619
2025-04-08,3.3812632041219226,10.64902389171163,1.445232141139344,-68.24813956184627,133.95986761381567
2025-04-09,3.4128176684848484,10.828097880122105,1.4594974963094878,-68.48183581023962,133.83511634069683
2025-04-10,3.418767369353725,11.019912378378901,1.4786263331474072,-68.97645596473747,131.2123957698311
2025-04-11,3.440277170380078,11.061151244013157,1.4847233905935362,-68.89765726472525,131.71165701139694
2025-04-14,3.487025433227481,11.109234795805648,1.48813798186987,-68.61147057091614,134.32137850859613
2025-04-15,3.486655457946128,11.08215737728729,1.4889663829718185,-68.53811636810019,134.16616371063625
2025-04-16,3.514612947844791,11.095498736291484,1.4935527940426079,-68.3239750517109,135.31896307004777
2025-04-17,3.489441996047969,11.084975872707453,1.4933159440094932,-68.52097797849615,133.67071181728346
2025-04-18,3.479721895445395,11.09596323553882,1.4934350618015109,-68.63974923510622,133.00121876393155
2025-04-21,3.457049975866225,11.179070839977841,1.4983270858182547,-69.07569488241047,130.72732306499603
2025-04-22,3.4681154649842374,11.149603872173023,1.497959558539726,-68.89472034392274,131.52263659007605
2025-04-23,3.452356846622482,11.16586546930274,1.499119541770601,-69.0811531258932,130.29229827428733
2025-04-24,3.4604857970961893,11.123145991746567,1.4981199657491826,-68.88932501952337,130.98856408109233
2025-04-25,3.451769208186627,11.160286668537388,1.4991636022898815,-69.07096286408385,130.24633221579413
2025-04-28,3.4778051670840098,11.127375308130427,1.4970358315344279,-68.74550313277484,132.31275389843796
2025-04-29,3.4637395823074564,11.107104294183229,1.4944459993404793,-68.81509806186469,131.7741546925118
2025-04-30,3.428441531934284,11.12815311240618,1.4926621223235623,-69.19128001472141,129.6863758154041
2025-05-06,3.428441531934284,11.297781477254315,1.507694122611757,-69.65385160939142,127.39635848651076
2025-05-07,3.4887071057378165,11.348543411757344,1.516832662264839,-69.25854729406562,129.99947143336817
2025-05-08,3.482010930870757,11.40539042271573,1.5252525760360671,-69.47048016930877,128.29077528392384
2025-05-09,3.5221879800731117,11.337862239447485,1.5225845195958483,-68.93428491467758,131.32955410633193
2025-05-12,3.5221879800731117,11.49571419186533,1.5401822039048008,-69.36085987101606,128.68644833990172
2025-05-13,3.5221879800731117,11.50190131739297,1.5424183643294287,-69.37734133793235,128.35490431964573
2025-05-14,3.5221879800731117,11.610481644342592,1.5610055299316623,-69.66372207487741,125.63584257304367
2025-05-15,3.5221879800731117,11.46904672243562,1.546749556920611,-69.28961869879693,127.71546720759095
2025-05-16,3.5221879800731117,11.43786643886579,1.539578816272387,-69.20590042820625,128.77607452413505
2025-05-19,3.5221879800731117,11.420180835297705,1.5348520686869074,-69.15821184558945,129.48061588022645
2025-05-20,3.5221879800731117,11.469123824818068,1.5431753501782037,-69.28982515254182,128.24288760615406
2025-05-21,3.5490749112187077,11.507247618574912,1.5503842528575031,-69.157916568252,128.91582552373265
2025-05-22,3.540112600836842,11.474899221444543,1.5493883980299863,-69.14907457992308,128.48451720291817
2025-05-23,3.5490749112187077,11.370429480210868,1.5368824154190464,-68.78679985311436,130.92689952152372
2025-05-26,3.517706824882179,11.368175168888591,1.5281069692815465,-69.05653921916047,130.2002998216847
2025-05-27,3.553556066409641,11.30342742556122,1.5199085457217971,-68.56213666331206,133.80065046756312
2025-05-28,3.5445937560277754,11.297759092206462,1.518657472414673,-68.62569181110487,133.40310902311984
2025-05-29,3.602848773509901,11.416997597810818,1.5275500173985632,-68.44311525299139,135.8579904077771
2025-05-30,3.598367618318968,11.359764224501156,1.5202392569330023,-68.32357127133082,136.697454161161
2025-06-03,3.5625183767915063,11.390744063002183,1.5249027838093252,-68.72444541737374,133.6226554647674
2025-06-04,3.53563144564591,11.46647385987811,1.5315257963849813,-69.16548636615045,130.85680006118255
2025-06-05,3.5669995319824386,11.536348296201057,1.5350145344291612,-69.08034119291406,132.3756193819317
2025-06-06,3.5938864631280345,11.545044748650394,1.5336006390952615,-68.87074462359138,134.3430467822592
2025-06-09,3.584924152746169,11.61957732468275,1.5380588669122943,-69.14755113225215,133.08107575511897
2025-06-10,3.5311502904549763,11.528681419455744,1.5302282477412577,-69.37073580248453,130.75971154415976
2025-06-11,3.5175515698647333,11.610924616905892,1.5417718662697946,-69.70481089212257,128.14993883467304
2025-06-12,3.4540905879341843,11.623188215676526,1.5408114815458498,-70.282761288546,124.17347153129978
2025-06-13,3.476755224337952,11.562640357634036,1.5297203443608696,-69.9311306345139,127.28044620407859
2025-06-16,3.51301864258398,11.605376740341857,1.5335258193455394,-69.72938732465055,129.08115391778833
2025-06-17,3.5175515698647333,11.604189682356132,1.5321733237110147,-69.6872279224022,129.57922027679052
2025-06-18,3.540216206268501,11.64539457551834,1.5339912456934135,-69.59986041425373,130.78464210323503
2025-06-19,3.540216206268501,11.52908153854899,1.5213710145122628,-69.293163601703,132.69907027928102
2025-06-20,3.5670461572131646,11.51228869237003,1.5227775862198674,-69.01531700141183,134.24603760211465
2025-06-23,3.6656733912153565,11.5561143873688,1.527234032614288,-68.27936044643124,140.02041029301395
2025-06-24,3.694159487679159,11.696238766012824,1.545496623016537,-68.41583382844641,139.02734128715278
2025-06-25,3.743401740585578,11.867850544404227,1.5676781056431142,-68.4576265383573,138.7863763045864
2025-06-26,3.7320154052294088,11.839338438138489,1.562117414752003,-68.47783831225456,138.90748352113417
2025-06-27,3.7276491710326614,11.84207313307458,1.552512894530679,-68.52198826047238,140.10423257447536
2025-06-30,3.7774381358483633,11.925272971414874,1.5581822917883175,-68.32409501314594,142.4259443683587
2025-07-01,3.774494027464859,11.933969121842868,1.5608278627164505,-68.3718468773615,141.82641261258397
2025-07-02,3.7497991451108525,11.923820380989127,1.561193212700675,-68.55203260953691,140.18802506988578
2025-07-03,3.7651781349317752,11.996964847079205,1.5708456333966885,-68.6155774987667,139.69116091886212
2025-07-04,3.780232176929842,12.011651591754498,1.5764415964555256,-68.52862282881385,139.79525695270434
2025-07-07,3.739134229194003,11.977204881790362,1.5697003765927426,-68.78124515613133,138.206875971472
2025-07-08,3.7798730357419106,12.12208653118214,1.5828742343346667,-68.81829686647767,138.7980645430566
2025-07-09,3.7615656264345896,12.08024430759645,1.580082507577976,-68.86184144414037,138.0613422649993
2025-07-10,3.7535636879432994,12.123224428539988,1.5874551032017727,-69.0382397020811,136.45164391563927
2025-07-11,3.7471094642190454,12.15600964052034,1.5893484387414307,-69.17483964697934,135.76387486096485
2025-07-14,3.7404491936928697,12.183003569218636,1.5904809484769054,-69.2978076182837,135.1772397698219
2025-07-15,3.7258639290990763,12.212177695386373,1.5910338228814649,-69.49058536458517,134.17880094788282
2025-07-16,3.7185779827362144,12.187854852023921,1.5863377949392572,-69.48947925714175,134.4127457972218
2025-07-17,3.733803868740512,12.303247618877236,1.5971407771198847,-69.65188392200099,133.78051091236057
2025-07-18,3.7564918102728937,12.372068886473759,1.6066644999289428,-69.63731899052208,133.80685951790375
2025-07-21,3.782509308546589,12.501013634251224,1.617376233684645,-69.74237914449606,133.86700198564316
2025-07-22,3.7694401941963753,12.633889444696678,1.6305789504728905,-70.16405588558739,131.17189100860068
2025-07-23,3.7869276419353626,12.609733558999785,1.6308997253046351,-69.96821840670403,132.19868046933442
2025-07-24,3.7953800924764494,12.75453845421467,1.642486216737378,-70.24290525211215,131.07530850490568
2025-07-25,3.7975625456030646,12.706487048231285,1.6338271568772236,-70.11319862690391,132.4335551418698
2025-07-28,3.764245079960092,12.729903438159175,1.6372557224242728,-70.42990075889824,129.91185972991448
2025-07-29,3.8180355248630766,12.797979514623325,1.6436690417648612,-70.16688829279275,132.28736612107306
2025-07-30,3.793148271088219,12.791383920036209,1.6433575699178704,-70.34606814398951,130.81697742006253
2025-07-31,3.728795607934286,12.567569525796356,1.6134111828210707,-70.33001806530284,131.11254264485993
2025-08-01,3.729375885861598,12.51929270123984,1.6052314444051672,-70.21096978192496,132.3263663230539
2025-08-04,3.7336286714164113,12.569225693307217,1.6114758057077592,-70.2954759305144,131.69002340538424
2025-08-05,3.7474828107587252,12.663411108608841,1.6244396931044316,-70.40700346361565,130.69387104158926
2025-08-06,3.734028023496493,12.725862407799367,1.6284123447044856,-70.65795697108905,129.30482169576783
2025-08-07,3.7652430650555146,12.728919037838102,1.628879789997987,-70.41977363621437,131.15536752163695
2025-08-08,3.7786917499274186,12.71709189728473,1.6250401908734968,-70.28651062328,132.5291258117305
2025-08-11,3.744239333090581,12.807151653135028,1.6319852450703105,-70.76446477328908,129.42850398927894
2025-08-12,3.7494222959726478,12.864249190723555,1.6404230918291707,-70.85393604877954,128.56434505514162
2025-08-13,3.7391798918448336,12.961821442095438,1.6533888398227938,-71.15235764858407,126.15248160533064
2025-08-14,3.7305482295625074,12.881300038439987,1.6520965166854003,-71.03903939485986,125.80691817249897
2025-08-15,3.7210184873897094,13.036227396500578,1.6635927097852772,-71.45632417866096,123.67364713145368
2025-08-18,3.725786346292964,13.19085279919404,1.6782633979805022,-71.75477277314012,122.00247891816618
2025-08-19,3.719860253022833,13.16765543776958,1.6719142494411299,-71.75001828835121,122.49109093162338
2025-08-20,3.8983059606132344,13.342018862437206,1.6909246810560767,-70.7817384999475,130.54285056496573
2025-08-21,3.956738539850234,13.371719529849948,1.6975258019271846,-70.40965052387219,133.088565449679
2025-08-22,3.9111328146108244,13.659448761878737,1.733125355542265,-71.36683271197481,125.66935519716624
2025-08-25,3.9200033285931064,13.956029928147641,1.7692383547414168,-71.91175894022032,121.5644555798721
2025-08-26,3.9014396749424325,13.958285549410956,1.7626545334632342,-72.0492917190172,121.33887275556762
2025-08-27,3.8301722794273476,13.742339738882059,1.7363433569365252,-72.1286742126568,120.58841438971024
2025-08-28,3.8495611194151445,13.995282106661788,1.7670849315003443,-72.49386550355605,117.84810966310899
2025-08-29,3.791501873367513,14.091736168943488,1.7801396318630818,-73.09414661251228,112.98901532793546
2025-09-01,3.755039293030268,14.204729023304996,1.790809165696454,-73.56486500467865,109.68394427275089
2025-09-02,3.7713884179487462,14.025176922494552,1.7776431462140243,-73.10986921027761,112.15666518788913
2025-09-03,3.7117420896738675,13.890119172341846,1.765520288226264,-73.27782401561588,110.23502898416884
2025-09-04,3.7075881723601083,13.604768547400408,1.7280624733034053,-72.74787763244564,114.55174391193128
2025-09-05,3.741604697171846,13.92521536302916,1.7657163634751383,-73.1307229394409,111.90292929085884
2025-09-08,3.719179834385254,14.048778008883247,1.7685857998449,-73.5266666464972,110.29117358690858
2025-09-09,3.7165722205383056,13.945784304798005,1.7561891174080244,-73.34985154431486,111.6271068814974
2025-09-10,3.7298485759694016,13.952127628940294,1.7597941229680423,-73.26681152032512,111.9480072861418
2025-09-11,3.787892005735082,14.26509856980663,1.8004381112011523,-73.44643650936631,110.38723753786854
2025-09-12,3.7711900411747434,14.209899948726202,1.7901309979014866,-73.46082622127963,110.66559070791966
2025-09-15,3.754487113211882,14.237860429518324,1.7945084283062536,-73.63025763739068,109.2209239025728
2025-09-16,3.732656629250087,14.250787591435177,1.7906609513350995,-73.8073660469584,108.45133337313544
2025-09-17,3.747224605744396,14.34565382878286,1.8016211737516508,-73.87902530990931,107.9918165005393
2025-09-18,3.6932866247226883,14.191990709817867,1.780674019059641,-73.97626097537034,107.40947445692962
2025-09-19,3.687911515673481,14.212503545378668,1.7821824881406763,-74.05164048755759,106.93231698853816
2025-09-22,3.7151298526653975,14.266545333282963,1.7903724796333937,-73.95914872258366,107.50597403206999
2025-09-23,3.6897721911849137,14.236115732926798,1.7892522023331912,-74.08160863253718,106.21867539821595
2025-09-24,3.7075907045323855,14.404126559192347,1.8075781717932737,-74.26021849158015,105.11371305475188
2025-09-25,3.731405146548004,14.455261218157938,1.818431667201756,-74.18652565156823,105.19908522545558
2025-09-26,3.7078865171015556,14.361203565241711,1.8012354759624756,-74.18122721917459,105.85240334111657
2025-09-29,3.7514887786912774,14.575928134927551,1.8289481174519668,-74.26243636793339,105.1172880681675
2025-09-30,3.780510042048444,14.680613989412503,1.8371191862778236,-74.24828386077785,105.78469106885291
2025-10-09,3.8582755157339803,14.935506513504953,1.8643506061389439,-74.16709294562418,106.95010386079899
2025-10-10,3.8340467998470142,14.673540652020842,1.8276739252380507,-73.8710179719372,109.77739775696791
2025-10-13,3.84945010011971,14.624845898233373,1.8186260402023569,-73.67869633016298,111.66804032407813
2025-10-14,3.8472294159689513,14.443700080595232,1.7968871025398763,-73.36396218073226,114.10523847218576
2025-10-15,3.866820880670251,14.626256551603879,1.8234989832035629,-73.56247056772551,112.05500613315044
2025-10-16,3.8831224967564384,14.607068542298805,1.8283024507228844,-73.41614105861294,112.38950345557473
2025-10-17,3.7863744358908433,14.2589847903497,1.787057648023356,-73.44569412505851,111.87757653363386
2025-10-20,3.800296347328943,14.324045756811751,1.7965528680706153,-73.46911332280739,111.53267542915239
2025-10-21,3.8358708776979173,14.50540712822634,1.8241258856144613,-73.55557935196713,110.28542536173673
2025-10-22,3.837899900879962,14.44204346279694,1.8180684549246666,-73.42550650282638,111.09765644324922
2025-10-23,3.85625045504048,14.492590043091756,1.823521468715649,-73.39157153017894,111.47272029413134
2025-10-24,3.864687495402066,14.65592841985313,1.845032661393923,-73.6305515100162,109.46444885600522
2025-10-27,3.907542082659409,14.850371687008368,1.866938261038589,-73.68724389519579,109.30215873799808
2025-10-28,3.8740473626589957,14.772055525698185,1.8574192886898306,-73.77448686190277,108.57150489654038
2025-10-29,3.930606474226793,14.996778611224297,1.8795345815695637,-73.79032806895648,109.12658446243739
2025-10-30,3.968887797102592,14.890719828910308,1.8645204350946625,-73.34656858295727,112.86373280757793
2025-10-31,3.904158813924321,14.72618600294699,1.83710893320101,-73.48832336395164,112.51645688324254
2025-11-03,3.9190777229978138,14.792634400008257,1.8421504383685214,-73.50655997422861,112.74471624959675
2025-11-04,3.8525938713488546,14.661597675090539,1.8284121863558107,-73.72323291960019,110.70707688879602
2025-11-05,3.854042630519229,14.686148930172251,1.831800056292958,-73.75729574278513,110.39646861452309
2025-11-06,3.8925167274475334,14.892132468626118,1.8579854643832296,-73.86192517661213,109.50200106865098
2025-11-07,3.888577821465437,14.875391001892398,1.8522022540142418,-73.85898749840763,109.9434774489556
2025-11-10,3.93175569299705,14.9605618493234,1.8586376629952246,-73.71919763043616,111.53965462321267
2025-11-11,3.8883835393368975,14.826673320658628,1.8416606263244424,-73.77440336586463,111.13464032172273
2025-11-12,3.839559035016429,14.761799886177519,1.8391834196267685,-73.98989916797565,108.76433497837877
2025-11-13,3.927129382365404,14.904469765018119,1.8614179094728578,-73.65133114911163,110.97515836610508
2025-11-14,3.852995142539201,14.689092345441875,1.8321495318223484,-73.76968534250646,110.2991636663421
2025-11-17,3.807919087456832,14.622707969613954,1.8202388214741436,-73.9588652432251,109.19887228715078
2025-11-18,3.7416424910207517,14.519204497334062,1.8084182115229586,-74.22970045151047,106.90139411224627
2025-11-19,3.7453662797377953,14.541166864794896,1.8163749950021246,-74.2430142328841,106.20005725928938
2025-11-20,3.7226124714669124,14.461953350135497,1.8071338058193978,-74.25926926093953,105.99539776629827
2025-11-21,3.6032081248003305,14.096389787673454,1.7630571745608148,-74.4387876678102,104.3727325914944
2025-11-24,3.6143081220885667,14.137084145329885,1.7608562071295748,-74.43385011411611,105.25856157104165
2025-11-25,3.6736279847180917,14.274584582814493,1.7776241047856578,-74.264554156337,106.6594380008731
2025-11-26,3.665927572634663,14.307819366848625,1.7884000489297456,-74.37815310187199,104.98364305170477
2025-11-27,3.670309571588488,14.297138387960356,1.787520105333544,-74.32836227787189,105.3296945101282
2025-11-28,3.683651539599037,14.366727474366565,1.7919771851226713,-74.35984258647983,105.56352894341505
2025-12-01,3.7390171378619073,14.544181148298899,1.81170109628748,-74.29200654380446,106.38156843443238
2025-12-02,3.7239765875196875,14.447452001315764,1.8029321820328927,-74.22399058892505,106.55111848526242
2025-12-03,3.7274815380636857,14.375153493401587,1.7937138742339431,-74.06997052396932,107.80803402413403
2025-12-04,3.738091766319151,14.386460369881007,1.7998569319706414,-74.01659845291,107.68827232430968
2025-12-05,3.8017359787512595,14.496392123723275,1.8148883384512986,-73.77460580326233,109.47492461136208
2025-12-08,3.795710188693169,14.599854580097874,1.8296217723096502,-74.00172605919391,107.45873525005103
2025-12-09,3.733989035036084,14.512211001119805,1.820306396771908,-74.2700196768917,105.12969913514887
2025-12-10,3.7612302862616303,14.551152304559096,1.8177744410192784,-74.15166711516599,106.91402637131371
2025-12-11,3.73200284474885,14.417509446088804,1.8020810974830122,-74.11478828084783,107.09405641962407
2025-12-12,3.7660209023728313,14.53251148201404,1.8134684258676854,-74.08554669278057,107.6695049471795
2025-12-15,3.7608645951874196,14.450541962696292,1.8020315343472175,-73.97423152089384,108.70137528141458
2025-12-16,3.7280847444198564,14.293507029210128,1.7804545082066223,-73.91763451194193,109.38949730173118
2025-12-17,3.7755979613551327,14.548859080007107,1.8130428637991611,-74.04883819004391,108.24648091570839
2025-12-18,3.7545176560204236,14.48976473473396,1.8023217082971976,-74.08848435599283,108.31562083151218
2025-12-19,3.7934300486301957,14.552355385186093,1.808412392209091,-73.93253567397203,109.765762774733
2025-12-22,3.7871211816384607,14.695817050957729,1.825611196201536,-74.229937889764,107.44401598314836
2025-12-23,3.7660454958264715,14.693599343860011,1.8292178248354896,-74.3694828769087,105.88283389186688
2025-12-24,3.7900560908311633,14.767070939678996,1.8344926171908906,-74.33440858845395,106.59969167031997
2025-12-25,3.814589069950842,14.80542468813469,1.8378484611081836,-74.23519317883589,107.55732317836073
2025-12-26,3.8318669183106655,14.86909660933218,1.843669477223724,-74.22932260790007,107.83914718167674
2025-12-29,3.79546413724865,14.833366210255429,1.8365960814244768,-74.41265803425956,106.65753213983021
2025-12-30,3.8105887941377548,14.84637366890169,1.8413107945105303,-74.33320163482281,106.94978846038379
2025-12-31,3.8225521040424497,14.821092196015025,1.8328619821058119,-74.2087016699739,108.55646204471125
2026-01-05,3.890449033346658,15.067040086753785,1.8676219710372393,-74.17907557857397,108.31030549431703
2026-01-06,3.9515826224915473,15.335105794251824,1.89650005878695,-74.23178766740071,108.36185077785237
2026-01-07,3.9560314827723237,15.326704000378887,1.8909467706964727,-74.18863519074598,109.20903454702957
2026-01-08,3.964856619997011,15.291234771244469,1.8755029450874536,-74.07104998836968,111.40231373041813
2026-01-09,4.017186258895665,15.416678223128832,1.8839225421613284,-73.94259515082248,113.23521370931479
2026-01-12,4.088065640040704,15.604017190722033,1.896191951849338,-73.8011975373148,115.59344960058779
2026-01-13,4.046991818638684,15.49358661737853,1.884757950192219,-73.87956760057521,114.72209830583009
2026-01-14,4.085750894215017,15.463404088420136,1.8771960883126437,-73.57793361117263,117.65179032988384
2026-01-15,4.0903527917786615,15.436344827019452,1.8809563547501271,-73.50180474966461,117.46133457317987
2026-01-16,4.105025094259021,15.383766383986696,1.8732144900123586,-73.31586432219854,119.14335577405973
2026-01-19,4.144508364929901,15.445245880587118,1.8742369474175542,-73.16644618691977,121.13043767707569
2026-01-20,4.110367353341894,15.448234905032157,1.868070295728033,-73.39264078640485,120.03279869829426
2026-01-21,4.073627238000101,15.466874476482612,1.8697293939877415,-73.66224673127041,117.87255691113172
2026-01-22,4.056025138753543,15.509770038783513,1.8699827122832287,-73.84857977512817,116.90174524668092
2026-01-23,4.024501138082683,15.571015180471575,1.8615852840240865,-74.15389368363073,116.18677224301751
2026-01-26,4.039023033151109,15.562822099239837,1.863353801219367,-74.04697549457696,116.76093023815434
2026-01-27,4.018661661434614,15.500017469432159,1.8628501732532488,-74.07317979247519,115.72650979313562
2026-01-28,4.075206038510189,15.526474747573081,1.867719236711877,-73.75317897485274,118.19157603605332
2026-01-29,4.111592166074644,15.580020460738188,1.8819224400264316,-73.60984103688504,118.47830062629447
2026-01-30,4.016930658723598,15.387802723948438,1.8631068168709464,-73.89535900098365,115.60388391847329
2026-02-02,3.9149591351390023,15.053861449436482,1.8233770547225348,-73.99365506126966,114.70924650495537
2026-02-03,3.9858954338287376,15.30099046255288,1.8448045997123628,-73.95008222778988,116.06057543710637
2026-02-04,4.007048860374091,15.454255013481028,1.8600756669151455,-74.07154950608314,115.42397073661026
2026-02-05,3.943186070804875,15.3418257169268,1.848886591073651,-74.29780429291205,113.27355013781899
2026-02-06,3.9188125047978253,15.28738239342849,1.8382681642756709,-74.36570628021717,113.17958831876673
2026-02-09,3.9629453743204177,15.521723303393879,1.8681406421276394,-74.46839312324356,112.13313842404227
2026-02-10,4.007995272110507,15.550668327952456,1.8702148910303822,-74.2262185291027,114.3066709249828
2026-02-11,4.008952764578816,15.540947713625775,1.8660673037297877,-74.20393634640503,114.83430723886285
2026-02-12,4.013213360128683,15.582068743283386,1.8683473267378508,-74.24466913702605,114.80017674956535
2026-02-13,3.95026235787732,15.406852189391845,1.8449226486508135,-74.36035402093873,114.11533761408022
2026-02-24,4.0050204040926785,15.570009336362215,1.8635834068005248,-74.27734102419996,114.90964072108044
2026-02-25,4.0266951296545885,15.666037649015294,1.8748031231109534,-74.29665867100933,114.77962565866085
2026-02-26,4.042125803639284,15.700028535741254,1.8712355670129655,-74.2540225679377,116.01373311280577
2026-02-27,4.056080190849991,15.731496910472597,1.8648117570725482,-74.21681983645293,117.50614642291714
2026-03-02,4.1291968970500275,15.75768284470606,1.87194611711231,-73.79565931270619,120.58310649559635
2026-03-03,4.1260278636636105,15.468332965932657,1.8431375048444836,-73.32596943218934,123.85892820360942
2026-03-04,4.0562991597608695,15.32378379472373,1.8220488260227086,-73.52938925464656,122.62296716906502
2026-03-05,4.059057352409456,15.460321271853452,1.8398897338990114,-73.74532339247541,120.61416386120514
2026-03-06,4.109433205270291,15.557980885046664,1.8449358707653147,-73.58633337041817,122.74124918854872
2026-03-09,3.99425125417517,15.430587892741206,1.8271280181752647,-74.11471758600896,118.60817711964104
2026-03-10,3.975506173592032,15.599839985089696,1.8506036449490173,-74.51572466517725,114.82213030557142
2026-03-11,4.048865460874213,15.692064306672545,1.8623767502972044,-74.19800619124048,117.40313608554666
2026-03-12,3.9976092095231897,15.674873211441676,1.8556723465017448,-74.49670465847733,115.42645807377347
2026-03-13,3.929540788967641,15.564643575362993,1.8483803503543683,-74.75341616439168,112.59373311419782
2026-03-16,3.9294512690648244,15.50947014154833,1.8493380035636409,-74.6641810893448,112.47880384726008
2026-03-17,3.843227141961817,15.356926731706634,1.835830901031685,-74.9739826912965,109.34537815013532
2026-03-18,3.8347809698994824,15.413435824844038,1.8441019274596835,-75.12053111663515,107.94842805581962
2026-03-19,3.70232618906728,15.14447140011443,1.814379366217343,-75.55328217636368,104.05468988472731
2026-03-20,3.686037837071004,15.006691518160318,1.8079531018724373,-75.43737183768752,103.87906264014792
2026-03-23,3.5786438416234505,14.490908882066966,1.748959985685283,-75.30421403689762,104.61553557048676
2026-03-24,3.629239750662658,14.720377427171275,1.7714159261556817,-75.34547080318941,104.87790005020541
2026-03-25,3.7031352743399113,14.933190081291354,1.796254182879266,-75.20198126333847,106.15875579502077
2026-03-26,3.6341919811054995,14.713572133386014,1.7725290777654348,-75.30041006929045,105.02862416717011
2026-03-27,3.615840376373507,14.810706110004146,1.782439923501758,-75.58630662496823,102.85903208843496
2026-03-30,3.7071146955862337,14.777177358275397,1.778235845310765,-74.91324218620002,108.47148624081288
2026-03-31,3.6119395004985955,14.611853746179676,1.7616485443204126,-75.28075791586026,105.03178753466776
2026-04-01,3.6665813746617295,14.85414730763944,1.7917417206404764,-75.3161100484306,104.63782990726322
2026-04-02,3.6502122556227756,14.696415638189539,1.7730753015255745,-75.16256789759352,105.86899228036684
2026-04-03,3.5868035853556792,14.543969209773863,1.7579826141070496,-75.33820696660118,104.02952546704007
2026-04-07,3.5919388910617935,14.570118540048604,1.757914247065902,-75.34722259679151,104.32958530582614
2026-04-08,3.707682631049082,15.074171131923272,1.8192505277959365,-75.40373796608193,103.80275142978928
2026-04-09,3.690089157224079,14.936970632158875,1.8076387005749281,-75.29559876565988,104.1386454079805
2026-04-10,3.6829876291801726,15.105490629564601,1.8354850279346897,-75.61821909993579,100.65473556732387
2026-04-13,3.6526214178677328,15.134481692476967,1.8392810811730984,-75.86556651171362,98.58962587371806
2026-04-14,3.6897356761384916,15.282129030325187,1.861105131249284,-75.85587931618205,98.25509124579774
2026-04-15,3.7293498036950288,15.205615940707682,1.8547564181687726,-75.47386558862763,101.06951873373586
2026-04-16,3.7169740793230264,15.323226777892598,1.8750889028851563,-75.74287626751274,98.22921855085396
2026-04-17,3.7213170895647756,15.277711340334843,1.8719472255530465,-75.64218221782939,98.7939103606595
2026-04-20,3.763723139559044,15.393994184308456,1.883336572883347,-75.55070442084799,99.8433627716827
2026-04-21,3.7865710168258677,15.388149343876986,1.8875150381758907,-75.3929408130383,100.61143568346029
2026-04-22,3.776043960394782,15.457111600166108,1.9000364597828052,-75.57083070840866,98.73534220635034
2026-04-23,3.832192956610429,15.411489208856672,1.8947714850453572,-75.13418135861818,102.25093035526096
2026-04-24,3.810793919794042,15.359346548511274,1.8880580949624972,-75.18908823524522,101.83668765074394
2026-04-27,3.7816023822338605,15.398057422937702,1.8886828200790913,-75.44104247461372,100.22432258241753
2026-04-28,3.763982414319913,15.347758068601294,1.8836399689478287,-75.47536000049197,99.82493875527676
2026-04-29,3.782845825260724,15.51492837714998,1.9042801251429633,-75.61802585674833,98.64965113663244
2026-04-30,3.750032572233597,15.513293859461353,1.9030767147875138,-75.8269739089194,97.05104597700378
2026-05-06,3.7724678117494426,15.728939847009714,1.9307031354225637,-76.01575281968772,95.39346793072778
2026-05-07,3.8706048275378695,15.76852830465909,1.9399731044772732,-75.45360763696488,99.51847881833424
2026-05-08,3.927187265080408,15.732384181345587,1.9286521241881205,-75.03755807249479,103.62341221766908
2026-05-11,4.086727388982623,15.926107755143883,1.960291931620295,-74.33944657530856,108.47544812392846
2026-05-12,4.042893666925754,15.83681603165443,1.9587915383217696,-74.47154997036736,106.39734182176306
2026-05-13,4.082294003318464,15.978299202775052,1.9787019842276843,-74.45101038908155,106.31171524861243
2026-05-14,4.042499686009079,15.659890524063709,1.9455498677590657,-74.18564529683532,107.78185915457072
2026-05-15,3.9868461327062756,15.483855233625874,1.9237751828828291,-74.25159256172746,107.2407507997831
2026-05-18,4.052090596882657,15.395331767970179,1.9134552037531845,-73.67974488660916,111.76824986206127
2026-05-19,4.120274170909511,15.507032406842828,1.9211190817676982,-73.42964106342265,114.47260661834054
2026-05-20,4.114784782462181,15.44707741236024,1.920254814690486,-73.36204983882799,114.28326860492302
2026-05-21,4.0146444914341375,15.221539171672454,1.893492938242833,-73.62523956246514,112.02320908361769
2026-05-22,4.044197882917564,15.340747217161644,1.9180361913817985,-73.63754303706058,110.85096835446203
2026-05-25,4.0938003250423805,15.475888774819827,1.9483210883621287,-73.54723606114803,110.11938686573811
2026-05-26,4.068040881166786,15.528850021173193,1.9587134724241764,-73.80333459579998,107.68943178463095
2026-05-27,4.0050296714422275,15.373566485169484,1.9430061150300255,-73.94859757945052,106.12542803965069
2026-05-28,4.028610596806633,15.318764819663635,1.9453979322038102,-73.70146585424835,107.08414099334895
2026-05-29,4.084676867809963,15.252484699532586,1.9366523347918607,-73.21959701467435,110.91430787183386
2026-06-01,4.134260983241655,15.237557278430865,1.9177036591608119,-72.86795443851226,115.58393360164989
2026-06-02,4.163996606784569,15.262532358468071,1.9455348246347832,-72.71752479217992,114.02837687915644
2026-06-03,4.167946648576757,15.236307465967037,1.955134713157315,-72.64464071831974,113.1795124155925
2026-06-04,4.117869905759251,15.099041582346493,1.9416498586144297,-72.72760735639152,112.08097265784995
2026-06-05,4.119196335231642,14.950434318557374,1.9068822293593533,-72.44764769061827,116.01734348405724
2026-06-08,4.118249137060726,14.59104279159292,1.865994977971724,-71.77549818828862,120.69990464482005
2026-06-09,4.102972076128912,14.804334097635751,1.9009008852086942,-72.28533178818117,115.84355649760556
2026-06-10,4.0824501335687,14.709308435554899,1.8798336230454376,-72.24580508692901,117.17082211535819
2026-06-11,4.08510974235614,14.664186391413354,1.869469306286328,-72.14226801735018,118.51708014779594
2026-06-12,4.157237414295632,14.879150389443573,1.8912059874801663,-72.05998121206505,119.81938730189378
2026-06-15,4.094975217345107,15.133194484502814,1.9364905420314835,-72.9404441240838,111.46373444454092
2026-06-16,4.080913590063498,15.060266711659256,1.9335292634292593,-72.90278008885352,111.06034789593471
2026-06-17,4.084616028564809,15.131320629226328,1.9521961575901912,-73.00555497664016,109.23184448876779
2026-06-18,4.090726267316591,14.96936264938925,1.9562389972411753,-72.67267576363051,109.1117840450793
2026-06-22,4.160510858601469,15.32533025867845,2.002975450808791,-72.85206394657988,107.71651778964527
2026-06-23,4.126457834156752,15.020374817009989,1.947445657703213,-72.52759745060622,111.89078205260073
2026-06-24,4.092383205916232,14.968242964929223,1.95680157050218,-72.65956187707043,109.1363410376859
2026-06-25,4.183387263950945,15.06109977811934,1.9873169835685585,-72.22389250731516,110.50427780469008
2026-06-26,3.9965206901505224,14.688368839677178,1.9271906846640543,-72.79125589932859,107.3754674072219
2026-06-29,4.065428331621849,14.856722055948655,1.9504285508998014,-72.63576503409078,108.43769589746435
2026-06-30,4.098490966015565,14.889641995456566,1.9712164859974293,-72.47421417340874,107.91683689383014
2026-07-01,4.030951719395476,15.062447572507171,1.9631187326088664,-73.23840166087618,105.3340764589712
2026-07-02,3.9087186087964843,14.853997763066419,1.9050516394828219,-73.6857466175518,105.17651741228455
2026-07-03,3.932792460651669,15.002400755966883,1.9168794938859646,-73.78557922412861,105.16639012497211
2026-07-06,3.9223699186273135,15.072648092208903,1.9168099392297413,-73.97690243524761,104.63009077485768
2026-07-07,3.899713642146124,14.837466340261416,1.8971210231224742,-73.71711886170037,105.55956075630743
2026-07-08,3.83874898238978,14.728380836102465,1.8825812101085093,-73.93638156761828,103.90881210210954
2026-07-09,3.946848989124945,14.88365338363267,1.9303940783928926,-73.48198800796291,104.45820018318787
2026-07-10,3.937192657779801,14.880866196950828,1.8925781183505974,-73.54191210598646,108.03329699336834
2026-07-13,3.804838483370292,14.604936383910852,1.858769211158361,-73.9482707534297,104.69665951692657
2026-07-14,3.8861843011617827,14.791416917248355,1.8987993607463973,-73.7267611148863,104.66534703456851
2026-07-15,3.8139764759313706,14.889264777987593,1.8949518046009048,-74.38438678604209,101.27036828436017
2026-07-16,3.781191577857462,14.759931883583688,1.8599771740382642,-74.38205265660484,103.29236458574269
2026-07-17,3.775727428178477,14.375485469718592,1.7929406180586418,-73.73495708279277,110.58853763192418
2026-07-20,3.8139764759313697,14.597293542060262,1.820345033849014,-73.8720300106189,109.5194265378876
2026-07-21,3.748406679783553,14.864728450035232,1.8761264825889739,-74.78321455798496,99.79498794830258
2026-07-22,3.797584026894416,14.928014015430346,1.8674234413838773,-74.5606882270539,103.35955642069959
2026-07-23,3.81397647593137,15.011168093615908,1.8716820706939798,-74.59240711884763,103.77266714518609
2026-07-24,3.830368924968325,14.665863327451357,1.840483383087812,-73.88241769716554,108.11754999613453
2026-07-27,3.830368924968325,14.844082570898706,1.8615578105286874,-74.19598748071083,105.76148123385383
2026-07-28,3.8686179727212178,14.65063981142146,1.8089449979830385,-73.59420460459829,113.86045330481029
2026-07-29,3.874082122400203,14.797237772670526,1.8211136583255227,-73.81888307860157,112.73148464343205
2026-07-30,4.022865223315412,14.763200708182557,1.801105392524601,-72.75072456960011,123.3553483328691
2026-07-31,4.022865223315412,14.91290274525773,1.8163372288427408,-73.0242643432066,121.48228640771381
2026-08-03,4.022865223315412,14.844122621787882,1.7985155999178215,-72.8992724877472,123.67697135900441
2026-08-04,4.022865223315412,14.888337110956137,1.8213781006155454,-72.97975460029691,120.86930890164216
2026-08-05,4.022865223315412,15.064777076387175,1.844031660234416,-73.29621803948942,118.15597367802346
2026-08-06,4.022865223315412,15.037762301928883,1.8413218789178971,-73.24824569943227,118.47702291353635
2026-08-07,4.022865223315412,15.163479279349222,1.8583945186022133,-73.4700384443163,116.46992514491488
2026-08-10,4.022865223315412,15.267399211015034,1.8613984721727979,-73.65061876149136,116.12058264018819
2026-08-11,4.022865223315412,15.129191634367759,1.8462619221708383,-73.409912964702,117.89244391637128
2026-08-12,4.022865223315412,15.186606232178532,1.8570010502476024,-73.51043964785589,116.63236123528442
2026-08-13,4.022865223315412,15.06257092606105,1.8463262909079003,-73.29230685078397,117.88484750099259
2026-08-14,3.987901670761035,15.042621244799278,1.8470902836856173,-73.48931674963377,115.90182710526311
2026-08-17,3.983788311636991,15.205492300352883,1.876866525129346,-73.80033324179489,112.2574119309014
2026-08-18,3.928257963462392,15.194791087200896,1.870815745083971,-74.14733811792054,109.97567364850637
2026-08-19,3.8871243722219475,15.044308417906157,1.8165346500553672,-74.16215977335732,113.98569920499284
