date,entry,hs300_entry,bars_10,mfe_10,mae_10,ret_10,hs300_mfe_10,hs300_mae_10,hs300_ret_10,excess_mfe_10,excess_mae_10,excess_ret_10,rel_mfe_10,rel_mae_10,efficiency_10,bars_20,mfe_20,mae_20,ret_20,hs300_mfe_20,hs300_mae_20,hs300_ret_20,excess_mfe_20,excess_mae_20,excess_ret_20,rel_mfe_20,rel_mae_20,efficiency_20,bars_60,mfe_60,mae_60,ret_60,hs300_mfe_60,hs300_mae_60,hs300_ret_60,excess_mfe_60,excess_mae_60,excess_ret_60,rel_mfe_60,rel_mae_60,efficiency_60,ts_code,name,l2_flow,env_level,rating_kind,quality,is_low_value
2017-10-18,6.58038293,3944.162,10,0.05663189269746649,-0.008941877794336861,0.0432190760059612,0.022609872515378493,-0.00861146169959548,0.013300670712815599,0.034022020182088,-0.00033041609474138145,0.0299184052931456,0.029525693762838756,-0.005013758640427302,6.3333333333333,20,0.05663189269746649,-0.008941877794336861,0.016393442622950838,0.04905554082210628,-0.00861146169959548,0.03283511174236753,0.00757635187536021,-0.00033041609474138145,-0.01644166911941669,0.029525693762838756,-0.04170346029854077,6.3333333333333,60,0.3189269746646797,-0.008941877794336861,0.2309985096870344,0.0802393512234032,-0.00861146169959548,0.06628125315339495,0.23868762344127648,-0.00033041609474138145,0.16471725653363944,0.21381088609818533,-0.04170346029854077,35.66666666666648,600115.SH,中国东航,0.0961860650986513,2,subjective/semi-quantitative,low_value,1
2021-07-07,5.0,5140.4899,10,0.020000000000000018,-0.051999999999999935,-0.0039999999999998925,0.0039013402205110292,-0.026082805843077206,0.0006911598056054125,0.01609865977948899,-0.02591719415692273,-0.004691159805605305,0.016226422927362538,-0.04204481577717378,0.3846153846153854,20,0.020000000000000018,-0.15399999999999991,-0.11999999999999988,0.005976025748051894,-0.09271275875865448,-0.03144486287192194,0.014023974251948124,-0.061287241241345436,-0.08855513712807794,0.04296060133272639,-0.09143014551619455,0.12987012987013005,60,0.04400000000000004,-0.15399999999999991,-0.019999999999999907,0.005976025748051894,-0.09271275875865448,-0.04095893661808381,0.038023974251948145,-0.061287241241345436,0.0209589366180839,0.04464404531875199,-0.10097580086882252,0.28571428571428614,600115.SH,中国东航,0.0049977133666982,2,subjective/semi-quantitative,low_value,1
2022-09-06,4.91,4052.2802,10,0.050916496945010215,-0.008146639511201648,0.008146639511201537,0.018713192636580223,-0.04147131780275215,-0.03665723806562038,0.03220330430842999,0.0333246782915505,0.044803877576821916,0.05265052436466311,-0.0006665379361640023,6.249999999999989,20,0.06109979633401208,-0.03258655804480659,-0.010183299389001976,0.018713192636580223,-0.09642835162287144,-0.06612913884878946,0.04238660369743186,0.06384179357806485,0.05594583945978748,0.10366046714635946,-0.0006665379361640023,1.8749999999999916,60,0.185336048879837,-0.048879837067209775,0.15274949083503064,0.018713192636580223,-0.13728796444036628,-0.023157159764026214,0.1666228562432568,0.08840812737315651,0.17590665059905686,0.18303062150352845,-0.0006665379361640023,3.7916666666666656,600115.SH,中国东航,0.0327578679506116,2,subjective/semi-quantitative,neutral,0
2023-04-03,5.39,4090.5676,10,0.04267161410018572,-0.02597402597402587,0.012987012987013102,0.01933721862951243,-0.00757674802880659,0.01747053391808029,0.023334395470673286,-0.01839727794521928,-0.004483520931067186,0.015440547858191156,-0.01831031167717223,1.6428571428571566,20,0.04267161410018572,-0.06493506493506485,-0.05751391465677169,0.01933721862951243,-0.04036887203624251,-0.018014663784067575,0.023334395470673286,-0.024566192898822337,-0.03949925087270412,0.015440547858191156,-0.045290829702460456,0.6571428571428609,60,0.04267161410018572,-0.15584415584415579,-0.05751391465677169,0.01933721862951243,-0.07646674754867755,-0.04682829346225692,0.023334395470673286,-0.07937740829547824,-0.010685621194514772,0.015440547858191156,-0.08894792385727279,0.2738095238095251,600115.SH,中国东航,-0.0411000018206433,2,subjective/semi-quantitative,low_value,1
2024-07-11,3.93,3468.169,10,0.040712468193384144,-0.025445292620865145,0.0025445292620864812,0.022250732302837584,-0.02432692870503128,-0.019865640918882543,0.01846173589054656,-0.0011183639158338643,0.022410170180969025,0.023617188574678094,-0.012478150651806685,1.5999999999999965,20,0.05597964376590325,-0.025445292620865145,0.01526717557251911,0.022250732302837584,-0.043118977189404495,-0.036108995841898084,0.03372891146306567,0.01767368456853935,0.05137617141441719,0.07957544605782818,-0.012478150651806685,2.1999999999999975,60,0.14249363867684472,-0.12977099236641232,-0.06106870229007644,0.2832037596783781,-0.09295342874006418,0.14219993316357993,-0.14071012100153335,-0.03681756362634814,-0.20326863545365637,0.07957544605782818,-0.1779623948065363,1.0980392156862733,600115.SH,中国东航,-0.008524903550482,3,subjective/semi-quantitative,neutral,0
2012-03-22,3.06064004,2583.747,10,0.01279707495429605,-0.039305301645338186,-0.000914076782449813,-0.0019049852791314104,-0.059609164519591085,-0.024754358689143996,0.01470206023342746,0.020303862874252898,0.023840281906694183,0.032282955008370307,-0.0008842370059374272,0.32558139534883457,20,0.058500914076782484,-0.039305301645338186,0.03564899451553938,0.021886043796083943,-0.059609164519591085,0.00817378791344514,0.03661487028069854,0.020303862874252898,0.027475206602094238,0.032282955008370307,-0.0020121948704987513,1.4883720930232576,60,0.058500914076782484,-0.14318004870641377,-0.12351532851279046,0.05189285173819269,-0.059609164519591085,-0.02769698426355205,0.006608062338589793,-0.08357088418682268,-0.09581834424923841,0.032282955008370307,-0.13348433758863854,0.4085828619651945,600015.SH,华夏银行,0.035331097187741,2,subjective/semi-quantitative,neutral,0
2014-09-24,3.50013365,2441.864,10,0.02130177514792897,-0.009467455621301801,0.008284023668639007,0.01894003924870491,-0.008749463524586276,0.009013605999351304,0.00236173589922406,-0.0007179920967155251,-0.0007295823307122973,0.0022976231000286784,-0.010331412371181514,2.249999999999991,20,0.02721893491124261,-0.031952662721893565,-0.011834319526627168,0.01894003924870491,-0.03283720960708714,0.003898661022890604,0.0082788956625377,0.0008845468851935712,-0.015732980549517772,0.01079646788492239,-0.015671881197139137,0.8518518518518501,60,0.5207100591715976,-0.031952662721893565,0.327810650887574,0.414987484970498,-0.03283720960708714,0.3229176563477738,0.10572257420109965,0.0008845468851935712,0.004892994539800188,0.10493851026091772,-0.04554960582552947,16.29629629629626,600015.SH,华夏银行,-0.0353180649827285,2,subjective/semi-quantitative,low_value,1
2015-03-09,4.96231966,3537.75,10,0.08764607679465763,-0.026711185308848084,0.07762938230383964,0.12283117800862131,-0.00728287753515644,0.1227647516076602,-0.035185101213963677,-0.019428307773691644,-0.04513536930382056,0.015898763289979412,-0.04020020154639903,3.2812499999999947,20,0.1585976627712855,-0.026711185308848084,0.14440734557596002,0.20428831884672438,-0.00728287753515644,0.20416762066285066,-0.045690656075438874,-0.019428307773691644,-0.059760275086890635,0.015898763289979412,-0.07124171985153505,5.9375,60,0.4991652754590983,-0.026711185308848084,0.3772954924874792,0.4774486608720232,-0.00728287753515644,0.45391562433750265,0.021716614587075078,-0.019428307773691644,-0.07662013185002348,0.1372617449364555,-0.08980711048172552,18.68749999999999,600015.SH,华夏银行,0.1120571436216531,2,subjective/semi-quantitative,low_value,1
2016-12-05,6.18717632,3469.407,10,0.03595890410958913,-0.06678082191780832,-0.06421232876712324,0.011102761941738093,-0.04162325146631696,-0.04047492842436762,0.024856142167851036,-0.025157570451491362,-0.02373740034275562,0.02899319019952684,-0.02615671286041299,0.538461538461539,20,0.03595890410958913,-0.09589041095890405,-0.046232876712328785,0.011102761941738093,-0.05832668234081517,-0.03665756136423326,0.024856142167851036,-0.037563728618088876,-0.009575315348095526,0.02899319019952684,-0.046945879187642814,0.37500000000000117,60,0.03595890410958913,-0.09589041095890405,-0.006849315068493178,0.011102761941738093,-0.05914555426907253,-0.004453210591896628,0.024856142167851036,-0.03674485668983152,-0.00239610447659655,0.02899319019952684,-0.046945879187642814,0.37500000000000117,600015.SH,华夏银行,0.0355451442356934,4,subjective/semi-quantitative,low_value,1
2017-01-13,5.8004778,3319.912,10,0.07031963470319624,-0.0036529680365297024,0.049315068493150704,0.022884040299863573,-0.01677905920397893,0.013428066768034874,0.04743559440333267,0.013126091167449228,0.03588700172511583,0.037299931011477216,0.014469255813391646,19.249999999999854,20,0.07488584474885829,-0.0036529680365297024,0.05936073059360725,0.041460135087918015,-0.01677905920397893,0.03058213591203618,0.03342570966094027,0.013126091167449228,0.028778594681571068,0.037299931011477216,0.014469255813391646,20.499999999999833,60,0.09863013698630141,-0.025570776255707806,-0.022831050228310557,0.06232183262688906,-0.01677905920397893,0.04302252589827682,0.03630830435941235,-0.008791717051728876,-0.06585357612658738,0.037588405797650326,-0.0631372520644965,3.8571428571428523,600015.SH,华夏银行,-0.0007962770388992,2,subjective/semi-quantitative,neutral,0
2017-02-10,6.16069012,3413.487,10,0.03439380911435941,-0.009458297506448776,0.008598452278589797,0.02328264323256546,0.0009925334416096554,0.017684262456543642,0.01111116588179395,-0.010450830948058432,-0.009085810177953846,0.004456643970509155,-0.012475244091677218,3.63636363636366,20,0.03439380911435941,-0.023215821152192673,-0.021496130696474602,0.02328264323256546,-0.0001921788481983322,0.004220024860208893,0.01111116588179395,-0.02302364230399434,-0.025716155556683495,0.004456643970509155,-0.025608088785386673,1.481481481481477,60,0.03439380911435941,-0.13757523645743763,-0.12209802235597589,0.03320006784850804,-0.025164003847092387,-0.022201930167010997,0.0011937412658513669,-0.11241123261034525,-0.09989609218896489,0.004456643970509155,-0.12319968830416639,0.25,600015.SH,华夏银行,-0.0179321842012152,4,subjective/semi-quantitative,low_value,1
2020-10-12,4.37811504,4823.1578,10,0.02724358974358987,-0.009615384615384692,0.0,0.005483378545068529,-0.03811940384782753,-0.0273517694154648,0.02176021119852134,0.028504019232442834,0.0273517694154648,0.04184025273167147,-0.0065097604134576326,2.8333333333333237,20,0.02724358974358987,-0.03205128205128216,0.0032051282051281937,0.036209451824279926,-0.03811940384782753,0.03279840854470906,-0.008965862080690057,0.006068121796545367,-0.029593280339580863,0.04184025273167147,-0.028653491421699595,0.8500000000000011,60,0.08173076923076938,-0.03205128205128216,0.0032051282051281937,0.11306847559497224,-0.03811940384782753,0.11306847559497224,-0.031337706364202855,0.006068121796545367,-0.10986334738984405,0.04184025273167147,-0.09870313444203727,2.5499999999999963,600015.SH,华夏银行,0.0107104339501992,2,subjective/semi-quantitative,low_value,1
2021-11-11,4.12318959,4898.6529,10,0.08765652951699465,-0.01073345259391778,0.014311270125223485,0.007519536646493297,-0.014103142519038325,-0.00045140981513502876,0.08013699287050136,0.0033696899251205448,0.014762679940358514,0.016239578673969968,-0.006860810852192589,8.166666666666615,20,0.08765652951699465,-0.01073345259391778,0.017889087656529634,0.04406278713888856,-0.018052656884508078,0.0367523896212365,0.04359374237810609,0.007319204290590298,-0.01886330196470687,0.027761021084474535,-0.01819460669060846,8.166666666666615,60,0.08765652951699465,-0.01073345259391778,0.04651162790697683,0.0500521480099152,-0.07679294852672658,-0.06068149878510476,0.037604381507079454,0.0660594959328088,0.10719312669208159,0.11411797654729483,-0.0316465912532784,8.166666666666615,600015.SH,华夏银行,0.0135164058471025,2,subjective/semi-quantitative,neutral,0
2022-08-09,4.02190726,4156.2907,10,0.011741682974559797,-0.005870841487279899,-0.003913894324853229,0.015998856865329758,-0.015337040789759837,0.001152854876103948,-0.004257173890769961,0.009466199302479938,-0.005066749200957177,0.01726492928751311,-0.007641574208323898,2.0,20,0.025440313111546153,-0.011741682974559575,0.017612524461839696,0.015998856865329758,-0.04175627080175104,-0.02502483765151442,0.009441456246216395,0.030014587827191463,0.042637362113354116,0.05736236485555701,-0.007641574208323898,2.166666666666701,60,0.03131115459882605,-0.06653620352250478,-0.043052837573385405,0.015998856865329758,-0.15887719307025372,-0.10634970744466932,0.015312297733496294,0.09234098954774894,0.06329686987128391,0.11038572786439449,-0.007641574208323898,0.47058823529412175,600015.SH,华夏银行,-0.0050784500580074,2,subjective/semi-quantitative,low_value,1
2025-02-26,6.55082826,3959.9413,10,0.012448132780082943,-0.022130013831258677,-0.006915629322268302,0.003533133180534831,-0.026317536575605316,-0.008260172947513134,0.008914999599548112,0.004187522744346639,0.0013445436252448317,0.022604959226225185,-0.010197196518981433,0.5624999999999972,20,0.07192254495159056,-0.022130013831258677,0.055325034578146415,0.016504714350184857,-0.026317536575605316,-0.010248813536705703,0.055417830601405704,0.004187522744346639,0.06557384811485212,0.0683159507242792,-0.010197196518981433,3.249999999999994,60,0.11894882434301501,-0.022130013831258677,0.03181189488243419,0.016504714350184857,-0.11258368905619887,-0.03044095628387211,0.10244410999283016,0.09045367522494019,0.0622528511663063,0.1659195456631848,-0.010197196518981433,5.374999999999983,600015.SH,华夏银行,0.0007564070141726,2,subjective/semi-quantitative,high_value,0
2026-07-02,6.31166426,4812.2957,10,0.06354009077155842,-0.006051437216338829,0.04689863842662634,0.019573630938763964,-0.033923788182841697,-0.02366049534321002,0.04396645983279446,0.027872350966502868,0.07055913376983636,0.07226905541903661,0.001347252705692581,10.500000000000119,20,0.11539519689217448,-0.006051437216338829,0.11381082871477077,0.019573630938763964,-0.06942349781207324,-0.054563479962380534,0.09582156595341051,0.06337206059573441,0.1683743086771513,0.17809160647872124,0.001347252705692581,19.069056286431998,34,0.11697956506957796,-0.006051437216338829,0.04409862890900973,0.019573630938763964,-0.06942349781207324,-0.046464351723024766,0.097405934130814,0.06337206059573441,0.0905629806320345,0.17810979355403012,0.001347252705692581,19.330873127747925,600015.SH,华夏银行,0.0076887568087676,2,subjective/semi-quantitative,high_value,0
2019-06-10,2.98128758,3610.743,10,0.0579001573541591,-0.009813303552554387,0.04808661229521505,0.06794778803143853,0.0018777298744330206,0.06384336963334136,-0.010047630677279429,-0.011691033426987407,-0.015756757338126315,-0.010676420886556737,-0.030041645230575176,5.9001698096955115,20,0.08734079253099103,-0.009813303552554387,0.012757850083016775,0.09185976404302387,0.0018777298744330206,0.05318739107158832,-0.004518971512032843,-0.011691033426987407,-0.040429540988571544,0.01885418898093638,-0.03838779435769324,8.900243639997905,60,0.08734079253099103,-0.11874365370683226,0.03336629470679897,0.09185976404302387,-0.009660338606209296,0.06579698416641677,-0.004518971512032843,-0.10908331510062297,-0.0324306894596178,0.01885418898093638,-0.12179130393754412,0.7355407198992532,600188.SH,兖矿能源,-0.0332854662647946,2,subjective/semi-quantitative,low_value,1
2019-11-25,3.21673856,3878.206,10,0.002016129032258007,-0.07258064516129026,-0.04133064516129026,0.008705571596764106,-0.018920346160054446,0.004445354372614396,-0.006689442564506098,-0.05366029900123581,-0.045775999533904654,-0.012496575797880216,-0.06730688877318913,0.027777777777777013,20,0.002016129032258007,-0.07258064516129026,-0.029233870967741993,0.04871556590856696,-0.018920346160054446,0.022920391541862317,-0.04669943687630895,-0.05366029900123581,-0.05215426250960431,-0.012496575797880216,-0.06800305863070144,0.027777777777777013,60,0.11491935483870974,-0.15120967741935487,-0.06754032258064513,0.08903627089432575,-0.06144542089821947,0.05023173085699928,0.02588308394438399,-0.0897642565211354,-0.11777205343764441,0.01678571071614199,-0.1325648538533568,0.7600000000000002,600188.SH,兖矿能源,0.0896941483488573,2,subjective/semi-quantitative,low_value,1
2024-12-03,13.7928156,3951.8912,10,0.03378378378378377,-0.02297297297297296,-0.019594594594594672,0.03706812576216678,-0.012714089902070236,-0.007555319336726707,-0.0032843419783830097,-0.010258883070902725,-0.012039275257867965,0.019014694084852124,-0.01213092829498752,1.470588235294118,20,0.03378378378378377,-0.06959459459459472,-0.04256756756756763,0.03706812576216678,-0.013194518108190834,-0.004296752906557844,-0.0032843419783830097,-0.05640007648640388,-0.03827081466100979,0.019014694084852124,-0.0656261002256856,0.48543689320388245,60,0.03378378378378377,-0.12770270270270279,-0.11148648648648651,0.03706812576216678,-0.06270008141924555,0.0010996507191289862,-0.0032843419783830097,-0.06500262128345724,-0.1125861372056155,0.019014694084852124,-0.12412823516742533,0.26455026455026426,600188.SH,兖矿能源,-0.0094345067484576,2,subjective/semi-quantitative,low_value,1
2024-12-25,13.3268421,3985.6291,10,0.006993006993006867,-0.07132867132867127,-0.06363636363636371,0.005394957599039962,-0.06383945761536114,-0.05162341874711829,0.001598049393966905,-0.007489213713310128,-0.012012944889245425,0.023468045399243076,-0.019848175625346576,0.09803921568627283,20,0.006993006993006867,-0.09090909090909094,-0.07692307692307698,0.005394957599039962,-0.07063421932562663,-0.04563525492123699,0.001598049393966905,-0.020274871583464305,-0.03128782200183999,0.023468045399243076,-0.04152428069134528,0.07692307692307551,60,0.006993006993006867,-0.09720279720279723,-0.04825174825174827,0.009953234233461394,-0.07063421932562663,-0.017679241653469457,-0.002960227240454527,-0.026568577877170596,-0.030572506598278815,0.023468045399243076,-0.08576444763276858,0.07194244604316415,600188.SH,兖矿能源,0.0455025097785298,2,subjective/semi-quantitative,low_value,1
2011-05-03,3.48838935,3211.132,10,-0.0028368794326241176,-0.06382978723404253,-0.052482269503546064,-0.005507715036317418,-0.041787755844356456,-0.02961696996573182,0.0026708356036933,-0.02204203138968608,-0.022865299537814243,0.015538965014756378,-0.02747566347806263,-0.04444444444444452,20,-0.0028368794326241176,-0.11914893617021272,-0.09645390070921978,-0.005507715036317418,-0.08369976693577219,-0.0652654577887175,0.0026708356036933,-0.035449169234440525,-0.03118844292050227,0.015538965014756378,-0.03974010174698872,-0.023809523809523853,60,-0.0028368794326241176,-0.14189430718219564,-0.13594556754394393,-0.005507715036317418,-0.10859846309650312,-0.06573382844429942,0.0026708356036933,-0.03329584408569253,-0.07021173909964451,0.015538965014756378,-0.08553692823586212,-0.01999290520500937,600019.SH,宝钢股份,0.0087191036100027,2,subjective/semi-quantitative,low_value,1
2014-10-29,2.4726816,2451.384,10,0.10879629629629628,-0.00694444444444442,0.09027777777777768,0.061593369296691236,-0.0031104877897546457,0.058307470392235716,0.047202926999605044,-0.003833956654689774,0.03197030738554196,0.04493662340899429,0.0020887633281689855,15.66666666666672,20,0.1435185185185186,-0.00694444444444442,0.10879629629629628,0.11094793798115687,-0.0031104877897546457,0.11080842495504584,0.032570580537361726,-0.003833956654689774,-0.002012128658749557,0.07122066091675561,-0.0018114092525279846,20.666666666666753,60,0.7800925925925926,-0.00694444444444442,0.4212962962962963,0.505171364421078,-0.0031104877897546457,0.45702672449522397,0.27492122817151454,-0.003833956654689774,-0.03573042819892769,0.19525414930883378,-0.02452283653980758,112.33333333333373,600019.SH,宝钢股份,0.0257494816787189,2,subjective/semi-quantitative,neutral,0
2021-06-23,5.73202959,5147.3938,10,0.03871829105473967,-0.021361815754339153,0.013351134846461887,0.02200014306268927,-0.02309673683797031,-0.0013412418533045312,0.016718147992050403,0.001734921083631158,0.014692376699766418,0.03197910259269343,0.00106461025347393,1.812499999999998,20,0.09746328437917229,-0.021361815754339153,0.022696929238985364,0.02200014306268927,-0.027389064345533454,-0.0006510090601576923,0.07546314131648302,0.006027248591194301,0.023347938299143056,0.0764247026732019,0.00106461025347393,4.562499999999996,60,0.6114819759679573,-0.061415220293724926,0.4726301735647531,0.02200014306268927,-0.09392965037957657,-0.05441104972384281,0.589481832905268,0.03251443008585164,0.5270412232885959,0.6300926937822233,-0.0028072404248343785,9.95652173913044,600019.SH,宝钢股份,0.0191051266872374,2,subjective/semi-quantitative,high_value,0
2014-09-19,3.9734744,2425.211,10,0.0612582781456954,-0.0298013245033113,0.013245033112582627,0.025936712310805188,-0.02107156861815307,0.017144075299015293,0.03532156583489021,-0.00872975588515823,-0.0038990421864326663,0.03043843951908376,-0.00383332340139364,2.055555555555554,20,0.17218543046357593,-0.0298013245033113,0.013245033112582627,0.025936712310805188,-0.02107156861815307,-0.014227628029066186,0.14624871815277074,-0.00872975588515823,0.027472661141648813,0.11370686816165132,-0.005444578964277413,5.777777777777762,60,0.23344370860927133,-0.0298013245033113,0.1307947019867548,0.40077832403036284,-0.026196071187208014,0.39499903307382334,-0.16733461542109151,-0.003605253316103285,-0.26420433108706853,0.11899379721375691,-0.18939391700143693,7.833333333333316,600160.SH,巨化股份,0.763939341992269,4,subjective/semi-quantitative,high_value,0
2014-11-12,4.7563278,2594.318,10,-0.008298755186722073,-0.09820193637621022,-0.044260027662517354,0.049740240016836745,-0.02755329146234209,0.049608413463576806,-0.05803899520355882,-0.07064864491386813,-0.09386844112609416,-0.041644780733870124,-0.08943186803956726,-0.08450704225352197,20,-0.008298755186722073,-0.14937759336099588,-0.09958506224066388,0.30586420014816995,-0.02755329146234209,0.24176989867857346,-0.314162955334892,-0.12182430189865379,-0.34135496091923734,-0.041644780733870124,-0.2748938924050981,-0.055555555555556094,60,0.055325034578146415,-0.14937759336099588,-0.05809128630705385,0.4222439192111376,-0.02755329146234209,0.27679798698540425,-0.36691888463299116,-0.12182430189865379,-0.3348892732924581,-0.041644780733870124,-0.3437430183007165,0.370370370370369,600160.SH,巨化股份,0.6125950952960693,4,subjective/semi-quantitative,low_value,1
2015-01-13,4.7102776,3514.04,10,0.06564245810055858,-0.10754189944134096,0.0405027932960893,0.04215034547130947,-0.05360183720162548,0.01732791886261964,0.023492112629249107,-0.05394006223971548,0.02317487443346966,0.022780141981534774,-0.06527911119243368,0.6103896103896086,20,0.06564245810055858,-0.10754189944134096,-0.04189944134078216,0.04215034547130947,-0.06491246542441176,-0.030476887001855357,0.023492112629249107,-0.0426294340169292,-0.011422554338926805,0.06382504503473285,-0.06527911119243368,0.6103896103896086,60,0.3687150837988826,-0.10754189944134096,0.2304469273743015,0.27374674164209867,-0.06491246542441176,0.24657459789871483,0.09496834215678396,-0.0426294340169292,-0.01612767052441333,0.12312789847163907,-0.06527911119243368,3.428571428571422,600160.SH,巨化股份,0.0207023542111092,4,subjective/semi-quantitative,low_value,1
2015-03-16,5.3418232,3705.671,10,0.07389162561576357,-0.013546798029556717,0.056650246305418595,0.1068578403209568,0.003005663481728593,0.10322206153757318,-0.03296621470519323,-0.01655246151128531,-0.04657181523215459,-0.011019773320463888,-0.04221436178247462,5.454545454545429,20,0.2068965517241379,-0.013546798029556717,0.14532019704433496,0.20743395730489844,0.003005663481728593,0.1976735117607582,-0.0005374055807605416,-0.01655246151128531,-0.05235331471642324,0.03055652370444517,-0.04371250946299721,15.272727272727195,60,0.6701249715640156,-0.013546798029556717,0.6440292688833278,0.4519437910165258,0.003005663481728593,0.4326992331483286,0.2181811805474898,-0.01655246151128531,0.2113300357349992,0.1475048152783649,-0.12601104779442696,49.46740699181618,600160.SH,巨化股份,0.2026965979637835,4,subjective/semi-quantitative,low_value,1
2015-04-13,6.2430914,4421.073,10,0.06954689146469972,-0.10326659641728142,0.03266596417281353,0.08808087991308877,-0.0193263038181003,0.08742651388022749,-0.01853398844838905,-0.08394029259918112,-0.05476054970741395,-0.0065350097731002865,-0.1078115701687401,0.6734693877551019,20,0.09378292939936772,-0.10326659641728142,-0.008429926238145424,0.09454831440240863,-0.0193263038181003,0.07381646944078968,-0.0007653850030409082,-0.08394029259918112,-0.0822463956789351,-0.0065350097731002865,-0.1078115701687401,0.9081632653061215,60,0.517272165837585,-0.24295880723450558,-0.24295880723450558,0.2169955121754379,-0.18294631190211075,-0.17145950768060159,0.30027665366214706,-0.06001249533239483,-0.071499299553904,0.227970086575096,-0.1479295638792132,2.1290529523315866,600160.SH,巨化股份,-0.1040627498300011,4,subjective/semi-quantitative,low_value,1
2015-06-01,7.85278949,5076.179,10,0.20625528317836017,-0.1039729501267963,0.10650887573964507,0.0599362236832075,-0.04190435364867939,0.028562428551081487,0.14631905949515267,-0.06206859647811691,0.07794644718856358,0.11344966631125342,-0.05674862772558742,1.9837398373983741,20,0.20625528317836017,-0.20710059171597628,-0.06846999154691458,0.0599362236832075,-0.21182330252735382,-0.11882579396825854,0.14631905949515267,0.0047227108113775396,0.050355802421343965,0.12091522302134372,-0.05674862772558742,0.9959183673469394,60,0.45139475908706683,-0.3981403212172443,0.3060016906170753,0.0599362236832075,-0.40515178838256094,-0.40054773482180195,0.39145853540385933,0.007011467165316643,0.7065494254388772,1.249263661066509,-0.25603170579342627,1.1337579617834397,600160.SH,巨化股份,0.0523648832602972,4,subjective/semi-quantitative,low_value,1
2015-12-14,13.59468544,3711.322,10,0.18896484375,-0.008789062499999889,0.1201171875,0.0580289179974145,-0.009126936439360467,0.004394660447139875,0.1309359257525855,0.00033787393936057786,0.11572252705286012,0.11521619101533487,0.024686285171522604,21.50000000000027,20,0.18896484375,-0.1591796874999999,-0.1591796874999999,0.0580289179974145,-0.14463094282845845,-0.1335405550906119,0.1309359257525855,-0.014548744671541436,-0.025639132409387977,0.16568714700813225,-0.02959068951238597,1.1871165644171788,60,0.18896484375,-0.5341796875,-0.501953125,0.0580289179974145,-0.23983556263778782,-0.17151354692478848,0.1309359257525855,-0.2943441248622122,-0.3304395780752115,0.16568714700813225,-0.4182152150003735,0.3537477148080439,600160.SH,巨化股份,0.2037432570316319,3,subjective/semi-quantitative,neutral,0
2016-11-28,7.49119401,3535.081,10,0.004476275738585445,-0.10922112802148609,-0.10205908683974929,0.013758666350219384,-0.03798724838271028,-0.035615025511438025,-0.00928239061163394,-0.07123387963877581,-0.06644406132831127,-0.003508873623422115,-0.06889786038355505,0.04098360655737658,20,0.004476275738585445,-0.10922112802148609,-0.06356311548791405,0.013758666350219384,-0.07582089349579269,-0.06016269499906801,-0.00928239061163394,-0.033400234525693406,-0.0034004204888460343,-0.003508873623422115,-0.06889786038355505,0.04098360655737658,60,0.10474485228290042,-0.10922112802148609,0.06624888093106529,0.013758666350219384,-0.07662455259158141,-0.023272734061822065,0.09098618593268104,-0.032596575429904684,0.08952161499288736,0.10069744481554688,-0.06889786038355505,0.9590163934426214,600160.SH,巨化股份,-0.0277754553935767,4,subjective/semi-quantitative,low_value,1
2019-06-11,6.55937425,3719.275,10,0.034965034965035,-0.015384615384615441,0.01118881118881121,0.03678405065503365,-0.0216426588515235,0.022056449173561976,-0.0018190156899986487,0.006258043466908059,-0.010867637984750766,0.017662349524378618,-0.014153363067067382,2.2727272727272667,20,0.11888111888111874,-0.015384615384615441,0.10489510489510478,0.059998252347567727,-0.0216426588515235,0.019857095804961977,0.058882866533551015,0.006258043466908059,0.08503800909014281,0.08338227918395091,-0.03322866082175946,7.72727272727269,60,0.19999999999999996,-0.029370629370629397,0.020979020979020824,0.059998252347567727,-0.03855939665660646,0.036118598382749445,0.14000174765243223,0.009188767285977062,-0.015139577403728621,0.14846613583155666,-0.03322866082175946,6.809523809523802,600160.SH,巨化股份,0.1251250584538792,2,subjective/semi-quantitative,high_value,0
2021-02-18,9.1559342,5768.3814,10,0.04081632653061229,-0.1418367346938777,-0.13775510204081642,0.0033814858358707234,-0.08903785384232743,-0.0845428840748984,0.03743484069474157,-0.05279888085155027,-0.05321221796591802,0.05491999952250848,-0.058126390674395734,0.2877697841726619,20,0.04081632653061229,-0.1724489795918368,-0.061224489795918324,0.0033814858358707234,-0.14743692225344196,-0.10862896479071238,0.03743484069474157,-0.025012057338394844,0.047404474994794055,0.06487802591426894,-0.06386856129254515,0.23668639053254453,60,0.04081632653061229,-0.1724489795918368,-0.01224489795918382,0.0033814858358707234,-0.15337402967147773,-0.1033408435856894,0.03743484069474157,-0.019074949920359074,0.09109594562650558,0.10159484233763161,-0.06386856129254515,0.23668639053254453,600160.SH,巨化股份,0.0741082544000337,4,subjective/semi-quantitative,low_value,1
2021-04-08,8.69813749,5112.2086,10,0.007518796992481036,-0.08592910848549962,-0.05155746509129977,0.0014964178104939219,-0.04145083203373201,-0.004492207145068483,0.006022379181987114,-0.04447827645176761,-0.04706525794623129,-0.0011644124375076448,-0.047277638893470475,0.0874999999999979,20,0.007518796992481036,-0.09129967776584325,-0.011815252416756183,0.013477149582667769,-0.04145083203373201,-0.017438470722810462,-0.005958352590186733,-0.049848845732111235,0.005623218306054278,0.025093570634127982,-0.06573221952961117,0.0823529411764687,60,0.1589688506981739,-0.09129967776584325,0.08955120229997648,0.05208468997137561,-0.04145083203373201,0.0055321099377674265,0.1068841607267983,-0.049848845732111235,0.08401909236220906,0.09351035640332639,-0.08538692503005796,1.7411764705882329,600160.SH,巨化股份,-0.0077570250029243,4,subjective/semi-quantitative,low_value,1
2025-02-18,24.256737,3912.7829,10,0.025392986698911768,-0.07214832728738407,-0.03788794840790011,0.02125410535810701,-0.014582332181016344,-0.007044116861173233,0.0041388813408047564,-0.05756599510636773,-0.030843831546726874,-0.011588816836718085,-0.07834433805494867,0.35195530726257057,20,0.06489318823055212,-0.07214832728738407,0.017734784361144618,0.027843328593569527,-0.014582332181016344,0.02426406024213601,0.037049859636982596,-0.05756599510636773,-0.006529275880991392,0.047553922951270255,-0.07834433805494867,0.8994413407821225,60,0.11890366787585638,-0.11487303506650548,0.054010479645304255,0.028756029372342562,-0.10188819829487605,-0.009107993188173014,0.09014763850351382,-0.012984836771629427,0.06311847283347727,0.13972144068801717,-0.07834433805494867,1.0350877192982442,600160.SH,巨化股份,0.0116824696792618,2,subjective/semi-quantitative,low_value,1
2019-03-19,3.02572125,3833.962,10,0.16266666666666674,-0.010666666666666713,0.1306666666666667,0.040202537218678724,-0.03818895440278225,0.03581751723152182,0.12246412944798801,0.027522287736115536,0.09484914943514489,0.10066930367249394,0.004946186690319543,15.24999999999994,20,0.24,-0.010666666666666713,0.11733333333333329,0.07528530538383005,-0.03818895440278225,0.06606142679557081,0.16471469461616994,0.027522287736115536,0.05127190653776248,0.1552200362854883,0.004946186690319543,22.4999999999999,60,0.24,-0.01333333333333342,0.07733333333333325,0.07619480839924875,-0.07243316443929282,-0.04338697149319681,0.16380519160075124,0.0590998311059594,0.12072030482653007,0.155261024116089,0.004946186690319543,17.999999999999883,600025.SH,华能水电,0.0602977897252091,4,subjective/semi-quantitative,high_value,0
2019-04-16,3.35653344,4085.789,10,0.016826923076922906,-0.03605769230769229,-0.016826923076923128,0.009863700744213721,-0.05148014251347777,-0.04223859822423537,0.006963222332709185,0.015422450205785476,0.02541167514731224,0.058103343842380806,-0.020367397537640608,0.4666666666666622,20,0.016826923076922906,-0.11057692307692324,-0.08413461538461542,0.009863700744213721,-0.12261205852774093,-0.10696318385506443,0.006963222332709185,0.012035135450817691,0.022828568470449007,0.058103343842380806,-0.020367397537640608,0.1521739130434765,60,0.07128695848774247,-0.11057692307692324,0.06630422844826467,0.009863700744213721,-0.12960360899694046,-0.06402729068975421,0.06142325774352875,0.019026685920017217,0.13033151913801888,0.14021805333872717,-0.020367397537640608,0.6446820593674092,600025.SH,华能水电,-0.033106464967604,4,subjective/semi-quantitative,low_value,1
2019-07-10,3.50382465,3786.739,10,0.13603818615751795,-0.0023866348448687846,0.09785202863961806,0.015350675079534026,-0.010796888827035667,0.008739181654716655,0.12068751107798392,0.008410253982166882,0.0891128469849014,0.12316358944989414,-0.001028393317446974,56.999999999998835,20,0.16229116945107402,-0.0023866348448687846,0.07398568019093088,0.027461623312301064,-0.05568828482765775,-0.04365444779796024,0.13482954613877296,0.05330164998278897,0.11764012798889112,0.15036428050898687,-0.001028393317446974,67.99999999999861,60,0.18377088305489275,-0.0023866348448687846,0.07637231503579955,0.0524197733194709,-0.05568828482765775,0.023212584759604526,0.13135110973542186,0.05330164998278897,0.05315973027619503,0.15244242405024866,-0.003033914688153616,76.99999999999847,600025.SH,华能水电,0.0393781383392785,4,subjective/semi-quantitative,high_value,0
2019-08-02,3.98884095,3747.437,10,0.008385744234800763,-0.06498951781970652,-0.033542976939203384,-0.0021171803555335433,-0.04578462559877583,-0.009846463062621158,0.010502924590334306,-0.01920489222093069,-0.023696513876582226,-0.01405617050108987,-0.033541781383444214,0.1290322580645149,20,0.0398322851153039,-0.06498951781970652,-0.044025157232704504,0.0268978504508548,-0.04578462559877583,0.013915911061346709,0.012934434664449102,-0.01920489222093069,-0.05794106829405121,0.0018065091001804312,-0.057145831978708816,0.6129032258064502,60,0.0398322851153039,-0.11530398322851154,-0.048218029350104885,0.06348872576110032,-0.04578462559877583,0.06155780604183603,-0.023656440645796417,-0.06951935762973571,-0.10977583539194091,0.0018065091001804312,-0.13559312888923425,0.3454545454545447,600025.SH,华能水电,0.0397186342357777,4,subjective/semi-quantitative,low_value,1
2019-08-16,3.85504335,3710.538,10,0.07592190889370953,-0.015184381778741929,-0.010845986984815648,0.03710971293111687,0.0027357218818402362,0.02399867620274998,0.038812195962592666,-0.017920103660582165,-0.03484466318756563,0.026369755347136703,-0.0340280353845559,4.999999999999993,20,0.07592190889370953,-0.041214750542299394,-0.026030368763557465,0.07403266049289892,0.0027357218818402362,0.06661486824821639,0.001889248400810617,-0.04395047242413963,-0.09264523701177385,0.026369755347136703,-0.09428240638495411,1.8421052631578978,60,0.07592190889370953,-0.08459869848156176,-0.07375271149674612,0.08626781345454493,0.0027357218818402362,0.05319740695284625,-0.010345904560835395,-0.087334420363402,-0.12695011844959236,0.026369755347136703,-0.12053781903706884,0.8974358974359005,600025.SH,华能水电,-0.0267383706917329,2,subjective/semi-quantitative,low_value,1
2020-12-25,3.99362718,5042.0137,10,0.010917030567685782,-0.058951965065502154,-0.05676855895196509,0.1018795129414265,-0.0015283377750442417,0.07916372777805014,-0.09096248237374072,-0.05742362729045791,-0.13593228673001523,-0.01311820972095179,-0.12596076316417137,0.18518518518518853,20,0.010917030567685782,-0.08078602620087327,-0.05676855895196509,0.12167079196948638,-0.0015283377750442417,0.11580878885751544,-0.1107537614018006,-0.07925768842582903,-0.17257734780948053,-0.01311820972095179,-0.16396894168565868,0.13513513513513767,60,0.3253275109170306,-0.08078602620087327,0.2161572052401748,0.17629831112914252,-0.03140653901832913,0.0009646145943633666,0.1490291997878881,-0.049379487182544146,0.21519259064581142,0.2669384623208124,-0.16396894168565868,4.027027027027032,600025.SH,华能水电,0.0153332120329936,4,subjective/semi-quantitative,low_value,1
2022-09-02,6.86580399,4023.6131,10,0.04283801874163329,-0.052208835341365445,-0.048192771084337394,0.02597123465971407,-0.028159392363048097,-0.02376297064943944,0.016866784081919217,-0.024049442978317348,-0.024429800434897952,0.021861566589811643,-0.025024455844652627,0.8205128205128225,20,0.04283801874163329,-0.08701472556894241,-0.08567603748326635,0.02597123465971407,-0.07652298875356578,-0.07522507569129855,0.016866784081919217,-0.010491736815376629,-0.010450961791967806,0.021861566589811643,-0.032686967478138484,0.4923076923076935,60,0.04283801874163329,-0.1606425702811245,-0.08969210174029452,0.02597123465971407,-0.13114138633259753,-0.01907171442502764,0.016866784081919217,-0.029501183948526966,-0.07062038731526687,0.024833025999889013,-0.09019143444626654,0.2666666666666672,600025.SH,华能水电,-0.020743641231593,4,subjective/semi-quantitative,low_value,1
2025-09-02,9.08378058,4490.4528,10,0.02152852529601712,-0.0226049515608181,-0.0032292787944026013,0.01702556588502624,-0.03628720916518702,0.00732306995855736,0.004502959410990881,0.01368225760436892,-0.010552348752959961,0.029798792276421127,-0.010475634945394496,0.9523809523809472,20,0.03229278794402579,-0.0226049515608181,0.017222820236813652,0.034988965923436366,-0.03628720916518702,0.03345780630407691,-0.0026961779794105745,0.01368225760436892,-0.016234986067263257,0.029798792276421127,-0.02453516694440505,1.4285714285714257,60,0.09903121636167911,-0.0226049515608181,0.03875134553283077,0.06043513028352043,-0.03628720916518702,0.009040469148233754,0.038596086078158676,0.01368225760436892,0.029710876384597018,0.06823244877753121,-0.02453516694440505,4.380952380952373,600025.SH,华能水电,-0.0142539169955746,2,subjective/semi-quantitative,low_value,1
2026-05-19,9.6802398,4852.8832,10,0.03535353535353525,-0.07070707070707072,0.028282828282828243,0.02500113746813426,-0.014872086762772407,0.012709125165015323,0.010352397885400988,-0.05583498394429831,0.01557370311781292,0.022018995951502696,-0.07172966421204807,0.49999999999999845,20,0.03535353535353525,-0.07070707070707072,-0.036363636363636376,0.028636440291824883,-0.036125946736158876,0.006459871113320803,0.006717095061710365,-0.03458112397091184,-0.04282350747695718,0.022018995951502696,-0.07172966421204807,0.49999999999999845,60,0.07228748610132563,-0.10606060606060608,0.0010082601466132601,0.0435580646161029,-0.07720645326885256,-0.03337535508787848,0.028729421485222728,-0.028854152791753518,0.03438361523449174,0.11729279549654814,-0.1319320776682833,0.6815677260982129,600025.SH,华能水电,-0.0152914780939607,2,subjective/semi-quantitative,low_value,1
2025-12-11,31.51970951,4552.1848,10,0.040083757104397266,-0.027819323960514453,-0.024229733772061057,0.02174092317166032,-0.01491916584757269,0.019847810220710027,0.018342833932736946,-0.012900158112941762,-0.044077543992771084,0.02499027635450579,-0.04321972705244326,1.440860215053767,20,0.040083757104397266,-0.0637152258450493,-0.05444211785821107,0.055010508360732624,-0.01491916584757269,0.05222342906641231,-0.014926751256335358,-0.048796059997476604,-0.10666554692462338,0.02499027635450579,-0.10137157563509358,0.6291079812206581,60,0.040083757104397266,-0.12653305414298532,-0.0673048160335028,0.06255679690332427,-0.01491916584757269,0.01872823792215117,-0.022473039798927008,-0.11161388829541263,-0.08603305395565397,0.02499027635450579,-0.14469760399143938,0.3167848699763595,600066.SH,宇通客车,-0.0331630058705938,4,subjective/semi-quantitative,low_value,1
2022-09-19,5.53066888,3928.0001,10,0.054858934169278895,-0.08150470219435746,-0.07836990595611293,0.007523854187274637,-0.05404427051822125,-0.05271476444208856,0.04733507998200426,-0.02746043167613621,-0.02565514151402437,0.048573515133752077,-0.03722188909401225,0.673076923076921,20,0.08620689655172398,-0.09404388714733547,-0.017241379310344862,0.007523854187274637,-0.07841458558007686,-0.07500682090104838,0.07868304236444934,-0.015629301567258613,0.057765441590703515,0.1057832242377088,-0.03722188909401225,0.9166666666666645,60,0.08620689655172398,-0.2507836990595612,-0.17868338557993735,0.019174566721624986,-0.10999215605926294,-0.008854225843833441,0.06703232983009899,-0.14079154300029828,-0.1698291597361039,0.1057832242377088,-0.19205046969362283,0.3437499999999992,600027.SH,华电国际,-0.0717304488789412,4,subjective/semi-quantitative,low_value,1
2024-03-25,5.85678582,3525.7634,10,0.11926605504587173,-0.010703363914372988,0.10091743119266061,0.02131620630017328,-0.010317566970035386,-0.005971699632482452,0.09794984874569845,-0.0003857969443376019,0.10688913082514306,0.10753127530234652,0.010551178946051953,11.142857142857265,20,0.17278287461773711,-0.010703363914372988,0.042813455657492394,0.021846843154591733,-0.015798649449931923,-0.0011746392284858187,0.15093603146314538,0.0050952855355589355,0.04398809488597821,0.16326065957088698,0.010551178946051953,16.142857142857306,60,0.17278287461773711,-0.032110091743119296,0.033639143730886945,0.050277139980521746,-0.02414143841869809,-0.019247207569288327,0.12250573463721537,-0.007968653324421204,0.05288635130017527,0.16326065957088698,-0.05554560096413297,5.38095238095238,600027.SH,华电国际,0.0269007567424474,3,subjective/semi-quantitative,high_value,0
2023-02-14,32.32685874,4145.2902,10,0.00790861159929701,-0.026654950205038053,-0.012888107791447001,0.005454407028004926,-0.028669307639788477,-0.01829341164099929,0.0024542045712920846,0.0020143574347504245,0.00540530384955229,0.025051282173129907,-0.0016366349773617728,0.2967032967032969,20,0.00790861159929701,-0.07059168131224358,-0.061511423550087874,0.005454407028004926,-0.04784941232823703,-0.038741461333635985,0.0024542045712920846,-0.022742268984006553,-0.02276996221645189,0.025051282173129907,-0.023687656650668187,0.11203319502074706,60,0.00790861159929701,-0.09988283538371412,-0.08025776215582892,0.00588079454606083,-0.05361711467148922,-0.03531791332727452,0.0020278170532361806,-0.0462657207122249,-0.044939848828554396,0.025051282173129907,-0.05009714926465403,0.07917888563049852,600196.SH,复星医药,-0.0405709472622691,2,subjective/semi-quantitative,low_value,1
2023-03-15,30.63192385,3986.902,10,0.016692426584234976,-0.03214837712519325,-0.006491499227202491,0.013089737344935903,-0.013014089636514847,0.004826303731569004,0.003602689239299073,-0.019134287488678403,-0.011317802958771495,0.001797697833173073,-0.019938485061268718,0.5192307692307698,20,0.060278207109737414,-0.03214837712519325,0.04698608964451312,0.0364677135279472,-0.013014089636514847,0.020586560692989142,0.023810493581790215,-0.019134287488678403,0.026399528951523976,0.025867016055549863,-0.021937836392668997,1.8750000000000022,60,0.060278207109737414,-0.09304482225656885,-0.06986089644513138,0.04584155818226776,-0.052453458851007606,-0.030598845920968176,0.014436648927469653,-0.04059136340556124,-0.039262050524163206,0.025867016055549863,-0.040501344937497685,0.647840531561463,600196.SH,复星医药,-0.0076779274774809,2,subjective/semi-quantitative,neutral,0
2014-11-11,16.184356,2558.612,10,0.06223404255319154,-0.014361702127659637,0.06170212765957461,0.04981255461945766,-0.013982581180734033,0.04961635449220125,0.012421487933733877,-0.00037912094692560405,0.01208577316737336,0.04441985771770973,-0.009776486670941442,4.333333333333318,20,0.19680851063829796,-0.014361702127659637,0.15319148936170213,0.3240878257430202,-0.013982581180734033,0.21429626688220016,-0.12727931510472223,-0.00037912094692560405,-0.06110477752049803,0.04441985771770973,-0.07201715203596903,13.70370370370365,60,0.31382978723404253,-0.014361702127659637,0.17340425531914905,0.442091649691317,-0.013982581180734033,0.31592676029034483,-0.12826186245727444,-0.00037912094692560405,-0.14252250497119578,0.04441985771770973,-0.17414151732419703,21.851851851851755,600085.SH,同仁堂,-0.003711638330543,2,subjective/semi-quantitative,low_value,1
2017-12-05,29.14279291,4040.17,10,0.004228329809724984,-0.0404711567502265,-0.023557837511325896,0.0074204798312942355,-0.020971889796716492,-0.001198216906714289,-0.003192150021569251,-0.01949926695351001,-0.022359620604611607,0.008186035268691327,-0.022386444420797846,0.10447761194029424,20,0.004228329809724984,-0.0404711567502265,-0.015403201449713078,0.02472272206367565,-0.020971889796716492,0.017628466128900344,-0.020494392253950666,-0.01949926695351001,-0.03303166757861342,0.008186035268691327,-0.03245945713789555,0.10447761194029424,60,0.06735125339776493,-0.06372697070371491,-0.013289036544850474,0.08988903932260284,-0.06955746911639848,-0.0008705079241715374,-0.022537785924837905,0.005830498412683571,-0.012418528620678937,0.014776526858668815,-0.0650198085503072,1.05687203791469,600085.SH,同仁堂,0.2939738417428251,2,subjective/semi-quantitative,low_value,1
2025-03-03,35.2802172,3888.4738,10,0.023522975929977985,-0.012582056892779026,0.013402625820568836,0.034268972057880376,-0.008421916074116353,0.02785509317305923,-0.01074599612790239,-0.004160140818662672,-0.014452467352490395,-0.0010789884783928283,-0.022236092986856693,1.869565217391289,20,0.025437636761487914,-0.012582056892779026,0.0008205689277898109,0.03518737865740529,-0.008421916074116353,-0.0003004263523648243,-0.009749741895917374,-0.004160140818662672,0.0011209952801546352,0.003891697811423178,-0.02477673617722842,2.0217391304347734,60,0.04896061269146612,-0.08916849015317307,0.0393873085339167,0.03518737865740529,-0.09627358168132705,-0.012406281353882331,0.013773234034060833,0.007105091528153973,0.05179358988779903,0.0673965793878104,-0.02477673617722842,0.5490797546012262,600085.SH,同仁堂,-0.0037400565726493,2,subjective/semi-quantitative,low_value,1
2025-09-08,34.9275948,4467.5733,10,0.0019607843137254832,-0.036414565826330625,-0.03473389355742307,0.023784679705199263,-0.012284499059030618,0.012318701072011606,-0.02182389539147378,-0.024130066767300007,-0.047052594629434674,-0.0019680041536765946,-0.04648002114315142,0.053846153846153516,20,0.0019607843137254832,-0.05882352941176483,-0.03725490196078429,0.057922183392044246,-0.012284499059030618,0.01600222205643509,-0.05596139907831876,-0.04653903035273421,-0.05325712401721938,-0.0019680041536765946,-0.08803618120980239,0.033333333333333146,60,0.004761904761904745,-0.0767507002801121,-0.07535014005602236,0.06586586950906881,-0.012284499059030618,0.02924404172618722,-0.06110396474716406,-0.06446620122108149,-0.10459418178220958,-0.0019680041536765946,-0.10779167774030551,0.062043795620437686,600085.SH,同仁堂,-0.066418936788729,2,subjective/semi-quantitative,low_value,1
2016-12-07,6.30478354,3475.747,10,0.05060034305317318,-0.08919382504288165,-0.06003430531732423,0.00925844142280785,-0.05365148844262824,-0.039476693786975825,0.04134190163036533,-0.03554233660025341,-0.020557611530348407,0.03683465461449975,-0.042809848234141024,0.5673076923076916,20,0.05060034305317318,-0.08919382504288165,0.02487135506003435,0.00925844142280785,-0.06004435880977532,-0.031060373496689997,0.04134190163036533,-0.029149466233106325,0.05593172855672435,0.06818029887609112,-0.042809848234141024,0.5673076923076916,60,0.1620926243567753,-0.12435677530017153,0.10720411663807883,0.00925844142280785,-0.060861737059688115,-0.014041010464800774,0.15283418293396744,-0.06349503824048341,0.1212451271028796,0.1555262017864396,-0.042809848234141024,1.303448275862069,600183.SH,生益科技,0.265373004185657,2,subjective/semi-quantitative,low_value,1
2017-05-08,3.75628244,3358.813,10,0.02372262773722622,-0.010948905109489093,0.02007299270072993,0.022375761913509207,-0.013671794172524732,0.01560849026129163,0.001346865823717014,0.0027228890630356384,0.0044645024394383,0.015253549651454756,-0.013203585958651676,2.166666666666653,20,0.06021897810218979,-0.010948905109489093,0.041970802919707895,0.05307857269815264,-0.013671794172524732,0.052119007518429905,0.007140405404037153,0.0027228890630356384,-0.01014820459872201,0.015253549651454756,-0.013203585958651676,5.49999999999998,60,0.06827927454784266,-0.010948905109489093,0.035964776919171104,0.12669297159442938,-0.013671794172524732,0.11969675001257873,-0.05841369704658672,0.0027228890630356384,-0.08373197309340763,0.015253549651454756,-0.07478093786774587,6.236173742036272,600023.SH,浙能电力,0.0843242963521903,2,subjective/semi-quantitative,low_value,1
2018-12-03,3.39503,3260.95,10,0.01304347826086949,-0.019565217391304346,0.0021739130434781373,0.0021435471258375305,-0.038818442478418924,-0.030590472101688082,0.01089993113503196,0.019253225087114578,0.03276438514516622,0.03379829081750385,0.00010099483740133586,0.6666666666666629,20,0.030434782608695476,-0.019565217391304346,0.01086956521739113,0.0021435471258375305,-0.09275272543277269,-0.08936506232846253,0.028291235482857946,0.07318750804146834,0.10023462754585366,0.11374751012776807,0.00010099483740133586,1.5555555555555467,60,0.09130434782608687,-0.04130434782608705,0.08260869565217388,0.19185482758091976,-0.09970131403425375,0.18005182538830722,-0.10055047975483289,0.0583969662081667,-0.09744312973613334,0.11374751012776807,-0.09344055989965139,2.210526315789467,600023.SH,浙能电力,-0.0017553457261702,2,subjective/semi-quantitative,neutral,0
2020-11-02,2.95031828,4720.8313,10,0.03846153846153855,-0.005494505494505475,0.03846153846153855,0.05866983639089152,0.002826514897916299,0.038836443911901775,-0.02020829792935297,-0.008321020392421774,-0.00037490545036322764,-0.00036088977486337104,-0.034073733609247925,7.000000000000041,20,0.052197802197802234,-0.005494505494505475,0.03571428571428581,0.07082665716099634,0.002826514897916299,0.050715771182079816,-0.018628854963194108,-0.008321020392421774,-0.015001485467794007,0.004414693011506765,-0.034073733609247925,9.50000000000004,60,0.052197802197802234,-0.0357142857142857,-0.027472527472527375,0.19798381696037315,0.002826514897916299,0.16779597695007675,-0.14578601476257091,-0.038540800612202,-0.19526850442260413,0.004414693011506765,-0.18623688008052786,1.4615384615384632,600023.SH,浙能电力,-0.0025970321066667,2,subjective/semi-quantitative,low_value,1
2023-04-10,3.24248488,4104.8118,10,0.16755319148936154,-0.021276595744680882,0.1436170212765957,0.015799993558778924,-0.03335227208224267,-0.029762363283013515,0.15175319793058262,0.012075676337561791,0.17337938455960922,0.17869785503918068,-0.011485906749106878,7.874999999999981,20,0.3164893617021278,-0.021276595744680882,0.24734042553191493,0.015799993558778924,-0.04369890965524903,-0.027808363832904637,0.3006893681433489,0.022422313910568148,0.27514878936481957,0.2991064081957284,-0.011485906749106878,14.874999999999986,60,0.4148936170212765,-0.021276595744680882,0.3936170212765957,0.015799993558778924,-0.07967152111577935,-0.06345842700997895,0.39909362346249755,0.05839492537109847,0.45707544828657465,0.4944853290286806,-0.011485906749106878,19.499999999999964,600023.SH,浙能电力,-0.0525983035794815,3,subjective/semi-quantitative,high_value,0
2023-08-14,4.09622425,3855.9061,10,0.02947368421052632,-0.06947368421052624,-0.06315789473684208,0.014430434392580294,-0.04172176288214069,-0.02678662221572259,0.015043249817946025,-0.027751921328385554,-0.03637127252111949,0.02142958753084878,-0.03737235158432184,0.42424242424242475,20,0.02947368421052632,-0.09894736842105256,-0.07999999999999996,0.014430434392580294,-0.04172176288214069,-0.022917855805669185,0.015043249817946025,-0.05722560553891187,-0.057082144194330775,0.02142958753084878,-0.07411958271514218,0.2978723404255322,60,0.02947368421052632,-0.1389473684210525,-0.04421052631578937,0.014430434392580294,-0.10510123677544958,-0.07102032386110235,0.015043249817946025,-0.033846131645602906,0.026809797545312986,0.03719288306832991,-0.07473950929257689,0.21212121212121238,600023.SH,浙能电力,-0.0146773162094845,2,subjective/semi-quantitative,low_value,1
2025-09-08,4.8373435,4467.5733,10,0.007766990291262044,-0.040776699029126284,-0.03495145631067975,0.023784679705199263,-0.012284499059030618,0.012318701072011606,-0.01601768941393722,-0.028492199970095666,-0.04727015738269136,0.007058853920682395,-0.04669493641936462,0.19047619047618788,20,0.01941747572815533,-0.04660194174757282,0.015533980582524087,0.057922183392044246,-0.012284499059030618,0.01600222205643509,-0.038504707663888915,-0.0343174426885422,-0.0004682414739110019,0.007058853920682395,-0.07469103318997705,0.41666666666666646,60,0.06452658778521725,-0.04660194174757282,0.0017920559083719478,0.06586586950906881,-0.012284499059030618,0.02924404172618722,-0.0013392817238515597,-0.0343174426885422,-0.027451985817815272,0.007058853920682395,-0.07469103318997705,1.3846330295577867,600023.SH,浙能电力,-0.0548717898122881,2,subjective/semi-quantitative,low_value,1
2010-03-17,4.24325085,3273.916,10,0.024896265560165887,-0.013831258644536604,0.012448132780082943,0.030040172075276095,-0.016286917562942982,0.021897629627638526,-0.005143906515110208,0.002455658918406378,-0.009449496847555583,0.009171117628439696,-0.011421586079997326,1.8,20,0.024896265560165887,-0.013831258644536604,0.0,0.04959626331280331,-0.016286917562942982,0.03685433590843501,-0.024699997752637426,0.002455658918406378,-0.03685433590843501,0.009171117628439696,-0.03813224816354621,1.8,60,0.024896265560165887,-0.18948824343015214,-0.17012448132780078,0.04959626331280331,-0.19130576349545925,-0.15731924704237987,-0.024699997752637426,0.00181752006530711,-0.012805234285420908,0.025841131409352958,-0.03813224816354621,0.13138686131386815,600011.SH,华能国际,-0.0763060786246472,2,subjective/semi-quantitative,low_value,1
2010-06-09,3.5331079,2782.133,10,0.036544850498339,-0.021594684385382146,0.03156146179401986,0.0047409667330786665,-0.034437605966357476,-0.023491328416002988,0.03180388376526033,0.01284292158097533,0.05505279021002285,0.05637716470118148,0.004954164545235562,1.6923076923076916,20,0.0714285714285714,-0.021594684385382146,0.05155295143972238,0.0047409667330786665,-0.11499486185599306,-0.03806971126110792,0.06668760469549273,0.09340017747061091,0.0896226627008303,0.1671771172744474,0.004954164545235562,3.3076923076922933,60,0.11856367873735185,-0.021594684385382146,0.058425846547171645,0.0712730124692098,-0.11499486185599306,0.06935577846206509,0.047290666268142045,0.09340017747061091,-0.010929931914893443,0.1671771172744474,-0.01126203438460549,5.4904103538373485,600011.SH,华能国际,-0.0038068097681952,2,subjective/semi-quantitative,high_value,0
2010-11-19,3.69703803,3178.846,10,0.034482758620689724,-0.05582922824302128,0.01806239737274229,0.015165251792631729,-0.03724873743490564,-0.006508651252687292,0.019317506828057995,-0.018580490808115635,0.02457104862542958,0.02473202072309033,-0.031582254653210295,0.6176470588235314,20,0.04269293924466355,-0.05582922824302128,0.014778325123152802,0.032692996137592134,-0.03724873743490564,0.014727042455029205,0.009999943107071418,-0.018580490808115635,5.128266812359783e-05,0.04211909363705857,-0.031582254653210295,0.7647058823529451,60,0.04269293924466355,-0.14614121510673228,-0.08702791461412152,0.032692996137592134,-0.08169128042063067,0.024871289769935245,0.009999943107071418,-0.0644499346861016,-0.11189920438405676,0.04211909363705857,-0.10918366579395167,0.2921348314606755,600011.SH,华能国际,-0.0277208552920146,2,subjective/semi-quantitative,low_value,1
2012-03-09,3.43044224,2664.302,10,0.022058823529411686,-0.08088235294117652,-0.049632352941176516,0.015558296319261089,-0.044956239945771914,-0.04179781421175233,0.006500527210150597,-0.0359261129954046,-0.00783453872942419,0.03847923089187533,-0.014315540683401795,0.2727272727272716,20,0.022058823529411686,-0.08823529411764708,-0.06985294117647056,0.015558296319261089,-0.08804182108484704,-0.05414776553108469,0.006500527210150597,-0.00019347303280004002,-0.01570517564538587,0.03847923089187533,-0.016604259178183534,0.24999999999999906,60,0.15808823529411775,-0.08823529411764708,0.10661764705882337,0.02008893886653973,-0.08804182108484704,-0.05253646170741899,0.13799929642757802,-0.00019347303280004002,0.15915410876624236,0.17777094476453437,-0.018099839434112974,1.7916666666666674,600011.SH,华能国际,0.0076689338235294,4,subjective/semi-quantitative,low_value,1
2017-08-17,5.70969044,3721.277,10,0.02961918194640334,-0.008462623413258208,0.008462623413258097,0.03914382079055123,-0.005607214942612404,0.02709150649091696,-0.009524638844147892,-0.002855408470645804,-0.018628883077658864,0.01036118091316407,-0.019308334974675656,3.4999999999999543,20,0.02961918194640334,-0.026798307475317307,-0.016925246826516194,0.03914382079055123,-0.005607214942612404,0.029204490823983242,-0.009524638844147892,-0.021191092532704903,-0.046129737650499436,0.01036118091316407,-0.04796550355015261,1.105263157894737,60,0.02961918194640334,-0.07334273624823695,-0.06346967559943584,0.11188847269364799,-0.005607214942612404,0.10311917118773994,-0.08226929074724465,-0.06773552130562455,-0.16658884678717578,0.01036118091316407,-0.15101618314529686,0.40384615384615324,600011.SH,华能国际,0.0070795889582913,2,subjective/semi-quantitative,low_value,1
2024-11-29,6.36399335,3916.5832,10,0.045911047345767564,-0.0057388809182209455,0.00430416068866557,0.046417295565175376,-0.0036801209789185663,0.004237775416082057,-0.0005062482194078122,-0.002058759939302379,6.638527258351345e-05,0.018563849976174884,-0.002674932729391122,8.0,20,0.045911047345767564,-0.031563845050215256,-0.01434720229555253,0.046417295565175376,-0.004298466071140816,0.016455031518288532,-0.0005062482194078122,-0.02726537897907444,-0.030802233813841062,0.02563192219035515,-0.04314567504925526,1.454545454545452,60,0.045911047345767564,-0.11764705882352944,-0.03586800573888094,0.046417295565175376,-0.05425032206643787,-0.008007591923490875,-0.0005062482194078122,-0.06339673675709157,-0.02786041381539006,0.02563192219035515,-0.08700660722698184,0.3902439024390242,600011.SH,华能国际,0.0117205827880551,2,subjective/semi-quantitative,low_value,1
2025-10-09,6.89734864,4709.482,10,0.06318681318681318,-0.02472527472527475,0.06318681318681318,-0.003587698179969734,-0.0464203706479821,-0.021899924450289876,0.06677451136678292,0.021695095922707353,0.08508673763710306,0.08699185263765852,0.022869792389256016,2.555555555555553,20,0.16620879120879128,-0.02472527472527475,0.13598901098901117,0.01111627563286155,-0.0464203706479821,-0.0034141334439754534,0.15509251557592973,0.021695095922707353,0.13940314443298663,0.1509940538037886,0.022869792389256016,6.722222222222219,60,0.16620879120879128,-0.02472527472527475,0.019230769230769162,0.01111627563286155,-0.061083087269470426,0.0017546940406609757,0.15509251557592973,0.03635781254419568,0.017476075190108187,0.1509940538037886,0.017445463738849032,6.722222222222219,600011.SH,华能国际,-0.054233443663633,2,subjective/semi-quantitative,high_value,0
2017-08-01,7.97777794,3770.382,10,0.01597051597051613,-0.035626535626535616,0.006142506142505999,0.0037049296331246317,-0.033229524223274964,-0.017060870755270963,0.012265586337391499,-0.0023970114032606515,0.02320337689777696,0.04008159200367234,-0.019251462607799308,0.44827586206897013,20,0.06511056511056501,-0.035626535626535616,0.035626535626535505,0.025610137116079956,-0.033229524223274964,0.017015517260585256,0.039500427994485054,-0.0023970114032606515,0.01861101836595025,0.04709183400472883,-0.019251462607799308,1.8275862068965494,60,0.1351351351351351,-0.035626535626535616,0.07125307125307123,0.06974280059686255,-0.033229524223274964,0.06268197758211236,0.06539233453827253,-0.0023970114032606515,0.008571093670958874,0.09684542755887193,-0.044749907855532456,3.7931034482758617,600029.SH,南方航空,0.0798518363824908,2,subjective/semi-quantitative,neutral,0
2021-01-26,5.67,5512.9678,10,0.09700176366843039,-0.012345679012345734,0.09347442680776008,0.03143178162586047,-0.040789699515386246,0.03143178162586047,0.06556998204256992,0.028444020503040512,0.062042645181899614,0.08158853727679416,0.007833331578248393,7.857142857142827,20,0.1728395061728396,-0.012345679012345734,0.08289241622574961,0.07581114477033579,-0.040789699515386246,-0.02962790749476174,0.09702836140250382,0.028444020503040512,0.11252032372051135,0.13442299020803228,0.007833331578248393,13.999999999999947,60,0.2927689594356262,-0.012345679012345734,0.13580246913580263,0.07581114477033579,-0.11415018603954119,-0.07141810260527914,0.2169578146652904,0.10180450702719546,0.20722057174108177,0.3785278532160177,0.007833331578248393,23.714285714285616,600029.SH,南方航空,0.0467819401264394,2,subjective/semi-quantitative,high_value,0
2016-11-10,5.5876105,3390.612,10,0.04446381865736715,-0.027027027027026973,-0.019180470793374038,0.03467014214542985,-0.0022765801572105504,0.028941087921590558,0.0097936765119373,-0.024750446869816423,-0.048121558714964596,0.013548041957225365,-0.046768040736100636,1.6451612903225878,20,0.04446381865736715,-0.0592850915431562,-0.047079337401918164,0.05695343495510552,-0.0022765801572105504,0.02345623739902991,-0.01248961629773837,-0.05700851138594565,-0.07053557480094808,0.013548041957225365,-0.08443597788778623,0.75,60,0.04446381865736715,-0.15693112467306025,-0.08805579773321703,0.05695343495510552,-0.037280880265863514,0.006746569645833755,-0.01248961629773837,-0.11965024440719674,-0.09480236737905079,0.013548041957225365,-0.1268071404323594,0.2833333333333338,600176.SH,中国巨石,0.5505684376270344,2,subjective/semi-quantitative,low_value,1
2017-09-11,6.17947831,3825.645,10,0.055179090029041644,-0.0058083252662149976,0.024201355275895287,0.009596551692590438,-0.0037970067792489903,-0.0020529871433444535,0.045582538336451206,-0.0020113184869660072,0.02625434241923974,0.03503531902029278,-0.0032019831503096174,9.499999999999856,20,0.22071636011616635,-0.0058083252662149976,0.15198451113262323,0.031832017868882234,-0.004512441692838709,0.022950639696051267,0.18888434224728412,-0.0012958835733762886,0.12903387143657197,0.16792478268658018,-0.0032019831503096174,37.99999999999939,60,0.48015488867376566,-0.0058083252662149976,0.350435624394966,0.11370474782683715,-0.004512441692838709,0.06374193109920023,0.3664501408469285,-0.0012958835733762886,0.2866936932957658,0.328069829005341,-0.0032019831503096174,82.66666666666538,600176.SH,中国巨石,-0.0253431082836237,2,subjective/semi-quantitative,high_value,0
2019-06-11,6.96027852,3719.275,10,0.04935622317596566,-0.02682403433476399,0.025751072961373467,0.03678405065503365,-0.0216426588515235,0.022056449173561976,0.012572172520932012,-0.005181375483240491,0.0036946237878114907,0.012914352880298186,-0.011856490006766585,1.839999999999997,20,0.06115879828326176,-0.02896995708154515,-0.016094420600858417,0.059998252347567727,-0.0216426588515235,0.019857095804961977,0.001160545935694035,-0.0073272982300216505,-0.035951516405820394,0.012914352880298186,-0.03525152352589578,2.1111111111111036,60,0.06115879828326176,-0.15557939914163088,-0.09227467811158796,0.059998252347567727,-0.03855939665660646,0.036118598382749445,0.001160545935694035,-0.11702000248502442,-0.1283932764943374,0.012914352880298186,-0.14345267938386086,0.39310344827586186,600176.SH,中国巨石,0.1201372492092251,2,subjective/semi-quantitative,low_value,1
2023-03-20,13.62932772,3939.077,10,0.013342228152101399,-0.053368912608405594,0.011340893929286278,0.03956779722762471,0.002305184691743678,0.03845840028006542,-0.026225569075523314,-0.05567409730014927,-0.02711750635077914,-0.026113233176664252,-0.05714423785509526,0.25,20,0.07738492328218816,-0.053368912608405594,0.07138092061374257,0.05853929740393493,0.002305184691743678,0.056600822984673727,0.018845625878253225,-0.05567409730014927,0.014780097629068845,0.013988345747562692,-0.05714423785509526,1.4500000000000008,60,0.1007338225483656,-0.08687503406807795,0.010737263275668152,0.05853929740393493,-0.04094913605395378,0.006162331937151766,0.04219452514443067,-0.04592589801412417,0.004574931338516386,0.013988345747562692,-0.06244443589915205,1.1595255602366439,600176.SH,中国巨石,-0.0115559813696051,2,subjective/semi-quantitative,low_value,1
2025-01-27,10.9078222,3817.0802,10,0.032743362831858525,-0.04336283185840706,-0.02920353982300894,0.0388629507967897,-0.008361941150725638,0.02507222667210396,-0.006119587964931172,-0.03500089070768142,-0.0542757664951129,0.0003873008575443482,-0.054407171678406696,0.7551020408163296,20,0.045132743362831906,-0.04424778761061943,0.006194690265486802,0.046859219777462435,-0.008361941150725638,0.017851498116282727,-0.001726476414630529,-0.03588584645989379,-0.011656807850795925,0.0003873008575443482,-0.07282389522802091,1.020000000000002,60,0.17256637168141586,-0.04424778761061943,0.038053097345132736,0.0545492337310598,-0.07937053562563334,-0.012184627401855552,0.11801713795035607,0.035122748015013916,0.05023772474698829,0.12647153273306233,-0.07282389522802091,3.900000000000002,600176.SH,中国巨石,-0.0153680371575969,2,subjective/semi-quantitative,low_value,1
2025-01-14,11.84642932,3820.5395,10,0.01057770545158676,-0.037428803905614316,-0.024410089503661525,0.011443148277880733,-0.011583023811165938,-0.006662593070952405,-0.0008654428262939717,-0.02584578009444838,-0.01774749643270912,0.005638750356756539,-0.028294880214411844,0.2826086956521768,20,0.0211554109031733,-0.037428803905614316,0.0024410089503661414,0.03792231437471072,-0.011583023811165938,0.031309897463434044,-0.01676690347153742,-0.02584578009444838,-0.028868888513067903,0.005638750356756539,-0.033232634088748436,0.5652173913043476,60,0.04637917005695691,-0.11716842961757523,-0.05044751830756722,0.05359439419485135,-0.0802041177692312,-0.012646747926568946,-0.007215224137894438,-0.036964311848344034,-0.03780077038099827,0.005638750356756539,-0.05365857276774311,0.3958333333333337,600089.SH,特变电工,0.0521502657151797,2,subjective/semi-quantitative,low_value,1
2013-05-06,3.46372704,2525.983,10,0.030732860520094496,-0.01654846335697402,0.02364066193853409,0.040235029293546276,-0.018254675506525708,0.033105527630233444,-0.00950216877345178,0.001706212149551689,-0.009464865691699353,0.0028380657446485102,-0.011664696757432202,1.8571428571428505,20,0.12056737588652466,-0.01654846335697402,0.007092198581560183,0.05354192803356139,-0.018254675506525708,0.030340663416974722,0.06702544785296327,0.001706212149551689,-0.02324846483541454,0.021911551668107876,-0.02256386228445495,7.285714285714265,60,0.12056737588652466,-0.2198581560283689,-0.1985815602836879,0.05354192803356139,-0.19905597147724274,-0.11109298835344505,0.06702544785296327,-0.020802184551126146,-0.08748857193024284,0.021911551668107876,-0.09842263677072871,0.5483870967741926,600026.SH,中远海能,0.0039824297513485,2,subjective/semi-quantitative,high_value,0
2017-11-07,5.34482734,4054.246,10,0.006430868167202508,-0.06430868167202586,-0.036977491961414866,0.040948921205077315,-0.0039084949457925955,0.0403169911248602,-0.03451805303787481,-0.06040018672623326,-0.07729448308627507,-0.003288840097173007,-0.07429897208801628,0.0999999999999988,20,0.014469453376205754,-0.06430868167202586,-0.02893890675241151,0.050907863015712485,-0.01774140000384783,-0.003471915616368615,-0.03643840963950673,-0.04656728166817803,-0.025466991136042894,-0.0009255075050225159,-0.07429897208801628,0.224999999999999,60,0.0337620578778135,-0.06430868167202586,-0.001607717041800738,0.08610503654686963,-0.024370992781395096,0.054671571483328796,-0.05234297866905613,-0.03993768889063076,-0.056279288525129534,5.5824830220929655e-05,-0.07429897208801628,0.5249999999999988,600026.SH,中远海能,-0.0538937181743405,2,subjective/semi-quantitative,low_value,1
2022-08-01,12.28220052,4188.6784,10,0.025073746312684442,-0.14749262536873153,-0.030973451327433676,0.007458175829397673,-0.031155220701594044,-0.0007159776219629599,0.01761557048328677,-0.11633740466713749,-0.030257473705470717,-0.011707607880712012,-0.10828137646537894,0.17000000000000054,20,0.26843657817109157,-0.14749262536873153,0.1364306784660767,0.008142950291910811,-0.031155220701594044,-0.023672836759203064,0.26029362787918076,-0.11633740466713749,0.16010351522527977,0.2727483103437922,-0.10828137646537894,1.8200000000000012,60,0.5516224188790559,-0.14749262536873153,0.23820058997050153,0.008142950291910811,-0.1653809230138079,-0.1323818987869777,0.5434794685871451,0.01788829764507638,0.37058248875747923,0.6682065647402282,-0.10828137646537894,3.74,600026.SH,中远海能,0.0817941469107324,4,subjective/semi-quantitative,neutral,0
2024-05-20,16.1528564,3690.9623,10,0.04475920679886669,-0.035127478753541164,-0.005099150141643194,0.0002487427194799441,-0.033349297553107005,-0.027693049045773188,0.04451046407938675,-0.001778181200434159,0.022593898904129994,0.055108733279169764,-0.01809783519141339,1.274193548387089,20,0.05552407932011327,-0.10594900849858357,-0.09178470254957516,0.0002487427194799441,-0.05078323341314006,-0.03938596175853648,0.05527533660063333,-0.055165775085443514,-0.05239874079103868,0.07657498748441482,-0.062089420522463246,0.5240641711229942,60,0.05552407932011327,-0.21699716713881023,-0.14327790346727787,0.0002487427194799441,-0.10316317779783335,-0.09660678463174766,0.05527533660063333,-0.11383398934097688,-0.04667111883553021,0.07657498748441482,-0.16021187688681937,0.2558746736292426,600026.SH,中远海能,-0.0357713522525591,4,subjective/semi-quantitative,low_value,1
2025-09-01,10.37911725,4523.7111,10,0.20845070422535206,-0.023474178403755874,0.1755868544600938,0.00954839932196383,-0.04337242048900969,0.0020656933640168518,0.19890230490338823,0.019898242085253814,0.17352116109607696,0.17316345848898607,-0.0037721631944014344,8.879999999999995,20,0.23192488262910804,-0.023474178403755874,0.1333333333333333,0.027379732538622914,-0.04337242048900969,0.021297049672336588,0.20454515009048513,0.019898242085253814,0.11203628366099672,0.2048651034172564,-0.0037721631944014344,9.88,60,0.29107981220657275,-0.023474178403755874,0.107981220657277,0.05263881683337357,-0.04337242048900969,0.006769574652987886,0.23844099537319918,0.019898242085253814,0.10121164600428911,0.2347434795803951,-0.0037721631944014344,12.399999999999997,600026.SH,中远海能,-0.1013590401110171,2,subjective/semi-quantitative,high_value,0
2025-10-10,11.9091843,4616.8341,10,0.05482815057283141,-0.02454991816693941,0.003273322422258751,0.009497720526713271,-0.02728449783369946,0.009497720526713271,0.04533043004611814,0.002734579666760051,-0.0062243981044545205,0.05020722571219016,-0.006165836710564254,2.233333333333336,20,0.12520458265139123,-0.026186579378068675,0.03764320785597386,0.03140675988335806,-0.02728449783369946,0.0134205168862358,0.09379782276803317,0.0010979184556307864,0.02422269096973806,0.09825844322382693,-0.03224708507888907,4.781250000000014,60,0.12520458265139123,-0.08428805237315873,-0.018003273322422242,0.037657775054122045,-0.042241457192494836,0.037657775054122045,0.08754680759726918,-0.04204659518066389,-0.055661048376544286,0.09825844322382693,-0.07300104424549536,1.4854368932038848,600026.SH,中远海能,-0.0485559155708219,4,subjective/semi-quantitative,high_value,0
2014-11-24,5.31502608,2649.258,10,0.304552590266876,-0.00784929356357933,0.304552590266876,0.2346404162976954,-0.0020439685376055783,0.22784606104803684,0.06991217396918059,-0.005805325025973751,0.07670652921883914,0.062472431725981714,-0.027193558904777038,38.79999999999975,20,0.6263736263736266,-0.00784929356357933,0.5211930926216641,0.3042168788392825,-0.0020439685376055783,0.28129498901201777,0.3221567475343441,-0.005805325025973751,0.23989810360964636,0.1872309699693957,-0.027193558904777038,79.7999999999995,60,0.6514913657770802,-0.00784929356357933,0.2715855572998429,0.39274959252741737,-0.0020439685376055783,0.3130955912938642,0.25874177324966285,-0.005805325025973751,-0.04151003399402131,0.23007184006444592,-0.03178987670735689,82.99999999999947,600031.SH,三一重工,0.2075553848464557,4,subjective/semi-quantitative,high_value,0
2014-12-18,7.26748464,3345.927,10,0.20780711825487952,-0.019517795637198687,0.15154994259471888,0.0965696502045621,-0.0470518334679747,0.08835040334113686,0.11123746805031742,0.027534037830776015,0.06319953925358202,0.13617168199353902,0.05137579892522992,10.64705882352938,20,0.20780711825487952,-0.07003444316877161,-0.07003444316877161,0.10275956409090825,-0.0470518334679747,0.0027579800754768957,0.10504755416397127,-0.022982609700796908,-0.0727924232442485,0.13617168199353902,-0.07259221536064908,2.9672131147540957,60,0.20780711825487952,-0.11595866819747425,0.0723306544202067,0.18720342673345813,-0.0470518334679747,0.1871331920869761,0.020603691521421386,-0.06890683472949954,-0.1148025376667694,0.13617168199353902,-0.10570026198881177,1.7920792079207915,600031.SH,三一重工,0.2707488719939797,4,subjective/semi-quantitative,high_value,0
2016-10-28,5.02676607,3340.126,10,0.11018363939899833,-0.03005008347245408,0.08848080133555936,0.024713139564195963,-0.006825491014410878,0.023081464591455436,0.08547049983480237,-0.023224592458043203,0.06539933674410392,0.06392387997198212,-0.02564478256028302,3.666666666666668,20,0.1686143572621035,-0.03005008347245408,0.10350584307178634,0.054242564502057666,-0.006825491014410878,0.05424106755254132,0.11437179276004583,-0.023224592458043203,0.04926477551924502,0.12003019185276731,-0.02564478256028302,5.6111111111111125,60,0.1686143572621035,-0.03005008347245408,0.12687813021702854,0.07292928470363091,-0.022729382065227566,0.007171885132476907,0.09568507255847258,-0.007320701407226515,0.11970624508455163,0.12003019185276731,-0.02564478256028302,5.6111111111111125,600031.SH,三一重工,0.1545884548196841,4,subjective/semi-quantitative,high_value,0
2016-11-25,5.54706573,3521.298,10,0.036308623298033416,-0.0680786686838124,0.001512859304084735,0.01772670191503245,-0.02145288470331108,-0.007837450849090266,0.018581921383000966,-0.04662578398050132,0.009350310153175001,0.022417272777742747,-0.043391761412450935,0.5333333333333353,20,0.036308623298033416,-0.07564296520423597,-0.07413010590015123,0.01772670191503245,-0.06589331547628174,-0.06068756464235625,0.018581921383000966,-0.009749649727954224,-0.013442541257794982,0.035006606536438056,-0.043391761412450935,0.480000000000002,60,0.1497730711043872,-0.09531013615733741,0.0998487140695914,0.01772670191503245,-0.07301029336341314,-0.021320263152962315,0.13204636918935475,-0.022299842793924274,0.12116897722255371,0.15822661769732016,-0.043391761412450935,1.5714285714285698,600031.SH,三一重工,-0.0787608332376769,3,subjective/semi-quantitative,low_value,1
2017-01-09,5.65616082,3363.901,10,0.023738872403560762,-0.06528189910979221,0.0014836795252226587,0.004410950262805136,-0.029636425090988072,5.350930363290374e-05,0.019327922140755627,-0.035645474018804135,0.001430170221589755,0.0014300936982718504,-0.032686790967224044,0.36363636363636304,20,0.12759643916913932,-0.06528189910979221,0.09643916913946571,0.022486393029997,-0.029636425090988072,0.02151490189515104,0.10511004613914232,-0.035645474018804135,0.07492426724431467,0.07612537103310824,-0.032686790967224044,1.9545454545454546,60,0.16320474777448069,-0.06528189910979221,0.05192878338278928,0.04843008162249718,-0.029636425090988072,0.04326465017846837,0.1147746661519835,-0.035645474018804135,0.008664133204320912,0.10743402627526843,-0.032686790967224044,2.5000000000000027,600031.SH,三一重工,0.1281121316116469,4,subjective/semi-quantitative,high_value,0
2017-01-23,5.66455275,3364.081,10,0.12592592592592577,-0.005925925925926001,0.09481481481481469,0.02243168342260482,-0.004949643008001381,0.02146024426879145,0.10349424250332095,-0.0009762829179246202,0.07335457054602323,0.07458860863566397,-0.000549586893641707,21.249999999999705,20,0.12592592592592577,-0.005925925925926001,0.07703703703703701,0.03831090868501685,-0.004949643008001381,0.02441736688266416,0.08761501724090892,-0.0009762829179246202,0.052619670154372855,0.08356480947884903,-0.000549586893641707,21.249999999999705,60,0.16148148148148134,-0.016296296296296253,0.03407407407407392,0.04837398386067404,-0.004949643008001381,0.02410821855954115,0.1131074976208073,-0.011346653288294872,0.009965855514532773,0.10585255350727985,-0.025388143190244516,9.909090909090926,600031.SH,三一重工,0.0442784524465772,4,subjective/semi-quantitative,high_value,0
2017-02-22,6.24359592,3489.757,10,0.014784946236559238,-0.048387096774193505,-0.005376344086021501,0.0009184020549282135,-0.02204336863569578,-0.011756119408887211,0.013866544181631024,-0.026343728138497724,0.006379775322865711,0.011483719772319656,-0.027099568702415255,0.30555555555555786,20,0.053763440860215006,-0.048387096774193505,0.009408602150537737,0.0009184020549282135,-0.022084345700861152,-0.011378156129495554,0.05284503880528679,-0.026302751073332353,0.02078675828003329,0.040774888845917845,-0.027099568702415255,1.1111111111111112,60,0.053763440860215006,-0.135752688172043,-0.09946236559139787,0.01061907748877644,-0.05068117923396964,-0.022499560857675793,0.043144363371438565,-0.08507150893807336,-0.07696280473372208,0.040774888845917845,-0.08274250150075801,0.3960396039603957,600031.SH,三一重工,0.1414535738182148,4,subjective/semi-quantitative,neutral,0
2018-03-29,6.64640976,3894.049,10,0.10519645120405574,-0.010139416983523386,0.055766793409378845,0.01660431083430125,-0.02681964197163411,-0.021875944550261206,0.08859214036975449,0.016680224988110726,0.07764273795964005,0.09503484485469627,-0.004938895672351951,10.37500000000006,20,0.13307984790874516,-0.010139416983523386,0.07858048162230657,0.01660431083430125,-0.04775055475675827,-0.033487765562272065,0.11647553707444391,0.03761113777323488,0.11206824718457864,0.14554995576502971,-0.004938895672351951,13.125000000000071,60,0.15209125475285168,-0.010139416983523386,0.08491761723700875,0.01660431083430125,-0.1225208003289121,-0.12083155604872975,0.13548694391855043,0.11238138334538872,0.2057491732857385,0.25837342439551914,-0.004938895672351951,15.000000000000087,600031.SH,三一重工,0.1522697149401073,2,subjective/semi-quantitative,high_value,0
2019-03-29,10.95855606,3872.341,10,0.10015649452269182,-0.020344287949921713,0.007042253521126973,0.06462808931341546,0.0074445923021757565,0.026646155387658244,0.03552840520927636,-0.02778888025209747,-0.01960390186653127,0.0382182924279002,-0.03635951883007382,4.9230769230769384,20,0.10015649452269182,-0.07355242566510167,-0.03755868544600938,0.06552857819081548,0.0008033899907060604,0.007228702224313377,0.03462791633187634,-0.07435581565580773,-0.044787387670322754,0.0382182924279002,-0.0868064542897321,1.3617021276595769,60,0.10015649452269182,-0.1259780907668231,0.023474178403755985,0.06552857819081548,-0.08162633404444497,-0.01207383337366208,0.03462791633187634,-0.04435175672237812,0.035548011777418065,0.06470355082945956,-0.0868064542897321,0.7950310559006225,600031.SH,三一重工,0.1792534879765429,4,subjective/semi-quantitative,neutral,0
2019-06-28,11.21579916,3825.587,10,0.025993883792049033,-0.05428134556574926,0.003822629969419067,0.030541195377336905,-0.013424606472157041,-0.004406121204405977,-0.004547311585287872,-0.04085673909359222,0.008228751173825044,0.008265168508046372,-0.03608319511902858,0.4788732394366214,20,0.14216010533483914,-0.05428134556574926,0.14216010533483914,0.030541195377336905,-0.020842030255749044,0.008621160621886226,0.11161890995750223,-0.03343931531000022,0.1335389447129529,0.132397524389253,-0.03608319511902858,2.6189495461685843,60,0.17958241595331859,-0.05428134556574926,0.1257878444392544,0.04173268050105783,-0.06527756393986073,0.017010200003293674,0.13784973545226076,0.010996218374111466,0.10877764443596072,0.132397524389253,-0.03608319511902858,3.3083633812245155,600031.SH,三一重工,0.076964278094767,3,subjective/semi-quantitative,high_value,0
2019-09-02,12.00577287,3848.319,10,0.10196649672250557,-0.024034959941733325,0.04297159504734149,0.035579171061442594,-0.0037839898407590056,0.011147984353687912,0.06638732566106298,-0.02025097010097432,0.03182361069365358,0.04905586331048828,-0.011555647995013851,4.242424242424265,20,0.10196649672250557,-0.024034959941733325,0.05972323379461053,0.035579171061442594,-0.00903511377305255,-0.0027648435589668896,0.06638732566106298,-0.014999846168680775,0.06248807735357742,0.06266132611748976,-0.011555647995013851,4.242424242424265,60,0.10342316096139847,-0.037873270211216226,0.09541150764748729,0.047376270002564835,-0.01130103819355921,0.0007192750912801138,0.05604689095883364,-0.026572232017657016,0.09469223255620718,0.09462417174643689,-0.028637340717987403,2.7307692307692393,600031.SH,三一重工,0.0188112580049883,3,subjective/semi-quantitative,high_value,0
2019-09-20,12.95888958,3935.651,10,0.0026990553306343035,-0.04993252361673406,-0.0047233468286098645,-0.002195316607087383,-0.03317977127545091,-0.006079299206154132,0.0048943719377216865,-0.01675275234128315,0.0013559523775442672,0.006845245857014959,-0.02381253314350351,0.054054054054054654,20,0.022267206477732948,-0.06950067476383259,-0.05060728744939258,0.012236857383949973,-0.03317977127545091,-0.009873588892917562,0.010030349093782975,-0.036320903488381684,-0.04073369855647502,0.012666643828315616,-0.04113989698641585,0.32038834951456563,60,0.10323886639676116,-0.10863697705802966,0.045209176788124195,0.03340845008868931,-0.03324024411717397,0.020733799821173182,0.06983041630807185,-0.07539673294085569,0.024475376966951012,0.09483092025005302,-0.07965797619232151,0.9503105590062118,600031.SH,三一重工,0.0603558305691589,4,subjective/semi-quantitative,low_value,1
2020-07-01,16.94624022,4247.7835,10,0.13828689370485048,-0.0020639834881320818,0.10784313725490202,0.14838180900697995,-0.0022757986606425362,0.11692808731895132,-0.01009491530212947,0.00021181517251045445,-0.009084950064049302,0.022153344085185322,-0.05743893030798497,67.00000000000048,20,0.18627450980392157,-0.0020639834881320818,0.12594973588778746,0.14838180900697995,-0.0022757986606425362,0.10151753261436247,0.037892700796941625,0.00021181517251045445,0.02443220327342499,0.0681087168681409,-0.05743893030798497,90.25000000000058,60,0.3540833425055745,-0.0020639834881320818,0.3141336786738882,0.15382799052729523,-0.0022757986606425362,0.0952364450777683,0.20025535197827926,0.00021181517251045445,0.2188972335961199,0.20783460588227087,-0.05743893030798497,171.55337944395194,600031.SH,三一重工,0.2811113266595441,2,subjective/semi-quantitative,neutral,0
2020-11-20,25.7615022,4943.2882,10,0.13554633471645916,-0.004840940525587811,0.10822959889349937,0.02980206575857758,-0.015267752343470442,0.024806989808929147,0.10574426895788158,0.01042681181788263,0.08342260908457022,0.09261028446698027,0.020559206966152654,28.000000000000092,20,0.13554633471645916,-0.004840940525587811,0.09128630705394203,0.02980206575857758,-0.019002230134993914,0.011465971172791578,0.10574426895788158,0.014161289609406102,0.07982033588115045,0.1155242212709886,0.020559206966152654,28.000000000000092,60,0.7392807745504841,-0.004840940525587811,0.49654218533886585,0.19979090031610935,-0.019002230134993914,0.13230960315038875,0.5394898742343748,0.014161289609406102,0.3642325821884771,0.4106506349030903,0.020559206966152654,152.71428571428626,600031.SH,三一重工,0.1148570329924534,4,subjective/semi-quantitative,high_value,0
2020-12-11,28.0597275,4889.6292,10,0.07111111111111112,-0.029206349206349236,0.07015873015873009,0.03384829262717903,-0.0004027503762454865,0.03116483761181721,0.03726281848393209,-0.02880359883010375,0.03899389254691288,0.03781538229835579,-0.04652883398647378,2.43478260869565,20,0.3987301587301588,-0.029206349206349236,0.32952380952380955,0.13621940903003438,-0.0004027503762454865,0.11279569011081647,0.26251074970012445,-0.02880359883010375,0.21672811941299308,0.19476002768433665,-0.04652883398647378,13.652173913043468,60,0.5968253968253967,-0.029206349206349236,0.1390476190476191,0.2129574569785373,-0.0004027503762454865,0.02984171069659025,0.3838679398468594,-0.02880359883010375,0.10920590835102884,0.281053296842555,-0.04652883398647378,20.434782608695627,600031.SH,三一重工,0.0653162838309916,4,subjective/semi-quantitative,high_value,0
2020-12-30,30.68754325,5113.7105,10,0.41944847605224966,-0.005224963715529829,0.19883889695210444,0.10384025454706514,0.0017148800269393139,0.06976261170826925,0.3156082215051845,-0.006939843742469143,0.1290762852438352,0.21215470047481277,-0.019373489743776173,80.27777777777662,20,0.41944847605224966,-0.005224963715529829,0.1715529753265601,0.10594440181938336,0.0017148800269393139,0.05151488337089094,0.3135040742328663,-0.006939843742469143,0.12003809195566917,0.21215470047481277,-0.019373489743776173,80.27777777777662,60,0.4600870827285921,-0.03686502177068218,0.013062409288824517,0.15980601561234242,-0.044986707792707414,-0.0005736930160595843,0.3002810671162497,0.008121686022025232,0.013636102304884101,0.22503567943617653,-0.019373489743776173,12.480314960629908,600031.SH,三一重工,0.0746170763885299,4,subjective/semi-quantitative,high_value,0
2023-04-17,16.18330572,4149.3836,10,0.0051963048498844255,-0.08660508083140872,-0.05715935334872979,0.004888485123428987,-0.05397129347115559,-0.028711854936718795,0.0003078197264554383,-0.03263378736025313,-0.028447498412010996,-0.0047658341025658135,-0.03753640022034099,0.059999999999998874,20,0.0051963048498844255,-0.10392609699769051,-0.0727482678983834,0.004888485123428987,-0.05455072893236479,-0.04658848605850763,0.0003078197264554383,-0.04937536806532572,-0.026159781839875773,-0.0047658341025658135,-0.04421018624002915,0.04999999999999904,60,0.011328767630795378,-0.15069284064665123,0.0014080584272617713,0.004888485123428987,-0.0895574947565706,-0.06801219824554183,0.0064402825073663905,-0.06113534589008063,0.0694202566728036,0.07448622883488465,-0.0641928753990284,0.075177875618918,600031.SH,三一重工,0.100155035037219,2,subjective/semi-quantitative,low_value,1
2024-05-16,16.07387522,3640.3592,10,0.006462984723854204,-0.054641598119859025,-0.04641598119859003,0.017215196786075415,-0.014725167780146431,-0.012649053972476065,-0.010752212062221211,-0.039916430339712594,-0.03376692722611396,0.0018676339332315273,-0.03637436718088671,0.11827956989247147,20,0.006462984723854204,-0.09165687426557001,-0.07873090481786138,0.017215196786075415,-0.03758857093003354,-0.027147348536375127,-0.010752212062221211,-0.05406830333553647,-0.051583556281486254,0.0018676339332315273,-0.06169848824416535,0.07051282051281951,60,0.006462984723854204,-0.11331767075892496,-0.08173557166633283,0.017215196786075415,-0.08837976757897947,-0.08480805960027238,-0.010752212062221211,-0.024937903179945486,0.0030724879339395494,0.033973174121897154,-0.06169848824416535,0.05703421788119639,600031.SH,三一重工,0.0680801407917122,4,subjective/semi-quantitative,low_value,1
2024-07-10,14.86542848,3428.9657,10,0.061855670103092786,0.005154639175257714,0.029639175257732076,0.03393810559259891,-0.005993877395740754,-0.0031494628248980305,0.027917564510493875,0.011148516570998468,0.032788638082630106,0.03965997887598638,0.013333651740568886,,20,0.061855670103092786,-0.020618556701030966,-0.014175257731958713,0.03393810559259891,-0.03217897455200558,-0.025511103829355952,0.027917564510493875,0.011560417850974614,0.01133584609739724,0.03965997887598638,0.011632606735636042,2.9999999999999947,60,0.33762886597938135,-0.043170103092783574,0.15399484536082464,0.2978746039950182,-0.08258318244478213,0.13362667932198913,0.03975426198436316,0.03941307935199856,0.02036816603883551,0.11680831210488729,0.0007945599977967621,7.820895522388045,600031.SH,三一重工,-0.0562266266940164,2,subjective/semi-quantitative,neutral,0
2024-12-23,15.63168768,3933.5718,10,0.02757352941176472,-0.05514705882352944,-0.0490196078431373,0.018860924313114147,-0.04842903846321045,-0.03494694058972048,0.008712605098650572,-0.006718020360318988,-0.014072667253416826,0.009460272508779122,-0.014582273084566277,0.5,20,0.02757352941176472,-0.0667892156862745,-0.00674019607843146,0.018860924313114147,-0.058334895526757635,-0.025665554140895552,0.008712605098650572,-0.00845432015951686,0.018925358062464093,0.019423882777516832,-0.025101628565776912,0.412844036697248,60,0.2714460784313726,-0.0667892156862745,0.18198529411764697,0.023319060808804748,-0.058334895526757635,-0.0036138148031262807,0.24812701762256784,-0.00845432015951686,0.18559910892077325,0.2560737061394698,-0.025101628565776912,4.06422018348624,600031.SH,三一重工,0.0542159166808713,2,subjective/semi-quantitative,low_value,1
2025-12-03,20.2062204,4531.0486,10,0.06029411764705883,-0.002941176470588225,0.032843137254902066,0.024183585230138638,-0.010324011973740443,0.010775960337304769,0.036110532416920194,0.007382835503152219,0.022067176917597298,0.03852044724646109,0.02026191290707091,20.500000000000075,20,0.06029411764705883,-0.002941176470588225,0.03578431372549029,0.032019607999790756,-0.010324011973740443,0.021825168681704366,0.028274509647268076,0.007382835503152219,0.013959145043785925,0.03852044724646109,-0.011096810546367464,20.500000000000075,60,0.1906862745098039,-0.002941176470588225,0.04264705882352948,0.06751335662124647,-0.010324011973740443,0.01862846935696072,0.12317291788855744,0.007382835503152219,0.024018589466568763,0.13000322471551984,-0.011096810546367464,64.83333333333356,600031.SH,三一重工,-0.0354799669496289,2,subjective/semi-quantitative,neutral,0
2017-11-07,13.6766376,4054.246,10,0.11244292237442943,-0.006849315068493067,0.09703196347031962,0.040948921205077315,-0.0039084949457925955,0.0403169911248602,0.07149400116935212,-0.0029408201227004716,0.05671497234545941,0.054517010516319075,-0.009892190543498658,16.4166666666669,20,0.13869863013698636,-0.006849315068493067,0.09988584474885842,0.050907863015712485,-0.01774140000384783,-0.003471915616368615,0.08779076712127387,0.010892084935354762,0.10335776036522704,0.1084836514816272,-0.009892190543498658,20.250000000000256,60,0.30993150684931514,-0.006849315068493067,0.21518264840182666,0.08610503654686963,-0.024370992781395096,0.054671571483328796,0.2238264703024455,0.01752167771290203,0.16051107691849786,0.20819619873026585,-0.009892190543498658,45.25000000000056,600030.SH,中信证券,0.0967756438797531,2,subjective/semi-quantitative,high_value,0
2019-10-25,17.92822818,3896.792,10,0.04714415231187652,-0.02493200362647341,0.016319129646418906,0.03434774039774258,-0.005228916503626557,0.019559165590567806,0.012796411914133943,-0.019703087122846852,-0.0032400359441489,0.0054587111654749165,-0.01377789671968399,1.890909090909072,20,0.04714415231187652,-0.02901178603807808,-0.025838621940163287,0.03434774039774258,-0.01624130823508152,-0.012009365652567494,0.012796411914133943,-0.01277047780299656,-0.013829256287595793,0.0054587111654749165,-0.01820210500193664,1.6249999999999876,60,0.184950135992747,-0.03762466001813247,0.16772438803263823,0.08384204237742221,-0.023599668650520655,0.07417332000270993,0.1011080936153248,-0.014024991367611817,0.0935510680299283,0.11051496754639101,-0.023251116142760764,4.915662650602394,600030.SH,中信证券,0.0018847041313931,2,subjective/semi-quantitative,low_value,1
2019-12-02,17.61940104,3836.058,10,0.08348708487084866,-0.009225092250922495,0.07564575645756455,0.03950096687797733,-0.0063685168472426,0.03949053950696246,0.04398611799287133,-0.002856575403679895,0.03615521695060209,0.034781670035930023,0.0005619991533238888,9.050000000000008,20,0.18357933579335795,-0.009225092250922495,0.18357933579335795,0.06455376847795313,-0.0063685168472426,0.06401754092352085,0.11902556731540481,-0.002856575403679895,0.11956179486983709,0.11236825547637364,0.0005619991533238888,19.90000000000003,60,0.2057195571955719,-0.04151291512915123,0.1683579335793357,0.10100186180709447,-0.05113322061345271,0.0727293487220475,0.10471769538847742,0.009620305484301483,0.0956285848572882,0.11236825547637364,0.0005619991533238888,4.955555555555561,600030.SH,中信证券,0.0146909605776917,2,subjective/semi-quantitative,high_value,0
2020-10-29,24.45462744,4772.9198,10,0.034773801485482814,-0.06752194463200534,-0.016880486158001307,0.04711621175784275,-0.01874070877956091,0.028398382055361493,-0.012342410272359938,-0.04878123585244443,-0.0452788682133628,-0.017451587595744278,-0.044028529219258594,0.515000000000001,20,0.034773801485482814,-0.06752194463200534,-0.01080351114112088,0.05378923400305213,-0.01874070877956091,0.03072991086085297,-0.01901543251756932,-0.04878123585244443,-0.04153342200197385,-0.017451587595744278,-0.04812061808813861,0.515000000000001,60,0.08744091829844702,-0.06752194463200534,0.023970290344361933,0.18265542613978147,-0.01874070877956091,0.16695361191696545,-0.09521450784133445,-0.04878123585244443,-0.14298332157260352,-0.004631046089311974,-0.13288081703112053,1.2950000000000017,600030.SH,中信证券,0.1013159907698721,2,subjective/semi-quantitative,low_value,1
2023-03-17,18.44037216,3958.8194,10,0.02281746031746046,-0.007440476190476164,0.01587301587301604,0.026459428788289774,-0.0060127269256081695,0.023266103020511686,-0.0036419684708293154,-0.0014277492648679946,-0.007393087147495647,0.0011175861615775329,-0.009362144621852697,3.0666666666666966,20,0.08035714285714302,-0.007440476190476164,0.08035714285714302,0.0481366237621248,-0.0060127269256081695,0.0481366237621248,0.03222051909501822,-0.0014277492648679946,0.03222051909501822,0.030740762572886382,-0.009362144621852697,10.80000000000006,60,0.18601190476190488,-0.02083333333333315,0.00694444444444442,0.05326042405470699,-0.04573186642462135,-0.008416650681261073,0.1327514807071979,0.0248985330912882,0.015361095125705493,0.10863757741742441,-0.009362144621852697,8.928571428571514,600030.SH,中信证券,0.0333902770781847,2,subjective/semi-quantitative,neutral,0
2010-03-19,32.142769,3293.871,10,0.014129826524902134,-0.03749300503637387,-0.01762730833799664,0.03592399338043295,-0.02224646927581564,0.03445034732689889,-0.021794166855530817,-0.015246535760558233,-0.05207765566489553,-0.003806437570031629,-0.050343311111517575,0.37686567164179213,20,0.014129826524902134,-0.07036933407946278,-0.0702294348069391,0.04323757669926964,-0.03595465639061157,-0.03565652692531074,-0.029107750174367508,-0.0344146776888512,-0.03457290788162837,-0.003806437570031629,-0.052896055487438254,0.20079522862823154,60,0.014129826524902134,-0.1482932288752099,-0.1295467263570229,0.04323757669926964,-0.19620501227886578,-0.18145974751288074,-0.029107750174367508,0.04791178340365587,0.05191302115585783,0.15613157555129487,-0.07580676360079253,0.09528301886792492,600150.SH,中国船舶,0.1590874343392468,2,subjective/semi-quantitative,low_value,1
2010-09-27,26.35696644,2905.029,10,0.16813700051894132,-0.031655422937208244,0.14495761978896393,0.16694704252522086,-0.0163891651339797,0.13808158197388032,0.0011899579937204585,-0.015266257803228545,0.006876037815083613,0.055608997776273705,-0.03099859252813697,5.3114754098360395,20,0.24857291126102732,-0.031655422937208244,0.24857291126102732,0.20474425556509068,-0.0163891651339797,0.1955113012641181,0.043828655695936636,-0.015266257803228545,0.05306160999690923,0.055608997776273705,-0.05317219125965944,7.8524590163934,60,0.27140633108458734,-0.031655422937208244,0.06365680678083363,0.2247681520563134,-0.0163891651339797,0.06701482153878668,0.04663817902827394,-0.015266257803228545,-0.003358014757953054,0.055608997776273705,-0.05317219125965944,8.573770491803236,600150.SH,中国船舶,-0.0541517073093034,2,subjective/semi-quantitative,neutral,0
2025-12-09,34.17527808,4598.2232,10,0.006944444444444642,-0.06018518518518512,-0.03703703703703698,0.010071607659236648,-0.02478200710222156,0.004895564878190095,-0.003127163214792006,-0.03540317808296356,-0.041932601915227075,0.00429043661582873,-0.045839061512772616,0.11538461538461879,20,0.0483217592592593,-0.06018518518518512,0.03819444444444464,0.04444751616232967,-0.02478200710222156,0.030322668982227574,0.0038742430969296304,-0.03540317808296356,0.007871775462217068,0.00764010702588247,-0.048593953554751046,0.802884615384617,60,0.14149305555555558,-0.06018518518518512,0.01793981481481488,0.05191824964042624,-0.02478200710222156,0.015422652819462979,0.08957480591512934,-0.03540317808296356,0.002517161995351902,0.11467375544637814,-0.05180848460380294,2.3509615384615414,600150.SH,中国船舶,0.0664929874248549,2,subjective/semi-quantitative,low_value,1
2014-10-28,13.44242088,2416.653,10,0.060246679316888097,-0.0004743833017077925,0.014705882352941124,0.07685008977292163,-0.00039310567135608654,0.058741987368480464,-0.01660341045603353,-8.127763035170599e-05,-0.04403610501553934,0.00550113094930893,-0.04159285788314848,126.99999999999672,20,0.08870967741935476,-0.0004743833017077925,0.08064516129032251,0.11148063044218604,-0.00039310567135608654,0.1112729051295327,-0.022770953022831275,-8.127763035170599e-05,-0.030627743839210186,0.011435810179008632,-0.04159285788314848,186.99999999999486,60,0.36622390891840606,-0.0004743833017077925,0.239089184060721,0.5268029791616755,-0.00039310567135608654,0.47626200368857274,-0.16057907024326945,-8.127763035170599e-05,-0.23717281962785175,0.011435810179008632,-0.18918101750801997,771.9999999999794,600111.SH,北方稀土,0.0450046460213186,2,subjective/semi-quantitative,low_value,1
2025-09-11,50.4204544,4548.0345,10,0.06784018987341778,-0.10897943037974678,-0.06487341772151889,0.014492875988517673,-0.020458485967949414,0.009993987512627811,0.053347313884900105,-0.08852094441179736,-0.0748674052341467,0.06603159453621799,-0.08390492874735067,0.6225045372050825,20,0.220134493670886,-0.10897943037974678,0.04825949367088622,0.039206035046567944,-0.020458485967949414,-0.00743178179497106,0.18092845862431806,-0.08852094441179736,0.05569127546585728,0.13039254415376322,-0.09171656366186431,2.019963702359347,60,0.220134493670886,-0.1396360759493671,-0.07852056962025311,0.047009186056086394,-0.02775313160003512,0.007237302179655902,0.1731253076147996,-0.11188294434933199,-0.08575787179990901,0.13039254415376322,-0.11748842583292718,1.5764872521246451,600111.SH,北方稀土,-0.1767264544847713,3,subjective/semi-quantitative,high_value,0
2025-10-24,51.0487156,4660.6835,10,0.08419613205704235,-0.08185192420394605,-0.05704239109201026,0.02170291117171974,-0.021867779693686584,0.0038858892692454905,0.06249322088532261,-0.05998414451025946,-0.06092828036125575,0.029194970778904095,-0.0690478335577982,1.0286396181384247,20,0.08419613205704235,-0.13869896464153153,-0.13850361398710687,0.02170291117171974,-0.04452171017405504,-0.04443037163969621,0.06249322088532261,-0.09417725446747649,-0.09407324234741066,0.029194970778904095,-0.10675990967770932,0.6070422535211265,60,0.08419613205704235,-0.1502246532525885,-0.030670052744676712,0.03782093334593517,-0.05125239677828386,0.012486301633655161,0.04637519871110718,-0.09897225647430463,-0.043156354378331874,0.029194970778904095,-0.11788811570908952,0.560468140442132,600111.SH,北方稀土,0.0134800844521273,3,subjective/semi-quantitative,low_value,1
2014-11-24,2.17326648,2649.258,10,0.28246753246753253,-0.016233766233766267,0.28246753246753253,0.2346404162976954,-0.0020439685376055783,0.22784606104803684,0.04782711616983715,-0.014189797696160689,0.05462147141949569,0.04448560218768227,-0.03230863359159286,17.39999999999997,20,0.5681818181818181,-0.016233766233766267,0.4318181818181819,0.3042168788392825,-0.0020439685376055783,0.28129498901201777,0.2639649393425356,-0.014189797696160689,0.1505231928061641,0.20252820937502602,-0.03230863359159286,34.99999999999992,60,0.801948051948052,-0.016233766233766267,0.5909090909090908,0.39274959252741737,-0.0020439685376055783,0.3130955912938642,0.4091984594206346,-0.014189797696160689,0.2778134996152266,0.36691927689122017,-0.03230863359159286,49.3999999999999,600010.SH,包钢股份,0.1533528592852314,4,subjective/semi-quantitative,high_value,0
2014-12-18,3.1046664,3345.927,10,0.09772727272727266,-0.10227272727272729,-0.015909090909090984,0.0965696502045621,-0.0470518334679747,0.08835040334113686,0.0011576225227105663,-0.05522089380475259,-0.10425949425022785,0.020460507458355925,-0.12200173626676403,0.9555555555555547,20,0.09772727272727266,-0.1272727272727272,-0.11590909090909096,0.10275956409090825,-0.0470518334679747,0.0027579800754768957,-0.005032291363635588,-0.0802208938047525,-0.11866707098456786,0.020460507458355925,-0.12935810502407252,0.7678571428571428,60,0.4568181818181818,-0.1272727272727272,0.3977272727272727,0.18720342673345813,-0.0470518334679747,0.1871331920869761,0.26961475508472366,-0.0802208938047525,0.2105940806402966,0.23975655518631478,-0.12935810502407252,3.589285714285716,600010.SH,包钢股份,0.4836694625315382,4,subjective/semi-quantitative,low_value,1
2015-02-02,3.76087998,3353.96,10,0.0412757973733584,-0.13883677298311448,-0.08067542213883672,0.04637652208136056,-0.020281995014848175,0.04338841250342873,-0.005100724708002158,-0.1185547779682663,-0.12406383464226545,-0.014053868458989482,-0.11890474645448279,0.29729729729729765,20,0.0412757973733584,-0.13883677298311448,-0.03377110694183871,0.0759493255733521,-0.020281995014848175,0.05479791052964256,-0.0346735281999937,-0.1185547779682663,-0.08856901747148127,-0.014053868458989482,-0.1264043283710854,0.29729729729729765,60,0.40712945590994365,-0.13883677298311448,0.2213883677298314,0.4427953821751005,-0.020281995014848175,0.35759728798196755,-0.035665926265156855,-0.1185547779682663,-0.13620892025213616,0.025895909287850127,-0.14956205015873958,2.932432432432431,600010.SH,包钢股份,0.1811496577767701,4,subjective/semi-quantitative,low_value,1
2015-03-06,3.64092696,3478.52,10,0.24224806201550386,-0.029069767441860517,0.19573643410852726,0.1260142244402791,-0.01754596782539708,0.11903165714154307,0.11623383757522476,-0.011523799616463437,0.07670477696698419,0.09904995137437989,-0.018647817915188325,8.333333333333318,20,0.29263565891472876,-0.029069767441860517,0.15697674418604657,0.1989461035152882,-0.01754596782539708,0.1989403539436312,0.09368955539944057,-0.011523799616463437,-0.04196360975758462,0.09904995137437989,-0.03573490551248226,10.066666666666652,60,0.4534883720930234,-0.029069767441860517,0.2887596899224807,0.5026057058749123,-0.01754596782539708,0.48392707243310373,-0.04911733378188887,-0.011523799616463437,-0.19516738251062304,0.09904995137437989,-0.13238257281196475,15.599999999999977,600010.SH,包钢股份,0.102434917489471,4,subjective/semi-quantitative,high_value,0
2015-05-22,4.85456928,4951.335,10,0.08139534883720922,-0.12645348837209303,-0.0174418604651162,0.06806346167245803,-0.05772463386137283,0.056392265924240625,0.0133318871647512,-0.0687288545107202,-0.07383412638935682,-0.0008286787266690299,-0.09996288928615027,0.6436781609195396,20,0.08139534883720922,-0.1308139534883721,-0.12790697674418605,0.08666167811307468,-0.06395123739355146,-0.06347439629917995,-0.005266329275865456,-0.06686271609482064,-0.0644325804450061,-0.0008286787266690299,-0.09996288928615027,0.6222222222222216,60,0.08139534883720922,-0.43023255813953487,-0.2630813953488371,0.08666167811307468,-0.2854803805438332,-0.176409594584087,-0.005266329275865456,-0.1447521775957017,-0.08667180076475012,-0.0008286787266690299,-0.2517930848934157,0.189189189189189,600010.SH,包钢股份,0.0041505883954267,3,subjective/semi-quantitative,low_value,1
2015-06-11,5.0450829,5306.59,10,0.02657342657342676,-0.2559440559440559,-0.2559440559440559,0.010526910878737583,-0.19370537388417042,-0.18286602130558427,0.01604651569468918,-0.062238682059885475,-0.07307803463847162,0.014939417912546382,-0.08943213297191832,0.10382513661202261,20,0.02657342657342676,-0.45174825174825173,-0.22937062937062935,0.010526910878737583,-0.3333146144699327,-0.22614032740422763,0.01604651569468918,-0.11843363727831901,-0.0032303019664017274,0.014939417912546382,-0.22839090616065771,0.05882352941176513,60,0.02657342657342676,-0.558041958041958,-0.42797202797202794,0.010526910878737583,-0.44370904856037496,-0.37172025726502333,0.01604651569468918,-0.11433290948158303,-0.0562517707070046,0.014939417912546382,-0.22839090616065771,0.04761904761904796,600010.SH,包钢股份,0.074988534944426,4,subjective/semi-quantitative,low_value,1
2021-01-18,1.15075712,5518.5205,10,0.10344827586206895,-0.025862068965517238,-0.025862068965517238,0.024818064914319038,-0.041754850779298414,-0.01827883034954747,0.07863021094774991,0.015892781813781176,-0.007583238615969767,0.06004324600490718,-0.010634565259226014,4.0,20,0.13793103448275867,-0.03448275862068961,0.13793103448275867,0.07472867048332965,-0.041754850779298414,0.014281400241242359,0.06320236399942902,0.0072720921586088005,0.12364963424151632,0.12190860860911656,-0.05798697333454139,4.000000000000006,60,0.9310344827586208,-0.03448275862068961,0.3879310344827587,0.07472867048332965,-0.11504152245153376,-0.07885358041163393,0.8563058122752911,0.08055876383084415,0.4667846148943926,0.9188998184413282,-0.05798697333454139,27.000000000000036,600010.SH,包钢股份,0.0373598823021035,2,subjective/semi-quantitative,high_value,0
2021-02-18,1.1904384,5768.3814,10,0.7749999999999999,-0.02499999999999991,0.7749999999999999,0.0033814858358707234,-0.08903785384232743,-0.0845428840748984,0.7716185141641292,0.06403785384232752,0.8595428840748983,0.9389220632211701,-0.0018101550449033388,31.000000000000107,20,0.8666666666666669,-0.02499999999999991,0.4666666666666668,0.0033814858358707234,-0.14743692225344196,-0.10862896479071238,0.8632851808307962,0.12243692225344205,0.5752956314573792,0.9389220632211701,-0.0018101550449033388,34.6666666666668,60,0.8666666666666669,-0.02499999999999991,0.3750000000000002,0.0033814858358707234,-0.15337402967147773,-0.1033408435856894,0.8632851808307962,0.12837402967147782,0.4783408435856896,0.9389220632211701,-0.0018101550449033388,34.6666666666668,600010.SH,包钢股份,0.6888361456195156,2,subjective/semi-quantitative,high_value,0
2025-12-17,2.35,4579.875,10,0.03404255319148941,-0.008510638297872353,0.012765957446808418,0.021017167499113087,-0.0078022653456699675,0.01093141188351221,0.013025385692376323,-0.0007083729522023852,0.0018345455632962082,0.014245666181588845,-0.002782095601753798,4.0,20,0.15319148936170213,-0.008510638297872353,0.06382978723404253,0.0561325145336935,-0.0078022653456699675,0.03318819836785947,0.09705897482800863,-0.0007083729522023852,0.030641588866183067,0.09448594923354237,-0.002782095601753798,17.999999999999975,60,0.451063829787234,-0.042553191489361764,0.051063829787234116,0.0561325145336935,-0.03980652310379651,-0.035345484319986964,0.3949313152535405,-0.002746668385565254,0.08640931410722108,0.36831141342817264,-0.024417367104579424,10.599999999999984,600010.SH,包钢股份,-0.0327481735931245,2,subjective/semi-quantitative,high_value,0
2017-10-24,9.1182514,3959.395,10,0.013880126182965302,-0.08012618296529972,-0.06561514195583595,0.026474246696780668,-0.001362329345771185,0.02395593266142937,-0.012594120513815366,-0.07876385361952853,-0.08957107461726532,-0.004413936412058561,-0.08747551702196343,0.17322834645669288,20,0.013880126182965302,-0.10599369085173505,-0.04921135646687691,0.06588582346545357,-0.001362329345771185,0.06523875491078823,-0.05200569728248827,-0.10463136150596386,-0.11445011137766514,-0.004413936412058561,-0.1218848625397071,0.13095238095238093,60,0.013880126182965302,-0.179179810725552,-0.1375394321766562,0.08181780297242391,-0.001362329345771185,0.0729204840638531,-0.06793767678945861,-0.17781748137978082,-0.2104599162405093,-0.004413936412058561,-0.2284593800847341,0.0774647887323944,600061.SH,国投资本,0.1844565001632873,2,subjective/semi-quantitative,low_value,1
2020-04-28,6.8313174,3849.1465,10,0.06649616368286448,-0.011935208866155178,0.03239556692242118,0.03869707219509588,-0.004008706865275213,0.016541173478328286,0.0277990914877686,-0.007926502000879965,0.015854393444092896,0.02952391134221055,-0.0071708391474722966,5.571428571428565,20,0.06649616368286448,-0.011935208866155178,0.01619778346121059,0.03869707219509588,-0.012721495531541782,0.004644328294597377,0.0277990914877686,0.0007862866653866041,0.011553455166613213,0.02952391134221055,-0.0071708391474722966,5.571428571428565,60,0.49566605996085045,-0.011935208866155178,0.2472509358151036,0.26731401363912766,-0.012721495531541782,0.1868235204869444,0.2283520463217228,0.0007862866653866041,0.060427415328159206,0.21120898920867548,-0.039274194100928916,41.52973488100547,600061.SH,国投资本,0.0286098288905446,2,subjective/semi-quantitative,neutral,0
2015-03-09,6.53003687,3537.75,10,0.1088904203997243,-0.030323914541695363,0.09648518263266714,0.12283117800862131,-0.00728287753515644,0.1227647516076602,-0.013940757608897014,-0.023041037006538923,-0.02627956897499306,0.030480611146504355,-0.023525743216584294,3.590909090909092,20,0.16264645072363892,-0.030323914541695363,0.15161957270847704,0.20428831884672438,-0.00728287753515644,0.20416762066285066,-0.04164186812308546,-0.023041037006538923,-0.05254804795437362,0.030480611146504355,-0.05708002926170741,5.363636363636369,60,0.3128876636802205,-0.030323914541695363,0.2336319779462439,0.4774486608720232,-0.00728287753515644,0.45391562433750265,-0.16456099719180273,-0.023041037006538923,-0.22028364639125875,0.030480611146504355,-0.15734943860606299,10.318181818181824,600000.SH,浦发银行,0.1849812182899021,2,subjective/semi-quantitative,low_value,1
2019-08-09,8.31859899,3633.529,10,0.019349164467897806,-0.025505716798592704,0.019349164467897806,0.053895537919196546,-0.005894820159684899,0.05155704000160721,-0.03454637345129874,-0.019610896638907804,-0.03220787553370941,-0.01227711966152134,-0.040718928119670594,0.7586206896551682,20,0.03254177660510127,-0.025505716798592704,0.028144239226033374,0.09260253599186918,-0.005894820159684899,0.08668652431286494,-0.060060759386767915,-0.019610896638907804,-0.05854228508683157,-0.01227711966152134,-0.05876890288279579,1.2758620689655265,60,0.17238346525945492,-0.025505716798592704,0.08091468777484612,0.10929016941931646,-0.005894820159684899,0.07415628167547306,0.06309329584013845,-0.019610896638907804,0.00675840609937306,0.08074193364675253,-0.05876890288279579,6.758620689655203,600000.SH,浦发银行,0.0030020048000685,2,subjective/semi-quantitative,low_value,1
2020-10-12,7.39831099,4823.1578,10,0.035453597497393075,-0.00938477580813335,0.0010427528675704956,0.005483378545068529,-0.03811940384782753,-0.0273517694154648,0.029970218952324545,0.028734628039694177,0.028394522283035295,0.03390761500355155,-0.008511737399102048,3.7777777777778225,20,0.035453597497393075,-0.03858185610010423,-0.01668404588112604,0.036209451824279926,-0.03811940384782753,0.03279840854470906,-0.0007558543268868512,-0.0004624522522767016,-0.0494824544258351,0.03390761500355155,-0.047911048290207536,0.918918918918919,60,0.09801876955161637,-0.03858185610010423,0.009384775808133572,0.11306847559497224,-0.03811940384782753,0.11306847559497224,-0.01504970604335587,-0.0004624522522767016,-0.10368369978683867,0.03390761500355155,-0.09315123198634856,2.540540540540546,600000.SH,浦发银行,0.0269477130692741,2,subjective/semi-quantitative,low_value,1
2021-03-30,8.49378561,5094.7291,10,0.0027247956403271267,-0.044504995458673924,-0.038147138964577776,0.016962609454544086,-0.03347208392297041,-0.022395930727700297,-0.01423781381421696,-0.011032911535703516,-0.01575120823687748,0.007976520425205802,-0.036779854136686496,0.06122448979592178,20,0.0027247956403271267,-0.07538601271571288,-0.06902815622161673,0.016962609454544086,-0.03816214683524588,0.004811443262017656,-0.01423781381421696,-0.037223865880467,-0.07383959948363439,0.007976520425205802,-0.07348602564071294,0.03614457831325507,60,0.0027247956403271267,-0.10263396911898282,-0.09355131698455954,0.055694286080883115,-0.03816214683524588,0.0188067703148338,-0.05296949044055599,-0.06447182228373693,-0.11235808729939334,0.007976520425205802,-0.11801144266677366,0.026548672566373138,600000.SH,浦发银行,0.0555949278232681,4,subjective/semi-quantitative,low_value,1
2024-07-29,7.90545046,3390.742,10,0.011723329425556761,-0.0398593200468933,0.0058616647127784915,0.016985692217219572,-0.02126876654136467,-0.019133717634665204,-0.005262362791662811,-0.01859055350552863,0.024995382347443695,0.025482966227738935,-0.029929080501917005,0.29411764705882126,20,0.06330597889800704,-0.0398593200468933,0.041031652989449,0.016985692217219572,-0.027360058653828512,-0.019617800469631685,0.04632028668078747,-0.012499261393064787,0.06064945345908068,0.08101390782838869,-0.029929080501917005,1.588235294117648,60,0.29191090269636577,-0.0398593200468933,0.16529894490035169,0.31250549289801466,-0.07224117906936,0.14707892844692982,-0.020594590201648888,0.03238185902246671,0.01822001645342186,0.10901453563598729,-0.029929080501917005,7.323529411764709,600000.SH,浦发银行,-0.0006878507743643,4,subjective/semi-quantitative,neutral,0
2025-08-22,13.31112478,4377.9977,10,0.01506456241032983,-0.039454806312768986,-0.01793400286944047,0.03903519638669506,-0.011532874948746552,0.018804760907023654,-0.02397063397636523,-0.027921931364022434,-0.03673876377646412,-0.00930104847309321,-0.06345242559047759,0.38181818181817806,20,0.02223816355810615,-0.09899569583931134,-0.08106169296987098,0.044731727474411453,-0.011532874948746552,0.028305588191606335,-0.022493563916305304,-0.08746282089056479,-0.10936728116147731,-0.007469333287586588,-0.10978898265373527,0.2246376811594201,60,0.02223816355810615,-0.19296987087517936,-0.172883787661406,0.08767391540657954,-0.011532874948746552,0.016000488077003938,-0.06543575184847339,-0.1814369959264328,-0.18888427573840993,-0.007469333287586588,-0.2299343473854749,0.11524163568773223,600000.SH,浦发银行,-0.0075384519805039,3,subjective/semi-quantitative,low_value,1
2010-12-30,10.0119294,3064.098,10,0.1048780487804879,-0.007317073170731603,0.08373983739837398,0.047583987196232025,0.0009823445594756564,0.009061067890126173,0.05729406158425587,-0.00829941773020726,0.07467876950824781,0.0740081763974858,-0.03390496102822771,14.33333333333355,20,0.1333333333333333,-0.007317073170731603,0.11138211382113838,0.047583987196232025,-0.04730135916018352,-0.008930197402302387,0.08574934613710128,0.03998428598945192,0.12031231122344077,0.14865175456883706,-0.03390496102822771,18.222222222222477,60,0.2642276422764227,-0.007317073170731603,0.21300813008130093,0.0950978069239301,-0.04730135916018352,0.06808887966377042,0.1691298353524926,0.03998428598945192,0.1449192504175305,0.15033459314755193,-0.03390496102822771,36.11111111111162,600009.SH,上海机场,0.1795920564330279,2,subjective/semi-quantitative,high_value,0
2019-10-17,76.97569236,3925.221,10,0.0064652492850927334,-0.09859505159766258,-0.05197065771478293,0.003902710191349801,-0.019409862527485777,-0.009800722048516453,0.0025625390937429326,-0.0791851890701768,-0.04216993566626648,0.00030617325189652433,-0.08353113774801102,0.06557377049180435,20,0.0064652492850927334,-0.09859505159766258,-0.055949272659455374,0.026856322230009555,-0.019409862527485777,-0.004933225415842846,-0.02039107294491682,-0.0791851890701768,-0.05101604724361253,0.00030617325189652433,-0.08353113774801102,0.06557377049180435,60,0.0064652492850927334,-0.09859505159766258,-0.05607360437647646,0.06515709561321503,-0.03067139404380026,0.06062410243907301,-0.0586918463281223,-0.06792365755386232,-0.11669770681554947,0.00030617325189652433,-0.11725448243751391,0.06557377049180435,600009.SH,上海机场,0.1696362394558485,2,subjective/semi-quantitative,low_value,1
2023-03-30,54.3329798,4038.5257,10,0.025622775800711706,-0.027402135231316627,-0.022953736654804158,0.023218745395132467,0.00035483245779510675,0.013240747731282143,0.0024040304055792383,-0.027756967689111733,-0.0361944843860863,0.002299766659009217,-0.03572150495045556,0.935064935064937,20,0.025622775800711706,-0.09234875444839852,-0.04448398576512458,0.03247276598982651,-0.02800271891299344,-0.002337461910914773,-0.006849990189114807,-0.06434603553540508,-0.042146523854209805,0.002299766659009217,-0.05357460386400159,0.2774566473988437,60,0.025622775800711706,-0.2024911032028469,-0.19181494661921705,0.03247276598982651,-0.0645657646799177,-0.048550910546390824,-0.006849990189114807,-0.1379253385229292,-0.14326403607282623,0.002299766659009217,-0.1505745684775407,0.12653778558875206,600009.SH,上海机场,0.0201909478006444,2,subjective/semi-quantitative,low_value,1
2025-01-14,32.316651,3820.5395,10,0.016561276723878304,-0.009033423667569984,-0.006022282445046656,0.011443148277880733,-0.011583023811165938,-0.006662593070952405,0.005118128445997572,0.0025496001435959537,0.0006403106259057489,0.010397436470389598,-0.005990563791988923,1.8333333333333333,20,0.016561276723878304,-0.02499247214694378,-0.019873532068654054,0.03792231437471072,-0.011583023811165938,0.031309897463434044,-0.021361037650832415,-0.01340944833577784,-0.0511834295320881,0.010397436470389598,-0.049629533914080204,0.6626506024096345,60,0.016561276723878304,-0.10629328515507375,-0.00782896717856063,0.05359439419485135,-0.0802041177692312,-0.012646747926568946,-0.03703311747097304,-0.02608916738584255,0.004817780748008316,0.03471663933342728,-0.0676761073810318,0.1558073654390931,600009.SH,上海机场,0.0094224892270699,2,subjective/semi-quantitative,low_value,1
2025-12-18,32.73734695,4552.7926,10,0.031712473572938604,-0.021443672606463293,-0.012382965871338136,0.03708607328170421,-0.0013060335759639274,0.03623119137911113,-0.0053735997087656084,-0.020137639030499366,-0.048614157250449264,0.010478319240841527,-0.04691439290275479,1.4788732394366164,20,0.031712473572938604,-0.05496828752642713,-0.04198127453941425,0.06241494506031309,-0.0013060335759639274,0.03990144422568265,-0.030702471487374483,-0.0536622539504632,-0.0818827187650969,0.010478319240841527,-0.08782757357583815,0.5769230769230747,60,0.031712473572938604,-0.17849592268196923,-0.1664149803684688,0.06241494506031309,-0.03481342418277522,-0.017147761134561734,-0.030702471487374483,-0.143682498499194,-0.14926721923390707,0.010478319240841527,-0.15187147501054143,0.17766497461928882,600009.SH,上海机场,-0.043731789995409,2,subjective/semi-quantitative,low_value,1
2011-01-04,2.724573,3189.682,10,0.05731707317073176,-0.024390243902439046,0.03170731707317076,0.00633856290376289,-0.07589534003703191,-0.06647496521596818,0.05097851026696887,0.051505096134592865,0.09818228228913894,0.10517370036236162,-0.006609237657549283,2.35,20,0.10975609756097571,-0.024390243902439046,0.10000000000000009,0.00633856290376289,-0.0848109623467167,-0.0352383090226549,0.10341753465721282,0.060420718444277655,0.135238309022655,0.15870160700095948,-0.006609237657549283,4.5,60,0.15487804878048794,-0.024390243902439046,0.06219512195121957,0.051981670900108634,-0.0848109623467167,0.04224151498487938,0.10289637788037931,0.060420718444277655,0.019953606966340187,0.15870160700095948,-0.006609237657549283,6.35,600028.SH,中国石化,0.0119243779495408,2,subjective/semi-quantitative,high_value,0
2012-03-13,2.5851653,2681.073,10,0.02251655629139071,-0.01986754966887405,-0.013245033112582738,0.009205642666201275,-0.052358514669313405,-0.0499538804053451,0.013310913625189436,0.032490965000439354,0.03670884729276236,0.04425841924712093,0.023708301978921043,1.1333333333333393,20,0.02251655629139071,-0.062251655629139035,-0.03708609271523178,0.009205642666201275,-0.09374642167520242,-0.03752937723068328,0.013310913625189436,0.03149476604606338,0.00044328451545150305,0.04425841924712093,0.0004605693981349912,0.3617021276595744,60,0.02251655629139071,-0.1205307451713048,-0.11644019049768306,0.013707944543098982,-0.09374642167520242,-0.05255172089682003,0.008808611748291728,-0.02678432349610238,-0.06388846960086303,0.04425841924712093,-0.07287224082966359,0.18681172392478754,600028.SH,中国石化,0.0046275924096502,2,subjective/semi-quantitative,low_value,1
2013-05-17,2.42946384,2592.048,10,0.02507374631268422,-0.016224188790560534,-0.005899705014749235,0.02668970636346235,-0.007393381604044236,0.005546965179657137,-0.0016159600507781313,-0.008830807186516298,-0.011446670194406372,0.012316427492043758,-0.02040153729745875,1.5454545454545305,20,0.02507374631268422,-0.08554572271386429,-0.07332309173204232,0.02668970636346235,-0.08707477639302963,-0.07379608710949792,-0.0016159600507781313,0.0015290536791653375,0.0004729953774555984,0.017921676196212433,-0.02040153729745875,0.29310344827586043,60,0.02507374631268422,-0.19806806015272893,-0.10302427468934872,0.02668970636346235,-0.21947008697369796,-0.09373591847064555,-0.0016159600507781313,0.021402026820969033,-0.009288356218703164,0.0638465200030065,-0.034285435051702784,0.12659156803651242,600028.SH,中国石化,0.0017844663842453,2,subjective/semi-quantitative,low_value,1
2014-10-28,2.6162091,2416.653,10,0.06679764243614938,-0.005893909626718985,0.047151277013752546,0.07685008977292163,-0.00039310567135608654,0.058741987368480464,-0.010052447336772241,-0.0055008039553628985,-0.011590710354727918,-0.0024760721649558226,-0.026644907494894676,11.333333333333485,20,0.06679764243614938,-0.005893909626718985,0.01964636542239684,0.11148063044218604,-0.00039310567135608654,0.1112729051295327,-0.04468298800603665,-0.0055008039553628985,-0.09162653970713586,-0.0024760721649558226,-0.08245187953759714,11.333333333333485,60,0.45579567779960706,-0.005893909626718985,0.29273084479371314,0.5268029791616755,-0.00039310567135608654,0.47626200368857274,-0.07100730136206845,-0.0055008039553628985,-0.1835311588948596,-0.0024760721649558226,-0.1520170938048817,77.33333333333428,600028.SH,中国石化,0.0105225230973041,2,subjective/semi-quantitative,low_value,1
2017-03-16,3.08621928,3481.507,10,0.03900709219858167,-0.019503546099290725,0.005319148936170137,0.007029139967261289,-0.016987183998193878,-0.01285334195795107,0.03197795223132038,-0.0025163621010968473,0.018172490894121207,0.02700999913558655,-0.003970357583840012,2.0000000000000115,20,0.06914893617021267,-0.019503546099290725,0.037234042553191404,0.01301390461084817,-0.016987183998193878,-0.0004495179817245454,0.0561350315593645,-0.0025163621010968473,0.03768356053491595,0.05120024469683293,-0.003970357583840012,3.5454545454545507,60,0.12588652482269502,-0.019503546099290725,0.049645390070921946,0.035094859783421306,-0.04843161309168709,0.013581762150700838,0.09079166503927372,0.028928066992396362,0.03606362792022111,0.11713228602952563,-0.003970357583840012,6.454545454545472,600028.SH,中国石化,0.0102083914691038,2,subjective/semi-quantitative,high_value,0
2021-04-29,3.0397416,5164.1692,10,0.06074766355140171,-0.007009345794392496,0.05841121495327095,0.008234722440930042,-0.046135978658483956,0.004537438471226007,0.05251294111047167,0.03912663286409146,0.053873776482044944,0.08757175365638381,0.00793994092697381,8.666666666666677,20,0.06074766355140171,-0.007009345794392496,0.04439252336448596,0.041498872655063135,-0.046135978658483956,0.03437350580999543,0.019248790896338575,0.03912663286409146,0.010019017554490528,0.08757175365638381,0.00028528604970423643,8.666666666666677,60,0.12149532710280364,-0.04604414072564589,-0.04364122924132774,0.041498872655063135,-0.09687294908927468,-0.07817067651462695,0.0799964544477405,0.0508288083636288,0.03452944727329921,0.11621762127154267,-0.02783784857116467,2.6386707448127615,600028.SH,中国石化,-0.0063573129380863,2,subjective/semi-quantitative,low_value,1
2023-03-28,4.6900824,3999.5147,10,0.12230215827338142,-0.021582733812949617,0.10791366906474842,0.03319915288722397,-0.003905198798244247,0.02444619093411493,0.08910300538615745,-0.01767753501470537,0.08346747813063349,0.0814757074303003,-0.022259233657451194,5.6666666666666785,20,0.181654676258993,-0.021582733812949617,0.17086330935251803,0.042543436582443306,-0.018521922172207494,-0.010071821963799743,0.1391112396765497,-0.0030608116407421226,0.18093513131631778,0.18538176017044483,-0.022259233657451194,8.416666666666686,60,0.2571942446043167,-0.021582733812949617,0.17192167028877803,0.042543436582443306,-0.05544160145229626,-0.03968383964184452,0.21465080802187342,0.033858867639346646,0.21160550993062255,0.2711712539397688,-0.022259233657451194,11.916666666666687,600028.SH,中国石化,0.012565113514172,4,subjective/semi-quantitative,high_value,0
2023-04-17,5.356479,4149.3836,10,0.0645669291338582,-0.023622047244094446,0.056692913385826715,0.004888485123428987,-0.05397129347115559,-0.028711854936718795,0.05967844401042921,0.030349246227061144,0.08540476832254551,0.08824295701009155,-0.006179030993613277,2.733333333333335,20,0.10078740157480315,-0.025196850393700898,0.03779527559055107,0.004888485123428987,-0.05455072893236479,-0.04658848605850763,0.09589891645137416,0.02935387853866389,0.0843837616490587,0.10820051588806745,-0.006179030993613277,3.9999999999999822,60,0.10078740157480315,-0.06141732283464574,0.06509025798476942,0.004888485123428987,-0.0895574947565706,-0.06801219824554183,0.09589891645137416,0.02814017192192486,0.13310245623031125,0.1547325772851933,-0.006179030993613277,1.6410256410256392,600028.SH,中国石化,0.006072271132996,4,subjective/semi-quantitative,high_value,0
2023-07-13,5.78340525,3898.4229,10,0.012030075187969835,-0.06917293233082711,-0.06315789473684219,0.009474318448108976,-0.02555343598048332,0.0010062787185043387,0.0025557567398608594,-0.04361949635034379,-0.06416417345534653,0.0013291494156304484,-0.06409967132023386,0.17391304347825948,20,0.012030075187969835,-0.1082706766917294,-0.06766917293233088,0.04256572574514683,-0.02555343598048332,0.019826915135348733,-0.030535650557176997,-0.08271724071124609,-0.08749608806767961,0.0013291494156304484,-0.1232145140364751,0.1111111111111102,60,0.012030075187969835,-0.11885750181521526,-0.10040425577993173,0.04256572574514683,-0.06577693251288874,-0.06028399330406142,-0.030535650557176997,-0.05308056930232652,-0.040120262475870305,0.0013291494156304484,-0.1232145140364751,0.10121426922360094,600028.SH,中国石化,0.0037035316549535,4,subjective/semi-quantitative,low_value,1
2025-10-09,5.24136712,4709.482,10,0.03917910447761197,-0.016791044776119257,0.037313432835821114,-0.003587698179969734,-0.0464203706479821,-0.021899924450289876,0.042766802657581704,0.029629325871862844,0.05921335728611099,0.06053916032347928,0.02197052023483481,2.3333333333333552,20,0.050373134328358216,-0.016791044776119257,0.035447761194030036,0.01111627563286155,-0.0464203706479821,-0.0034141334439754534,0.039256858695496666,0.029629325871862844,0.03886189463800549,0.061507068187028224,0.021531011914266873,3.0000000000000266,60,0.16604477611940305,-0.016791044776119257,0.13619402985074625,0.01111627563286155,-0.061083087269470426,0.0017546940406609757,0.1549285004865415,0.04429204249335117,0.13443933581008527,0.17779778530790358,0.021531011914266873,9.888888888888978,600028.SH,中国石化,3.147424284125119e-05,2,subjective/semi-quantitative,neutral,0
2017-11-29,9.2306176,4053.752,10,0.03891050583657596,-0.04513618677042808,-0.020233463035019605,0.004045141390001117,-0.02425210027648461,-0.000902867269630625,0.03486536444657484,-0.020884086493943466,-0.01933059576538898,0.0200302713391296,-0.019348064499556283,0.8620689655172421,20,0.08560311284046684,-0.07548638132295715,0.0622568093385214,0.008185503207892353,-0.02425210027648461,-0.015428916223784839,0.07741760963257449,-0.05123428104647254,0.07768572556230624,0.07890311511521464,-0.05371357721139236,1.1340206185567006,60,0.45836575875486374,-0.07548638132295715,0.14396887159533067,0.08623739192728141,-0.07267489476415923,-0.0011510324262560268,0.3721283668275823,-0.0028114865587979265,0.1451199040215867,0.37947551562310755,-0.05371357721139236,6.072164948453611,600048.SH,保利发展,0.3626987034674777,4,subjective/semi-quantitative,neutral,0
2017-12-14,9.10131712,4026.151,10,0.10102604577742702,-0.062352012628255626,0.08208366219415941,0.015097049266160179,-0.014459715991774647,-0.0018017207998408669,0.08592899651126684,-0.04789229663648098,0.08388538299400028,0.08678051388342878,-0.046804453123399425,1.6202531645569649,20,0.2896606156274666,-0.062352012628255626,0.2391475927387532,0.049983470565311716,-0.014459715991774647,0.0493896031221881,0.23967714506215487,-0.04789229663648098,0.1897579896165651,0.19773349815137387,-0.046804453123399425,4.645569620253174,60,0.4790844514601422,-0.062352012628255626,0.153117600631413,0.09368401731579379,-0.06631768157726814,0.007518595303554143,0.38540043414434844,0.003965668949012513,0.14559900532785885,0.3895474846213538,-0.046804453123399425,7.683544303797483,600048.SH,保利发展,-0.0328941387403134,3,subjective/semi-quantitative,high_value,0
2017-12-29,10.1644544,4030.854,10,0.19222614840989394,0.010600706713780994,0.17314487632508824,0.05757514412578568,0.0035610319798236034,0.048224272077331376,0.13465100428410826,0.007039674733957391,0.12492060424775686,0.1191735467069408,0.0005042433437312255,,20,0.3003533568904593,0.010600706713780994,0.19999999999999996,0.09240796119135064,0.0035610319798236034,0.06727209668224154,0.20794539569910864,0.007039674733957391,0.1327279033177584,0.20233240022489518,0.0005042433437312255,,60,0.32438162544169624,-0.11802120141342753,-0.03604240282685511,0.09240796119135064,-0.06740705567604277,-0.035708562006959266,0.2319736642503456,-0.050614145737384764,-0.0003338408198958476,0.24566303352407837,-0.04638662811248673,2.748502994011978,600048.SH,保利发展,0.0674614459608636,4,subjective/semi-quantitative,low_value,1
2020-11-05,12.94608032,4885.1118,10,0.07412060301507539,-0.013819095477386911,0.06721105527638183,0.023068028862717194,-0.012149977816270141,0.008777137915246813,0.0510525741523582,-0.0016691176611167702,0.05843391736113501,0.05792549728267571,-0.003026451701207633,5.363636363636374,20,0.13128140703517577,-0.013819095477386911,0.08479899497487442,0.04206589499139013,-0.012149977816270141,0.035198477954997864,0.08921551204378564,-0.0016691176611167702,0.049600517019876555,0.07197495952860278,-0.003026451701207633,9.500000000000009,60,0.13128140703517577,-0.13505025125628145,-0.13253768844221103,0.15769704595092393,-0.012149977816270141,0.09556645151908305,-0.026415638915748163,-0.12290027344001131,-0.22810413996129408,0.07197495952860278,-0.20820657628299133,0.9720930232558128,600048.SH,保利发展,0.1103526911464112,2,subjective/semi-quantitative,high_value,0
2025-02-07,8.21765035,3892.7028,10,0.031952662721893565,-0.03431952662721882,-0.029585798816568087,0.022695079624367898,-0.00651192790777666,0.022026135671081803,0.009257583097525668,-0.02780759871944216,-0.05161193448764989,0.013330504649373909,-0.05049962294140409,0.9310344827586259,20,0.059171597633136175,-0.03431952662721882,0.041420118343195256,0.026522137780464528,-0.009499158271214614,0.013181458394409207,0.03264945985267165,-0.024820368356004208,0.02823865994878605,0.03749708800904927,-0.05049962294140409,1.7241379310344909,60,0.1029585798816568,-0.08875739644970415,-0.0011834319526627946,0.034062759684607924,-0.09725538255836019,-0.010225928370385828,0.06889582019704887,0.008497986108656042,0.009042496417723034,0.12353113187064824,-0.05049962294140409,1.1599999999999997,600048.SH,保利发展,-0.0321831147263299,2,subjective/semi-quantitative,neutral,0
2013-04-09,1.6213916,2489.43,10,0.04416403785488976,-0.028391167192428957,-0.017350157728706628,0.021299253242710314,-0.02924886419782824,-0.016051465596542136,0.022864784612179445,0.0008576970053992827,-0.0012986921321644918,0.028516485315316142,-0.015972066861184797,1.5555555555555651,20,0.04416403785488976,-0.04731861198738163,-0.017350157728706628,0.029154063379970507,-0.02924886419782824,0.02064970696103119,0.015009974474919252,-0.018069747789553392,-0.03799986468973782,0.028516485315316142,-0.03797391816203011,0.9333333333333383,60,0.04416403785488976,-0.2814604565608949,-0.24288115221517115,0.06901138011512664,-0.18729548531189866,-0.10659669080873924,-0.024847342260236882,-0.09416497124899625,-0.1362844614064319,0.028516485315316142,-0.1683686531503783,0.15691027576136515,600219.SH,南山铝业,0.004071750391356,2,subjective/semi-quantitative,low_value,1
2016-10-10,2.00723166,3293.869,10,0.04095563139931735,-0.017064846416382173,0.03412969283276435,0.027006842105742557,-0.0067786545245120955,0.022377635540454133,0.013948789293574793,-0.010286191891870078,0.011752057292310214,0.019646812262352764,-0.00826896911571351,2.400000000000008,20,0.0853242320819112,-0.017064846416382173,0.058020477815699634,0.027006842105742557,-0.0067786545245120955,0.019042348071523163,0.05831738997616864,-0.010286191891870078,0.03897812974417647,0.0635623014111264,-0.00826896911571351,5.0000000000000195,60,0.32423208191126274,-0.017064846416382173,0.06825938566552914,0.08799682076002413,-0.008142703914454485,0.014681215312448481,0.2362352611512386,-0.008922142501927688,0.053578170353080656,0.23225624467132722,-0.00826896911571351,19.000000000000085,600219.SH,南山铝业,-0.0026218566953538,2,subjective/semi-quantitative,high_value,0
2017-12-18,2.46099384,3985.291,10,0.06779661016949157,-0.016949152542372947,0.05649717514124286,0.025716315320512217,-0.0012686651991034026,0.025621717460531768,0.04208029484897935,-0.015680487343269545,0.030875457680711094,0.050463987456411896,-0.03136511903177397,3.999999999999987,20,0.0847457627118644,-0.016949152542372947,0.011299435028248483,0.0696661799602587,-0.0012686651991034026,0.06854756653905558,0.015079582751605702,-0.015680487343269545,-0.0572481315108071,0.050463987456411896,-0.05357565100843331,4.9999999999999805,60,0.0847457627118644,-0.15254237288135597,-0.062146892655367325,0.10489723335134138,-0.05674491523956471,0.023188519985115175,-0.020151470639476976,-0.09579745764179126,-0.0853354126404825,0.050463987456411896,-0.1018406960323539,0.5555555555555554,600219.SH,南山铝业,-0.0268235528404607,2,subjective/semi-quantitative,low_value,1
2026-03-12,7.4374254,4687.5601,10,0.015706806282722585,-0.25654450261780104,-0.2146596858638744,0.007104058249834733,-0.06256256853112141,-0.0448049295410633,0.008602748032887853,-0.19398193408667963,-0.1698547563228111,-0.031534660872445275,-0.20007264726196172,0.06122448979591865,20,0.015706806282722585,-0.25654450261780104,-0.18324607329842935,0.007104058249834733,-0.06256256853112141,-0.010878708520451807,0.008602748032887853,-0.19398193408667963,-0.17236736477797754,-0.031534660872445275,-0.20007264726196172,0.06122448979591865,60,0.015706806282722585,-0.4016746709150185,-0.38688460660055835,0.07316356327890072,-0.06256256853112141,0.0130202277299869,-0.05745675699617814,-0.3391121023838971,-0.39990483433054524,-0.031534660872445275,-0.3975349111244909,0.039103302797117725,600219.SH,南山铝业,0.092507956966021,4,subjective/semi-quantitative,low_value,1
2011-06-13,2.08213334,2950.348,10,0.060975609756097615,-0.006968641114982521,0.05052264808362361,0.035817808611052104,-0.02980665331682908,0.02919757262533107,0.02515780114504551,0.022838012201846558,0.02132507545829254,0.035184540752216,-0.0024155683390449934,8.75000000000008,20,0.060975609756097615,-0.013937282229965153,-0.0017421602787456303,0.06431580274598114,-0.02980665331682908,0.05519959001446617,-0.003340192989883528,0.015869371086863926,-0.0569417502932118,0.035184540752216,-0.05396301404214077,4.375000000000005,60,0.06271777003484313,-0.11846689895470375,0.012195121951219523,0.06431580274598114,-0.08584953368212833,-0.07000225058196519,-0.0015980327111380088,-0.032617365272575416,0.08219737253318471,0.08838448542979949,-0.08270142789277535,0.5294117647058821,600016.SH,民生银行,0.0605952799746503,2,subjective/semi-quantitative,low_value,1
2014-09-24,3.08785088,2441.864,10,0.023885350318471277,-0.014331210191082744,-0.0031847133757961776,0.01894003924870491,-0.008749463524586276,0.009013605999351304,0.004945311069766367,-0.005581746666496468,-0.012198319375147482,0.007229495440667089,-0.012089350730871473,1.6666666666666692,20,0.023885350318471277,-0.0286624203821656,-0.004777070063694211,0.01894003924870491,-0.03283720960708714,0.003898661022890604,0.004945311069766367,0.004174789224921538,-0.008675731086584815,0.01001368244386236,-0.012089350730871473,0.8333333333333314,60,0.7675159235668789,-0.0286624203821656,0.640127388535032,0.414987484970498,-0.03283720960708714,0.3229176563477738,0.35252843859638094,0.004174789224921538,0.31720973218725823,0.23978040557942992,-0.048755460900426595,26.777777777777782,600016.SH,民生银行,0.0212857073523149,2,subjective/semi-quantitative,low_value,1
2016-05-31,4.59031365,3169.56,10,0.0033003300330034513,-0.01980198019801982,-0.007700770077007535,0.010155668294652864,-0.04017182195635982,-0.023626307752495523,-0.006855338261649413,0.02036984175834,0.01592553767548799,0.02362035547049124,-0.017130159787630994,0.16666666666667415,20,0.02463629037636683,-0.01980198019801982,2.2656403886323062e-07,0.010155668294652864,-0.04278038592107414,-0.004934123348351194,0.014480622081713967,0.022978405723054318,0.004934349912390057,0.029417768164351044,-0.017130159787630994,1.244132664006524,60,0.10638322939000044,-0.01980198019801982,0.04143360661204487,0.07860018425270399,-0.04278038592107414,0.04398465402137841,0.027783045137296458,0.022978405723054318,-0.00255104740933354,0.038063484456645647,-0.017130159787630994,5.372353084195018,600016.SH,民生银行,-0.0492555096042393,2,subjective/semi-quantitative,low_value,1
2020-10-12,3.94592433,4823.1578,10,0.026070763500931182,-0.011173184357541999,0.0,0.005483378545068529,-0.03811940384782753,-0.0273517694154648,0.020587384955862653,0.026946219490285528,0.0273517694154648,0.0317004210319185,-0.008883329219525615,2.33333333333332,20,0.026070763500931182,-0.046554934823091254,-0.027932960893854664,0.036209451824279926,-0.03811940384782753,0.03279840854470906,-0.010138688323348743,-0.008435530975263728,-0.06073136943856372,0.0317004210319185,-0.05880273336607755,0.5600000000000017,60,0.026070763500931182,-0.048417132216014847,-0.03724394785847307,0.11306847559497224,-0.03811940384782753,0.11306847559497224,-0.08699771209404106,-0.01029772836818732,-0.1503124234534453,0.0317004210319185,-0.13504328507111685,0.5384615384615408,600016.SH,民生银行,0.0447732410269359,2,subjective/semi-quantitative,low_value,1
2025-04-01,3.7216663,3887.6841,10,0.020253164556962133,-0.06075949367088607,0.017721518987341867,0.003295226584896671,-0.09609000895931841,-0.029545533290629256,0.016957937972065462,0.03533051528843234,0.04726705227797112,0.04931963550031204,0.0160518889156398,0.33333333333333515,20,0.025316455696202445,-0.06075949367088607,0.0075949367088608,0.003295226584896671,-0.09609000895931841,-0.03012425829557508,0.022021229111305773,0.03533051528843234,0.03771919500443588,0.04931963550031204,0.0160518889156398,0.4166666666666653,60,0.26075949367088613,-0.06075949367088607,0.22784810126582267,0.020983829421737266,-0.09609000895931841,0.014167277634517639,0.23977566424914887,0.03533051528843234,0.21368082363130503,0.2255960633373979,0.0160518889156398,4.291666666666668,600016.SH,民生银行,0.0202862905977083,2,subjective/semi-quantitative,low_value,1
2011-05-27,4.34069316,2963.308,10,0.028673835125448077,-0.014336917562723928,0.012544802867383575,0.01670362986230245,-0.014025541725666058,-0.00437349070700721,0.011970205263145628,-0.0003113758370578701,0.016918293574390786,0.01915626176510754,-0.007715441162436276,2.0000000000000155,20,0.04838709677419373,-0.10035842293906805,-0.06272401433691766,0.03128766905093916,-0.034049784902548175,0.024696386605779663,0.017099427723254568,-0.06630863803651987,-0.08742040094269732,0.021570532187009883,-0.0860962285683895,0.4821428571428592,60,0.04838709677419373,-0.19792639754338215,-0.19251915977401168,0.05966102747335067,-0.08984756225137591,-0.06260604702582395,-0.011273930699156942,-0.10807883529200624,-0.12991311274818773,0.021570532187009883,-0.13858966375449477,0.2444701534245228,600050.SH,中国联通,0.0463167787045538,2,subjective/semi-quantitative,low_value,1
2017-03-16,6.40219415,3481.507,10,0.035110533159948165,-0.050715214564369226,-0.04551365409622876,0.007029139967261289,-0.016987183998193878,-0.01285334195795107,0.028081393192686877,-0.03372803056617535,-0.03266031213827769,0.02087191189330473,-0.03308557231309239,0.6923076923076971,20,0.035110533159948165,-0.050715214564369226,-0.02860858257477239,0.01301390461084817,-0.016987183998193878,-0.0004495179817245454,0.022096628549099995,-0.03372803056617535,-0.028159064593047844,0.02087191189330473,-0.03853828185091024,0.6923076923076971,60,0.035110533159948165,-0.050715214564369226,-0.02860858257477239,0.035094859783421306,-0.04843161309168709,0.013581762150700838,1.5673376526859073e-05,-0.0022836014726821396,-0.04219034472547323,0.02087191189330473,-0.05593133635604153,0.6923076923076971,600050.SH,中国联通,0.1960014849496937,4,subjective/semi-quantitative,low_value,1
2019-11-19,4.95586392,3947.039,10,0.006802721088435382,-0.05442176870748283,-0.04421768707482998,-0.0009657872648333177,-0.03602954011855475,-0.0243098687395793,0.007768508353268699,-0.018392228588928083,-0.019907818335250682,0.00951459606303362,-0.020403832833210345,0.1250000000000005,20,0.008503401360544283,-0.07993197278911557,0.0,0.030426859222824953,-0.03602954011855475,0.0240078702034614,-0.02192345786228067,-0.04390243267056082,-0.0240078702034614,0.00951459606303362,-0.039261092622831284,0.10638297872340517,60,0.061224489795918435,-0.14965986394557818,-0.05102040816326514,0.07004440543911516,-0.07781301375537464,0.050067151604025195,-0.00881991564319673,-0.07184685019020354,-0.10108755976729034,0.00951459606303362,-0.09773793105264772,0.40909090909090967,600050.SH,中国联通,0.035214869417589,2,subjective/semi-quantitative,low_value,1
2019-12-05,4.70301372,3879.363,10,0.06451612903225801,-0.0035842293906810374,0.053763440860214784,0.0484027919016603,-0.000170904346925016,0.03809542958470247,0.016113337130597705,-0.0034133250437560214,0.015668011275512317,0.015384325584433478,0.005639357045326587,17.999999999999815,20,0.10035842293906794,-0.0035842293906810374,0.08243727598566308,0.07560313381346373,-0.000170904346925016,0.06846510625584656,0.024755289125604207,-0.0034133250437560214,0.01397216972981652,0.017593843559180478,-0.0008997282173381915,27.99999999999969,60,0.11827956989247301,-0.10394265232974909,0.01075268817204278,0.0887114714451831,-0.061725339959163406,0.0303579479414533,0.029568098447289914,-0.04221731237058568,-0.01960525976941052,0.02544527618451009,-0.06553115019680977,1.1379310344827578,600050.SH,中国联通,0.0150169507309651,2,subjective/semi-quantitative,neutral,0
2020-10-09,4.1975226,4681.1412,10,0.03658536585365835,-0.0060975609756098725,0.0,0.03598776298394912,0.00491636526580308,0.007978161393636052,0.0005976028697092239,-0.011013926241412952,-0.007978161393636052,0.010444677881746633,-0.024505390075524325,5.999999999999854,20,0.03658536585365835,-0.05284552845528456,-0.008130081300813052,0.04624690663037456,-0.008937841909148037,0.043702292082110406,-0.009661540776716215,-0.043907686546136526,-0.05183237338292346,0.010444677881746633,-0.05520094971424416,0.6923076923076886,60,0.03658536585365835,-0.13008130081300806,-0.11991869918699194,0.12887735580375148,-0.008937841909148037,0.12530638896344337,-0.09229198995009313,-0.12114345890386002,-0.2452250881504353,0.010444677881746633,-0.2179185069555325,0.28124999999999867,600050.SH,中国联通,0.0383066440949585,2,subjective/semi-quantitative,low_value,1
2024-06-14,4.19796663,3541.5331,10,0.04434589800443467,-0.01552106430155209,0.04212860310421296,0.002873162473054469,-0.028486730788990777,-0.02255410234624089,0.0414727355313802,0.012965666487438687,0.06468270545045385,0.06617522832283296,0.0015085408381756427,2.857142857142865,20,0.06651884700665178,-0.01552106430155209,0.05986696230598665,0.002873162473054469,-0.04425329245122689,-0.0195202749905119,0.06364568453359731,0.0287322281496748,0.07938723729649855,0.08956474092458877,0.0015085408381756427,4.285714285714284,60,0.08220358340485423,-0.01552106430155209,0.03291066656239727,0.002873162473054469,-0.087663899004643,-0.08758562781751222,0.07933042093179976,0.07214283470309091,0.1204962943799095,0.15652653167735342,0.0015085408381756427,5.296259445084186,600050.SH,中国联通,-0.0047784150995999,2,subjective/semi-quantitative,high_value,0
2019-11-26,19.12103556,3891.653,10,0.003841229193341844,-0.03670507895859998,-0.011523687580025532,0.005220146811650395,-0.022310313894892353,0.0022435196560433024,-0.0013789176183085505,-0.014394765063707626,-0.013767207236068835,0.008641522453511907,-0.03295277595504342,0.10465116279069729,20,0.03627827571489539,-0.03670507895859998,0.008109261630388387,0.04509189282806059,-0.022310313894892353,0.02603135479961871,-0.008813617113165195,-0.014394765063707626,-0.017922093169230324,0.008641522453511907,-0.03295277595504342,0.9883720930232576,60,0.08365343576611184,-0.13230900554844216,-0.0034144259496371454,0.08527327590615097,-0.06468844986950273,0.049650367080518176,-0.0016198401400391305,-0.06762055567893943,-0.05306479303015532,0.008641522453511907,-0.10515395630595403,0.6322580645161292,600104.SH,上汽集团,-0.0075643696629351,2,subjective/semi-quantitative,low_value,1
2022-09-06,14.22724758,4052.2802,10,0.01945525291828787,-0.04863813229571978,-0.03242542153047989,0.018713192636580223,-0.04147131780275215,-0.03665723806562038,0.000742060281707646,-0.0071668144929676325,0.004231816535140487,0.004392846141951567,-0.006287471782888909,0.3999999999999991,20,0.01945525291828787,-0.095330739299611,-0.06939040207522706,0.018713192636580223,-0.09642835162287144,-0.06612913884878946,0.000742060281707646,0.001097612323260444,-0.003261263226437605,0.0065982620277080795,-0.02013931732545471,0.20408163265306029,60,0.01945525291828787,-0.11024643320363159,-0.012321660181582428,0.018713192636580223,-0.13728796444036628,-0.023157159764026214,0.000742060281707646,0.027041531236734695,0.010835499582443786,0.04187559320330303,-0.02013931732545471,0.17647058823529357,600104.SH,上汽集团,-0.0068126498006725,2,subjective/semi-quantitative,low_value,1
2024-06-03,13.5960048,3588.7483,10,0.01388888888888884,-0.04513888888888895,-0.002777777777777657,0.010104525859336633,-0.02374783430757743,-0.012025947877147058,0.003784363029552207,-0.02139105458131152,0.009248170099369402,0.009360741893471802,-0.019011491894611265,0.30769230769230616,20,0.01388888888888884,-0.046527777777777724,-0.04513888888888895,0.010104525859336633,-0.04126839990422293,-0.03259147486046887,0.003784363029552207,-0.005259377873554794,-0.012547414028420079,0.009360741893471802,-0.019011491894611265,0.29850746268656647,60,0.04027777777777786,-0.09598357599873741,-0.08884284595133418,0.010104525859336633,-0.0810246848462457,-0.07897307816209909,0.030173251918441224,-0.014958891152491716,-0.009869767789235095,0.0823534674086237,-0.021908054413220412,0.41963197722814244,600104.SH,上汽集团,-0.0106414933633038,2,subjective/semi-quantitative,low_value,1
2010-12-30,2.35038674,3064.098,10,0.07832898172323777,-0.031331592689294974,0.04699738903394257,0.047583987196232025,0.0009823445594756564,0.009061067890126173,0.030744994527005742,-0.03231393724877063,0.0379363211438164,0.03759566427742422,-0.03686378269850288,2.5000000000000107,20,0.1566579634464753,-0.031331592689294974,0.11488250652741527,0.047583987196232025,-0.04730135916018352,-0.008930197402302387,0.10907397625024329,0.015969766470888547,0.12381270392971766,0.16717653927800336,-0.03686378269850288,5.000000000000014,60,0.2323759791122717,-0.031331592689294974,0.07832898172323777,0.0950978069239301,-0.04730135916018352,0.06808887966377042,0.1372781721883416,0.015969766470888547,0.010240102059467349,0.16717653927800336,-0.03686378269850288,7.416666666666687,600018.SH,上港集团,-0.0032646404478293,2,subjective/semi-quantitative,high_value,0
2016-10-10,3.87721026,3293.869,10,0.023121387283236983,-0.011560693641618491,0.01156069364161838,0.027006842105742557,-0.0067786545245120955,0.022377635540454133,-0.003885454822505574,-0.004782039117106396,-0.010816941898835752,-0.0007359043625110306,-0.010580182432411767,2.0,20,0.023121387283236983,-0.013487475915221592,-0.011560693641618491,0.027006842105742557,-0.0067786545245120955,0.019042348071523163,-0.003885454822505574,-0.006708821390709496,-0.030603041713141654,-0.0007359043625110306,-0.030031177576727908,1.714285714285712,60,0.05394990366088637,-0.032755298651252374,-0.009633911368015391,0.08799682076002413,-0.008142703914454485,0.014681215312448481,-0.03404691709913776,-0.024612594736797888,-0.024315126680463872,-0.0007359043625110306,-0.051747801699541296,1.647058823529415,600018.SH,上港集团,0.007091654360027,2,subjective/semi-quantitative,low_value,1
2020-10-09,3.4946453,4681.1412,10,0.033175355450236976,0.0023696682464453556,0.021327014218009532,0.03598776298394912,0.00491636526580308,0.007978161393636052,-0.002812407533712147,-0.0025466970193577243,0.01334885282437348,0.013243196465603235,-0.022193791473807623,,20,0.07109004739336489,-0.021327014218009532,0.07109004739336489,0.04624690663037456,-0.008937841909148037,0.043702292082110406,0.024843140762990323,-0.012389172308861496,0.02738775531125448,0.026240964994546312,-0.03674674549580892,3.333333333333323,60,0.1777251184834121,-0.021327014218009532,0.11137440758293837,0.12887735580375148,-0.008937841909148037,0.12530638896344337,0.04884776267966062,-0.012389172308861496,-0.013931981380504999,0.08893289727028009,-0.03674674549580892,8.333333333333302,600018.SH,上港集团,-0.0046074916240502,2,subjective/semi-quantitative,neutral,0
2020-11-05,3.56917565,4885.1118,10,0.15313225058004631,-0.009280742459396696,0.06032482598607891,0.023068028862717194,-0.012149977816270141,0.008777137915246813,0.13006422171732912,0.0028692353568734452,0.0515476880708321,0.11265126302351791,0.03849029220928779,16.50000000000009,20,0.15313225058004631,-0.009280742459396696,0.07656612529002316,0.04206589499139013,-0.012149977816270141,0.035198477954997864,0.11106635558865618,0.0028692353568734452,0.04136764733502529,0.11265126302351791,0.03849029220928779,16.50000000000009,60,0.18329466357308588,-0.009280742459396696,0.023201856148491906,0.15769704595092393,-0.012149977816270141,0.09556645151908305,0.02559761762216195,0.0028692353568734452,-0.07236459537059114,0.11265126302351791,-0.08937016974723544,19.750000000000124,600018.SH,上港集团,0.0394096678724682,2,subjective/semi-quantitative,high_value,0
2023-04-12,4.91471735,4097.2876,10,0.03949730700179521,-0.01256732495511681,-0.0017953321364452268,0.0176653940523972,-0.04194277209146835,-0.03369431523430266,0.021831912949398014,0.02937544713635154,0.031898983097857436,0.04882312730089655,0.0016272144142828182,3.142857142857105,20,0.07540394973070019,-0.01256732495511681,0.017953321364452268,0.0176653940523972,-0.042529574931474134,-0.024015985599839196,0.057738555678302994,0.029962249976357325,0.041969306964291464,0.06836854457192976,0.0016272144142828182,5.999999999999947,60,0.07540394973070019,-0.09335727109515257,-0.06463195691202883,0.0176653940523972,-0.07798144313813837,-0.061955792412521804,0.057738555678302994,-0.015375827957014199,-0.0026761644995070277,0.06836854457192976,-0.027133371615197355,0.8076923076923082,600018.SH,上港集团,-0.0018337839083062,4,subjective/semi-quantitative,high_value,0
2024-05-20,5.34743655,3690.9623,10,0.015706806282722585,-0.03141361256544506,0.003490401396160525,0.0002487427194799441,-0.033349297553107005,-0.027693049045773188,0.015458063563242641,0.0019356849876619453,0.031183450441933713,0.03207161114227364,-0.011260935038012287,0.5000000000000018,20,0.03315881326352521,-0.04188481675392686,-0.008726003490401424,0.0002487427194799441,-0.05078323341314006,-0.03938596175853648,0.03291007054404527,0.008898416659213204,0.030659958268135057,0.05612218662764201,-0.011260935038012287,0.7916666666666615,60,0.09773123909249559,-0.04188481675392686,0.054101221640488584,0.0002487427194799441,-0.10316317779783335,-0.09660678463174766,0.09748249637301565,0.06127836104390649,0.15070800627223624,0.18055756389910127,-0.011260935038012287,2.3333333333333237,600018.SH,上港集团,-0.0069165863823191,4,subjective/semi-quantitative,low_value,1
2024-07-09,5.7487276,3439.8111,10,0.004870129870129913,-0.03571428571428559,-0.011363636363636354,0.030678196253276724,-0.004698746393370312,1.9419671039466735e-05,-0.02580806638314681,-0.031015539320915275,-0.01138305603467582,-0.011382834983764911,-0.04385050178640937,0.13636363636363805,20,0.02110389610389607,-0.03571428571428559,-0.02110389610389596,0.030678196253276724,-0.03523042297293588,-0.028150441168121043,-0.009574300149380655,-0.0004838627413497054,0.007046545064225085,0.02342509568814699,-0.04385050178640937,0.590909090909092,60,0.1607142857142858,-0.09740259740259727,0.03571428571428581,0.2937825277672952,-0.08547571115169661,0.1622114656237954,-0.13306824205300938,-0.011926886250900659,-0.1264971799095096,0.073628643553598,-0.13047899411319663,1.6500000000000032,600018.SH,上港集团,0.0477714034463222,4,subjective/semi-quantitative,low_value,1
2025-09-08,5.39147115,4467.5733,10,0.01610017889087656,-0.014311270125223707,-0.01073345259391778,0.023784679705199263,-0.012284499059030618,0.012318701072011606,-0.007684500814322703,-0.0020267710661930893,-0.023052153665929387,0.0034557810980682113,-0.022771636680738894,1.1249999999999922,20,0.01610017889087656,-0.030411449016100267,-0.0017889087656529634,0.057922183392044246,-0.012284499059030618,0.01600222205643509,-0.04182200450116769,-0.01812694995706965,-0.017791130822088053,0.0034557810980682113,-0.06154842214608791,0.5294117647058806,60,0.028622540250447193,-0.030411449016100267,-0.005366726296958779,0.06586586950906881,-0.012284499059030618,0.02924404172618722,-0.037243329258621616,-0.01812694995706965,-0.034610768023146,0.0034557810980682113,-0.06154842214608791,0.9411764705882314,600018.SH,上港集团,-0.0359139117580676,2,subjective/semi-quantitative,low_value,1
2025-10-09,5.33360205,4709.482,10,0.028933092224231682,-0.018083182640144524,0.025316455696202667,-0.003587698179969734,-0.0464203706479821,-0.021899924450289876,0.032520790404201416,0.028337188007837577,0.04721638014649254,0.05079764227104078,0.023288584760540854,1.6000000000000245,20,0.032549728752260476,-0.018083182640144524,0.014466546112115841,0.01111627563286155,-0.0464203706479821,-0.0034141334439754534,0.021433453119398926,0.028337188007837577,0.017880679556091295,0.05079764227104078,0.013445932751908307,1.8000000000000185,60,0.039783001808318286,-0.025316455696202556,-0.018083182640144524,0.01111627563286155,-0.061083087269470426,0.0017546940406609757,0.028666726175456736,0.03576663157326787,-0.0198378766808055,0.06580250912740637,-0.019803128249679336,1.5714285714285707,600018.SH,上港集团,-0.0320284188879771,2,subjective/semi-quantitative,neutral,0
2024-05-06,6.16015162,3657.8767,10,0.06019151846785231,-0.004103967168262557,0.05471956224350194,0.01234377309656165,-0.009260755016701316,0.009045028773113195,0.04784774537129066,0.00515678784843876,0.045674533470388745,0.052922040026741834,0.003793625867941186,14.666666666667027,20,0.12995896032831755,-0.004103967168262557,0.11217510259917929,0.01234377309656165,-0.024605914135924833,-0.018898504698094287,0.1176151872317559,0.020501946967662277,0.13107360729727358,0.1335984176203293,0.003793625867941186,31.66666666666746,60,0.16279069767441867,-0.09102187812708418,-0.08955341589465615,0.01234377309656165,-0.08340149901717575,-0.07886941623811428,0.15044692457785702,-0.007620379109908426,-0.010683999656541876,0.18778749748420265,-0.011598789406067178,1.7884787814104575,600039.SH,四川路桥,0.013217700007147,2,subjective/semi-quantitative,high_value,0
2025-01-24,6.43312872,3832.8637,10,0.02259887005649719,-0.02824858757062143,0.004237288135593209,0.0320992891033407,-0.012445446468654753,0.029882252270019505,-0.009500419046843511,-0.015803141101966678,-0.025644964134426296,0.018317664097771136,-0.041529294289386454,0.8000000000000016,20,0.05932203389830515,-0.02824858757062143,0.0466101694915253,0.042548317071645414,-0.012445446468654753,0.014508760121055175,0.016773716826659735,-0.015803141101966678,0.032101409370470124,0.03164231856079747,-0.04747823378946203,2.100000000000005,60,0.2612994350282485,-0.02824858757062143,0.2584745762711864,0.05020666401468965,-0.08316163186288095,-0.015076716659660927,0.21109277101355883,0.054913044292259516,0.27355129293084735,0.2777386803194519,-0.04747823378946203,9.250000000000009,600039.SH,四川路桥,-0.0168280712228769,2,subjective/semi-quantitative,low_value,1
2011-01-04,6.70721394,3189.682,10,0.04070660522273428,-0.03149001536098306,-0.026881720430107503,0.00633856290376289,-0.07589534003703191,-0.06647496521596818,0.03436804231897139,0.04440532467604885,0.03959324478586068,0.04686307612627649,0.0002028739375270483,1.292682926829271,20,0.04070660522273428,-0.04070660522273417,-0.02457757296466967,0.00633856290376289,-0.0848109623467167,-0.0352383090226549,0.03436804231897139,0.04410435712398253,0.010660736057985232,0.05291011801794876,0.0002028739375270483,1.0000000000000027,60,0.14592933947772657,-0.04070660522273417,0.13671274961597546,0.051981670900108634,-0.0848109623467167,0.04224151498487938,0.09394766857761794,0.04410435712398253,0.09447123463109608,0.09578031165961565,-0.0267395927900258,3.5849056603773657,600036.SH,招商银行,0.0135093654450556,2,subjective/semi-quantitative,neutral,0
2011-05-27,7.10387713,2963.308,10,0.010152284263959421,-0.06538096331066467,-0.04832045708538324,0.01670362986230245,-0.014025541725666058,-0.00437349070700721,-0.006551345598343028,-0.05135542158499862,-0.04394696637837603,0.0029791782450263593,-0.05655300360805737,0.1552789030611212,20,0.010152284263959421,-0.06538096331066467,-0.015682966915279373,0.03128766905093916,-0.034049784902548175,0.024696386605779663,-0.02113538478697974,-0.0313311784081165,-0.040379353521059036,0.0029791782450263593,-0.05655300360805737,0.1552789030611212,60,0.010152284263959421,-0.18332098460717605,-0.14252412189454633,0.05966102747335067,-0.08984756225137591,-0.06260604702582395,-0.04950874320939125,-0.09347342235580014,-0.07991807486872238,0.0029791782450263593,-0.11171154628281788,0.05537982618691441,600036.SH,招商银行,-0.0182014769260991,2,subjective/semi-quantitative,low_value,1
2014-09-24,6.58147392,2441.864,10,0.008514664143803197,-0.024597918637653704,-0.014191106906338624,0.01894003924870491,-0.008749463524586276,0.009013605999351304,-0.010425375104901713,-0.015848455113067428,-0.023204712905689928,-0.004625542331634702,-0.027322494751029658,0.3461538461538458,20,0.008514664143803197,-0.0416272469252601,-0.01797540208136228,0.01894003924870491,-0.03283720960708714,0.003898661022890604,-0.010425375104901713,-0.00879003731817296,-0.021874063104252883,0.0018133607535060214,-0.027322494751029658,0.20454545454545442,60,0.5137180700094608,-0.0416272469252601,0.3528855250709555,0.414987484970498,-0.03283720960708714,0.3229176563477738,0.09873058503896281,-0.00879003731817296,0.02996786872318169,0.046036816347381215,-0.052995471708997655,12.340909090909113,600036.SH,招商银行,0.0246000486666871,2,subjective/semi-quantitative,low_value,1
2015-03-09,9.14059008,3537.75,10,0.08719346049046317,-0.03065395095367862,0.07561307901907344,0.12283117800862131,-0.00728287753515644,0.1227647516076602,-0.03563771751815814,-0.02337107341852218,-0.04715167258858677,0.014849521712152258,-0.041996039260291496,2.8444444444444295,20,0.11784741144414146,-0.03065395095367862,0.06675749318801083,0.20428831884672438,-0.00728287753515644,0.20416762066285066,-0.08644090740258292,-0.02337107341852218,-0.13741012747483983,0.014849521712152258,-0.11411212618323063,3.8444444444444184,60,0.33514986376021794,-0.03065395095367862,0.32493188010899177,0.4774486608720232,-0.00728287753515644,0.45391562433750265,-0.14229879711180526,-0.02337107341852218,-0.1289837442285109,0.014849521712152258,-0.13131677041842105,10.933333333333279,600036.SH,招商银行,0.0316139028046574,2,subjective/semi-quantitative,low_value,1
2017-09-12,18.37331464,3837.934,10,0.001512859304084735,-0.032148260211800284,-0.0276096822995463,0.00636384054546002,-0.007699976080881021,-0.004469331676886679,-0.004850981241375285,-0.024448284130919262,-0.023140350622659622,-0.008709082810241298,-0.02703889700827411,0.04705882352941225,20,0.03366111951588513,-0.04992435703479581,0.022314674735249618,0.028528109133716173,-0.007699976080881021,0.01957667849421063,0.0051330103821689566,-0.042224380953914786,0.002737996241038987,0.0026854245480414374,-0.04305984112421002,0.6742424242424258,60,0.1974281391830559,-0.04992435703479581,0.07223903177004543,0.1101386839898757,-0.007699976080881021,0.046400485261080426,0.08728945519318021,-0.042224380953914786,0.025838546508965,0.07094533775163603,-0.044390186697688905,3.9545454545454497,600036.SH,招商银行,-0.0142482997016596,2,subjective/semi-quantitative,low_value,1
2017-10-25,18.6234808,3976.949,10,0.050000000000000044,-0.01977611940298496,0.010820895522388074,0.028211576261098603,-0.004194169952896121,0.017866962840106915,0.02178842373890144,-0.015581949450088839,-0.00704606731771884,0.03677148649501105,-0.017940009705954885,2.5283018867924696,20,0.1813432835820894,-0.01977611940298496,0.15298507462686572,0.07133357757416547,-0.004194169952896121,0.06301740354226304,0.11000970600792392,-0.015581949450088839,0.08996767108460269,0.0933011056123969,-0.023078253094775958,9.169811320754762,60,0.23544776119402977,-0.01977611940298496,0.20597014925373136,0.07937944389027862,-0.005408417357124828,0.07404344385608175,0.15606831730375115,-0.014367702045860131,0.1319267053976496,0.12283181481374728,-0.023078253094775958,11.905660377358556,600036.SH,招商银行,-0.0120594033325523,3,subjective/semi-quantitative,high_value,0
2017-12-05,20.49277794,4040.17,10,0.0003390979993218579,-0.055612071888775816,-0.004408273991183376,0.0074204798312942355,-0.020971889796716492,-0.001198216906714289,-0.007081381831972378,-0.034640182092059324,-0.0032100570844690868,-0.0032139080434233636,-0.03431346774513422,0.00609756097561073,20,0.033570701932858604,-0.055612071888775816,0.016276703967446737,0.02472272206367565,-0.020971889796716492,0.017628466128900344,0.008847979869182954,-0.034640182092059324,-0.0013517621614536068,0.004116885690437,-0.03431346774513422,0.6036585365853664,60,0.19871142760257698,-0.055612071888775816,0.04340454391319093,0.08988903932260284,-0.06955746911639848,-0.0008705079241715374,0.10882238827997415,0.013945397227622669,0.04427505183736247,0.14319557141037786,-0.03431346774513422,3.5731707317073167,600036.SH,招商银行,0.042679581917809,4,subjective/semi-quantitative,low_value,1
2018-01-02,20.58311572,4087.401,10,0.09385550303848755,-0.010465901417960777,0.07663740715732614,0.04294415938147478,0.00032514548976236846,0.04185349076344602,0.050911343657012775,-0.010791046907723145,0.03478391639388012,0.04314774767830465,-0.022464813196036548,8.967741935483927,20,0.19345037137069543,-0.010465901417960777,0.0995948683322081,0.07729508311026989,0.00032514548976236846,0.04127341555183839,0.11615528826042554,-0.010791046907723145,0.05832145278036971,0.07212712870405369,-0.022464813196036548,18.48387096774204,60,0.19345037137069543,-0.047940580688723866,-0.027346387575962194,0.07729508311026989,-0.08030897873734422,-0.0550281217820322,0.11615528826042554,0.03236839804862035,0.027681734206070008,0.15148387097425164,-0.022464813196036548,4.03521126760563,600036.SH,招商银行,0.0220072576749418,4,subjective/semi-quantitative,high_value,0
2018-01-31,23.58510964,4275.898,10,0.03447259870359476,-0.15733647613435475,-0.07572186210960508,0.002687154838585837,-0.12085227477362648,-0.072250788021604,0.03178544386500892,-0.036484201360728274,-0.0034710740880010693,0.05126248156716118,-0.026807478462937073,0.21910112359550676,20,0.03447259870359476,-0.15733647613435475,-0.09340011785503821,0.002687154838585837,-0.12085227477362648,-0.05595198950021729,0.03178544386500892,-0.036484201360728274,-0.03744812835482092,0.05126248156716118,-0.06934692765317574,0.21910112359550676,60,0.03447259870359476,-0.19387153800824986,-0.12551561579257509,0.002687154838585837,-0.13278894866060886,-0.09289791290624805,0.03178544386500892,-0.06108258934764099,-0.03261770288632704,0.05126248156716118,-0.07538626026964101,0.1778115501519766,600036.SH,招商银行,0.0245089321878866,4,subjective/semi-quantitative,low_value,1
2019-09-04,25.7090454,3886.001,10,0.0444253367727141,-0.015190599025508789,-0.01089137288621389,0.025537306861217912,-0.0016767880399413126,0.009876734463012182,0.018888029911496185,-0.013513810985567476,-0.020768107349226073,0.01237750045190289,-0.020564992380252445,2.924528301886774,20,0.0444253367727141,-0.02923473774720542,0.006305531670965925,0.025537306861217912,-0.020827066179344822,-0.002923828377810578,0.018888029911496185,-0.008407671567860597,0.009229360048776503,0.021248378362963782,-0.026990176864900572,1.5196078431372542,60,0.10490111779879618,-0.02923473774720542,0.04270564631699636,0.03722001100874639,-0.020888311660238856,-0.0017081827822484907,0.0676811067900498,-0.008346426086966563,0.04441382909924485,0.06877562748237143,-0.026990176864900572,3.588235294117656,600036.SH,招商银行,0.0246983971841819,2,subjective/semi-quantitative,low_value,1
2021-12-06,40.36902368,4892.6209,10,0.045928213045156374,-0.0275955229641065,-0.021806252412195914,0.051346733199786776,-0.004074769005708245,-0.0024941846608225182,-0.005418520154630402,-0.023520753958398255,-0.019312067751373396,-0.000953905227153995,-0.04363291192749874,1.664335664335668,20,0.045928213045156374,-0.08317252026244681,-0.06696256271709766,0.051346733199786776,-0.004074769005708245,0.00513924959933032,-0.005418520154630402,-0.07909775125673857,-0.07210181231642798,-0.000953905227153995,-0.079329771728467,0.5522041763341082,60,0.045928213045156374,-0.12774990351215743,-0.12234658433037426,0.051346733199786776,-0.13082605684818127,-0.128199162130056,-0.005418520154630402,0.0030761533360238458,0.005852577799681735,0.08257850521424048,-0.079329771728467,0.3595166163142,600036.SH,招商银行,0.0051284485863784,2,subjective/semi-quantitative,low_value,1
2025-09-23,39.42509145,4519.7781,10,0.00818291215403133,-0.044524669073405465,-0.001203369434416346,0.045702863156047435,-0.00639677421331819,0.019140275935227935,-0.037519951002016105,-0.038127894860087275,-0.02034364536964428,-0.01119884624948897,-0.06846073362369354,0.18378378378378502,20,0.022623345367027703,-0.044524669073405465,-0.01877256317689524,0.05045816297928418,-0.00639677421331819,0.05045816297928418,-0.02783481761225648,-0.038127894860087275,-0.06923072615617942,0.0021919043533755733,-0.06846073362369354,0.5081081081081095,60,0.05391095066185314,-0.044524669073405465,0.00673886883273167,0.053554797302991286,-0.021674913642331428,0.025284537751975034,0.00035615335886185484,-0.022849755431074037,-0.018545668919243363,0.0502739445793674,-0.06846073362369354,1.2108108108108115,600036.SH,招商银行,0.0085827789631283,2,subjective/semi-quantitative,low_value,1
2016-10-10,31.46659349,3293.869,10,0.020994133991972808,-0.0188329731398581,0.0,0.027006842105742557,-0.0067786545245120955,0.022377635540454133,-0.006012708113769749,-0.012054318615346005,-0.022377635540454133,-0.0001942318856562597,-0.021887837490326856,1.1147540983606474,20,0.020994133991972808,-0.03272615004631063,-0.025933930225378155,0.027006842105742557,-0.0067786545245120955,0.019042348071523163,-0.006012708113769749,-0.025947495521798536,-0.04497627829690132,-0.0001942318856562597,-0.04413582848840014,0.6415094339622626,60,0.062056190182155024,-0.058351343007100986,-0.014819388700216152,0.08799682076002413,-0.008142703914454485,0.014681215312448481,-0.025940630577869106,-0.0502086390926465,-0.029500604012664633,-0.0001942318856562597,-0.06633751746147776,1.0634920634920637,600118.SH,中国卫星,0.0498360047214549,2,subjective/semi-quantitative,low_value,1
2017-11-22,25.91853017,4227.566,10,-0.0011290929619872658,-0.06661648475724502,-0.040270982310877,-0.003164232090048902,-0.062153494469394444,-0.050086740218839854,0.002035139128061636,-0.004462990287850577,0.009815757907962852,0.010333320234127585,-0.01465910490772604,-0.016949152542373815,20,0.01618366578848307,-0.06661648475724502,-0.017689123071132795,-0.003164232090048902,-0.06436942675761892,-0.04661713146524493,0.019347897878531972,-0.002247057999626101,0.028928008394112137,0.0593861267447775,-0.01465910490772604,0.2429378531073419,60,0.01618366578848307,-0.30861874294316904,-0.2596913812570568,0.04157735207445623,-0.11080134526581009,-0.04135547499435832,-0.02539368628597316,-0.19781739767735895,-0.2183359062626985,0.0593861267447775,-0.23337983427227216,0.052439024390243304,600118.SH,中国卫星,0.0695629505257163,2,subjective/semi-quantitative,low_value,1
2019-06-11,2.03,3719.275,10,0.024630541871921263,-0.024630541871921152,0.0,0.03678405065503365,-0.0216426588515235,0.022056449173561976,-0.012153508783112388,-0.0029878830203976525,-0.022056449173561976,0.0141649891135458,-0.02698810112706662,1.0000000000000044,20,0.024630541871921263,-0.024630541871921152,-0.01970443349753681,0.059998252347567727,-0.0216426588515235,0.019857095804961977,-0.03536771047564646,-0.0029878830203976525,-0.03956152930249879,0.0141649891135458,-0.04603584366120028,1.0000000000000044,60,0.024630541871921263,-0.10344827586206884,-0.06896551724137923,0.059998252347567727,-0.03855939665660646,0.036118598382749445,-0.03536771047564646,-0.06488887920546238,-0.10508411562412867,0.0141649891135458,-0.10142093365388072,0.23809523809523916,600221.SH,海航控股,0.0374100644393198,2,subjective/semi-quantitative,low_value,1
2023-03-24,1.76,4027.0457,10,0.03977272727272729,-0.022727272727272707,0.005681818181818121,0.026135660690416174,-0.010715026154284879,0.019310955423227583,0.01363706658231112,-0.012012246572987828,-0.013629137241409461,0.012439057940605514,-0.01600013269337175,1.7500000000000024,20,0.03977272727272729,-0.051136363636363646,-0.045454545454545525,0.035416061953307265,-0.014685380898458611,-0.011026147530434072,0.004356665319420028,-0.036450982737905036,-0.034428397924111453,0.012439057940605514,-0.05137953233892811,0.777777777777778,60,0.03977272727272729,-0.10227272727272718,-0.10227272727272718,0.035416061953307265,-0.061899098885319304,-0.053972444365356975,0.004356665319420028,-0.04037362838740788,-0.04830028290737021,0.03003719599824417,-0.05137953233892811,0.38888888888888945,600221.SH,海航控股,0.0572010698243449,2,subjective/semi-quantitative,low_value,1
2017-10-26,15.18132096,3993.575,10,0.004369538077403146,-0.05742821473158555,-0.022471910112359605,0.023930939070882618,-0.008339895957882315,0.020614111416462633,-0.019561400993479472,-0.04908831877370323,-0.04308602152882224,-0.020075309937251373,-0.055149149665360886,0.07608695652173735,20,0.004369538077403146,-0.1429463171036205,-0.10424469413233473,0.06687341542352421,-0.008339895957882315,0.02724901873634522,-0.06250387734612106,-0.13460642114573818,-0.13149371286867995,-0.020075309937251373,-0.1607103084628585,0.030567685589518945,60,0.004369538077403146,-0.1853932584269663,-0.16416978776529345,0.08087891175200168,-0.00954908822295808,0.07307237249832554,-0.07650937367459854,-0.17584417020400822,-0.237242160263619,-0.020075309937251373,-0.22437384770557633,0.023569023569023028,600372.SH,中航机载,0.0033652936559908,2,subjective/semi-quantitative,low_value,1
2024-07-11,11.64530133,3468.169,10,0.04919423240033938,-0.004240882103477617,0.027989821882951738,0.022250732302837584,-0.02432692870503128,-0.019865640918882543,0.026943500097501794,0.020086046601553664,0.04785546280183428,0.04882541088213577,0.0010611377711333692,11.59999999999977,20,0.11026293469041559,-0.004240882103477617,0.058524173027989734,0.022250732302837584,-0.043118977189404495,-0.036108995841898084,0.08801220238757801,0.03887809508592688,0.09463316886988782,0.1272024945225605,0.0010611377711333692,25.999999999999424,60,0.20949957591178947,-0.12977099236641232,0.10093299406276501,0.2832037596783781,-0.09295342874006418,0.14219993316357993,-0.0737041837665886,-0.03681756362634814,-0.041266939100814914,0.1272024945225605,-0.053303966577028405,1.6143790849673176,600372.SH,中航机载,0.0086723723891588,2,subjective/semi-quantitative,high_value,0
2025-12-01,12.2630601,4576.4856,10,0.04869786946571364,-0.012155591572123203,0.03489921328853307,0.014015121122636254,-0.01361258516797259,-0.005337283263821546,0.034682748343077385,0.0014569935958493874,0.04023649655235462,0.040452402483108996,0.004155687771799421,4.0062113947127,20,0.09090552365473603,-0.012155591572123203,0.07304843919014958,0.02177334503139261,-0.020149872207616992,0.013741220992807168,0.06913217862334342,0.007994280635493789,0.059307218197342415,0.06738365904961507,0.004155687771799421,7.4784944126629345,60,0.37743056074560055,-0.012155591572123203,0.21752848622180343,0.056914698912195805,-0.020149872207616992,0.015559209888041714,0.32051586183340475,0.007994280635493789,0.20196927633376172,0.3018132554983435,0.004155687771799421,31.04995413067134,600372.SH,中航机载,-0.014408832807075,2,subjective/semi-quantitative,high_value,0
2012-11-01,1.56819546,2297.884,10,0.05946791862284817,-0.04538341158059467,0.0046948356807512415,0.008854668033721591,-0.04541917694713915,-0.045372612368596466,0.05061325058912658,3.576536654448237e-05,0.05006744804934771,0.08863264900320211,0.0009504404019196055,1.3103448275862066,20,0.05946791862284817,-0.12519561815336477,-0.11267605633802824,0.008854668033721591,-0.07981560426897105,-0.07929381987950657,0.05061325058912658,-0.04538001388439372,-0.033382236458521675,0.08863264900320211,-0.036257209063322415,0.4749999999999992,60,0.1940532081377151,-0.164319248826291,0.046948356807511527,0.16869737549850217,-0.08518663257153092,0.1644913320254635,0.025355832639212927,-0.07913261625476009,-0.11754297521795198,0.08863264900320211,-0.10636211148306618,1.180952380952381,600346.SH,恒力石化,0.109039421715478,2,subjective/semi-quantitative,low_value,1
2013-11-04,1.49947954,2380.454,10,0.013093289689034338,-0.054009819967266726,0.009819967266775809,0.020631358555972756,-0.04261708060731284,0.020352840256522287,-0.007538068866938419,-0.011392739359953885,-0.010532872989746478,0.019922958136680657,-0.010784883594253558,0.24242424242424204,20,0.03927986906710301,-0.054009819967266726,-0.04418985270049103,0.03545920232022959,-0.04261708060731284,0.016103650816188697,0.0038206667468734246,-0.011392739359953885,-0.060293503516679725,0.019922958136680657,-0.05933794595487263,0.7272727272727262,60,0.17184942716857599,-0.054009819967266726,0.11456628477905073,0.04460745723294779,-0.09409801659683403,-0.0674657019207261,0.1272419699356282,0.04008819662956731,0.18203198669977683,0.20401131788005178,-0.05933794595487263,3.1818181818181825,600346.SH,恒力石化,-0.1587873119788014,2,subjective/semi-quantitative,low_value,1
2024-07-11,13.4945667,3468.169,10,0.03797468354430378,-0.07594936708860767,-0.058368495077355864,0.022250732302837584,-0.02432692870503128,-0.019865640918882543,0.015723951241466194,-0.051622438383576386,-0.03850285415847332,0.010721553103171244,-0.05601017826355281,0.4999999999999993,20,0.03797468354430378,-0.07594936708860767,-0.040084388185654074,0.022250732302837584,-0.043118977189404495,-0.036108995841898084,0.015723951241466194,-0.03283038989920317,-0.00397539234375599,0.010721553103171244,-0.05601017826355281,0.4999999999999993,60,0.21167369901547106,-0.14697609001406475,0.05203938115330531,0.2832037596783781,-0.09295342874006418,0.14219993316357993,-0.07153006066290701,-0.05402266127400057,-0.09016055201027462,0.010721553103171244,-0.07893587575386618,1.4401913875598074,600346.SH,恒力石化,0.0128179948586274,2,subjective/semi-quantitative,low_value,1
2016-05-31,13.7328442,3169.56,10,0.02660007312978907,-0.013278188942098423,0.018485692133607623,0.010155668294652864,-0.04017182195635982,-0.023626307752495523,0.016444404835136206,0.026893633014261398,0.042111999886103146,0.04313102679893599,-0.0077191920683988835,2.0032907534139457,20,0.08104495207190943,-0.013278188942098423,0.04989619921560018,0.010155668294652864,-0.04278038592107414,-0.004934123348351194,0.07088928377725656,0.029502196978975714,0.05483032256395137,0.07329997141468625,-0.0077191920683988835,6.1036149150549335,60,0.20092838743484775,-0.013278188942098423,0.15512139794027502,0.07860018425270399,-0.04278038592107414,0.04398465402137841,0.12232820318214377,0.029502196978975714,0.11113674391889661,0.14424019980974845,-0.0077191920683988835,15.132213309437512,600276.SH,恒瑞医药,0.0150320740056052,2,subjective/semi-quantitative,high_value,0
2025-09-08,21.658951,4467.5733,10,0.01797752808988773,-0.011235955056179692,0.0031460674157304247,0.023784679705199263,-0.012284499059030618,0.012318701072011606,-0.005807151615311534,0.0010485440028509263,-0.009172633656281182,0.005701021758092839,-0.01587911527763919,1.6000000000000199,20,0.0849261213066137,-0.011235955056179692,0.06456679042304514,0.057922183392044246,-0.012284499059030618,0.01600222205643509,0.027003937914569454,0.0010485440028509263,0.04856456836661005,0.04779966747347575,-0.022451096514911617,7.5584247962886755,60,0.16998288144241158,-0.011235955056179692,0.016609255452861182,0.06586586950906881,-0.012284499059030618,0.02924404172618722,0.10411701193334277,0.0010485440028509263,-0.012634786273326037,0.09172378494700406,-0.022451096514911617,15.128476448374743,600406.SH,国电南瑞,-0.0245921966605902,2,subjective/semi-quantitative,neutral,0
2014-10-28,10.87114215,2416.653,10,0.08865514650638606,-0.003005259203606392,0.03831705484598036,0.07685008977292163,-0.00039310567135608654,0.058741987368480464,0.011805056733464436,-0.0026121535322503053,-0.020424932522500105,0.025893722320376344,-0.019291699740053403,29.49999999999917,20,0.18407212622088642,-0.003005259203606392,0.16979714500375653,0.11148063044218604,-0.00039310567135608654,0.1112729051295327,0.07259149577870039,-0.0026121535322503053,0.05852423987422384,0.05266414721719692,-0.019291699740053403,61.24999999999831,60,0.551465063861758,-0.003005259203606392,0.37415477084898563,0.5268029791616755,-0.00039310567135608654,0.47626200368857274,0.024662084700082465,-0.0026121535322503053,-0.10210723283958711,0.06798755937517487,-0.12042325616534355,183.49999999999503,600362.SH,江西铜业,0.0081295241296639,2,subjective/semi-quantitative,high_value,0
2023-03-17,16.79496624,3958.8194,10,0.06784188034188032,0.004807692307692291,0.05715811965811968,0.026459428788289774,-0.0060127269256081695,0.023266103020511686,0.04138245155359055,0.01082041923330046,0.03389201663760799,0.03899893595295567,0.003061813793403312,,20,0.15224358974358965,0.004807692307692291,0.14850427350427342,0.0481366237621248,-0.0060127269256081695,0.0481366237621248,0.10410696598146485,0.01082041923330046,0.10036764974214862,0.10130547296953907,0.003061813793403312,,60,0.16292735042735051,-0.031517094017094016,0.02136752136752129,0.05326042405470699,-0.04573186642462135,-0.008416650681261073,0.10966692637264353,0.014214772407527332,0.029784172048782365,0.10130547296953907,0.003061813793403312,5.169491525423732,600362.SH,江西铜业,-0.0320286701089647,2,subjective/semi-quantitative,low_value,1
2023-05-04,18.53547022,4030.2471,10,0.023233301064859546,-0.09099709583736693,-0.07066795740561471,0.015533290750336493,-0.026602686470514447,-0.018405074964262136,0.007700010314523054,-0.06439440936685248,-0.052262882441352576,-0.0007763547926050718,-0.06484345867818109,0.2553191489361692,20,0.023233301064859546,-0.12245885769603104,-0.10454985479186829,0.015533290750336493,-0.061744030533512406,-0.055425683452510865,0.007700010314523054,-0.060714827162518636,-0.049124171339357425,-0.0007763547926050718,-0.07186800595184528,0.18972332015810198,60,0.023233301064859546,-0.12245885769603104,-0.0069401120377943215,0.015533290750336493,-0.0626442731017659,-0.0038749485112216098,0.007700010314523054,-0.05981458459426514,-0.0030651635265727117,0.0030332520453490996,-0.07186800595184528,0.18972332015810198,600362.SH,江西铜业,-0.0183707787550657,4,subjective/semi-quantitative,low_value,1
2024-12-23,19.69226721,3933.5718,10,0.019240019240019057,-0.03318903318903321,0.005291005291005346,0.018860924313114147,-0.04842903846321045,-0.03494694058972048,0.0003790949269049104,0.015240005274177237,0.04023794588072582,0.04169506068952744,-0.007552864517910374,0.5797101449275304,20,0.03318903318903321,-0.03318903318903321,0.00962000962000964,0.018860924313114147,-0.058334895526757635,-0.025665554140895552,0.014328108875919066,0.025145862337724423,0.03528556376090519,0.06840244894382375,-0.007552864517910374,1.0,60,0.21837421837421833,-0.03318903318903321,0.15921115921115914,0.023319060808804748,-0.058334895526757635,-0.0036138148031262807,0.19505515756541358,0.025145862337724423,0.16282497401428542,0.16341552746650456,-0.007552864517910374,6.57971014492753,600362.SH,江西铜业,-0.0485671445948508,2,subjective/semi-quantitative,low_value,1
2025-09-12,30.20116975,4521.998,10,0.062318372618663354,-0.09686793671294791,0.01065547303842429,0.020334064720948675,-0.014818538177150842,0.0062031650611080735,0.04198430789771468,-0.08204939853579707,0.004452307977316217,0.0044248598413481055,-0.0879974754513363,0.6433333333333354,20,0.3958669680335809,-0.09686793671294791,0.201485308362932,0.045189515784836765,-0.014818538177150842,0.0035873744305061628,0.35067745224874414,-0.08204939853579707,0.19789793393242583,0.3314565159829086,-0.0879974754513363,4.086666666666671,60,0.46649410359345445,-0.09686793671294791,0.3434430737571017,0.05303759532843677,-0.022155184500302738,0.006647857871675322,0.4134565082650177,-0.07471275221264517,0.3367952158854264,0.4287734634289426,-0.0879974754513363,4.815774129429767,600362.SH,江西铜业,-0.1300176818954831,4,subjective/semi-quantitative,high_value,0
2025-10-24,38.11959075,4660.6835,10,0.1550268610897927,-0.05167562036326423,0.01995395241749809,0.02170291117171974,-0.021867779693686584,0.0038858892692454905,0.13332394991807295,-0.029807840669577645,0.016068063148252598,0.09738834248808725,-0.004127590674759429,3.0,20,0.1550268610897927,-0.09183934510104885,-0.0874904067536455,0.02170291117171974,-0.04452171017405504,-0.04443037163969621,0.13332394991807295,-0.04731763492699381,-0.04306003511394929,0.09738834248808725,-0.04506216379840111,1.6880222841225618,60,0.72379154726366,-0.09465336403172164,0.5748410625316065,0.03782093334593517,-0.05125239677828386,0.012486301633655161,0.6859706139177248,-0.04340096725343778,0.5623547608979513,0.6329081790905366,-0.04506216379840111,7.646759887172021,600362.SH,江西铜业,0.1270285932522218,4,subjective/semi-quantitative,high_value,0
2026-01-13,56.39487192,4761.0324,10,0.16518091242789712,0.0068169900367067715,0.06275126726096825,0.011986559889825665,-0.01793550071198835,-0.011623655407176026,0.15319435253807145,0.024752490748695122,0.07437492266814427,0.1275138997511136,0.049482447803696594,,20,0.23579793742352728,-0.09089320048942495,-0.028141933228456484,0.011986559889825665,-0.038400011728548566,-0.007716141566270318,0.22381137753370162,-0.052493188760876386,-0.020425791662186166,0.2336335921866164,-0.021966045272474366,2.5942307692307676,60,0.23579793742352728,-0.2623667191050516,-0.1746198217094913,0.011986559889825665,-0.07702911242527999,-0.005130126818712832,0.22381137753370162,-0.18533760667977162,-0.16948969489077848,0.2336335921866164,-0.20430056396451468,0.8987341772151894,600362.SH,江西铜业,0.0150556449335834,4,subjective/semi-quantitative,high_value,0
2014-09-23,5.26574286,2399.462,10,0.09031198686371122,-0.027093596059113212,0.005747126436781658,0.036946198772891625,-0.00516449104007477,0.019629400257224372,0.0533657880908196,-0.021929105019038442,-0.013882273820442714,0.03578443871432779,-0.03048781495626285,3.3333333333333526,20,0.09031198686371122,-0.03858784893267653,0.02298850574712663,0.036946198772891625,-0.015746029734998945,0.0071645227138417145,0.0533657880908196,-0.022841819197677582,0.015823983033284916,0.03578443871432779,-0.03048781495626285,2.340425531914899,60,0.19376026272577995,-0.10098522167487667,-0.09605911330049244,0.43999238162554777,-0.015746029734998945,0.3856956267696676,-0.24623211889976782,-0.08523919193987772,-0.48175474007016006,0.12429669361849038,-0.3476627411989647,1.9186991869918733,600233.SH,圆通速递,0.3722446136239239,4,subjective/semi-quantitative,high_value,0
2014-10-16,5.46461328,2444.395,10,0.012658227848101333,-0.07357594936708867,-0.010284810126582333,0.01226520263705333,-0.03383863900883455,0.010035202984787661,0.0003930252110480037,-0.03973731035825412,-0.020320013111369994,-0.0029244672149266737,-0.045960016424225314,0.17204301075268896,20,0.15031645569620244,-0.07357594936708867,0.03876582278481022,0.06673389529924578,-0.03383863900883455,0.05537362005731472,0.08358256039695666,-0.03973731035825412,-0.0166077972725045,0.10366852699366724,-0.045960016424225314,2.0430107526881693,60,0.15031645569620244,-0.13844936708860756,-0.11471518987341767,0.5094749416522288,-0.03383863900883455,0.4374010747035566,-0.3591584859560264,-0.10461072807977301,-0.5521162645769743,0.10366852699366724,-0.3961910120144957,1.0857142857142854,600233.SH,圆通速递,0.3648925968546221,3,subjective/semi-quantitative,high_value,0
2014-11-19,5.63322081,2537.223,10,0.05525709900230247,-0.01534919416730618,0.009976976208749155,0.19351945020205163,-0.005670372686989,0.16960511551408763,-0.13826235119974917,-0.009678821480317179,-0.15962813930533848,0.02921376899294592,-0.13648037033009697,3.6000000000000143,20,0.05525709900230247,-0.12970069071373747,-0.08135072908672292,0.33524999576308434,-0.005670372686989,0.32451818385691755,-0.2799928967607819,-0.12403031802674847,-0.40586891294364047,0.02921376899294592,-0.30642758845467455,0.4260355029585808,60,0.05525709900230247,-0.1642363775901765,-0.0675364543361473,0.4542486017192813,-0.005670372686989,0.36756918883361855,-0.3989915027169788,-0.1585660049031875,-0.43510564316976585,0.02921376899294592,-0.39201973184535566,0.33644859813084166,600233.SH,圆通速递,-0.4115956185027559,4,subjective/semi-quantitative,low_value,1
2016-09-07,20.03791937,3340.817,10,0.48241424229266183,-0.06556665219279212,0.37212331741207105,0.0012374218641728607,-0.03277102577004365,-0.019501217815881544,0.48117682042848897,-0.03279562642274847,0.3916245352279526,0.39941358657844117,-0.026714739960930878,7.357615894039724,20,0.49283543204515845,-0.06556665219279212,0.38124185844550595,0.0012374218641728607,-0.037827872643128924,-0.010467200089079975,0.4915980101809856,-0.027738779549663195,0.39170905853458593,0.5065481833816612,-0.026714739960930878,7.516556291390716,60,0.7307859313938341,-0.06556665219279212,0.269648284845853,0.07270736469552208,-0.037827872643128924,0.045762159375984934,0.658078566698312,-0.027738779549663195,0.22388612546986808,0.6452973461024147,-0.026714739960930878,11.145695364238392,600233.SH,圆通速递,0.06161396860485,4,subjective/semi-quantitative,high_value,0
2016-10-17,28.81701648,3277.879,10,0.11080917874396135,-0.021135265700482964,0.04287439613526578,0.03201674009321276,-0.0015857815373904183,0.017816093882660144,0.07879243865074859,-0.019549484163092545,0.025058302252605635,0.07856085406384716,-0.018339817789598367,5.242857142857174,20,0.2035024154589371,-0.021135265700482964,0.14824879227053156,0.05330794699865371,-0.0015857815373904183,0.046484022137485814,0.1501944684602834,-0.019549484163092545,0.10176477013304575,0.1225048807606608,-0.018339817789598367,9.628571428571483,60,0.2035024154589371,-0.29287439613526567,-0.20289855072463758,0.09330423728270643,-0.003304270840992052,0.02452561549709431,0.11019817817623068,-0.2895701252942736,-0.2274241662217319,0.1225048807606608,-0.2851648696657443,0.694845360824742,600233.SH,圆通速递,0.0482414726979946,4,subjective/semi-quantitative,high_value,0
2018-01-02,14.8607091,4087.401,10,0.055457227138643095,-0.019469026548672552,-0.013569321533923207,0.04294415938147478,0.00032514548976236846,0.04185349076344602,0.012513067757168317,-0.01979417203843492,-0.05542281229736923,0.025597734330693678,-0.05319635897822517,2.8484848484848517,20,0.055457227138643095,-0.03362831858407067,-0.0212389380530974,0.07729508311026989,0.00032514548976236846,0.04127341555183839,-0.021837855971626796,-0.03395346407383304,-0.06251235360493579,0.025597734330693678,-0.0819407765774205,1.6491228070175508,60,0.1073746312684365,-0.16873156342182882,-0.06135693215339233,0.07729508311026989,-0.08030897873734422,-0.0550281217820322,0.030079548158166602,-0.0884225846844846,-0.006328810371360127,0.08874635044733936,-0.154273723796292,0.6363636363636361,600233.SH,圆通速递,0.0227442427925426,2,subjective/semi-quantitative,low_value,1
2017-03-15,6.49757322,3463.644,10,0.054616384915474825,-0.0039011703511052653,0.032509752925877766,0.012222676464440418,-0.009763994221115069,0.0004472168617792871,0.042393708451034406,0.005862823870009803,0.03206253606409848,0.05107186903429661,0.0013377661261746443,14.000000000000284,20,0.054616384915474825,-0.02860858257477239,-0.010403120936280819,0.01823830624625411,-0.011917506533581368,0.006599985448850987,0.036378078669220715,-0.016691076041191022,-0.017003106385131805,0.05107186903429661,-0.022945977901170256,1.9090909090909183,60,0.054616384915474825,-0.07932379713914162,-0.04941482444733414,0.04043313920252789,-0.04352410351641223,0.020687460951529735,0.014183245712946935,-0.03579969362272939,-0.07010228539886387,0.05107186903429661,-0.08264702736261964,0.6885245901639379,600415.SH,小商品城,0.0586120077220984,2,subjective/semi-quantitative,neutral,0
2023-02-13,4.59600812,4143.574,10,0.09288537549407128,-0.035573122529644174,0.035573122529644285,0.0058708496578077085,-0.026702913957853736,-0.02406849738896899,0.08701452583626357,-0.008870208571790439,0.059641619918613276,0.07272247334399307,-0.013770423659772102,2.611111111111122,20,0.09288537549407128,-0.035573122529644174,0.02371541501976293,0.0058708496578077085,-0.04366554090743868,-0.032553539528918596,0.08701452583626357,0.008092418377794508,0.05626895454868153,0.07272247334399307,-0.013770423659772102,2.611111111111122,60,1.1501976284584985,-0.035573122529644174,0.8280632411067195,0.006297413778540095,-0.0526448906185818,-0.04967011570204838,1.1439002146799584,0.017071768088937622,0.8777333568087679,1.1609358324703654,-0.013770423659772102,32.333333333333435,600415.SH,小商品城,0.039813002077613,3,subjective/semi-quantitative,high_value,0
2020-08-21,196.38631628,4718.8431,10,0.42026184839847347,4.83115126335143e-05,0.18778684960626113,0.03864684545243735,-0.00836662698109214,0.010887393140916357,0.3816150029460361,0.008414938493725654,0.17689945646534477,0.284292292149247,-0.00198094842560137,,20,0.42026184839847347,4.83115126335143e-05,0.18020194212280805,0.03864684545243735,-0.034078840214034734,0.0038665409324587507,0.3816150029460361,0.03412715172666825,0.1763354011903493,0.2910537192851743,-0.00198094842560137,,60,0.42026184839847347,4.83115126335143e-05,0.0555099280158462,0.06586538128381503,-0.034780389286518165,0.060647110729322495,0.35439646711465844,0.03482870079915168,-0.005137182713476296,0.2910537192851743,-0.004843441953039318,,600436.SH,片仔癀,0.0565256600617807,4,subjective/semi-quantitative,low_value,1
2014-09-24,3.87595841,2441.864,10,0.02585315408479838,-0.022750775594622574,-0.006204756980351611,0.01894003924870491,-0.008749463524586276,0.009013605999351304,0.00691311483609347,-0.014001312070036298,-0.015218362979702915,0.015112892295226388,-0.018434491828745014,1.1363636363636365,20,0.02585315408479838,-0.07135470527404342,-0.026887280248190315,0.01894003924870491,-0.03283720960708714,0.003898661022890604,0.00691311483609347,-0.03851749566695628,-0.03078594127108092,0.015112892295226388,-0.03985204328968461,0.3623188405797107,60,0.04033092037228547,-0.08169596690796277,-0.05170630816959665,0.414987484970498,-0.03283720960708714,0.3229176563477738,-0.3746565645982125,-0.04885875730087563,-0.37462396451737046,0.015112892295226388,-0.31629770801798696,0.49367088607595006,600438.SH,通威股份,-0.0084141577816128,2,subjective/semi-quantitative,low_value,1
2014-10-27,3.72364567,2368.832,10,0.019375672766415608,-0.034445640473627415,-0.020452099031216253,0.08312028881744249,0.0018249500175615552,0.08312028881744249,-0.06374461605102688,-0.03627059049118897,-0.10357238784865874,-0.013457356976692814,-0.09562408618689966,0.5625000000000054,20,0.04305705059203446,-0.04413347685683522,0.023681377825619077,0.1261545774457622,0.0018249500175615552,0.11838154837489534,-0.08309752685372773,-0.045958426874396774,-0.09470017054927626,-0.013457356976692814,-0.10008422438580755,0.9756097560975633,60,0.12163616792249732,-0.04413347685683522,0.09472551130247586,0.5576254457893175,0.0018249500175615552,0.49815816402345137,-0.4359892778668202,-0.045958426874396774,-0.4034326527209755,-0.013457356976692814,-0.32892477640841533,2.7560975609756153,600438.SH,通威股份,0.1120358835475622,2,subjective/semi-quantitative,low_value,1
2023-04-17,23.83018118,4149.3836,10,0.02143276570757502,-0.13857897827363486,-0.0869054609512625,0.004888485123428987,-0.05397129347115559,-0.028711854936718795,0.01654428058414603,-0.08460768480247927,-0.05819360601454371,-0.0015754599246851075,-0.059913843600708505,0.15466101694915352,20,0.02143276570757502,-0.1432765707574868,-0.1379917792131533,0.004888485123428987,-0.05455072893236479,-0.04658848605850763,0.01654428058414603,-0.088725841825122,-0.09140329315464568,-0.0015754599246851075,-0.09586971818367906,0.14959016393442728,60,0.03477871921072806,-0.16089254257193197,-0.01736713526741218,0.004888485123428987,-0.0895574947565706,-0.06801219824554183,0.029890234087299072,-0.07133504781536137,0.05064506297812965,0.09339426924558891,-0.09586971818367906,0.2161611635615688,600426.SH,华鲁恒升,0.0021989240733436,2,subjective/semi-quantitative,low_value,1
2024-07-11,19.23884767,3468.169,10,0.03395650515070603,-0.08622663105684847,-0.08088515833651266,0.022250732302837584,-0.02432692870503128,-0.019865640918882543,0.011705772847868445,-0.06189970235181719,-0.06101951741763012,0.02012098037169796,-0.06225627828702618,0.3938053097345158,20,0.03395650515070603,-0.12628767645936656,-0.09309423884013734,0.022250732302837584,-0.043118977189404495,-0.036108995841898084,0.011705772847868445,-0.08316869926996207,-0.05698524299823926,0.02012098037169796,-0.08416217909336654,0.2688821752265878,60,0.09805417779473502,-0.2434185425410148,-0.09004196871423109,0.2832037596783781,-0.09295342874006418,0.14219993316357993,-0.18514958188364306,-0.15046511380095062,-0.23224190187781102,0.02012098037169796,-0.203328589973355,0.40282131661442094,600426.SH,华鲁恒升,-0.0154192493119592,2,subjective/semi-quantitative,low_value,1
2025-11-27,21.38868106,4515.4027,10,0.05660377358490565,-0.02919188323246702,-0.02135991456034181,0.02773238807692624,-0.005088604832521382,0.008145917970948657,0.028871385507979408,-0.024103278399945638,-0.029505832531290466,0.030604810860792364,-0.030646552681040995,1.9390243902439053,20,0.13599145603417573,-0.03559985760056961,0.1256674973300107,0.03006394091937814,-0.006894778177813254,0.028155406825619567,0.10592751511479759,-0.028705079422756352,0.09751209050439114,0.09484178156048895,-0.033608428649314126,3.8199999999999954,60,0.5087219651121397,-0.03559985760056961,0.4432182271270917,0.07121229741037283,-0.006894778177813254,0.031114279131737366,0.4375096677017669,-0.028705079422756352,0.4121039479953543,0.39966854919550876,-0.033608428649314126,14.290000000000001,600426.SH,华鲁恒升,-0.056504573708006,4,subjective/semi-quantitative,high_value,0
2025-12-15,21.41913842,4552.0596,10,0.13437611091361523,-0.015286171347316135,0.0995378599360115,0.02725610183135574,-0.01489207215125199,0.019180878035955473,0.10712000908225949,-0.000394099196064146,0.08035698190005602,0.10216044568283045,0.013198231880915401,8.790697674418537,20,0.20440810522573782,-0.015286171347316135,0.18343405616779251,0.06258602150112447,-0.01489207215125199,0.04171100923195303,0.14182208372461336,-0.000394099196064146,0.14172304693583948,0.13604833363557423,0.013198231880915401,13.372093023255736,60,0.5677212939921792,-0.015286171347316135,0.2957696409527195,0.06258602150112447,-0.01489207215125199,0.006852173025151176,0.5051352724910547,-0.000394099196064146,0.28891746792756834,0.43518055614364703,0.013198231880915401,37.139534883720685,600426.SH,华鲁恒升,-0.0491713287288662,3,subjective/semi-quantitative,high_value,0
2026-01-06,25.34052352,4790.6938,10,0.14453124999999978,-0.053185096153846145,0.140625,0.009656451013420941,-0.022068912022722098,-0.014990647074960228,0.13487479898657884,-0.031116184131124047,0.15561564707496023,0.1579839283889548,-0.02778676498783672,2.7175141242937815,20,0.17758413461538458,-0.053185096153846145,0.10066105769230771,0.009656451013420941,-0.04435372179286434,-0.027258348258450638,0.16792768360196364,-0.008831374360981803,0.12791940595075835,0.17843633132601,-0.02778676498783672,3.3389830508474576,60,0.3251201923076923,-0.053185096153846145,0.16436298076923084,0.009656451013420941,-0.08274365186938071,-0.04685544711707523,0.31546374129427135,0.029558555715534562,0.21121842788630607,0.27668404335588814,-0.02778676498783672,6.112994350282486,600426.SH,华鲁恒升,-0.0463604759105549,4,subjective/semi-quantitative,high_value,0
2026-02-03,27.89132742,4660.1074,10,0.048048048048048075,-0.053235053235053176,0.009555009555009653,0.022843100139709138,-0.011473877190040782,0.016261084454834762,0.025204947908338937,-0.041761176045012394,-0.00670607489982511,0.0012904183398869673,-0.03298873260410773,0.9025641025641041,20,0.203931203931204,-0.053235053235053176,0.09718809718809718,0.022843100139709138,-0.02384889240964705,0.009525209655039335,0.18108810379149487,-0.029386160825406127,0.08766288753305784,0.11649167019658924,-0.03298873260410773,3.8307692307692367,60,0.203931203931204,-0.07289107289107288,-0.04477204477204477,0.06677854677769868,-0.0570401231525266,0.06178808239483935,0.13715265715350533,-0.015850949738546283,-0.10656012716688412,0.128307153602647,-0.10541529525152704,2.7977528089887653,600426.SH,华鲁恒升,0.06469215091123,4,subjective/semi-quantitative,high_value,0
2017-12-27,23.7054225,3991.207,10,0.025301204819277112,-0.02248995983935742,-0.010441767068273045,0.05526949616995558,-0.0027490430839592905,0.053712824215832455,-0.029968291350678467,-0.01974091675539813,-0.0641545912841055,-0.012872540814718891,-0.07090467500647302,1.1250000000000007,20,0.025301204819277112,-0.0590361445783133,-0.004016064257028051,0.10187695100755256,-0.0027490430839592905,0.09367391869176411,-0.07657574618827545,-0.05628710149435401,-0.09768998294879216,-0.012872540814718891,-0.11929925326627655,0.4285714285714283,60,0.051004016064257085,-0.0763052208835342,-0.025301204819277223,0.10325949017427583,-0.05814306298821381,-0.024343012026186495,-0.05225547411001874,-0.018162157895320385,-0.0009581927930907286,0.03196846239178264,-0.11929925326627655,0.6684210526315791,600482.SH,中国动力,-0.0085791181904957,2,subjective/semi-quantitative,low_value,1
2025-09-11,22.08399039,4548.0345,10,0.0017913121361397,-0.058217644424540915,-0.034930586654724594,0.014492875988517673,-0.020458485967949414,0.009993987512627811,-0.012701563852377973,-0.0377591584565915,-0.044924574167352405,-0.0020873443461760788,-0.04448004119112714,0.030769230769230417,20,0.046126287505597885,-0.058217644424540915,-0.02239140170174647,0.039206035046567944,-0.020458485967949414,-0.00743178179497106,0.006920252459029941,-0.0377591584565915,-0.014959619906775412,0.028001556054980226,-0.04448004119112714,0.7923076923076937,60,0.046126287505597885,-0.12742853715759117,-0.0775287780769588,0.047009186056086394,-0.02775313160003512,0.007237302179655902,-0.000882898550488509,-0.09967540555755605,-0.0847660802566147,0.028001556054980226,-0.12456469528330238,0.3619776898839653,600482.SH,中国动力,0.0002230332300672,2,subjective/semi-quantitative,low_value,1
2014-06-24,5.40123168,2144.821,10,0.09963768115942018,0.01086956521739113,0.06702898550724634,0.019293451528122896,-0.008758772876617749,0.016622366155497392,0.08034422963129728,0.01962833809400888,0.05040661935174895,0.07576439710078575,0.02839011131174285,,20,0.09963768115942018,0.01086956521739113,0.02898550724637672,0.024603917995954072,-0.008758772876617749,0.02232214250046982,0.0750337631634661,0.01962833809400888,0.006663364745906897,0.07576439710078575,0.006517871880979964,,60,0.20289855072463747,0.0,0.13405797101449268,0.14763563019944326,-0.008758772876617749,0.11959273058217912,0.055262920525194215,0.008758772876617749,0.014465240432313564,0.07576439710078575,-0.04835040677505542,,600460.SH,士兰微,0.1455509154075036,2,subjective/semi-quantitative,low_value,1
2015-06-12,13.1358324,5335.115,10,0.0,-0.3686567164179104,-0.36716417910447763,0.005123975771843758,-0.25007689618686757,-0.21434701969873182,-0.005123975771843758,-0.11857982023104285,-0.1528171594057458,-0.022403973682454836,-0.19450974315294545,0.0,20,0.0,-0.558955223880597,-0.39626865671641787,0.005123975771843758,-0.3368791488093509,-0.21054897598271072,-0.005123975771843758,-0.22207607507124616,-0.18571968073370715,-0.022403973682454836,-0.3402395862620289,0.0,60,0.0,-0.6044776119402986,-0.5119402985074627,0.005123975771843758,-0.44668334234594753,-0.3628431627059585,-0.005123975771843758,-0.15779426959435106,-0.1490971358015042,-0.022403973682454836,-0.3402395862620289,0.0,600460.SH,士兰微,0.0271732054052107,4,subjective/semi-quantitative,low_value,1
2021-04-22,29.40856849,5089.2435,10,0.28326035702256647,-0.036375884136072734,0.13742000673627475,0.018050443057008536,-0.032092844447313085,-0.013004683309022158,0.26520991396555793,-0.004283039688759649,0.1504246900452969,0.2429741166169539,-0.03736976904725642,7.78703703703704,20,0.32805658470865606,-0.036375884136072734,0.28864937689457726,0.04619888987430065,-0.032092844447313085,0.04504294204040349,0.2818576948343554,-0.004283039688759649,0.24360643485417377,0.2727315207886887,-0.03736976904725642,9.01851851851852,60,1.2003374228161898,-0.036375884136072734,1.0446627077563,0.05683219912743409,-0.032092844447313085,0.010767671069384033,1.1435052236887557,-0.004283039688759649,1.033895036686916,1.1472915191927116,-0.03736976904725642,32.99816489204879,600460.SH,士兰微,1.395602809208084,4,subjective/semi-quantitative,high_value,0
2021-06-04,38.51145648,5282.2772,10,0.34239671893084433,0.04089506172839519,0.33905166289363886,0.006959763489882809,-0.042350541542954256,-0.036327476339181985,0.3354369554409615,0.08324560327134944,0.37537913923282085,0.3895297728390379,0.10102069206029918,,20,0.6226094900475185,0.04089506172839519,0.6226094900475185,0.006959763489882809,-0.04435079628157346,-0.03719698769311086,0.6156497265576357,0.08524585800996864,0.6598064777406294,0.6852974796575719,0.10102069206029918,,60,0.9241791574017355,0.04089506172839519,0.49755585665660607,0.006959763489882809,-0.1170662342370069,-0.08878877087328929,0.9172193939118527,0.1579612959654021,0.5863446275298954,0.9687974595204616,0.10102069206029918,,600460.SH,士兰微,0.3003689912532282,4,subjective/semi-quantitative,low_value,1
2021-07-02,56.81093418,5081.1172,10,0.13901971044828199,-0.05529391243676951,0.046572475143903835,0.015408875040316072,-0.014702613039510148,0.0026874995129024803,0.12361083540796591,-0.04059129939725936,0.043884975631001355,0.10978524110320276,0.020001770811233,2.5141955835962198,20,0.3043781615210188,-0.05529391243676951,0.2155939298796441,0.017730825024071528,-0.08211113492914512,-0.053127627128931376,0.2866473364969473,0.026817222492375614,0.2687215570085755,0.28379913144341584,-0.043769787287736284,5.504731861198748,60,0.3043781615210188,-0.09680795395081099,0.017442874585731794,0.017730825024071528,-0.08211113492914512,-0.0388279176083558,0.2866473364969473,-0.014696819021665863,0.05627079219408759,0.28379913144341584,-0.043769787287736284,3.1441441441441493,600460.SH,士兰微,0.4116414163277034,4,subjective/semi-quantitative,high_value,0
2023-03-17,4.12,3958.8194,10,0.13592233009708732,-0.01941747572815533,0.12135922330097082,0.026459428788289774,-0.0060127269256081695,0.023266103020511686,0.10946290130879754,-0.013404748802547162,0.09809312028045913,0.09586276726152132,-0.015115418981700657,7.0,20,0.21359223300970864,-0.01941747572815533,0.13592233009708732,0.0481366237621248,-0.0060127269256081695,0.0481366237621248,0.16545560924758385,-0.013404748802547162,0.08778570633496252,0.1557130106141027,-0.015115418981700657,11.0,60,0.21359223300970864,-0.01941747572815533,0.021844660194174637,0.05326042405470699,-0.04573186642462135,-0.008416650681261073,0.16033180895500165,0.026314390696466017,0.03026131087543571,0.1557130106141027,-0.015115418981700657,11.0,600515.SH,海南机场,-0.0308936569426886,2,subjective/semi-quantitative,high_value,0
2015-04-02,10.38419472,4124.776,10,0.08964451313755806,-0.040185471406491424,0.07264296754250377,0.12255065487192529,-0.007853274941475585,0.1142752964039746,-0.032906141734367234,-0.03233219646501584,-0.041632328861470835,-0.0010741005516633484,-0.06846126118814455,2.2307692307692375,20,0.3446676970633695,-0.040185471406491424,0.2109737248840804,0.17317352505930028,-0.007853274941475585,0.16072751586995282,0.17149417200406925,-0.03233219646501584,0.050246209014127574,0.10230326944500434,-0.06846126118814455,8.576923076923096,60,0.3523956723338486,-0.13833075734157652,-0.005409582689335335,0.30441653074009367,-0.03002587292012948,0.08442203891799216,0.04797914159375494,-0.10830488442144703,-0.0898316216073275,0.10230326944500434,-0.08283824782550453,2.5474860335195535,600489.SH,中金黄金,0.2145954658759102,4,subjective/semi-quantitative,high_value,0
2015-06-15,13.44969888,5221.167,10,0.0417661097852029,-0.33472553699284013,-0.2321002386634844,-0.003229929247618446,-0.23371039463016607,-0.14329535906436253,0.044996039032821344,-0.10101514236267406,-0.08880487959912187,0.05388770333969761,-0.10365868860256777,0.1247771836007131,20,0.0417661097852029,-0.522301870300311,-0.37122983678278454,-0.003229929247618446,-0.32240704041835866,-0.21240806892405473,0.044996039032821344,-0.1998948298819524,-0.1588217678587298,0.05388770333969761,-0.2756986837673998,0.07996546089560887,60,0.0417661097852029,-0.522301870300311,-0.4643809720742239,-0.003229929247618446,-0.4346076269922031,-0.3569328466222207,0.044996039032821344,-0.08769424330810793,-0.10744812545200322,0.05388770333969761,-0.2756986837673998,0.07996546089560887,600489.SH,中金黄金,0.1234863860122703,4,subjective/semi-quantitative,low_value,1
2017-04-07,10.70835146,3517.463,10,0.06965572457966385,-0.04643714971977564,-0.03682946357085659,0.0016017226051845412,-0.028130786308199984,-0.014406974572298337,0.0680540019744793,-0.018306363411575655,-0.022422488998558254,0.06299891420549031,-0.02533906573413125,1.5000000000000084,20,0.06965572457966385,-0.1529223378702962,-0.1473178542834268,0.0016017226051845412,-0.05057309771275498,-0.04510353058440131,0.0680540019744793,-0.10234924015754121,-0.1022143236990255,0.06299891420549031,-0.10704230979258011,0.4554973821989538,60,0.06965572457966385,-0.2401921537229783,-0.19454568686709872,0.04522265052965735,-0.058158678570321976,0.040431413208895206,0.024433074050006498,-0.18203347515265633,-0.23497710007599393,0.06299891420549031,-0.23055576494564234,0.2900000000000006,600489.SH,中金黄金,0.5798937929179593,2,subjective/semi-quantitative,low_value,1
2017-10-24,8.87446728,3959.395,10,0.022286821705426618,-0.05523255813953487,-0.03875968992248058,0.026474246696780668,-0.001362329345771185,0.02395593266142937,-0.0041874249913540496,-0.053870228793763686,-0.06271562258390995,0.0010482413927759282,-0.06124836097282205,0.40350877192982937,20,0.022286821705426618,-0.06782945736434098,-0.04844961240310064,0.06588582346545357,-0.001362329345771185,0.06523875491078823,-0.043599001760026956,-0.0664671280185698,-0.11368836731388887,0.0010482413927759282,-0.10672571457786484,0.3285714285714329,60,0.022286821705426618,-0.11240310077519367,-0.02034883720930225,0.08181780297242391,-0.001362329345771185,0.0729204840638531,-0.059530981266997296,-0.11104077142942248,-0.09326932127315535,0.0010482413927759282,-0.11556802306684277,0.19827586206896808,600489.SH,中金黄金,0.0175742543602241,2,subjective/semi-quantitative,low_value,1
2017-11-22,8.52189639,4227.566,10,0.007063572149343944,-0.07568113017154388,-0.06357214934409694,-0.003164232090048902,-0.062153494469394444,-0.050086740218839854,0.010227804239392846,-0.013527635702149432,-0.013485409125257086,0.04498201154719417,-0.01419646371539629,0.09333333333333134,20,0.007063572149343944,-0.07568113017154388,-0.030272452068617617,-0.003164232090048902,-0.06436942675761892,-0.04661713146524493,0.010227804239392846,-0.011311703413924956,0.016344679396627315,0.05018656645267505,-0.01419646371539629,0.09333333333333134,60,0.047426841574167655,-0.16649848637739662,-0.11806256306760854,0.04157735207445623,-0.11080134526581009,-0.04135547499435832,0.005849489499711424,-0.05569714111158652,-0.07670708807325022,0.05298343292618113,-0.08375826503852046,0.2848484848484857,600489.SH,中金黄金,-0.005290231840325,2,subjective/semi-quantitative,low_value,1
2019-02-12,7.16151546,3330.335,10,0.10253317249698424,-0.008443908323281124,0.06755126658624855,0.12964971992307084,-0.0003579219507947595,0.10640310959708255,-0.0271165474260866,-0.008085986372486365,-0.038851843010834,0.014338823343317708,-0.041317574849816796,12.142857142857043,20,0.10977080820265384,-0.008443908323281124,0.0579010856453559,0.16702343758210514,-0.0003579219507947595,0.12761959382464538,-0.0572526293794513,-0.008085986372486365,-0.06971850817928948,0.014338823343317708,-0.07358363616249564,12.999999999999908,60,0.10977080820265384,-0.07961399276236436,-0.003618817852834799,0.23894142781431893,-0.0003579219507947595,0.10160839675287914,-0.1291706196116651,-0.0792560708115696,-0.10522721460571394,0.014338823343317708,-0.19970017425040887,1.378787878787878,600489.SH,中金黄金,0.0402482672551475,4,subjective/semi-quantitative,low_value,1
2025-09-05,16.19115228,4460.3249,10,0.06629834254143652,-0.05770411295273181,0.027624309392265234,0.02544841520401353,-0.010679378984252863,0.009325464160693908,0.04084992733742299,-0.04702473396847895,0.018298845231571326,0.028123023853690032,-0.05267099141298337,1.1489361702127654,20,0.24186617556783285,-0.05770411295273181,0.16144874155923872,0.059641395181772694,-0.010679378984252863,0.02996499201212921,0.18222478038606016,-0.04702473396847895,0.1314837495471095,0.16279261500874953,-0.05267099141298337,4.19148936170212,60,0.24186617556783285,-0.05770411295273181,0.03437691835481882,0.06759799045132331,-0.010679378984252863,0.036192341055693245,0.17426818511650954,-0.04702473396847895,-0.001815422700874425,0.16279261500874953,-0.053823666471031206,4.19148936170212,600522.SH,中天科技,-0.1247775286429816,4,subjective/semi-quantitative,high_value,0
2026-05-06,34.67828748,4877.0932,10,0.35855546001719674,0.0031527658354828514,0.3015190599025508,0.0314583900098524,-0.021233795573150083,-0.005411666112921654,0.32709707000734434,0.024386561408632934,0.30693072601547244,0.3086007703467797,0.09477228365991541,,20,0.35855546001719674,0.0031527658354828514,0.289194611636572,0.0314583900098524,-0.021233795573150083,0.012654238389375072,0.32709707000734434,0.024386561408632934,0.27654037324719694,0.3086007703467797,0.09477228365991541,,60,0.9518486672398967,-0.22083811042909096,-0.20122929899651443,0.03837781898447212,-0.0817872211258952,-0.06712463481321229,0.9134708482554246,-0.13905088930319576,-0.13410466418330214,0.8962452255319429,-0.14375410605515415,4.310164877748881,600522.SH,中天科技,0.0661987298700291,4,subjective/semi-quantitative,low_value,1
2026-06-16,53.8214178,4884.2322,10,0.25761772853185594,-0.028070175438596467,0.02345337026777483,0.036860082123040705,-0.01168724124131526,0.01530334696208735,0.22075764640881523,-0.016382934197281207,0.008150023305687482,0.22357968076001744,0.00433888706634078,9.177631578947375,20,0.25761772853185594,-0.26131117266851334,-0.24379546909669103,0.036860082123040705,-0.04815246089242042,-0.019951836032693238,0.22075764640881523,-0.2131587117760929,-0.2238436330639978,0.22357968076001744,-0.22840064528855641,0.9858657243816256,45,0.25761772853185594,-0.4979693753069433,-0.4050695557856523,0.036860082123040705,-0.08312931969123005,-0.060508323089144,0.22075764640881523,-0.41484005561571324,-0.3445612326965083,0.22357968076001744,-0.44749494239532805,0.5173364895643693,600522.SH,中天科技,-0.0625635695098216,4,subjective/semi-quantitative,low_value,1
2010-03-17,85.4314475,3273.916,10,0.009096006479347052,-0.022366207712915198,-0.010902747492368081,0.030040172075276095,-0.016286917562942982,0.021897629627638526,-0.020944165595929043,-0.006079290149972216,-0.03280037712000661,-0.0026162062307442113,-0.03209751756832868,0.4066852367687988,20,0.009096006479347052,-0.08553984175440787,-0.08117874275746073,0.04959626331280331,-0.016286917562942982,0.03685433590843501,-0.04050025683345626,-0.06925292419146489,-0.11803307866589574,-0.0026162062307442113,-0.11383766704556586,0.10633648943918386,60,0.009096006479347052,-0.21811725126160364,-0.13581708304778528,0.04959626331280331,-0.19130576349545925,-0.15731924704237987,-0.04050025683345626,-0.026811487766144393,0.021502163994594592,0.06732170648987057,-0.14199330404833033,0.0417023707512138,600519.SH,贵州茅台,-0.0115640481576333,2,subjective/semi-quantitative,low_value,1
2010-04-13,79.77363,3391.716,10,0.006605284227381825,-0.11462503336002128,-0.11295703229250065,0.0062567148900438685,-0.09755003072191193,-0.0835291044415275,0.00034856933733795614,-0.01707500263810935,-0.029427927850973146,0.05007088848836272,-0.03211005171423431,0.05762514551804357,20,0.006605284227381825,-0.16266346410461696,-0.11142247131038163,0.0062567148900438685,-0.1873075457968768,-0.16910496043890466,0.00034856933733795614,0.024644081692259845,0.05768248912852303,0.07992232346554373,-0.04807872059172269,0.04060705496308401,60,0.006605284227381825,-0.16266346410461696,-0.11976711289181652,0.0062567148900438685,-0.27405419557533695,-0.21095457284749075,0.00034856933733795614,0.11139073147071998,0.09118745995567423,0.1841472207336874,-0.04807872059172269,0.04060705496308401,600519.SH,贵州茅台,-0.0243646213149088,2,subjective/semi-quantitative,low_value,1
2011-01-31,95.61889785,3076.508,10,0.060733749087027444,-0.005562110230911688,0.030844429462329348,0.06135170134451151,-0.01695396208948574,0.058962954102508514,-0.0006179522574840668,0.011391851858574054,-0.028118524640179166,0.030291404150063483,-0.03477547353478905,10.91919191919225,20,0.060733749087027444,-0.019607843137254832,-0.0034271588291476807,0.08482279259472114,-0.01695396208948574,0.08386196297880599,-0.024089043507693697,-0.002653881047769091,-0.08728912180795367,0.030291404150063483,-0.08053527551428663,3.0974212034384108,60,0.09051070284847462,-0.040564076633518686,0.03910332041125897,0.09881950575132592,-0.01695396208948574,0.016125100276027426,-0.008308802902851298,-0.023610114544032945,0.022978220135231542,0.030291404150063483,-0.11295314862635364,2.231301939058174,600519.SH,贵州茅台,0.0330760788447379,2,subjective/semi-quantitative,low_value,1
2014-11-10,108.92513228,2565.73,10,0.09254080769981132,-0.026598166092215658,0.0011705794368213063,0.03973177224415658,-0.016718049054265327,0.03255525717826879,0.05280903545565474,-0.009880117037950331,-0.031384677741447486,0.04028433908862317,-0.03039515563284667,3.4792176039119758,20,0.1638160889640372,-0.026598166092215658,0.12486180659426416,0.2748344525729518,-0.016718049054265327,0.26781890534078023,-0.1110183636089146,-0.009880117037950331,-0.14295709874651608,0.04028433908862317,-0.11275829548234284,6.158924205378971,60,0.3282174676464851,-0.026598166092215658,0.15269558431423547,0.43809091369707653,-0.016718049054265327,0.3258480042716887,-0.10987344605059146,-0.009880117037950331,-0.17315241995745323,0.04028433908862317,-0.16002691030184046,12.339853300733493,600519.SH,贵州茅台,0.0578896849229852,2,subjective/semi-quantitative,low_value,1
2016-09-22,240.58824968,3291.121,10,0.04047410600040413,-0.031719307697487986,0.023267560105057594,0.005129863046664074,-0.02329905220743944,0.0035018463313867265,0.03534424295374006,-0.008420255490048545,0.019765713773670868,0.035348739874828894,-0.010752892293652283,1.2760084925690065,20,0.07182301838507654,-0.031719307697487986,0.06697420701730761,0.027864365971351335,-0.02329905220743944,0.016582191903609766,0.04395865241372521,-0.008420255490048545,0.05039201511369784,0.04957003527608106,-0.010752892293652283,2.2643312101910906,60,0.1448582396120952,-0.031719307697487986,0.09502323388780387,0.08890526966343693,-0.02329905220743944,0.013536725024695162,0.05595296994865828,-0.008420255490048545,0.08148650886310871,0.09337228641508388,-0.013112370793007533,4.566878980891732,600519.SH,贵州茅台,0.0215500960475037,2,subjective/semi-quantitative,neutral,0
2022-09-09,1611.71000745,4093.7874,10,0.026198103849218723,-0.01514535529789296,0.009871042232449279,0.008384387523396875,-0.06493683575263343,-0.0628049468323637,0.01781371632582185,0.04979148045474047,0.07267598906481298,0.07754627899408417,0.014251261784900437,1.7297780959198386,20,0.031109231945099403,-0.08011209948015763,-0.06845765642701873,0.008384387523396875,-0.1055897284749081,-0.06042705099927759,0.022724844421702528,0.02547762899475048,-0.008030605427741144,0.09209044224084173,-0.008547080283954567,0.3883212666621553,60,0.031109231945099403,-0.27742453070539197,-0.05733443915025549,0.008384387523396875,-0.14603506278806766,-0.03428221504614537,0.022724844421702528,-0.1313894679173243,-0.02305222410411012,0.09209044224084173,-0.14778157317862184,0.11213583696437977,600519.SH,贵州茅台,0.014031338303727,2,subjective/semi-quantitative,low_value,1
2024-04-15,1520.29380732,3549.0759,10,0.032887422443782954,-0.01894822412700692,0.018541763798730404,0.02725977204375951,-0.01505363691996553,0.02108619316932625,0.005627650400023443,-0.003894587207041389,-0.0025444293705958465,0.023898696874080638,-0.013683951572295516,1.7356466876971592,20,0.06265466413226695,-0.01894822412700692,0.018840631687168985,0.03569946193599294,-0.01505363691996553,0.02572030088170285,0.02695520219627401,-0.003894587207041389,-0.006879669194533866,0.030818948016039016,-0.013683951572295516,3.3066246056782282,60,0.06265466413226695,-0.1396722530852912,-0.09774492681908398,0.04337827770885383,-0.04628452719199383,-0.021604074457804545,0.019276386423413117,-0.09338772589329736,-0.07614085236127943,0.030818948016039016,-0.10328590506069835,0.44858347129266063,600519.SH,贵州茅台,-0.0007420177978164,2,subjective/semi-quantitative,neutral,0
2017-11-02,14.76875806,3997.134,10,0.016572754391779965,-0.03281405369572421,0.013258203513423883,0.03515293707941747,-0.008533113976163964,0.02698883750207015,-0.018580182687637503,-0.024280939719560246,-0.013730633988646268,0.004761336613238409,-0.0557897789306413,0.5050505050505069,20,0.056015909844216116,-0.03281405369572421,-0.0013258203513424327,0.06592348417641247,-0.008533113976163964,0.002242857007045629,-0.009907574332196356,-0.024280939719560246,-0.0035686773583880615,0.025579097716964316,-0.0557897789306413,1.7070707070707083,60,0.1335764003977462,-0.03281405369572421,0.09777925091150141,0.10162356328309241,-0.010430973792722509,0.09611011289588989,0.0319528371146538,-0.0223830799030017,0.0016691380156115265,0.034453918934482575,-0.0557897789306413,4.070707070707076,600547.SH,山东黄金,0.0175402795889784,2,subjective/semi-quantitative,low_value,1
2018-05-30,14.0531286,3723.372,10,0.009094088842252601,-0.054914305701294186,-0.024833857992305086,0.036653603239214405,0.0051447988543718015,0.017448431153266553,-0.027559514396961804,-0.06005910455566599,-0.04228228914557164,-0.02899740514666327,-0.06659644340280901,0.16560509554140238,20,0.009094088842252601,-0.1776845050717034,-0.17383700594613516,0.036653603239214405,-0.08229771293333021,-0.08053103477170687,-0.027559514396961804,-0.0953867921383732,-0.09330597117442829,-0.027744735717443514,-0.13152744189772791,0.051181102362205085,60,0.009094088842252601,-0.26407834907310257,-0.22000699545295566,0.036653603239214405,-0.13814386529199874,-0.1083284184336133,-0.027559514396961804,-0.12593448378110383,-0.11167857701934236,-0.027744735717443514,-0.14913983401661968,0.034437086092715466,600547.SH,山东黄金,0.0107883663963508,2,subjective/semi-quantitative,low_value,1
2019-04-22,14.967393,4025.61,10,0.012807881773398977,-0.0683087027914614,-0.0019704433497536034,0.008812329063172974,-0.10949595216625552,-0.10580011476521578,0.0039955527102260024,0.04118724937479412,0.10382967141546218,0.11611461053609995,-0.03668840583611699,0.1874999999999995,20,0.05714285714285716,-0.0683087027914614,-0.035796387520525386,0.008812329063172974,-0.11116278029913484,-0.10970908756685327,0.04833052807968419,0.04285407750767345,0.07391270004632788,0.1526113442188417,-0.03668840583611699,0.836538461538462,60,0.4614121510673235,-0.0683087027914614,0.38719211822660093,0.008812329063172974,-0.11659201959454601,-0.05406758230429676,0.4525998220041505,0.04828331680308462,0.4412597005308977,0.5476446059655051,-0.03668840583611699,6.754807692307694,600547.SH,山东黄金,0.1332513646855816,2,subjective/semi-quantitative,low_value,1
2013-10-21,6.224544,2471.322,10,0.012499999999999956,-0.16874999999999996,-0.12031250000000004,0.001234157264816016,-0.05803290708373898,-0.03676898437354581,0.01126584273518394,-0.11071709291626097,-0.08354351562645423,-0.010126259970293039,-0.08673258467712464,0.07407407407407383,20,0.012499999999999956,-0.171875,-0.009375000000000022,0.001234157264816016,-0.07781907820996226,-0.0171644973823728,0.01126584273518394,-0.09405592179003774,0.007789497382372779,0.007925535210751677,-0.11735747192328982,0.07272727272727247,60,0.1171875,-0.171875,-0.015625,0.006198301961460206,-0.11791826398988081,-0.10459017481331856,0.1109891980385398,-0.05395673601011919,0.08896517481331856,0.17811339856934572,-0.11735747192328982,0.6818181818181818,600584.SH,长电科技,0.4985132838688654,2,subjective/semi-quantitative,low_value,1
2019-04-16,28.4930422,4085.789,10,0.006835722160970281,-0.1002205071664829,-0.08434399117971336,0.009863700744213721,-0.05148014251347777,-0.04223859822423537,-0.0030279785832434403,-0.04874036465300513,-0.042105392955477994,0.010467963397187363,-0.04681147507516226,0.06820682068206871,20,0.006835722160970281,-0.19514884233737606,-0.09705293315432639,0.009863700744213721,-0.12261205852774093,-0.10696318385506443,-0.0030279785832434403,-0.07253678380963513,0.009910250700738032,0.05041135442771605,-0.086123286606133,0.03502824858757086,60,0.029986942566631036,-0.19514884233737606,-0.01605242349305902,0.009863700744213721,-0.12960360899694046,-0.06402729068975421,0.020123241822417315,-0.0655452333404356,0.04797486719669519,0.07326816113711643,-0.086123286606133,0.15366190343465727,600570.SH,恒生电子,-0.1849978224687642,4,subjective/semi-quantitative,low_value,1
2019-11-20,31.6882074,3907.864,10,0.016688227684346746,-0.07930142302716692,-0.07024579560155242,0.002808183703424616,-0.026366065963400964,-0.014853382819872918,0.01388004398092213,-0.05293535706376595,-0.0553924127816795,0.008465660611795434,-0.05622758259093874,0.21044045676998416,20,0.07166882276843456,-0.07930142302716692,0.028331177231565308,0.040756536051408165,-0.026366065963400964,0.0319658002427925,0.030912286717026394,-0.05293535706376595,-0.0036346230112271893,0.012219662867297254,-0.05622758259093874,0.9037520391517111,60,0.372574385510996,-0.07930142302716692,0.3342820181112549,0.08077123461819546,-0.0685684046323004,0.061830708540522306,0.2918031508928005,-0.010733018394866511,0.2724513095707326,0.27939763045696675,-0.05622758259093874,4.698205546492655,600570.SH,恒生电子,0.0691946783767067,4,subjective/semi-quantitative,low_value,1
2020-02-12,40.1124333,3984.432,10,0.08431272355646402,-0.03525804803270305,-0.029126213592232997,0.05019661522646146,-0.008605994530713534,0.022232278026077523,0.03411610833000256,-0.026652053501989514,-0.05135849161831052,0.030507564696045097,-0.0502415084343486,2.3913043478260927,20,0.10168625447112922,-0.07327542156361777,-0.04363822176801213,0.0580808004754505,-0.014146558405313425,0.011042201247254413,0.04360545399567872,-0.059128863158304346,-0.054680423015266544,0.03069419513641325,-0.07153386296627162,1.3877266387726632,60,0.10168625447112922,-0.14665304036790994,0.06775677056719465,0.0580808004754505,-0.12078143133073915,-0.006072182935986881,0.04360545399567872,-0.025871609037170784,0.07382895350318153,0.07461878094329166,-0.07153386296627162,0.6933797909407667,600570.SH,恒生电子,0.2414955494022904,4,subjective/semi-quantitative,neutral,0
2020-03-03,42.45317928,4091.361,10,0.021533410583236767,-0.1937041328698339,-0.15981073773657783,0.030427527661333276,-0.11562264977351056,-0.09328895690211636,-0.008894117078096508,-0.07808148309632335,-0.06652178083446147,-0.0130536474404096,-0.09918369443145547,0.11116650049850448,20,0.021533410583236767,-0.1937041328698339,-0.1512166859791425,0.030427527661333276,-0.14376008374719318,-0.09903939055976729,-0.008894117078096508,-0.04994404912264072,-0.052177295419375214,-0.0130536474404096,-0.09918369443145547,0.11116650049850448,60,0.08574739281575883,-0.1937041328698339,0.07531865585168007,0.030427527661333276,-0.14376008374719318,-0.029335177218534292,0.05531986515442555,-0.04994404912264072,0.10465383307021436,0.1078166537140246,-0.09918369443145547,0.4426719840478557,600570.SH,恒生电子,0.5800197423968131,4,subjective/semi-quantitative,low_value,1
2020-06-08,45.79519032,4021.9549,10,0.1630028063610851,-0.006314312441534131,0.14978952291861547,0.026103524930127797,-0.023547205862502363,0.019913450546151124,0.1368992814309573,0.01723289342096823,0.12987607237246435,0.1273402878478731,-0.0006178073791101024,25.814814814814863,20,0.42913938260056117,-0.006314312441534131,0.40902712815715603,0.1942859677516524,-0.023547205862502363,0.18698601021110406,0.23485341484890876,0.01723289342096823,0.22204111794605197,0.2164052128324212,-0.0006178073791101024,67.96296296296309,60,0.4312441534144058,-0.006314312441534131,0.29186155285313364,0.2186142365743584,-0.023547205862502363,0.20436134179426024,0.2126299168400474,0.01723289342096823,0.0875002110588734,0.2164052128324212,-0.0017629540862097448,68.2962962962964,600570.SH,恒生电子,0.0880163910479642,4,subjective/semi-quantitative,high_value,0
2020-09-14,44.34579909,4651.0507,10,0.02703159317452286,-0.051191079574252285,-0.04916371008616316,0.0219153061479207,-0.020711621139713587,-0.014865931261510479,0.005116287026602162,-0.030479458434538698,-0.03429777882465268,0.0007729967394720649,-0.034815341295193036,0.528052805280532,20,0.02703159317452286,-0.09292110153742184,-0.08227741172495351,0.042690203312554686,-0.020711621139713587,0.030620285433568872,-0.015658610138031825,-0.07220948039770825,-0.11289769715852238,0.0007729967394720649,-0.1095434455872637,0.29090909090909245,60,0.02703159317452286,-0.1449569183983782,-0.10187531677648243,0.09450718307585859,-0.020711621139713587,0.0632221231215564,-0.06747558990133573,-0.12424529725866462,-0.16509743989803882,0.0007729967394720649,-0.1716756513034059,0.1864801864801873,600585.SH,海螺水泥,0.0572093982691891,2,subjective/semi-quantitative,low_value,1
2010-11-24,28.4882967,3177.043,10,0.01715076071922539,-0.0636237897648686,-0.003872752420470249,0.015741367051059774,-0.0367023675789091,-0.00162446652437509,0.001409393668165615,-0.026921422185959498,-0.002248285896095159,0.0007523199316510354,-0.06467304384118822,0.2695652173913034,20,0.04149377593361003,-0.0636237897648686,-0.009958506224066355,0.0332790585459497,-0.0367023675789091,0.012089858399776165,0.00821471738766033,-0.026921422185959498,-0.02204836462384252,0.002553910237824475,-0.06467304384118822,0.6521739130434795,60,0.04149377593361003,-0.16320885200553248,-0.11396957123098206,0.0332790585459497,-0.08117013210082469,0.004372619445188519,0.00821471738766033,-0.08203871990470779,-0.11834219067617058,0.002553910237824475,-0.12464458359950048,0.2542372881355937,600600.SH,青岛啤酒,0.28777273807798,2,subjective/semi-quantitative,low_value,1
2010-12-31,27.32985144,3128.261,10,0.016724336793541017,-0.08362168396770464,-0.07698961937716264,0.026097247000809842,-0.05103506389012935,-0.04920017862959647,-0.009372910207268825,-0.03258662007757529,-0.027789440747566174,-0.0012902164369645863,-0.04151007662576578,0.20000000000000107,20,0.016724336793541017,-0.12773933102652824,-0.06286043829296417,0.026097247000809842,-0.06684192911013509,-0.016543696322014134,-0.009372910207268825,-0.060897401916393146,-0.04631674197095004,-0.0012902164369645863,-0.0748211825085916,0.13092550790067778,60,0.016724336793541017,-0.12773933102652824,-0.08823529411764708,0.07263652233621176,-0.06684192911013509,0.05843693988449172,-0.055912185542670745,-0.060897401916393146,-0.1466722340021388,-0.0012902164369645863,-0.13923255946982083,0.13092550790067778,600600.SH,青岛啤酒,0.0208519626723874,2,subjective/semi-quantitative,low_value,1
2012-06-29,30.24235548,2461.612,10,0.03796805446451956,-0.025923016496465,0.005760670332547679,0.011754492584534093,-0.02415409089653453,-0.004460085504945699,0.02621356187998547,-0.001768925599930471,0.010220755837493378,0.038072704360334164,-0.006438658608477921,1.4646464646464692,20,0.03796805446451956,-0.07395764266705862,-0.05180225730221466,0.011754492584534093,-0.0488781335157612,-0.04570338461138468,0.02621356187998547,-0.02507950915129742,-0.006098872690829982,0.038072704360334164,-0.027424465483200877,0.5133756714697298,60,0.03796805446451956,-0.16917304881835216,-0.1575678469605768,0.011754492584534093,-0.11174872400687019,-0.10665734486182221,0.02621356187998547,-0.057424324811481964,-0.050910502098754584,0.038072704360334164,-0.08112853002245535,0.22443323407434346,600600.SH,青岛啤酒,0.0250326024794923,2,subjective/semi-quantitative,low_value,1
2023-02-09,90.18075216,4130.8565,10,0.08956982911019451,-0.00952661559615009,0.03791003732076215,0.008967583357107678,-0.023706463780574283,-0.0065870600927433465,0.08060224575308683,0.014179848184424193,0.04449709741350549,0.07828322390812903,0.010522607753996605,9.402061855670087,20,0.14594382243174242,-0.00952661559615009,0.09998035749361622,0.008967583357107678,-0.03146233716905922,-0.02687239317076251,0.13697623907463474,0.021935721572909128,0.12685275066437873,0.15131762503440616,0.010522607753996605,15.319587628865959,60,0.23404046356315078,-0.00952661559615009,0.03889216263995299,0.009395460723460314,-0.04972830695038666,-0.032435646215258296,0.22464500283969047,0.04020169135423657,0.07132780885521128,0.22882404074150675,0.010522607753996605,24.56701030927831,600600.SH,青岛啤酒,-0.0210610387063157,2,subjective/semi-quantitative,high_value,0
2017-08-01,17.97104192,3770.382,10,0.005904681568958292,-0.07212146773513295,-0.016870518768452136,0.0037049296331246317,-0.033229524223274964,-0.017060870755270963,0.0021997519358336604,-0.038891943511857985,0.00019035198681882637,0.00019365592553532984,-0.02730668870092523,0.0818713450292403,20,0.011809363137916362,-0.07212146773513295,-0.032475748629270496,0.025610137116079956,-0.033229524223274964,0.017015517260585256,-0.013800773978163594,-0.038891943511857985,-0.04949126588985575,0.01227167800457174,-0.04866323576179499,0.16374269005847752,60,0.1762969211303247,-0.07212146773513295,0.1438211725010543,0.06974280059686255,-0.033229524223274964,0.06268197758211236,0.10655412053346214,-0.038891943511857985,0.08113919491894195,0.09542473918850236,-0.0647415262001787,2.44444444444444,600660.SH,福耀玻璃,0.0458739319589444,2,subjective/semi-quantitative,low_value,1
2025-08-05,53.96377014,4103.45,10,0.03817888510485745,-0.013264025811077329,-0.00035848718408315605,0.04130919104655861,-0.002102767183711274,0.029225188560845217,-0.0031303059417011614,-0.011161258627366055,-0.029583675744928373,-0.005565671288391916,-0.028743637518524934,2.8783783783783585,20,0.2032622333751568,-0.013264025811077329,0.19125291270837064,0.10855346111199116,-0.002102767183711274,0.09431156709598021,0.09470877226316565,-0.011161258627366055,0.09694134561239043,0.10977548759325906,-0.028743637518524934,15.324324324324236,60,0.3367987094461373,-0.013264025811077329,0.2197808183014398,0.1604464292241894,-0.002102767183711274,0.12765039174353277,0.17635228022194793,-0.011161258627366055,0.09213042655790704,0.19918906448105345,-0.028743637518524934,25.39189189189175,600660.SH,福耀玻璃,-0.0644245061528882,2,subjective/semi-quantitative,high_value,0
2011-04-28,3.04297906,3161.776,10,0.05633802816901423,-0.02944942381562088,0.04673495518565951,0.015902138544918953,-0.025803852012286743,-0.010653189852791622,0.04043588962409528,-0.0036455718033341356,0.05738814503845113,0.05800609498090181,-0.012175810911581597,1.9130434782608823,20,0.05633802816901423,-0.10499359795134433,-0.10051216389244566,0.015902138544918953,-0.06316355111810568,-0.06277105019457418,0.04043588962409528,-0.041830046833238654,-0.037741113697871476,0.05800609498090181,-0.04104808660449866,0.5365853658536605,60,0.05633802816901423,-0.12612035851472458,-0.11791121559673168,0.015902138544918953,-0.09468349433988998,-0.061195669775467865,0.04043588962409528,-0.0314368641748346,-0.05671554582126381,0.05800609498090181,-0.06539933780149698,0.4467005076142148,600674.SH,川投能源,0.0561441236984248,2,subjective/semi-quantitative,low_value,1
2013-03-19,3.11314895,2525.097,10,0.06795016987542479,-0.0045300113250282825,0.028312570781426905,0.04614159376847682,-0.019839633883371732,-0.015328520052893091,0.021808576106947974,0.01530962255834345,0.043641090834319995,0.05672817319754553,-0.027116430740443342,15.000000000000123,20,0.10079275198188009,-0.010192525481313663,0.013590033975084959,0.04614159376847682,-0.042960725865184624,-0.023858885421035314,0.05465115821340327,0.03276820038387096,0.03744891939612027,0.09527014615985219,-0.027116430740443342,9.88888888888894,60,0.32276330690826716,-0.010192525481313663,0.13968670532131156,0.05391159230714693,-0.10119690451495533,-0.082255453948898,0.26885171460112023,0.09100437903364167,0.22194215927020955,0.30214447739405226,-0.027116430740443342,31.666666666666778,600674.SH,川投能源,0.0213099008494731,2,subjective/semi-quantitative,high_value,0
2019-10-30,7.99588976,3891.225,10,0.04200819672131151,-0.04303278688524592,-0.03995901639344257,0.03582753503074221,-0.0038057424075965685,0.0022501911351824333,0.0061806616905693,-0.03922704447764935,-0.042209207528625,0.008516317592710765,-0.04211444198460812,0.9761904761904765,20,0.04200819672131151,-0.06557377049180324,-0.02254098360655743,0.03582753503074221,-0.014833889070922313,-0.00401081921502866,0.0061806616905693,-0.05073988142088093,-0.01853016439152877,0.008516317592710765,-0.053228751387324635,0.6406250000000009,60,0.04200819672131151,-0.08606557377049173,-0.06659836065573765,0.08539264627463061,-0.022202776760531617,0.028956434027844757,-0.043384449553319104,-0.06386279700996011,-0.09555479468358241,0.021556733796709304,-0.1303876135011005,0.48809523809523886,600674.SH,川投能源,-0.0030289847527493,2,subjective/semi-quantitative,low_value,1
2021-07-22,1.98684064,5151.7517,10,0.04366812227074246,-0.03493449781659397,0.034934497816593746,-0.001226941896287359,-0.09469610113391147,-0.03941987343838793,0.04489506416702982,0.0597616033173175,0.07435437125498168,0.07740569391241992,0.016705918652736296,1.25,20,0.09606986899563319,-0.03493449781659397,0.09170305676855883,-0.001226941896287359,-0.09469610113391147,-0.05621627688306485,0.09729681089192055,0.0597616033173175,0.14791933365162369,0.15673011732296693,0.016705918652736296,2.749999999999994,60,0.6069868995633187,-0.03493449781659397,0.24017467248908297,-0.001226941896287359,-0.09469610113391147,-0.03343099784875103,0.6082138414596061,0.0597616033173175,0.273605670337834,0.664125537091645,0.016705918652736296,17.374999999999957,600795.SH,国电电力,0.0103901359803274,2,subjective/semi-quantitative,high_value,0
2013-02-28,4.82535616,2673.327,10,0.02427921092564489,-0.09711684370257978,-0.06980273141122928,0.002815592705269321,-0.05942557719276398,-0.05201533519842505,0.02146361822037557,-0.0376912665098158,-0.01778739621280423,0.0062427686245678515,-0.03779613100033452,0.24999999999999942,20,0.02427921092564489,-0.09711684370257978,-0.025796661608497806,0.002815592705269321,-0.06788282914884725,-0.0650967876357812,0.02146361822037557,-0.029234014553732535,0.03930012602728339,0.04203657181570675,-0.03779613100033452,0.24999999999999942,60,0.03566009104704082,-0.09711684370257978,-0.031107738998482626,0.002815592705269321,-0.09602641203264695,-0.014590059502634811,0.0328444983417715,-0.0010904316699328342,-0.016517679495847815,0.09316850198710203,-0.03779613100033452,0.367187499999998,600690.SH,海尔智家,0.0303004993111868,2,subjective/semi-quantitative,low_value,1
2016-09-19,8.5974392,3263.124,10,0.018796992481202812,-0.05451127819548873,-0.027255639097744422,0.012281175952860046,-0.014919138837506618,0.009421952705444436,0.006515816528342766,-0.039592139357982115,-0.03667759180318886,-0.01048319665715347,-0.04526977721576664,0.3448275862068929,20,0.018796992481202812,-0.05451127819548873,-0.03289473684210531,0.03668325200023048,-0.014919138837506618,0.032010429269620166,-0.01788625951902767,-0.039592139357982115,-0.06490516611172548,-0.01048319665715347,-0.06384887714766341,0.3448275862068929,60,0.06203007518796988,-0.07988721804511278,-0.06766917293233077,0.0982478753488989,-0.014919138837506618,0.020182806414957177,-0.036217800160929015,-0.06496807920760617,-0.08785197934728795,-0.01048319665715347,-0.11576585829467323,0.7764705882352936,600690.SH,海尔智家,0.0724972809160923,4,subjective/semi-quantitative,low_value,1
2024-12-02,27.3696888,3947.632,10,0.07678883071553244,-0.018499127399650872,-0.015357766143106355,0.03818704479039581,-0.011648882165308239,-0.009066295946531966,0.038601785925136634,-0.0068502452343426334,-0.006291470196574389,0.024884262284771363,-0.006349032403316968,4.1509433962264435,20,0.07678883071553244,-0.022687609075043524,-0.01431064572425822,0.03818704479039581,-0.012129828717570512,0.01302626485954117,0.038601785925136634,-0.010557780357473012,-0.02733691058379939,0.024884262284771363,-0.026985391723865826,3.3846153846154072,60,0.07678883071553244,-0.09982547993019197,-0.08481675392670152,0.03818704479039581,-0.06168880483287198,-0.01141479246292465,0.038601785925136634,-0.038136675097319994,-0.07340196146377687,0.07427252360903114,-0.0936362914896719,0.7692307692307707,600690.SH,海尔智家,0.0096245660084354,2,subjective/semi-quantitative,neutral,0
2025-01-07,27.23594512,3796.1055,10,0.039985969835145685,-0.05962820063135732,-0.03542616625745354,0.01648062731660116,-0.024234890205237947,0.00961748823893327,0.023505342518544525,-0.03539331042611937,-0.04504365449638681,0.0381102757826568,-0.05750393766436901,0.6705882352941208,20,0.039985969835145685,-0.0740091196071554,-0.062083479480883885,0.03282769670126395,-0.024234890205237947,0.03260083261648017,0.007158273133881732,-0.04977422940191745,-0.09468431209736405,0.0381102757826568,-0.09169497942147298,0.540284360189575,60,0.039985969835145685,-0.17292178183093643,-0.10522623640827788,0.06037595635843096,-0.07428376266149606,-0.01606657138480483,-0.020389986523285275,-0.09863801916944037,-0.08915966502347306,0.0381102757826568,-0.12530209500561673,0.2312373225152138,600690.SH,海尔智家,-0.0434361893965087,2,subjective/semi-quantitative,low_value,1
2026-01-29,25.46,4753.8697,10,0.04045561665357411,-0.020031421838177632,0.01688923802042419,-0.0031550296803465327,-0.03695116002022525,-0.0072134286726452945,0.043610646333920644,0.016919738182047617,0.024102666693069486,0.05264978920480212,-0.003786828843570955,2.019607843137239,20,0.04045561665357411,-0.051453260015711044,-0.023566378633150142,0.0026691938990248687,-0.037452604138477064,-0.01965360977394892,0.03778642275454924,-0.01400065587723398,-0.003912768859201221,0.05264978920480212,-0.010901430120984767,0.7862595419847285,60,0.04045561665357411,-0.20384917517674783,-0.1578947368421052,0.03112996555206382,-0.07563846354476245,0.030846470192483322,0.00932565110151029,-0.12821071163198539,-0.18874120703458852,0.05264978920480212,-0.19910527990905003,0.19845857418111693,600690.SH,海尔智家,-0.0902371243736549,2,subjective/semi-quantitative,low_value,1
2022-08-11,16.8343956,4193.5428,10,0.012652068126520533,-0.06423357664233575,-0.048661800486618056,0.006973530829350372,-0.03214403821036482,-0.018433864559579627,0.005678537297170161,-0.03208953843197093,-0.03022793592703843,0.006329732941842803,-0.030795618181627016,0.19696969696969469,20,0.012652068126520533,-0.11094890510948907,-0.09440389294403895,0.006973530829350372,-0.05026854620394006,-0.037166402594007164,0.005678537297170161,-0.060680358905549014,-0.05723749035003178,0.006329732941842803,-0.06943438712325878,0.11403508771929688,60,0.012652068126520533,-0.2593673965936739,-0.10948905109489049,0.006973530829350372,-0.16634905932043909,-0.09660187562649891,0.005678537297170161,-0.09301833727323483,-0.012887175468391576,0.006329732941842803,-0.13219638866303285,0.04878048780487749,600741.SH,华域汽车,0.0006778983153061,2,subjective/semi-quantitative,low_value,1
2017-03-02,10.46230201,3435.096,10,0.030810448760884235,-0.10850636302746153,-0.056262558606831936,0.01660244720962667,-0.006523252916366795,0.013510830556118458,0.014208001551257565,-0.10198311011109473,-0.0697733891629504,0.0068085006611040555,-0.09725460919294326,0.2839506172839515,20,0.030810448760884235,-0.11051574012056253,-0.05425318151373071,0.020634940042432603,-0.006523252916366795,0.0004838292728936988,0.010175508718451631,-0.10399248720419574,-0.05473701078662441,0.0068085006611040555,-0.11188129197142826,0.27878787878788003,60,0.19959812458137982,-0.18285331547220363,-0.0843938379102479,0.026700563827037227,-0.03557513385361,0.018235880452831532,0.1728975607543426,-0.14727818161859363,-0.10262971836307944,0.10613926599686474,-0.16339281471390577,1.0915750915750917,600803.SH,新奥股份,0.2672130231066655,4,subjective/semi-quantitative,low_value,1
2020-11-24,11.83446654,4974.2855,10,0.03846153846153855,-0.05870445344129549,-0.04453441295546545,0.02338484592410306,-0.021404119244864406,0.007155419607499436,0.015076692537435488,-0.037300334196431084,-0.05168983256296489,0.010214354003528658,-0.054095251953386825,0.6551724137931055,20,0.03846153846153855,-0.11943319838056676,-0.11538461538461531,0.02338484592410306,-0.025115325608069727,-0.001912395257570032,0.015076692537435488,-0.09431787277249704,-0.11347222012704528,0.010214354003528658,-0.11368963965475587,0.32203389830508555,60,0.22874493927125528,-0.12415654520917674,0.06140350877192979,0.19231439369533576,-0.025115325608069727,0.09313554680365654,0.036430545575919515,-0.09904121960110701,-0.03173203803172675,0.09226544422248661,-0.15153476580153347,1.8423913043478286,600803.SH,新奥股份,-0.060137594297614,4,subjective/semi-quantitative,low_value,1
2021-01-21,12.26568192,5564.9693,10,0.185546875,-0.01692708333333337,0.125,0.016264276606162253,-0.04975297887088059,-0.01635620882939992,0.16928259839383775,0.03282589553754722,0.14135620882939992,0.1790093436720106,0.004991321373101432,10.961538461538437,20,0.185546875,-0.01692708333333337,-0.0032552083333333703,0.06575829627667495,-0.04975297887088059,-0.01714491039510313,0.11978857872332505,0.03282589553754722,0.01388970206176976,0.1790093436720106,0.004991321373101432,10.961538461538437,60,0.22981770833333326,-0.080078125,0.10286458333333326,0.06575829627667495,-0.12242795301673981,-0.0771820789739126,0.1640594120566583,0.04234982801673981,0.18004666230724586,0.33070426651070806,-0.018337718656624813,2.869918699186991,600803.SH,新奥股份,0.1823532995345325,4,subjective/semi-quantitative,high_value,0
2021-03-22,14.0544272,5057.152,10,0.0732954545454545,-0.09999999999999998,0.07272727272727275,0.024519136462578306,-0.03430596905135541,0.016449930711989635,0.04877631808287619,-0.06569403094864457,0.056277342015283116,0.055366565843398385,-0.04665079791387716,0.7329545454545451,20,0.0732954545454545,-0.09999999999999998,-0.024431818181818166,0.024519136462578306,-0.03430596905135541,0.005183431306790887,0.04877631808287619,-0.06569403094864457,-0.029615249488609052,0.055366565843398385,-0.04665079791387716,0.7329545454545451,60,0.0732954545454545,-0.09999999999999998,-0.07954545454545447,0.06353860829178148,-0.03430596905135541,0.006571564390392082,0.009756846253673013,-0.06569403094864457,-0.08611701893584656,0.055366565843398385,-0.09335113663326966,0.7329545454545451,600803.SH,新奥股份,0.0830497799608785,4,subjective/semi-quantitative,low_value,1
2025-09-08,17.35170151,4467.5733,10,0.03926842388380836,-0.03550295857988173,-0.025820333512641236,0.023784679705199263,-0.012284499059030618,0.012318701072011606,0.015483744178609093,-0.02321845952085111,-0.03813903458465284,0.028727683483257715,-0.03767492840373776,1.1060606060605997,20,0.03926842388380836,-0.03604088219472845,-0.0016137708445401744,0.057922183392044246,-0.012284499059030618,0.01600222205643509,-0.01865375950823589,-0.023756383135697834,-0.017615992900975264,0.028727683483257715,-0.06889405730562548,1.089552238805963,60,0.21071132291509764,-0.03604088219472845,0.16562875683077594,0.06586586950906881,-0.012284499059030618,0.02924404172618722,0.14484545340602883,-0.023756383135697834,0.13638471510458872,0.1792905448921629,-0.06889405730562548,5.846452974614409,600803.SH,新奥股份,-0.0165108620669165,2,subjective/semi-quantitative,low_value,1
2010-10-08,2.7497544,3044.233,10,0.03795620437956204,-0.05291970802919699,0.007299270072992581,0.12975090934235323,0.008197467145254711,0.10985427199560616,-0.09179470496279118,-0.0611171751744517,-0.10255500192261358,-0.015986449535065783,-0.12660693546786106,0.717241379310346,20,0.13138686131386845,-0.05291970802919699,0.08175182481751819,0.16760773567594844,0.008197467145254711,0.15654682148179844,-0.03622087436207999,-0.0611171751744517,-0.07479499666428024,-0.015986449535065783,-0.12660693546786106,2.4827586206896566,60,0.20693430656934297,-0.06897810218978107,-0.03540145985401466,0.16876303489253286,-0.0062455797568715665,0.027602355010276636,0.038171271676810115,-0.0627325224329095,-0.0630038148642913,0.04030018419931003,-0.12660693546786106,2.999999999999997,600845.SH,宝信软件,-0.0687558088536552,2,subjective/semi-quantitative,low_value,1
2011-05-06,2.47678608,3121.396,10,0.024311183144246407,-0.027957860615883345,-0.0032414910858995505,0.013857261302314683,-0.014240423195262752,6.407389514162531e-05,0.010453921841931724,-0.013717437420620593,-0.003305564981041176,0.0059548935465147945,-0.02361744962308243,0.869565217391305,20,0.024311183144246407,-0.08223789759025135,-0.06623041905984883,0.013857261302314683,-0.06355489659114066,-0.043264936586066005,0.010453921841931724,-0.018683000999110688,-0.022965482473782828,0.0059548935465147945,-0.024004014645219285,0.2956201928382992,60,0.024311183144246407,-0.16814469903674523,-0.1254580896223383,0.013857261302314683,-0.08297184977490846,-0.04602908442248277,0.010453921841931724,-0.08517284926183677,-0.07942900519985552,0.0059548935465147945,-0.08952850182361005,0.14458489196221166,600845.SH,宝信软件,-0.0239236694601947,2,subjective/semi-quantitative,low_value,1
2017-04-10,9.03186482,3505.139,10,0.020076481835564097,-0.08030592734225606,-0.07839388145315473,0.005123334623819531,-0.028860481709855224,-0.021077623455161176,0.014953147211744566,-0.05144544563240083,-0.05731625799799356,0.016870089524019027,-0.058550360448695105,0.25000000000000105,20,0.020076481835564097,-0.11472275334608018,-0.08795411089866145,0.005123334623819531,-0.05065391129995134,-0.04353807366840512,0.014953147211744566,-0.06406884204612884,-0.04441603723025633,0.016870089524019027,-0.0769452162223081,0.17500000000000057,60,0.020076481835564097,-0.14722753346080297,-0.06883365200764802,0.048897632875614994,-0.05484718295051927,0.04420851783623991,-0.028821151040050896,-0.0923803505102837,-0.11304216984388793,0.016870089524019027,-0.13943364655219714,0.13636363636363674,600875.SH,东方电气,-0.0053917213768944,2,subjective/semi-quantitative,low_value,1
2025-09-25,18.62730999,4593.4875,10,0.15429173249078465,-0.013691416535018597,0.03949447077409163,0.02892299151788258,-0.02234062898832312,-0.017253339646619348,0.12536874097290207,0.008649212453304522,0.056747810420710976,0.11857128990130206,-0.003655739082232712,11.269230769230635,20,0.16377040547656652,-0.013691416535018597,0.09899947340705628,0.03664892959869803,-0.02234062898832312,0.010271084878319403,0.12712147587786848,0.008649212453304522,0.08872838852873688,0.11857128990130206,-0.003655739082232712,11.961538461538309,60,0.3659820958399156,-0.013691416535018597,0.3112164296998421,0.03664892959869803,-0.0373736077435719,0.013878888317427673,0.32933316624121756,0.023682191208553305,0.2973375413824144,0.30778407190410206,-0.003655739082232712,26.730769230768896,600875.SH,东方电气,0.0536614587814485,2,subjective/semi-quantitative,high_value,0
2012-06-29,21.10221641,2461.612,10,0.10374104537012463,-0.021225789334040845,0.06951446006898365,0.011754492584534093,-0.02415409089653453,-0.004460085504945699,0.09198655278559054,0.002928301562493685,0.07397454557392935,0.09915119407907036,0.05719578462401942,4.8875,20,0.10374104537012463,-0.09816927566993894,-0.08729105863624309,0.011754492584534093,-0.0488781335157612,-0.04570338461138468,0.09198655278559054,-0.049291142154177736,-0.04158767402485841,0.09915119407907036,-0.04357940010918182,1.0567567567567564,60,0.10374104537012463,-0.09816927566993894,-0.05226850623507573,0.011754492584534093,-0.11174872400687019,-0.10665734486182221,0.09198655278559054,0.013579448336931255,0.05438883862674648,0.12320697667424718,-0.04357940010918182,1.0567567567567564,600809.SH,山西汾酒,-0.0471455669600181,3,subjective/semi-quantitative,neutral,0
2019-12-26,53.24346375,4025.987,10,0.13181019332161692,0.0019917984768600405,0.1036906854130053,0.03849739206808156,-0.006083477169697815,0.034077854697494026,0.09331280125353536,0.008075275646557856,0.06961283071551128,0.06731875206424909,-0.014466180365102166,,20,0.15207967193907446,-0.033274751025190286,-0.033274751025190286,0.04906126125096755,-0.09589673290052858,-0.08386266522966912,0.10301841068810691,0.0626219818753383,0.050587914204478834,0.10836034033407582,-0.014466180365102166,4.570422535211284,60,0.19742237844171062,-0.11540714704159338,0.031751611013474124,0.04906126125096755,-0.12985645507548838,-0.08740122608443601,0.14836111719074307,0.014449308033894992,0.11915283709791014,0.1484705450408208,-0.014466180365102166,1.7106598984771584,600809.SH,山西汾酒,0.0907500193856543,2,subjective/semi-quantitative,high_value,0
2025-10-31,181.3085655,4640.6676,10,0.06498687664042002,-0.023517060367454046,0.03191601049868775,0.014321193786859476,-0.017648947750534827,-0.0026995684844999257,0.050665682853560545,-0.005868112616919219,0.03461557898318768,0.04496999648297728,-0.025851181548940616,2.763392857142863,20,0.0686614173228346,-0.023517060367454046,0.019947506561679873,0.014321193786859476,-0.04716030512506442,-0.02456672397738624,0.05434022353597512,0.02364324475761037,0.04451423053906611,0.05567646992660502,-0.025851181548940616,2.9196428571428577,60,0.0686614173228346,-0.15648293963254578,-0.15349081364829387,0.042297211720141226,-0.04716030512506442,0.014011820195870106,0.02636420560269337,-0.10932263450748136,-0.16750263384416397,0.05567646992660502,-0.1651880486085543,0.438778933243878,600809.SH,山西汾酒,-0.0278741017243922,2,subjective/semi-quantitative,high_value,0
2022-08-05,7.02766418,4156.9111,10,0.04589707927677322,-0.006954102920723293,0.030598052851182,0.015847223675291122,-0.015483997240162362,-0.0014042397971898435,0.0300498556014821,0.008529894319439069,0.032002292648371844,0.032047294735030984,0.00014926771123136007,6.599999999999927,20,0.04589707927677322,-0.006954102920723293,0.012517385257301727,0.015847223675291122,-0.036565636440962224,-0.032066598681891545,0.0300498556014821,0.02961153352023893,0.04458398393919327,0.05032417929377697,0.00014926771123136007,6.599999999999927,60,0.04589707927677322,-0.12239221140472889,-0.052851182197496516,0.015847223675291122,-0.15900272680837468,-0.09180230002994305,0.0300498556014821,0.036610515403645794,0.038951117832446536,0.061876792589836915,-0.007495508662947015,0.3749999999999991,600918.SH,中泰证券,0.0299836721929248,2,subjective/semi-quantitative,neutral,0
2019-06-19,21.62900236,3715.938,10,0.059222423146473746,-0.007685352622061492,0.05108499095840857,0.06095015578839047,0.00033558148709689206,0.04779304713910726,-0.0017277326419167238,-0.008020934109158384,0.003291943819301313,0.015644067516402904,-0.015803271974057065,7.705882352941163,20,0.1053345388788427,-0.007685352622061492,0.06962025316455689,0.06095015578839047,0.00033558148709689206,0.02387015068604481,0.04438438309045223,-0.008020934109158384,0.04575010247851208,0.05004240024658979,-0.015803271974057065,13.705882352941163,60,0.12432188065099448,-0.022603978300180905,0.1053345388788427,0.07247187654907039,-0.037696000310015965,0.05763309290951568,0.051850004101924085,0.01509202200983506,0.047701445969327017,0.07342276216422738,-0.015803271974057065,5.499999999999978,600893.SH,航发动力,0.0052216950045597,2,subjective/semi-quantitative,neutral,0
2025-01-09,38.725339,3779.8773,10,0.02262210796915176,-0.04370179948586106,-0.04267352185089979,0.022323793420490068,-0.02004562423229983,0.006314120302264747,0.0002983145486616934,-0.02365617525356123,-0.048987642153164535,0.012016699285110288,-0.04868026907786027,0.5176470588235329,20,0.022879177377892024,-0.04730077120822618,-0.010282776349614386,0.04290041372506992,-0.02004562423229983,0.042099567623530953,-0.020021236347177895,-0.027255146975926348,-0.05238234397314534,0.012016699285110288,-0.05362618533804642,0.48369565217391336,60,0.022879177377892024,-0.22879177377892024,-0.11619537275064273,0.06492848326055456,-0.07030937221163236,-0.005485654256554895,-0.042049305882662535,-0.15848240156728788,-0.11070971849408784,0.012016699285110288,-0.1774039874853739,0.1,600893.SH,航发动力,0.040597027825546,2,subjective/semi-quantitative,low_value,1
2025-11-28,6.16040467,4526.6616,10,0.1043338683788122,0.03049759229534499,0.08828250401284121,0.025176169563901007,-0.002755629004827953,0.011993032569520778,0.07915769881491119,0.03325322130017294,0.07628947144332043,0.07538537221903208,0.02816036498248753,,20,0.1043338683788122,0.011235955056179803,0.020866773675762396,0.033019786590630096,-0.00936487057040003,0.02884651240552194,0.0713140817881821,0.020600825626579833,-0.007979738729759545,0.07538537221903208,-0.007756005034319724,,60,0.1043338683788122,-0.051364365971107495,-0.03687742643049463,0.068547933868085,-0.00936487057040003,0.016781263260324142,0.0357859345107272,-0.041999495400707465,-0.05365868969081877,0.07538537221903208,-0.08489719931338313,2.0312500000000018,600930.SH,华电新能,-0.0935725874464601,2,subjective/semi-quantitative,low_value,1
2024-05-10,90.886341,3666.2771,10,0.00019723865877718794,-0.04536489151873757,-0.03293885601577917,0.01002422866509467,-0.01816810300563465,-0.01767506880481018,-0.009826990006317482,-0.02719678851310292,-0.015263787210968993,-0.0025684416742679517,-0.039798411559681,0.004347826086958022,20,0.02805616874817307,-0.04536489151873757,0.017877394800171365,0.01002422866509467,-0.031146527358774767,-0.025137979887008388,0.0180319400830784,-0.014218364159962804,0.04301537468717975,0.04412457742706399,-0.039798411559681,0.6184555458836426,60,0.14879053696308442,-0.04536489151873757,0.06252290825526807,0.01002422866509467,-0.08808843172274128,-0.08808843172274128,0.13876630829798975,0.04272354020400371,0.15061133997800935,0.21044944884268557,-0.039798411559681,3.2798609669688683,600941.SH,中国移动,0.0119201513711561,2,subjective/semi-quantitative,low_value,1
2025-03-05,101.57351924,3902.5706,10,0.0019376268684259124,-0.028510795349695472,-0.02371286215168844,0.031448092188261834,-0.0033672164700877527,0.02757090416250252,-0.02951046531983592,-0.02514357887960772,-0.05128376631419096,-0.008590733139459128,-0.049907764132333554,0.06796116504854392,20,0.0019376268684259124,-0.03487728363166631,-0.0066432921203173345,0.031448092188261834,-0.007730186867087152,-0.004659697892460901,-0.02951046531983592,-0.02714709676457916,-0.0019835942278564334,-0.0019928804486830654,-0.049907764132333554,0.05555555555555573,60,0.08857722827089876,-0.03487728363166631,0.08534785015685564,0.031448092188261834,-0.09953800707666893,-0.008668055870661218,0.05712913608263692,0.06466072344500262,0.09401590602751686,0.1007346855747433,-0.049907764132333554,2.539682539682545,600941.SH,中国移动,-0.0469556108031363,2,subjective/semi-quantitative,low_value,1
2016-11-10,5.02880835,3390.612,10,0.06106870229007644,-0.003053435114503955,0.041221374045801396,0.03467014214542985,-0.0022765801572105504,0.028941087921590558,0.026398560144646588,-0.0007768549572934047,0.012280286124210837,0.03045417776609649,0.006664999677173711,19.999999999999126,20,0.1190839694656487,-0.003053435114503955,0.04427480916030535,0.05695343495510552,-0.0022765801572105504,0.02345623739902991,0.06213053451054318,-0.0007768549572934047,0.02081857176127544,0.03120734885284504,0.004526830637571866,38.99999999999818,60,0.1190839694656487,-0.003053435114503955,0.05801526717557248,0.05695343495510552,-0.037280880265863514,0.006746569645833755,0.06213053451054318,0.03422744515135956,0.05126869752973873,0.0697820398274589,0.004526830637571866,38.99999999999818,600886.SH,国投电力,0.0290327315156619,2,subjective/semi-quantitative,high_value,0
2017-09-08,5.87858444,3825.989,10,0.004021447721179516,-0.02278820375335122,-0.012064343163538993,0.009505777460416143,-0.0023959817971248576,0.0030687490214948987,-0.005484329739236626,-0.020392221956226364,-0.015133092185033892,8.991947763048458e-05,-0.01778182425046937,0.17647058823528924,20,0.018766756032171594,-0.024128686327077764,0.014745308310991856,0.026446756642530822,-0.004601947365766024,0.02483331760755192,-0.007680000610359228,-0.01952673896131174,-0.010088009296560063,8.991947763048458e-05,-0.019057571735441314,0.7777777777777778,60,0.06702412868632712,-0.029490616621983823,-0.02680965147453085,0.11360461308174186,-0.004601947365766024,0.046364482490671044,-0.046580484395414734,-0.0248886692562178,-0.07317413396520189,0.0032303846387489177,-0.08296371825008864,2.2727272727272814,600886.SH,国投电力,0.0764291702995174,2,subjective/semi-quantitative,low_value,1
2023-05-22,11.38430176,3969.3277,10,0.03288958496476124,-0.03288958496476102,-0.02192638997650742,0.0006578695933823209,-0.0473441132109097,-0.03151125567183577,0.03223171537137892,0.014454528246148679,0.009584865695328348,0.07932878709300262,0.007197353409639007,1.0000000000000067,20,0.03288958496476124,-0.06421299921691459,-0.035238841033672585,0.0006578695933823209,-0.04825817228443996,-0.009679170606145648,0.03223171537137892,-0.01595482693247463,-0.025559670427526937,0.07932878709300262,-0.05731195280188017,0.5121951219512212,60,0.06969817883674945,-0.06421299921691459,0.04891181661720112,0.02394219051251434,-0.04825817228443996,-0.03804016987561898,0.04575598832423511,-0.01595482693247463,0.0869519864928201,0.09039045474651175,-0.05731195280188017,1.0854216387137696,600886.SH,国投电力,0.0075791809715941,4,subjective/semi-quantitative,low_value,1
2023-07-31,11.33972736,4014.6301,10,0.0739029672755731,0.0,0.0369825364125862,0.01086351641711647,-0.04995703091051895,-0.039536394648164386,0.06303945085845664,0.04995703091051895,0.07651893106075058,0.07966874604553098,0.033368391439313694,,20,0.0739029672755731,0.0,0.02574588354124252,0.01086351641711647,-0.07960862944757963,-0.06526397039667486,0.06303945085845664,0.07960862944757963,0.09100985393791738,0.13054537995056914,0.033368391439313694,,60,0.0739029672755731,-0.07458137423861311,-0.02080596406861046,0.01086351641711647,-0.14048230744844958,-0.11012832788754312,0.06303945085845664,0.06590093320983648,0.08932236381893266,0.13054537995056914,0.027924906065629695,0.9909038017874339,600886.SH,国投电力,-0.0337123114540421,2,subjective/semi-quantitative,low_value,1
2024-03-26,13.45197266,3543.7467,10,0.06292286874154263,-0.012178619756427533,0.05615696887686061,0.016133376575701686,-0.016598675068960178,-0.011146959233852671,0.04678949216584094,0.004420055312532645,0.06730392811071328,0.06806261935400149,-0.014331143790701217,5.166666666666697,20,0.1001353179972937,-0.012178619756427533,0.05683355886332886,0.01666132062994219,-0.02079313400136651,-0.0037997636794977474,0.0834739973673515,0.008614514244938976,0.060633322542826606,0.0789475171911429,-0.014331143790701217,8.222222222222275,60,0.253044654939107,-0.012178619756427533,0.19824086603518265,0.04494734344302875,-0.02909358617533242,-0.017913780350045982,0.20809731149607824,0.016914966418904887,0.21615464638522863,0.24958397775671215,-0.014331143790701217,20.777777777777906,600886.SH,国投电力,-0.0306387389590854,4,subjective/semi-quantitative,high_value,0
2024-04-30,14.58965641,3604.3943,10,0.016219588271989993,-0.04242046163443547,-0.009357454772301876,0.0204126668383644,0.005439943127198976,0.0204126668383644,-0.004193078566374409,-0.047860404761634445,-0.029770121610666278,0.00013186082244609487,-0.042802810226256316,0.3823529411764697,20,0.12164691203992506,-0.04242046163443547,0.10542732376793507,0.027365041610458718,-0.0067888244080288596,-0.0067888244080288596,0.09428187042946634,-0.03563163722640661,0.11221614817596393,0.1129831710855258,-0.042802810226256316,2.867647058823525,60,0.1983780411728011,-0.04242046163443547,0.10792264504054905,0.027365041610458718,-0.061201739221482976,-0.05927550712195939,0.1710129995623424,0.018781277587047507,0.16719815216250844,0.254559486512119,-0.042802810226256316,4.676470588235293,600886.SH,国投电力,0.0073190794423318,4,subjective/semi-quantitative,high_value,0
2024-06-28,16.60108128,3461.657,10,0.05317982456140369,-0.008223684210526327,0.001644736842105532,0.007702062913801155,-0.02219988866603484,0.0031038314887927854,0.04547776164760253,0.013976204455508512,-0.0014590946466872534,0.05889204654103386,-0.0014545798758656137,6.466666666666679,20,0.05317982456140369,-0.04714912280701755,-0.03344298245614019,0.02417376996045517,-0.02249151201288857,-0.015126830878969266,0.029006054600948517,-0.02465761079412898,-0.018316151577170925,0.05889204654103386,-0.02379376932938193,1.1279069767441896,60,0.05317982456140369,-0.16337086206953377,-0.08772423286394504,0.02417376996045517,-0.09124711084893733,-0.0317038920956062,0.029006054600948517,-0.07212375122059644,-0.05602034076833884,0.05889204654103386,-0.09392503309416056,0.3255159695415535,600886.SH,国投电力,0.0102274930226044,4,subjective/semi-quantitative,neutral,0
2024-07-19,16.8377195,3539.0156,10,0.011891891891891992,-0.0989189189189188,-0.07135135135135129,0.00033110902365041106,-0.05261669374952749,-0.043691160897962766,0.011560782868241581,-0.04630222516939131,-0.027660190453388522,0.04207082518626004,-0.05575952530862294,0.12021857923497384,20,0.011891891891891992,-0.09999999999999998,-0.05601795064943316,0.00033110902365041106,-0.06811060680263747,-0.054642765632341384,0.011560782868241581,-0.0318893931973625,-0.0013751850170917734,0.04207082518626004,-0.05575952530862294,0.11891891891891995,60,0.03303695966665798,-0.17512889319720515,-0.1205827606285993,0.25751564926698833,-0.11111134972109193,0.11832666123314062,-0.22447868960033035,-0.06401754347611321,-0.2389094218617399,0.04207082518626004,-0.24144358957666845,0.18864368445163687,600886.SH,国投电力,-0.0558249784853891,4,subjective/semi-quantitative,low_value,1
2026-05-19,13.25941798,4852.8832,10,0.07428987618353977,-0.04734158776402042,0.05316824471959203,0.02500113746813426,-0.014872086762772407,0.012709125165015323,0.04928873871540551,-0.03246950100124801,0.040459119554576706,0.05869207956442435,-0.03119768735158457,1.5692307692307699,20,0.07428987618353977,-0.04734158776402042,-0.011653313911143437,0.028636440291824883,-0.036125946736158876,0.006459871113320803,0.04565343589171489,-0.011215641027861545,-0.01811318502446424,0.05869207956442435,-0.03119768735158457,1.5692307692307699,60,0.1274581209031318,-0.06627822286962859,0.05585328263405409,0.0435580646161029,-0.07720645326885256,-0.03337535508787848,0.0839000562870289,0.01092823039922397,0.08922863772193257,0.19870011786042996,-0.08541145947613249,1.9230769230769216,600886.SH,国投电力,-0.0196394796824763,2,subjective/semi-quantitative,neutral,0
2021-12-07,11.80946221,4922.1015,10,0.019760056457304165,-0.053634438955539876,-0.04022582921665485,0.04504976177350284,-0.010039797025721664,-0.0017505124589567433,-0.025289705316198674,-0.04359464192981821,-0.03847531675769811,-0.019644701749441107,-0.05212881152813742,0.3684210526315789,20,0.019760056457304165,-0.1086803105151728,-0.08115737473535634,0.04504976177350284,-0.014245541259155114,-0.010967124509724036,-0.025289705316198674,-0.09443476925601768,-0.0701902502256323,-0.019644701749441107,-0.09861780713990131,0.18181818181818202,60,0.09738884968242778,-0.1086803105151728,-0.043754410726887794,0.04504976177350284,-0.17348453704174926,-0.1413532817232639,0.05233908790892494,0.06480422652657647,0.0975988709963761,0.16478632638134605,-0.09861780713990131,0.8961038961038981,600926.SH,杭州银行,0.0802725505238535,2,subjective/semi-quantitative,low_value,1
2025-09-09,15.389979,4436.2584,10,0.0024937655860348684,-0.06920199501246882,-0.05112219451371569,0.031011426205470816,-0.0048835523196754105,0.018826608477089835,-0.028517660619435947,-0.06431844269279341,-0.06994880299080553,-0.007648016519302248,-0.07902361180819106,0.0360360360360354,20,0.011845386533665847,-0.06920199501246882,0.0031172069825435855,0.065389901544058,-0.0048835523196754105,0.03832723089349366,-0.053544515010392146,-0.06431844269279341,-0.03521002391095007,-0.007648016519302248,-0.10382285701680727,0.17117117117117137,60,0.03366583541147139,-0.06920199501246882,-0.02566933327199472,0.07338966098097432,-0.0048835523196754105,0.0350675920951764,-0.039723825569502935,-0.06431844269279341,-0.060736925367171124,0.004782825694612303,-0.10382285701680727,0.4864864864864875,600926.SH,杭州银行,-0.0301602247601407,2,subjective/semi-quantitative,low_value,1
2026-06-08,15.86020962,4713.6358,10,0.0416003568558132,-0.036582720777431965,-0.013884407916167185,0.0743862306884211,-0.005968725882470549,0.043649999433558406,-0.03278587383260789,-0.030613994894961416,-0.05753440734972559,0.027844453147246595,-0.08426031305757875,1.1371586358737056,20,0.0416003568558132,-0.09585053769295637,-0.032799668633887835,0.0743862306884211,-0.005968725882470549,0.016680669304149465,-0.03278587383260789,-0.08988181181048582,-0.0494803379380373,0.027844453147246595,-0.13754772515873592,0.4340127646343942,49,0.04286137423699454,-0.09585053769295637,0.024576622209864674,0.0743862306884211,-0.04994584010924208,0.005826139558766874,-0.03152485645142655,-0.04590469758371429,0.0187504826510978,0.07782031573678094,-0.13754772515873592,0.4471688450438837,600926.SH,杭州银行,-0.0331024442093143,2,subjective/semi-quantitative,low_value,1
2020-11-09,4.11310176,4981.3497,10,0.014802631578947345,-0.023026315789473673,0.009868421052631637,0.009696528633595047,-0.031234888006356876,0.004753249907349488,0.005106102945352298,0.008208572216883203,0.005115171145282149,0.021682591846517107,0.0022382639664992876,0.6428571428571421,20,0.06414473684210531,-0.023026315789473673,-0.0016447368421051989,0.02193355347045811,-0.031234888006356876,0.00820769519554121,0.0422111833716472,0.008208572216883203,-0.009852432037646408,0.0396690011174643,-0.009772224596773738,2.785714285714289,60,0.06414473684210531,-0.08020666135913934,-0.04029110138038505,0.13533075182414933,-0.031234888006356876,0.10433754530423767,-0.07118601498204402,-0.048971773352782466,-0.14462864668462272,0.0396690011174643,-0.1704727725425239,0.7997432601624701,600919.SH,江苏银行,0.0100010004415024,2,subjective/semi-quantitative,neutral,0
2023-03-22,5.59017154,3999.4427,10,0.012747875354107707,-0.018413597733711096,-0.0028328611898017497,0.025932513047380423,-0.003887266593418204,0.024302710975206754,-0.013184637693272716,-0.014526331140292892,-0.027135572165008504,0.002806968507505392,-0.02649175080203936,0.6923076923076937,20,0.06798866855524088,-0.018413597733711096,0.058073654390934815,0.042562204979208706,-0.003887266593418204,0.028398081562713617,0.025426463576032177,-0.014526331140292892,0.029675572828221197,0.028856114534098865,-0.03278144324028698,3.6923076923076876,60,0.1317280453257792,-0.018413597733711096,0.03541076487252126,0.042562204979208706,-0.05542459703198144,-0.01880386984916671,0.08916584034657049,0.03701099929827034,0.05421463472168797,0.12848254645664503,-0.03278144324028698,7.153846153846144,600919.SH,江苏银行,0.0115494402008538,2,subjective/semi-quantitative,neutral,0
2025-08-20,10.67927625,4271.3958,10,0.010666666666666824,-0.05066666666666664,-0.04444444444444429,0.0649665619842581,0.0005282816450771222,0.04411527491786171,-0.054299895317591274,-0.05119494831174376,-0.088559719362306,0.00142392185837803,-0.1002596081198317,0.21052631578947692,20,0.010666666666666824,-0.08799999999999997,-0.08444444444444432,0.06918335687833,0.0005282816450771222,0.06546506413664588,-0.05851669021166317,-0.08852828164507709,-0.1499095085810902,0.00142392185837803,-0.14069866167086664,0.12121212121212305,60,0.010666666666666824,-0.12355555555555542,-0.027555555555555444,0.11481916520122049,0.0005282816450771222,0.0687251928280681,-0.10415249853455366,-0.12408383720063254,-0.09628074838362355,0.00142392185837803,-0.19460368031983122,0.08633093525179993,600919.SH,江苏银行,-0.010265223353444,2,subjective/semi-quantitative,low_value,1
2025-09-23,9.69203649,4519.7781,10,0.06464250734573951,-0.03428011753183147,0.0636630754162586,0.045702863156047435,-0.00639677421331819,0.019140275935227935,0.018939644189692073,-0.027883343318513276,0.04452279948103066,0.04548982919271549,-0.06096080835998241,1.8857142857142908,20,0.09402546523016664,-0.03428011753183147,0.03036238981390804,0.05045816297928418,-0.00639677421331819,0.05045816297928418,0.043567302250882456,-0.027883343318513276,-0.02009577316537614,0.07771753302892592,-0.06096080835998241,2.7428571428571527,60,0.10284035259549462,-0.03428011753183147,0.010773751224290029,0.053554797302991286,-0.021674913642331428,0.025284537751975034,0.049285555292503336,-0.012605203889500038,-0.014510786527685005,0.07771753302892592,-0.06096080835998241,3.0000000000000067,600919.SH,江苏银行,-0.0300611063613058,2,subjective/semi-quantitative,neutral,0
2024-12-23,14.7839446,3933.5718,10,0.09015345268542196,-0.004475703324808178,0.05882352941176472,0.018860924313114147,-0.04842903846321045,-0.03494694058972048,0.07129252837230782,0.04395333513840227,0.0937704700014852,0.11173859829765864,0.02088074780022331,20.142857142857164,20,0.11125319693094626,-0.004475703324808178,0.06649616368286448,0.018860924313114147,-0.058334895526757635,-0.025665554140895552,0.09239227261783212,0.05385919220194946,0.09216171782376004,0.1296668460807533,0.02088074780022331,24.857142857142886,60,0.15537084398976986,-0.006393861892583175,0.1265984654731458,0.023319060808804748,-0.058334895526757635,-0.0036138148031262807,0.1320517831809651,0.05194103363417446,0.13021228027627207,0.1550504782053197,-0.007485783663096268,24.299999999999798,600989.SH,宝丰能源,-0.0339078632134432,2,subjective/semi-quantitative,high_value,0
2025-12-18,17.79796785,4552.7926,10,0.0958448753462604,-0.004986149584487509,0.08033240997229929,0.03708607328170421,-0.0013060335759639274,0.03623119137911113,0.05875880206455619,-0.0036801160085235818,0.04410121859318816,0.06941345511601837,3.488943288121327e-05,19.222222222222324,20,0.19279778393351799,-0.004986149584487509,0.1761772853185597,0.06241494506031309,-0.0013060335759639274,0.03990144422568265,0.1303828388732049,-0.0036801160085235818,0.13627584109287705,0.13104688126897335,3.488943288121327e-05,38.666666666666856,60,1.021606648199446,-0.004986149584487509,0.7373961218836567,0.06241494506031309,-0.03481342418277522,-0.017147761134561734,0.9591917031391328,0.029827274598287712,0.7545438830182184,0.8745336426383372,3.488943288121327e-05,204.8888888888899,600989.SH,宝丰能源,0.0069945603118985,2,subjective/semi-quantitative,high_value,0
2017-11-02,12.5098202,3997.134,10,0.07557003257328976,-0.011074918566775338,0.00195439739413672,0.03515293707941747,-0.008533113976163964,0.02698883750207015,0.04041709549387229,-0.002541804590611374,-0.02503444010793343,0.02859116647404436,-0.024376545483030143,6.8235294117646355,20,0.08208469055374601,-0.011074918566775338,0.016286644951140072,0.06592348417641247,-0.008533113976163964,0.002242857007045629,0.016161206377333537,-0.002541804590611374,0.014043787944094444,0.02859116647404436,-0.024376545483030143,7.411764705882297,60,0.08208469055374601,-0.11726384364820841,-0.026710097719869652,0.10162356328309241,-0.010430973792722509,0.09611011289588989,-0.0195388727293464,-0.1068328698554859,-0.12282021061575954,0.03345252238684471,-0.1556750647830476,0.7000000000000011,600958.SH,东方证券,-0.0132437311682462,2,subjective/semi-quantitative,low_value,1
2024-12-24,10.27926489,3983.6882,10,0.05032618825722279,-0.11463187325256297,-0.09319664492078283,0.006043244047061691,-0.0633833491285789,-0.04881729950652269,0.0442829442101611,-0.05124852412398406,-0.04437934541426014,0.03514959930988093,-0.04665701488392915,0.43902439024390266,20,0.05032618825722279,-0.13047530288909592,-0.0866728797763281,0.006043244047061691,-0.07018142132710081,-0.04685898861261284,0.0442829442101611,-0.06029388156199511,-0.039813891163715254,0.03514959930988093,-0.05802790563992355,0.38571428571428634,60,0.05032618825722279,-0.13047530288909592,-0.09319664492078283,0.010445295392345288,-0.07018142132710081,-0.012871614801580056,0.039880892864877504,-0.06029388156199511,-0.08032503011920278,0.03514959930988093,-0.09753811507814036,0.38571428571428634,600958.SH,东方证券,0.0003553446062681,2,subjective/semi-quantitative,low_value,1
2020-08-27,29.888526,4731.3451,10,0.1301980198019801,-0.017986798679867966,0.05462046204620474,0.03590234836177997,-0.03663116858670912,-0.031569796081879486,0.09429567144020012,0.01864436990684115,0.08619025812808423,0.09620246348185302,0.01472605254856596,7.238532110091746,20,0.27046204620462055,-0.017986798679867966,0.15000000000000013,0.03590234836177997,-0.03663116858670912,-0.03556692577761855,0.2345596978428406,0.01864436990684115,0.18556692577761869,0.29204030358014665,0.01472605254856596,15.036697247706444,60,0.37409240924092413,-0.017986798679867966,0.1499108386944208,0.06304896254555614,-0.03733086390168405,0.05271648859433253,0.311043446695368,0.019344065221816087,0.09719435010008826,0.3676473026093574,0.004040451529199629,20.798165137614706,601012.SH,隆基绿能,0.1691580971395015,4,subjective/semi-quantitative,high_value,0
2020-10-09,40.44322,4681.1412,10,0.015487804878048905,-0.17682926829268286,-0.1713414634146342,0.03598776298394912,0.00491636526580308,0.007978161393636052,-0.020499958105900218,-0.18174563355848594,-0.17931962480827024,-0.020804425246555014,-0.1779003074435085,0.08758620689655246,20,0.015487804878048905,-0.19665239315761696,-0.12781149473261522,0.04624690663037456,-0.008937841909148037,0.043702292082110406,-0.030759101752325657,-0.18771455124846892,-0.17151378681472562,-0.020804425246555014,-0.1779003074435085,0.07875726620644491,60,0.24011437269337121,-0.2418941914120586,0.2239740554782732,0.12887735580375148,-0.008937841909148037,0.12530638896344337,0.11123701688961973,-0.23295634950291055,0.09866766651482983,0.08768071298850066,-0.2658630265174553,0.9926421601597886,601012.SH,隆基绿能,0.0972099736730687,4,subjective/semi-quantitative,low_value,1
2022-08-05,12.36822912,4156.9111,10,0.0333331979865521,-0.015555684498833044,-0.009629759349089495,0.015847223675291122,-0.015483997240162362,-0.0014042397971898435,0.017485974311260977,-7.168725867068293e-05,-0.008225519551899652,0.018432599919108394,-0.010222780262374442,2.142830679617646,20,0.0333331979865521,-0.04222234767267974,-0.02518531286716652,0.015847223675291122,-0.036565636440962224,-0.032066598681891545,0.017485974311260977,-0.005656711231717515,0.006881285814725024,0.018432599919108394,-0.029420821633708405,0.7894681329650595,60,0.0333331979865521,-0.10222233981383433,-0.03555568187921798,0.015847223675291122,-0.15900272680837468,-0.09180230002994305,0.017485974311260977,0.056780386994540355,0.05624661815072507,0.09698393290108509,-0.029420821633708405,0.326085257364075,600999.SH,招商证券,0.0176628838554489,2,subjective/semi-quantitative,low_value,1
2023-03-17,12.6614003,3958.8194,10,0.024602026049203918,-0.012301013024601959,-0.0021707670043414895,0.026459428788289774,-0.0060127269256081695,0.023266103020511686,-0.001857402739085856,-0.006288286098993789,-0.025436870024853175,-0.0008057891258399508,-0.024858509384575345,2.0,20,0.05209840810419686,-0.012301013024601959,0.04992764109985526,0.0481366237621248,-0.0060127269256081695,0.0481366237621248,0.003961784342072061,-0.006288286098993789,0.0017910173377304606,0.0017087632443391065,-0.024858509384575345,4.2352941176470855,60,0.1418234442836468,-0.01881331403762676,0.017366136034732138,0.05326042405470699,-0.04573186642462135,-0.008416650681261073,0.0885630202289398,0.026918552386994588,0.02578278671599321,0.07033242831389974,-0.024858509384575345,7.538461538461481,600999.SH,招商证券,0.0045879916761284,2,subjective/semi-quantitative,low_value,1
2024-07-09,12.827033,3439.8111,10,0.10041604788886094,-0.003617945007236001,0.06432475850027042,0.030678196253276724,-0.004698746393370312,1.9419671039466735e-05,0.06973785163558421,0.0010808013861343113,0.06430533882923095,0.06430409006495541,0.013325164700895842,27.754995636480313,20,0.1247224264566873,-0.003617945007236001,0.08126556780511907,0.030678196253276724,-0.03523042297293588,-0.028150441168121043,0.09404423020341057,0.03161247796569988,0.10941600897324011,0.11701854558335523,0.013325164700895842,34.47327867262731,60,0.7438842357386934,-0.003617945007236001,0.5837316018443237,0.2937825277672952,-0.08547571115169661,0.1622114656237954,0.45010170797139826,0.08185776614446061,0.4215201362205283,0.47250409798691995,0.013325164700895842,205.60960275816856,600999.SH,招商证券,-0.0032619977367526,2,subjective/semi-quantitative,high_value,0
2025-10-27,17.03514529,4716.0186,10,0.01895462377943713,-0.013785180930499519,-0.0005743825387708457,0.009714825976301134,-0.03334463099869889,-0.004446102057358403,0.009239797803135996,0.01955945006819937,0.0038717195185875575,0.01579241500101536,-0.0013072982607943429,1.375000000000021,20,0.01895462377943713,-0.06950028719126933,-0.06031016657093624,0.009714825976301134,-0.062384465574415016,-0.05682140439395211,0.009239797803135996,-0.007115821616854312,-0.003488762176984128,0.01579241500101536,-0.01284963922063831,0.2727272727272733,60,0.024698449167145364,-0.07064905226881102,-0.03790924755887415,0.025643728377152675,-0.062384465574415016,0.0014950322715010511,-0.0009452792100073104,-0.008264586694396003,-0.0394042798303752,0.01579241500101536,-0.03993940092934445,0.34959349593496003,600999.SH,招商证券,-0.0947068064813836,2,subjective/semi-quantitative,low_value,1
2010-05-05,3.6770745,3036.394,10,-0.0010695187165775666,-0.11657754010695187,-0.08449197860962565,-0.007076486121366243,-0.11507762167887303,-0.09031107293717477,0.006006967404788677,-0.0014999184280788391,0.005819094327549124,0.018009500824979874,-0.0285621980826265,-0.009174311926605732,20,-0.0010695187165775666,-0.1219251336898396,-0.1037433155080213,-0.007076486121366243,-0.12804563571130745,-0.0918415067346332,0.006006967404788677,0.006120502021467855,-0.01190180877338809,0.018009500824979874,-0.0285621980826265,-0.00877192982456162,60,-0.0010695187165775666,-0.12727272727272732,-0.03141274945612327,-0.007076486121366243,-0.18910325866801203,-0.03923041607907263,0.006006967404788677,0.061830531395284716,0.00781766662294936,0.1276267272724736,-0.0285621980826265,-0.008403361344538021,601006.SH,大秦铁路,0.0251320585821475,2,subjective/semi-quantitative,low_value,1
2019-03-29,5.14780662,3872.341,10,0.031175059952038398,0.0,0.013189448441247142,0.06462808931341546,0.0074445923021757565,0.026646155387658244,-0.03345302936137706,-0.0074445923021757565,-0.013456706946411101,-0.009205922669185407,-0.03502176913482302,,20,0.031175059952038398,-0.014388489208633004,0.004796163069544557,0.06552857819081548,0.0008033899907060604,0.007228702224313377,-0.03435351823877708,-0.015191879199339064,-0.00243253915476882,-0.0024150812515537634,-0.04447467906085456,2.166666666666682,60,0.06115107913669071,-0.031175059952038398,0.026256936201694447,0.06552857819081548,-0.08162633404444497,-0.01207383337366208,-0.004377499054124767,0.05045127409240657,0.03833076957535653,0.09151919764311978,-0.04447467906085456,1.961538461538462,601006.SH,大秦铁路,0.0201756540668287,2,subjective/semi-quantitative,low_value,1
2023-05-18,6.3378992,3956.0701,10,0.0012853470437017567,-0.05784061696658105,-0.028277634961439535,0.007414681554808622,-0.044151568497231564,-0.03771475131343094,-0.006129334511106865,-0.013689048469349485,0.009437116351991404,0.027875680468597563,-0.0288941543697232,0.022222222222221453,20,0.0012853470437017567,-0.05784061696658105,-0.03984575835475579,0.007414681554808622,-0.04506869076966047,-0.007727542542787513,-0.006129334511106865,-0.01277192619692058,-0.032118215811968276,0.028914499116349246,-0.03236834356389784,0.022222222222221453,60,0.0012853470437017567,-0.07455012853470433,-0.02721397651764479,0.027373630209434285,-0.04506869076966047,-0.025319066009472313,-0.02608828316573253,-0.02948143776504386,-0.001894910508172476,0.028914499116349246,-0.05019806403344129,0.017241379310344262,601006.SH,大秦铁路,0.0076317541512532,4,subjective/semi-quantitative,low_value,1
2025-07-22,6.2734197,4118.9582,10,0.04122137404580162,-0.010687022900763288,-0.0015267175572519776,0.01608372719101636,-0.019670119497692373,-0.0037650782666355243,0.025137646854785256,0.008983096596929085,0.0022383607093835467,0.027610401873300994,0.0022468201631489215,3.8571428571428914,20,0.04122137404580162,-0.022900763358778664,-0.021374045801526687,0.03738858044250137,-0.019670119497692373,0.025350075171920894,0.003832793603300244,-0.003230643861086291,-0.04672412097344758,0.027610401873300994,-0.05066305461497356,1.800000000000001,60,0.04122137404580162,-0.11603053435114496,-0.1038167938931297,0.14746124396212612,-0.019670119497692373,0.11498339555861481,-0.1062398699163245,-0.09636041485345259,-0.2188001894517445,0.027610401873300994,-0.22019540406108296,0.35526315789473784,601006.SH,大秦铁路,-0.0319800062971773,2,subjective/semi-quantitative,low_value,1
2024-05-16,52.9605975,3640.3592,10,0.06666666666666665,-0.003783783783783745,0.016936936936936986,0.017215196786075415,-0.014725167780146431,-0.012649053972476065,0.04945146988059124,0.010941383996362686,0.02958599090941305,0.042593386568826386,0.010282974145927382,17.619047619047794,20,0.06666666666666665,-0.003783783783783745,0.026486486486486438,0.017215196786075415,-0.03758857093003354,-0.027147348536375127,0.04945146988059124,0.03380478714624979,0.053633835022861565,0.06213572799909439,0.010282974145927382,17.619047619047794,60,0.06666666666666665,-0.0562162162162162,-0.01833072408218195,0.017215196786075415,-0.08837976757897947,-0.08480805960027238,0.04945146988059124,0.032163551362763276,0.06647733551809043,0.09787008051502188,0.004262896834175578,1.1858974358974361,601021.SH,春秋航空,-0.0057373063106265,2,subjective/semi-quantitative,neutral,0
2025-02-24,50.70454191,3969.7169,10,0.037735849056603765,-0.019820850009529267,0.012769201448446621,0.0010618893251557182,-0.02871527186233358,-0.01030680550545049,0.03667395973144805,0.008894421852804313,0.02307600695389711,0.045763476963409655,-0.013197935017675744,1.9038461538461522,20,0.037735849056603765,-0.03068420049552134,0.0030493615399274088,0.014001527413705528,-0.02871527186233358,-0.008783573458349125,0.023734321642898237,-0.001968928633187761,0.011832934998276534,0.045763476963409655,-0.021187410537324203,1.2298136645962694,60,0.1423670668953687,-0.0813798360968172,0.09853249475890968,0.014001527413705528,-0.11476899020179498,-0.0220274649811929,0.12836553948166318,0.03338915410497778,0.12055995974010258,0.1397656966743095,-0.021187410537324203,1.749414519906323,601021.SH,春秋航空,-0.0138501131303108,2,subjective/semi-quantitative,neutral,0
2016-06-15,2.7383466,3116.368,10,0.06363636363636371,-0.045454545454545414,0.0181818181818183,0.013383528517812993,-0.026441999147725714,0.011238082280398132,0.05025283511855072,-0.0190125463068197,0.006943735901420167,0.028491854445873432,-0.008247941050254837,1.400000000000003,20,0.10303030303030303,-0.045454545454545414,0.10000000000000009,0.05924300339369415,-0.026441999147725714,0.05342757979802126,0.04378729963660888,-0.0190125463068197,0.046572420201978826,0.04421036727641825,-0.008247941050254837,2.266666666666669,60,0.303030303030303,-0.045454545454545414,0.2454545454545456,0.09701036591314005,-0.026441999147725714,0.07202262377228874,0.20601993711716293,-0.0190125463068197,0.17343192168225685,0.20720790736106665,-0.008247941050254837,6.666666666666671,601058.SH,赛轮轮胎,-0.0393929143343481,2,subjective/semi-quantitative,neutral,0
2013-03-20,1.82279412,2610.174,10,0.007936507936507908,-0.02777777777777779,-0.023809523809523836,0.012043258418787284,-0.0518153195917207,-0.048512857763505446,-0.0041067504822793754,0.02403754181394291,0.02470333395398161,0.03312096394600306,-0.005801874935308704,0.2857142857142846,20,0.011904761904761862,-0.031746031746031744,-0.003968253968253954,0.012043258418787284,-0.07415482645984517,-0.029249774152987462,-0.0001384965140254213,0.042408794713813425,0.025281520184733508,0.05857648552621275,-0.005801874935308704,0.37499999999999867,60,0.011904761904761862,-0.15411247870384825,-0.14998619811215974,0.019559998682080026,-0.17081198418189747,-0.16817422899776024,-0.007655236777318164,0.016699505478049215,0.018188030885600504,0.05857648552621275,-0.03669019832926079,0.07724722880902307,601018.SH,宁波港,-0.1004432075860647,2,subjective/semi-quantitative,low_value,1
2013-05-03,1.77939426,2492.912,10,0.004065040650406582,-0.016260162601625994,0.0,0.042437919990757855,-0.005230830450493218,0.03976714781749213,-0.038372879340351274,-0.011029332151132776,-0.03976714781749213,-0.012363893645249258,-0.03824620531718548,0.2500000000000051,20,0.004065040650406582,-0.016260162601625994,-0.008130081300812941,0.06751822767911575,-0.005230830450493218,0.04553469998138726,-0.06345318702870917,-0.011029332151132776,-0.0536647812822002,-0.012363893645249258,-0.057527033935430905,0.2500000000000051,60,0.004065040650406582,-0.16306952681751363,-0.141934918908865,0.06751822767911575,-0.18843063854640674,-0.1202974673795143,-0.06345318702870917,0.025361111728893104,-0.021637451529350704,-0.00023822291002606466,-0.0589416943778559,0.024928266670913017,601018.SH,宁波港,0.0950269242952169,2,subjective/semi-quantitative,low_value,1
2021-05-06,3.44903117,5061.1244,10,0.017369727047146455,-0.007444168734491274,0.0,0.028762442590820392,-0.026715249283340903,0.02475489438670997,-0.011392715543673937,0.01927108054884963,-0.02475489438670997,0.023823483944226398,-0.024156893050532924,2.333333333333353,20,0.07444168734491319,-0.007444168734491274,0.04962779156327546,0.06270385292248504,-0.026715249283340903,0.03836323406711761,0.01173783442242815,0.01927108054884963,0.011264557496157845,0.023823483944226398,-0.041303167952679076,10.00000000000006,60,0.07444168734491319,-0.07337044448919838,-0.06324334552186728,0.06270385292248504,-0.07848522751189446,-0.04938722707546961,0.01173783442242815,0.005114783022696079,-0.01385611844639767,0.023823483944226398,-0.04346971262790478,1.0146004683925898,601018.SH,宁波港,0.0091096474916094,2,subjective/semi-quantitative,low_value,1
2022-08-11,3.4142778,4193.5428,10,0.03403141361256545,-0.005235602094240788,0.03141361256544517,0.006973530829350372,-0.03214403821036482,-0.018433864559579627,0.02705788278321508,0.026908436116124035,0.0498474771250248,0.05078361541340115,-0.00034623971267611076,6.500000000000064,20,0.03664921465968596,-0.005235602094240788,0.03141361256544517,0.006973530829350372,-0.05026854620394006,-0.037166402594007164,0.029675683830335586,0.04503294410969927,0.06858001515945233,0.07443116578175313,-0.00034623971267611076,7.000000000000085,60,0.03664921465968596,-0.09685863874345546,-0.05759162303664922,0.006973530829350372,-0.16634905932043909,-0.09660187562649891,0.029675683830335586,0.06949042057698362,0.03901025258984969,0.08567674154092075,-0.00034623971267611076,0.3783783783783795,601018.SH,宁波港,-0.0036192168437522,2,subjective/semi-quantitative,neutral,0
2022-09-21,3.4232157,3903.7348,10,0.0026109660574411553,-0.08093994778067892,-0.0600522193211489,-0.0008866380984692279,-0.062045531371649476,-0.030593369201207032,0.003497604155910383,-0.018894416409029446,-0.02945885011994187,0.004443970074605286,-0.030388537878751398,0.032258064516127796,20,0.0026109660574411553,-0.08093994778067892,-0.07049608355091386,-0.0008866380984692279,-0.07916359994536515,-0.06322973066715498,0.003497604155910383,-0.001776347835313774,-0.007266352883758875,0.004443970074605286,-0.0397603385877221,0.032258064516127796,60,0.0026109660574411553,-0.09921671018276768,-0.06788511749347259,0.025509673454251924,-0.10445993923562646,-0.018750351586383496,-0.02289870739681077,0.005243229052858789,-0.049134765907089095,0.008008859864906404,-0.06121261793676569,0.02631578947368321,601018.SH,宁波港,-0.0038113449002806,2,subjective/semi-quantitative,low_value,1
2025-01-14,3.43231765,3820.5395,10,0.005479452054794498,-0.0383561643835616,-0.019178082191780854,0.011443148277880733,-0.011583023811165938,-0.006662593070952405,-0.0059636962230862345,-0.02677314057239566,-0.012515489120828449,0.003700256134481439,-0.02964198512828231,0.14285714285714243,20,0.005479452054794498,-0.0383561643835616,-0.02465753424657524,0.03792231437471072,-0.011583023811165938,0.031309897463434044,-0.03244286231991622,-0.02677314057239566,-0.055967431710009286,0.003700256134481439,-0.05426829689859891,0.14285714285714243,60,0.07397260273972606,-0.07397260273972606,0.00273972602739736,0.05359439419485135,-0.0802041177692312,-0.012646747926568946,0.02037820854487471,0.006231515029505141,0.015386473953966306,0.06750708781754988,-0.06863086336651791,1.0,601018.SH,宁波港,0.0055269701078889,2,subjective/semi-quantitative,low_value,1
2025-09-08,3.49271471,4467.5733,10,0.05263157894736836,-0.005540166204986208,0.024930747922437657,0.023784679705199263,-0.012284499059030618,0.012318701072011606,0.0288468992421691,0.00674433285404441,0.01261204685042605,0.015031402167075436,-0.012249269741696378,9.49999999999989,20,0.09972299168975063,-0.005540166204986208,0.05540166204986163,0.057922183392044246,-0.012284499059030618,0.01600222205643509,0.04180080829770638,0.00674433285404441,0.039399439993426544,0.045949542402770716,-0.03297174824060156,17.9999999999998,60,0.09972299168975063,-0.005540166204986208,0.03014557693433817,0.06586586950906881,-0.012284499059030618,0.02924404172618722,0.03385712218068182,0.00674433285404441,0.0009015352081509498,0.04715303122297265,-0.03297174824060156,17.9999999999998,601018.SH,宁波港,-0.0383879535932657,2,subjective/semi-quantitative,neutral,0
2026-04-28,3.75401565,4758.2083,10,-0.0025974025974024872,-0.054545454545454564,-0.049350649350649256,0.05722960888450368,-0.0044332653532632715,0.021307263912763164,-0.05982701148190617,-0.05011218919219129,-0.07065791326341242,-0.026254322367030736,-0.06918379586640033,-0.04761904761904558,20,-0.0025974025974024872,-0.09163937555774437,-0.07299267652227293,0.05722960888450368,-0.0044332653532632715,0.028143576648378188,-0.05982701148190617,-0.0872061102044811,-0.10113625317065111,-0.026254322367030736,-0.11531739418170006,-0.02834373959440389,60,-0.0025974025974024872,-0.17688142829132858,-0.09430318970566887,0.06432192134169501,-0.05592930851724176,-0.01172313116262691,-0.0669193239390975,-0.12095211977408682,-0.08258005854304196,-0.026254322367030736,-0.19817784963013918,-0.01468442799503232,601018.SH,宁波港,-0.0047316803882081,2,subjective/semi-quantitative,low_value,1
2023-03-23,25.27586439,4039.0895,10,0.02550437761705382,-0.027407689379520317,0.020175104682147005,0.022832645822777664,-0.013664886603775517,0.020843905538612262,0.0026717317942761554,-0.0137428027757448,-0.000668800856465257,0.016978462356092017,-0.027213057969459387,0.9305555555555626,20,0.03730491054434726,-0.06204796345641417,-0.05862200228397396,0.03232864733499974,-0.013664886603775517,-0.0016147946214115638,0.00497626320934752,-0.04838307685263865,-0.0570072076625624,0.016978462356092017,-0.057099411485114326,0.6012269938650321,60,0.12105062809288158,-0.10354015987818799,-0.09973353635325466,0.03232864733499974,-0.06469633812273778,-0.04334075786139435,0.08872198075788185,-0.0388438217554502,-0.05639277849186031,0.06691344629185703,-0.05894761270041626,1.1691176470588238,601066.SH,中信建投,0.0141731572236991,3,subjective/semi-quantitative,low_value,1
2023-04-28,24.3425721,4029.0858,10,0.16403162055335962,-0.011067193675889375,0.06403162055335954,0.015825997053723784,-0.02632212498428299,-0.01710581591486582,0.14820562349963584,0.015254931308393616,0.08113743646822535,0.10507506473001782,0.015122431880963738,14.821428571428504,20,0.16403162055335962,-0.013043478260869712,0.0035573122529644063,0.015825997053723784,-0.06147359780722461,-0.05721953104101174,0.14820562349963584,0.0484301195463549,0.060776843293976146,0.10507506473001782,0.015122431880963738,12.57575757575743,60,0.16403162055335962,-0.07905138339920958,0.059288537549406994,0.015825997053723784,-0.06237409985163378,-0.009021450970341682,0.14820562349963584,-0.016677283547575805,0.06830998851974868,0.10507506473001782,-0.0252878230902448,2.0749999999999966,601066.SH,中信建投,0.0108119617608646,2,subjective/semi-quantitative,high_value,0
2025-12-01,25.07064716,4576.4856,10,0.06463124504361617,-0.003568596352101494,0.05432196669310074,0.014015121122636254,-0.01361258516797259,-0.005337283263821546,0.050616123920979916,0.010043988815871097,0.05965924995692229,0.059979376881325486,0.004863696117898275,18.111111111111175,20,0.09595559080095173,-0.003568596352101494,0.060269627279936566,0.02177334503139261,-0.020149872207616992,0.013741220992807168,0.07418224576955912,0.016581275855515498,0.0465284062871294,0.08880503746836244,0.004863696117898275,26.888888888889014,60,0.09595559080095173,-0.08737896337575046,-0.08299136223813386,0.056914698912195805,-0.020149872207616992,0.015559209888041714,0.039040891888755924,-0.06722909116813347,-0.09855057212617557,0.08880503746836244,-0.09704069557602657,1.0981543737057136,601066.SH,中信建投,-0.010330982129198,2,subjective/semi-quantitative,high_value,0
2020-10-09,3.56119976,4681.1412,10,0.031809145129224614,-0.003976143141153132,0.005964214711729587,0.03598776298394912,0.00491636526580308,0.007978161393636052,-0.004178617854724509,-0.008892508406956212,-0.0020139466819064644,-0.00199800626545521,-0.024267106010173012,7.999999999999888,20,0.031809145129224614,-0.12922465208747513,-0.11530815109343939,0.04624690663037456,-0.008937841909148037,0.043702292082110406,-0.014437761501149948,-0.1202868101783271,-0.1590104431755498,-0.00199800626545521,-0.1523522985259863,0.2461538461538459,60,0.031809145129224614,-0.12922465208747513,-0.11729622266401585,0.12887735580375148,-0.008937841909148037,0.12530638896344337,-0.09706821067452687,-0.1202868101783271,-0.24260261162745922,-0.00199800626545521,-0.21558805140254156,0.2461538461538459,601077.SH,渝农商行,-0.1709961308054399,2,subjective/semi-quantitative,low_value,1
2025-03-13,5.26653572,3911.5793,10,0.08007117437722422,-0.003558718861210064,0.05516014234875444,0.029072579456589365,-0.002026623875425404,0.005325828368096808,0.050998594920634854,-0.00153209498578466,0.04983431398065763,0.07437629869877393,-0.016756777193729255,22.499999999999375,20,0.09964412811387913,-0.003558718861210064,0.092526690391459,0.029072579456589365,-0.10161184767492759,-0.04117584935578311,0.07057154865728976,0.09805312881371753,0.1337025397472421,0.1394442762600523,-0.016756777193729255,27.99999999999925,60,0.38612099644128106,-0.003558718861210064,0.3185053380782916,0.029072579456589365,-0.10161184767492759,-0.0049545461087801,0.3570484169846917,0.09805312881371753,0.3234598841870717,0.3985212638045086,-0.016756777193729255,108.49999999999694,601077.SH,渝农商行,-0.0245383960864463,2,subjective/semi-quantitative,high_value,0
2025-08-20,6.24768894,4271.3958,10,0.019786910197869156,-0.05327245053272445,-0.003044140030441289,0.0649665619842581,0.0005282816450771222,0.04411527491786171,-0.04517965178638894,-0.05380073217780157,-0.047159414948303,-0.003888671891533968,-0.09059891092875083,0.3714285714285729,20,0.030441400304414,-0.05327245053272445,-0.01826484018264829,0.06918335687833,0.0005282816450771222,0.06546506413664588,-0.03874195657391599,-0.05380073217780157,-0.08372990431929417,-0.003888671891533968,-0.09059891092875083,0.5714285714285721,60,0.12937595129375956,-0.060882800608828,0.028919330289193468,0.11481916520122049,0.0005282816450771222,0.0687251928280681,0.014556786092539076,-0.061411082253905125,-0.03980586253887464,0.04845962397228032,-0.10958796777306601,2.125000000000001,601077.SH,渝农商行,0.0311929878919491,2,subjective/semi-quantitative,low_value,1
2024-04-18,7.31,3569.8018,10,0.04103967168262668,-0.03967168262653897,-0.002735978112175075,0.027579878524348178,-0.020772133623777167,0.024989006392455604,0.013459793158278499,-0.018899549002761806,-0.02772498450463068,0.03683783459868217,-0.027049055484225537,1.0344827586206935,20,0.04103967168262668,-0.03967168262653897,0.03283173734610134,0.03732053135274893,-0.020772133623777167,0.029794175127593858,0.003719140329877746,-0.018899549002761806,0.0030375622185074835,0.03683783459868217,-0.035479684954610735,1.0344827586206935,60,0.0738714090287278,-0.03967168262653897,-0.004103967168262557,0.03732053135274893,-0.05182170057732627,-0.019109800437660196,0.036550877675978866,0.012150017950787295,0.01500583326939764,0.041115843818036124,-0.035479684954610735,1.8620689655172427,601111.SH,中国国航,-0.0091691236186794,2,subjective/semi-quantitative,low_value,1
2014-10-28,6.65520128,2416.653,10,0.08310439560439553,0.0,0.058379120879120894,0.07685008977292163,-0.00039310567135608654,0.058741987368480464,0.006254305831473905,0.00039310567135608654,-0.0003628664893595701,0.011127446162209953,-0.010415615551859325,,20,0.09546703296703307,0.0,0.07074175824175821,0.11148063044218604,-0.00039310567135608654,0.1112729051295327,-0.016013597475152963,0.00039310567135608654,-0.04053114688777448,0.011127446162209953,-0.03647272123767842,,60,0.6648351648351649,0.0,0.40384615384615374,0.5268029791616755,-0.00039310567135608654,0.47626200368857274,0.1380321856734894,0.00039310567135608654,-0.072415849842419,0.04318014644695345,-0.12679016821240918,,601088.SH,中国神华,0.0062454002076211,2,subjective/semi-quantitative,low_value,1
2016-06-17,6.38454972,3110.357,10,0.05825958702064904,-0.01179941002949858,0.0471976401179941,0.01925856099476686,-0.024560524724332233,0.014095809580700891,0.03900102602588218,0.012761114694833653,0.03310183053729321,0.03716356761356465,-0.006083646964620937,4.937499999999983,20,0.1822468257009675,-0.01179941002949858,0.152068221343572,0.06129007056103197,-0.024560524724332233,0.05334468036948814,0.12095675513993553,0.012761114694833653,0.09872354097408387,0.09372387103094693,-0.006083646964620937,15.445418478156924,60,0.19809059298859988,-0.01179941002949858,0.14226017492741838,0.09913042136320693,-0.024560524724332233,0.06677272094489473,0.09896017162539295,0.012761114694833653,0.07548745398252366,0.11086171687404622,-0.006083646964620937,16.78817775578376,601088.SH,中国神华,0.0013246669374573,2,subjective/semi-quantitative,high_value,0
2019-08-12,11.21638455,3699.104,10,0.034220532319391594,-0.015752308527974046,0.015209125475285079,0.03521285154459042,-0.023517586961599224,0.018060049136223277,-0.0009923192251988233,0.007765278433625178,-0.0028509236609381983,0.006835101398210197,-0.01535117359698468,2.1724137931034293,20,0.07876154263986956,-0.015752308527974046,0.06463878326996175,0.07735251563621892,-0.023517586961599224,0.0740298191129527,0.0014090270036506425,0.007765278433625178,-0.009391035842990947,0.012917982045325127,-0.016609193205540662,4.999999999999957,60,0.08365019011406849,-0.047256925583921916,-0.04019554589896812,0.08962548768566658,-0.023517586961599224,0.05530636608216488,-0.005975297571598093,-0.023739338622322692,-0.095501911981133,0.01827217915827095,-0.09239064812273834,1.7701149425287317,601088.SH,中国神华,0.0028578721178784,2,subjective/semi-quantitative,low_value,1
2026-05-14,44.063335,4914.5971,10,0.04007084348018575,-0.020588886429045883,0.02169581580695157,0.012129926174416106,-0.028702881870011354,-7.809388891710789e-05,0.02794091730576964,0.008113995440965471,0.021773909695868676,0.03289506625465077,-0.01485676375352507,1.946236559139769,20,0.133052911224264,-0.020588886429045883,0.04693380562320115,0.015719579535828032,-0.04822956901187292,-0.03910491462260457,0.11733333168843596,0.027640682582827036,0.08603872024580572,0.17166489859072676,-0.01485676375352507,6.462365591397837,60,0.133052911224264,-0.1425725038742529,-0.002799039155797045,0.03045382906362759,-0.08879421672226184,-0.04479728358607471,0.1025990821606364,-0.05377828715199107,0.041998244430277665,0.17166489859072676,-0.14696320838684063,0.9332298136645965,601088.SH,中国神华,0.0058574290773686,2,subjective/semi-quantitative,high_value,0
2012-03-22,1.87672272,2583.747,10,-0.0010964912280702066,-0.0603070175438597,-0.03947368421052633,-0.0019049852791314104,-0.059609164519591085,-0.024754358689143996,0.0008084940510612038,-0.0006978530242686132,-0.014719325521382332,0.0144026921699274,-0.020126573808338044,-0.018181818181818684,20,0.09100877192982448,-0.0603070175438597,0.03947368421052633,0.021886043796083943,-0.059609164519591085,0.00817378791344514,0.06912272813374054,-0.0006978530242686132,0.03129989629708119,0.031046131800213317,-0.025475976827926683,1.5090909090909066,60,0.09100877192982448,-0.08881578947368429,-0.0344098727594665,0.05189285173819269,-0.059609164519591085,-0.02769698426355205,0.03911592019163179,-0.029206624954093208,-0.006712888495914449,0.031046131800213317,-0.06170453177323898,1.0246913580246895,601009.SH,南京银行,0.0776461781820266,2,subjective/semi-quantitative,high_value,0
2014-01-13,1.77937044,2193.679,10,0.01633165829145722,-0.0201005025125629,-0.008793969849246297,0.02902703631661696,-0.016967386750750713,0.010138219858055741,-0.012695378025159743,-0.0031331157618121885,-0.01893218970730204,0.0013015027370308907,-0.026836721213865378,0.8124999999999931,20,0.03643216080402012,-0.0201005025125629,0.018844221105527748,0.055568750031339986,-0.016967386750750713,0.053776327347802466,-0.019136589227319867,-0.0031331157618121885,-0.03493210624227472,0.0013015027370308907,-0.03314945053870555,1.8124999999999931,60,0.07286432160804024,-0.08291457286432169,-0.017587939698492594,0.06291668015238328,-0.05284273587885924,0.016312322814778346,0.009947641455656964,-0.030071836985462452,-0.03390026251327094,0.010693860825816914,-0.036474637129264686,0.8787878787878783,601009.SH,南京银行,0.0304907923869775,2,subjective/semi-quantitative,low_value,1
2014-08-11,1.97132782,2365.349,10,0.0,-0.02400960384153661,-0.01800720288115243,0.006111148925591836,-0.013624205138438428,-0.009506419560073476,-0.006111148925591836,-0.010385398703098181,-0.008500783321078953,-0.0025034547855727896,-0.012336313422170564,0.0,20,0.028811524609844152,-0.026410564225690214,0.01800720288115243,0.03785657000298892,-0.023552549750586516,0.03376880113674563,-0.009045045393144768,-0.0028580144751036984,-0.0157615982555932,-0.001176878089513389,-0.01918775838568576,1.0909090909091017,60,0.4669867947178872,-0.026410564225690214,0.35414165666266517,0.10020677709716397,-0.023552549750586516,0.08170591316545672,0.3667800176207232,-0.0028580144751036984,0.27243574349720845,0.2760526162112136,-0.01918775838568576,17.681818181818223,601009.SH,南京银行,-0.1612642258347903,4,subjective/semi-quantitative,low_value,1
2014-10-15,2.13935216,2463.874,10,0.047566371681415864,-0.017699115044247815,0.03207964601769908,0.006666737016584712,-0.04147695864317735,-0.0050692527296443135,0.04089963466483115,0.023777843598929538,0.037148898747343395,0.049986034969090154,0.0024464958461056785,2.687499999999992,20,0.3517699115044246,-0.017699115044247815,0.24557522123893794,0.056211884211611496,-0.04147695864317735,0.05294264235914681,0.2955580272928131,0.023777843598929538,0.19263257887979113,0.22480914193407453,0.0024464958461056785,19.87499999999996,60,0.7146017699115044,-0.017699115044247815,0.5320796460176991,0.4975412703734041,-0.04147695864317735,0.43949041225322416,0.21706049953810025,0.023777843598929538,0.09258923376447492,0.2934702949052561,0.0024464958461056785,40.374999999999936,601009.SH,南京银行,0.0334250450173078,4,subjective/semi-quantitative,high_value,0
2014-11-07,2.59372784,2502.153,10,0.11496350364963503,-0.05200729927007297,0.02098540145985406,0.044734674498322136,0.005018478086671774,0.03249281718583963,0.0702288291513129,-0.057025777356744745,-0.01150741572598557,0.025939292088610344,-0.05766995909045414,2.210526315789475,20,0.31295620437956195,-0.05200729927007297,0.24452554744525545,0.2772192587743436,0.005018478086671774,0.24887846586519702,0.03573694560521834,-0.057025777356744745,-0.004352918419941565,0.08345206878295164,-0.05766995909045414,6.017543859649123,60,0.41423357664233573,-0.05200729927007297,0.166058394160584,0.4746312475695933,0.005018478086671774,0.3737948878425901,-0.06039767092725756,-0.057025777356744745,-0.20773649368200608,0.08345206878295164,-0.16150520664329227,7.964912280701757,601009.SH,南京银行,0.2936636305924091,4,subjective/semi-quantitative,neutral,0
2014-12-16,3.25635904,3303.402,10,0.12645348837209314,-0.06395348837209291,0.04578488372093026,0.06686379677677734,-0.034784443431347456,0.046664620291444914,0.0595896915953158,-0.02916904494074546,-0.0008797365705146554,0.07727794936883958,-0.016784870681588737,1.9772727272727324,20,0.12645348837209314,-0.06395348837209291,0.010174418604651292,0.11695549012805584,-0.034784443431347456,0.09103312282307763,0.009497998244037298,-0.02916904494074546,-0.08085870421842634,0.07727794936883958,-0.087952287425485,1.9772727272727324,60,0.12645348837209314,-0.11773255813953487,0.06177325581395343,0.16822778456875676,-0.034784443431347456,0.16235898628141543,-0.04177429619666362,-0.08294811470818741,-0.100585730467462,0.07727794936883958,-0.1471936338324753,1.074074074074075,601009.SH,南京银行,0.2566142751486543,4,subjective/semi-quantitative,low_value,1
2017-03-16,5.40639758,3481.507,10,0.004163197335553592,-0.04912572855953379,-0.025811823480432983,0.007029139967261289,-0.016987183998193878,-0.01285334195795107,-0.0028659426317076964,-0.03213854456133991,-0.012958481522481913,-0.004983098877264891,-0.0362546534670527,0.08474576271186199,20,0.006661115736885881,-0.08659450457951712,-0.0657785179017486,0.01301390461084817,-0.016987183998193878,-0.0004495179817245454,-0.0063527888739622895,-0.06960732058132324,-0.06532899992002406,0.008206154761648543,-0.06535837968694969,0.07692307692307633,60,0.006661115736885881,-0.17235636969192336,-0.10241465445462117,0.035094859783421306,-0.04843161309168709,0.013581762150700838,-0.028433744046535425,-0.12392475660023627,-0.115996416605322,0.008206154761648543,-0.13608201071166004,0.03864734299516882,601009.SH,南京银行,0.0287537085178334,2,subjective/semi-quantitative,low_value,1
2017-04-21,5.0867854,3466.787,10,0.005309734513274433,-0.1203539823008849,-0.11415929203539821,-6.40362387420712e-05,-0.03669478395990289,-0.031145265053780236,0.0053737707520165046,-0.08365919834098201,-0.08301402698161797,-0.0031974775654050047,-0.08568263537074627,0.04411764705882436,20,0.005309734513274433,-0.1203539823008849,-0.08584070796460175,-6.40362387420712e-05,-0.044391247573041026,-0.016022905358765827,0.0053737707520165046,-0.07596273472784387,-0.06981780260583592,-0.0031974775654050047,-0.08568263537074627,0.04411764705882436,60,0.09115044247787618,-0.1203539823008849,0.057763268330525586,0.07622591177363947,-0.044391247573041026,0.07585092479001454,0.014924530704236716,-0.07596273472784387,-0.018087656459488954,0.005747056729704214,-0.08568263537074627,0.7573529411764716,601009.SH,南京银行,-0.0115747275193987,2,subjective/semi-quantitative,low_value,1
2017-11-07,5.00687145,4054.246,10,0.08494208494208477,-0.005148005148005286,0.07464607464607464,0.040948921205077315,-0.0039084949457925955,0.0403169911248602,0.04399316373700746,-0.0012395102022126903,0.03432908352121444,0.04637621020689542,-0.014023893026867573,16.499999999999524,20,0.09395109395109391,-0.005148005148005286,0.052767052767052736,0.050907863015712485,-0.01774140000384783,-0.003471915616368615,0.04304323093538143,0.012593394855842543,0.05623896838342135,0.06281471650425363,-0.014023893026867573,18.249999999999503,60,0.3127413127413128,-0.011583011583011671,0.31145431145431135,0.08610503654686963,-0.024370992781395096,0.054671571483328796,0.22663627619444315,0.012787981198383425,0.25678273997098255,0.2434717564348814,-0.014023893026867573,26.999999999999797,601009.SH,南京银行,-0.0410723821243924,2,subjective/semi-quantitative,neutral,0
2020-08-28,6.66048768,4844.2652,10,-0.008928571428571508,-0.0736607142857143,-0.0647321428571428,0.011755405133476282,-0.059087351369615404,-0.04479164352934273,-0.02068397656204779,-0.014573362916098898,-0.019940499327800065,0.00532514111771909,-0.0680075949151403,-0.12121212121212226,20,-0.008928571428571508,-0.1037946428571429,-0.1004464285714286,0.011755405133476282,-0.05977073674661737,-0.05661201207563937,-0.02068397656204779,-0.044023906110525535,-0.04383441649578923,0.00532514111771909,-0.0680075949151403,-0.08602150537634481,60,0.006696428571428603,-0.1573660714285714,-0.0379464285714286,0.043541546817048804,-0.05977073674661737,0.023943094610096916,-0.0368451182456202,-0.09759533468195403,-0.06188952318152552,0.00532514111771909,-0.13965312889357273,0.04255319148936191,601009.SH,南京银行,0.16295585522236,4,subjective/semi-quantitative,low_value,1
2020-10-12,6.04350054,4823.1578,10,0.06642066420664205,-0.012300123001230068,0.0,0.005483378545068529,-0.03811940384782753,-0.0273517694154648,0.060937285661573526,0.02581928084659746,0.0273517694154648,0.06241641033743295,-0.00821899600321141,5.399999999999975,20,0.06642066420664205,-0.071340713407134,0.002460024600245969,0.036209451824279926,-0.03811940384782753,0.03279840854470906,0.03021121238236213,-0.03322130955930647,-0.030338383944463088,0.06241641033743295,-0.05595084450011989,0.9310344827586216,60,0.10947109471094718,-0.071340713407134,-0.017220172201722006,0.11306847559497224,-0.03811940384782753,0.11306847559497224,-0.0035973808840250587,-0.03322130955930647,-0.13028864779669425,0.06241641033743295,-0.11705357815209938,1.5344827586206924,601009.SH,南京银行,0.0663762578349619,2,subjective/semi-quantitative,low_value,1
2025-09-23,10.46648216,4519.7781,10,0.0638686131386863,-0.02372262773722633,0.0638686131386863,0.045702863156047435,-0.00639677421331819,0.019140275935227935,0.018165749982638868,-0.01732585352390814,0.04472833720345837,0.04844589501941399,-0.050789135945916275,2.6923076923076934,20,0.07664233576642343,-0.02372262773722633,0.01642335766423364,0.05045816297928418,-0.00639677421331819,0.05045816297928418,0.026184172787139248,-0.01732585352390814,-0.03403480531505054,0.0670021305266888,-0.050789135945916275,3.2307692307692264,60,0.13269655064314367,-0.02372262773722633,0.06049652216671819,0.053554797302991286,-0.021674913642331428,0.025284537751975034,0.07914175334015239,-0.0020477140948949035,0.03521198441474316,0.11944932960021815,-0.050789135945916275,5.59366998095712,601009.SH,南京银行,-0.0538486130833586,2,subjective/semi-quantitative,neutral,0
2026-04-15,10.98189957,4685.2464,10,0.0679177837354783,-0.011617515638963294,0.04825737265415553,0.029501970269909528,0.0008895156506603108,0.026700922282337114,0.03841581346556877,-0.012507031289623605,0.021556450371818414,0.031368257267446076,-0.01791519547101461,5.846153846153896,20,0.0679177837354783,-0.024128686327077653,-0.016979445933869575,0.0736935201529636,0.0008895156506603108,0.031647705870922804,-0.0057757364174853,-0.025018201977737964,-0.04862715180479238,0.031368257267446076,-0.06263983512771842,2.814814814814834,60,0.0679177837354783,-0.10306956121617494,0.0025587950263872283,0.08089627900893337,-0.007726808135427032,0.02374594429014465,-0.01297849527345507,-0.09534275308074791,-0.02118714926375742,0.03681842548312697,-0.15263331801405744,0.6589509350197933,601009.SH,南京银行,-0.0303451467767193,2,subjective/semi-quantitative,low_value,1
2025-11-18,19.92674739,4568.1928,10,0.08147044212617982,-0.026328862394436103,0.008941877794336861,0.011483775378307248,-0.03204341550558032,-0.0030336066376182025,0.06998666674787257,0.005714553111144216,0.011975484431955064,0.060785573776865,-0.013283291277431997,3.0943396226415163,20,0.08147044212617982,-0.04719324391455537,-0.04123199205166417,0.015855898201144303,-0.03204341550558032,-0.015463073274840644,0.06561454392503552,-0.015149828408975052,-0.025768918776823524,0.060785573776865,-0.04032662873885451,1.7263157894736847,60,0.08147044212617982,-0.11906438836027211,-0.10957585286075122,0.058833353093153073,-0.03204341550558032,0.03313896909079683,0.022637089033026747,-0.08702097285469179,-0.14271482195154805,0.060785573776865,-0.13813710083663067,0.6842553281310421,601136.SH,首创证券,-0.0321142555374919,2,subjective/semi-quantitative,high_value,0
2020-10-09,8.40601938,4681.1412,10,0.1606519208381838,0.010477299185098987,0.08265424912689157,0.03598776298394912,0.00491636526580308,0.007978161393636052,0.12466415785423468,0.005560933919295907,0.07467608773325551,0.10472434187589053,0.023658988017360993,,20,0.2887077997671712,-0.013969732246798539,0.18509895227008166,0.04624690663037456,-0.008937841909148037,0.043702292082110406,0.24246089313679664,-0.005031890337650502,0.14139666018797126,0.13547604643647482,0.016707930256715242,20.666666666666767,60,1.8381839348079163,-0.013969732246798539,1.0011641443539,0.12887735580375148,-0.008937841909148037,0.12530638896344337,1.7093065790041648,-0.005031890337650502,0.8758577553904567,1.4724882833551014,0.016707930256715242,131.58333333333394,601127.SH,赛力斯,-0.0014929292921182,2,subjective/semi-quantitative,high_value,0
2025-02-07,130.11267744,3892.7028,10,0.014701447527140976,-0.11783775633293125,-0.07554282267792523,0.022695079624367898,-0.00651192790777666,0.022026135671081803,-0.007993632097226921,-0.1113258284251546,-0.09756895834900703,-0.0011647535558488853,-0.10999096475385695,0.12476007677543051,20,0.04025934861278646,-0.11783775633293125,0.014324487334137492,0.026522137780464528,-0.009499158271214614,0.013181458394409207,0.013737210832321933,-0.10833859806171664,0.0011430289397282856,0.0011281581697513143,-0.10999096475385695,0.3416506717850285,60,0.04025934861278646,-0.15455367913148366,-0.02985524728588662,0.034062759684607924,-0.09725538255836019,-0.010225928370385828,0.006196588928178537,-0.057298296573123464,-0.019629318915500793,0.05791192093822928,-0.10999096475385695,0.2604878048780487,601127.SH,赛力斯,-0.0008125038603297,3,subjective/semi-quantitative,low_value,1
2010-03-22,3.72204294,3302.628,10,0.07042253521126751,-0.01609657947686116,0.05633802816901401,0.0404714064072611,-0.024839006996852264,0.03104103762216015,0.02995112880400641,0.008742427519991103,0.02529699054685386,0.02453538668566968,-0.0012694475300292218,4.374999999999996,20,0.07042253521126751,-0.032193158953722434,-0.01810865191146882,0.0404714064072611,-0.05197921170655617,-0.03913671173380728,0.02995112880400641,0.019786052752833738,0.021028059822338463,0.024543678408239122,-0.011425582684452706,2.1874999999999902,60,0.07042253521126751,-0.1851106639839034,-0.15895372233400407,0.0404714064072611,-0.19833629461144275,-0.1580453505511369,0.02995112880400641,0.013225630627539342,-0.0009083717828671789,0.09881237063280146,-0.015251673574632418,0.3804347826086952,601117.SH,中国化学,-0.0104112101644742,2,subjective/semi-quantitative,neutral,0
2010-04-23,3.6696198,3190.003,10,0.0,-0.09183673469387754,-0.05714285714285716,0.005552345875536879,-0.12272088772330303,-0.1040030369877395,-0.005552345875536879,0.030884153029425487,0.04686017984488233,0.052299485131448,-0.03524510003429715,0.0,20,0.0,-0.15714285714285714,-0.10612244897959189,0.005552345875536879,-0.17003306893441794,-0.09922686593084706,-0.005552345875536879,0.012890211791560802,-0.006895583048744824,0.07650309247950471,-0.03524510003429715,0.0,60,0.0,-0.2142857142857143,-0.15102040816326534,0.005552345875536879,-0.22815056913739573,-0.12812433091755715,-0.005552345875536879,0.01386485485168143,-0.02289607724570819,0.07650309247950471,-0.03674789128938405,0.0,601117.SH,中国化学,-0.1423622490358675,2,subjective/semi-quantitative,low_value,1
2017-11-09,5.28642597,4075.899,10,0.02304147465437789,-0.056835637480798784,-0.044546850998463894,0.045324970025017786,-0.004951791003653394,0.00650089710270052,-0.022283495370639894,-0.05188384647714539,-0.051047748101164414,0.004970267480813861,-0.0677631193005066,0.4054054054054055,20,0.02304147465437789,-0.06144393241167434,-0.03993855606758823,0.045324970025017786,-0.029418295203095024,-0.025722668790369885,-0.022283495370639894,-0.032025637208579316,-0.014215887277218342,0.004970267480813861,-0.0677631193005066,0.3750000000000002,60,0.18125960061443935,-0.06144393241167434,0.09984639016897079,0.08033516041491717,-0.029553970792701167,0.047923905867147454,0.10092444019952218,-0.03188996161897317,0.051922484301823335,0.11106575141587016,-0.0677631193005066,2.9500000000000006,601117.SH,中国化学,0.0021059462543084,2,subjective/semi-quantitative,low_value,1
2024-12-18,7.70159101,3941.89,10,0.0556242274412857,-0.03584672435105063,-0.02966625463535222,0.016710917859199537,-0.03692419118747603,-0.030821458741872587,0.038913309582086164,0.0010774668364254003,0.0011552041065203689,0.039149478433514684,0.0011919414817220808,1.5517241379310411,20,0.0556242274412857,-0.10135970333745359,-0.08281829419035835,0.016710917859199537,-0.060322002897087335,-0.035898109789973764,0.038913309582086164,-0.041037700440366254,-0.04692018440038459,0.039149478433514684,-0.053993133201312826,0.54878048780488,60,0.0556242274412857,-0.1248454882571075,-0.07169344870210126,0.021159646768428297,-0.060322002897087335,-0.006898822645989622,0.0344645806728574,-0.06452348536002017,-0.06479462605611164,0.039149478433514684,-0.12186379009585258,0.445544554455447,601117.SH,中国化学,-0.0354313025018309,2,subjective/semi-quantitative,low_value,1
2025-02-26,6.95903959,3959.9413,10,0.023255813953488413,-0.025991792065663377,0.008207934336525335,0.003533133180534831,-0.026317536575605316,-0.008260172947513134,0.019722680772953582,0.0003257445099419387,0.01646810728403847,0.019231982903005207,-0.015190915777381186,0.894736842105268,20,0.041039671682626455,-0.025991792065663377,0.024623803009576006,0.016504714350184857,-0.026317536575605316,-0.010248813536705703,0.024534957332441598,0.0003257445099419387,0.03487261654628171,0.03923391316121294,-0.015190915777381186,1.5789473684210553,60,0.11627906976744184,-0.10123119015047877,0.051983584131326976,0.016504714350184857,-0.11258368905619887,-0.03044095628387211,0.09977435541725699,0.011352498905720099,0.08242454041519909,0.114146321797437,-0.015190915777381186,1.148648648648649,601117.SH,中国化学,-0.0203073633544569,2,subjective/semi-quantitative,neutral,0
2019-11-04,13.2426549,3978.121,10,0.042458808618504484,-0.05449936628643859,0.010139416983523386,0.013201458678607336,-0.02760222728267947,-0.017644511064394464,0.029257349939897148,-0.02689713900375912,0.02778392804791785,0.04101395459789492,-0.03249564100369773,0.7790697674418605,20,0.08555133079847921,-0.05449936628643859,0.0785804816223068,0.013201458678607336,-0.04356126925249382,-0.035711080683568985,0.07234987211987187,-0.010938097033944771,0.11429156230587578,0.11852418918895724,-0.03249564100369773,1.5697674418604657,60,0.3307984790874523,-0.05449936628643859,0.18441064638783278,0.06168389548734177,-0.08501827873008394,-0.03760418549360367,0.26911458360011054,0.030518912443645352,0.22201483188143645,0.27210801390991635,-0.03249564100369773,6.0697674418604555,601138.SH,工业富联,-0.3052111810153693,4,subjective/semi-quantitative,high_value,0
2019-11-29,13.9811553,3828.67,10,0.14165666266506616,-0.0036014405762304635,0.13565426170468187,0.036771515957238377,-0.004451154056108186,0.036448949635251804,0.10488514670782778,0.0008497134798777228,0.09920531206943006,0.09571654455759004,-0.01064510613919667,39.333333333333684,20,0.16566626650660266,-0.0036014405762304635,0.051020408163265474,0.06228403074696964,-0.004451154056108186,0.050502393781652666,0.10338223575963301,0.0008497134798777228,0.000518014381612808,0.10366179872943171,-0.01064510613919667,46.00000000000037,60,0.26050420168067223,-0.0036014405762304635,0.04681872749099636,0.10312641204386885,-0.04930223811401879,0.06861155440400979,0.15737778963680338,0.04570079753778833,-0.02179282691301343,0.15964734239783995,-0.020914869313102824,72.3333333333339,601138.SH,工业富联,0.4348335309237169,4,subjective/semi-quantitative,high_value,0
2019-12-31,15.33227535,4096.582,10,0.03065134099616862,-0.04980842911877392,0.023535851122058027,0.030983146437688625,0.001317683864255459,0.017124519904642366,-0.0003318054415200056,-0.05112611298302938,0.006411331217415661,0.006303388711951241,-0.044720139717973506,0.6153846153846164,20,0.14942528735632177,-0.064039408866995,0.03557744937055274,0.030983146437688625,-0.11147683605503333,-0.04804175773852448,0.11844214091863314,0.04743742718803834,0.08361920710907722,0.13145192026871144,-0.044720139717973506,2.3333333333333353,60,0.14942528735632177,-0.3201970443349754,-0.23481116584564865,0.030983146437688625,-0.14485134192358418,-0.08837889733441207,0.11844214091863314,-0.17534570241139125,-0.14643226851123659,0.13145192026871144,-0.21761794441439908,0.46666666666666634,601138.SH,工业富联,0.5264682363714582,4,subjective/semi-quantitative,high_value,0
2020-02-17,16.10434395,4077.424,10,0.07347576862949445,-0.12193850964043773,-0.09119332985930184,0.026245246999085703,-0.03663048042097172,-0.0019026718830319478,0.04723052163040875,-0.08530802921946601,-0.0892906579762699,0.03543295751426179,-0.08946087266331793,0.602564102564102,20,0.07347576862949445,-0.26159458051068274,-0.25482021886399164,0.03394962113334299,-0.08753352606940057,-0.08573653365458189,0.039526147496151465,-0.17406105444128217,-0.16908368520940975,0.03543295751426179,-0.18493978096411023,0.280876494023904,60,0.07347576862949445,-0.35278791036998436,-0.28139656070870245,0.03394962113334299,-0.14083337911387184,-0.04037061144487297,0.039526147496151465,-0.21195453125611252,-0.24102594926382948,0.03543295751426179,-0.25894473062442724,0.20827178729689788,601138.SH,工业富联,0.6495512005281325,4,subjective/semi-quantitative,low_value,1
2023-04-06,17.391745,4096.64,10,0.02894736842105261,-0.10999999999999999,0.0,0.01782626738009685,-0.009047805030464096,0.003998203405717771,0.011121101040955761,-0.10095219496953589,-0.003998203405717771,-0.003982281434523727,-0.097205243603523,0.2631578947368419,20,0.0457894736842106,-0.24473684210526325,-0.22631578947368425,0.01782626738009685,-0.04179132166848931,-0.016785609670364132,0.027963206304113752,-0.20294552043677394,-0.20953017980332012,0.006603606140726415,-0.22090660755396563,0.18709677419354862,60,0.39315789473684193,-0.25473684210526315,0.256842105263158,0.01782626738009685,-0.07783568973597876,-0.06197403237775356,0.3753316273567451,-0.1769011523692844,0.31881613764091155,0.4513467058281748,-0.22090660755396563,1.5433884297520655,601138.SH,工业富联,0.1193680965813739,4,subjective/semi-quantitative,low_value,1
2023-06-16,22.0234413,3963.3509,10,0.10016625103906884,-0.11346633416458862,0.021612635078969156,-0.0015941560965494483,-0.04094949049300678,-0.01623313242337432,0.10176040713561829,-0.07251684367158184,0.037845767502343475,0.10882720584524996,-0.014412035412741941,0.8827838827838808,20,0.13300083125519535,-0.11346633416458862,0.061097256857855387,-0.0015941560965494483,-0.04094949049300678,-0.02735352047682682,0.1345949873517448,-0.07251684367158184,0.0884507773346822,0.15167006610419032,-0.03437536233128047,1.1721611721611713,60,0.13300083125519535,-0.2179428634524978,-0.17875481521591274,0.02548631260482126,-0.06770028866230338,-0.05115522322285415,0.10751451865037409,-0.15024257479019443,-0.1275995919930586,0.15167006610419032,-0.1387366886041731,0.6102555006770563,601138.SH,工业富联,0.0107101982949646,4,subjective/semi-quantitative,neutral,0
2024-06-26,25.48828568,3480.2648,10,0.07397865292602135,-0.03128450496871549,0.0655134339344865,0.0023142204581674264,-0.027427855489616793,-0.014739999094321665,0.07166443246785392,-0.003856649479098695,0.08025343302880816,0.08145406588619952,-0.005780315339453668,2.3647058823529417,20,0.08465218991534784,-0.11078395288921616,-0.10563121089436878,0.01869785885257924,-0.027427855489616793,-0.017843038840033132,0.0659543310627686,-0.08335609739959937,-0.08778817205433564,0.08145406588619952,-0.10744857883291703,0.7641196013289031,60,0.08465218991534784,-0.3152477762090118,-0.28649574913270515,0.01869785885257924,-0.09610590550466147,-0.08022811942355645,0.0659543310627686,-0.21914187070435032,-0.2062676297091487,0.08145406588619952,-0.2519055727528213,0.2685258907559201,601138.SH,工业富联,0.0115201488321207,3,subjective/semi-quantitative,low_value,1
2025-09-05,54.8903811,4460.3249,10,0.22926741895038516,-0.1492029374888053,0.1839512806734731,0.02544841520401353,-0.010679378984252863,0.009325464160693908,0.20381900374637163,-0.13852355850455245,0.1746258165127792,0.1730123956180869,-0.12135619684072596,1.5366146458583436,20,0.3383485581228731,-0.1492029374888053,0.13702310585706612,0.059641395181772694,-0.010679378984252863,0.02996499201212921,0.27870716294110043,-0.13852355850455245,0.10705811384493691,0.25269166058532444,-0.12135619684072596,2.267707082833134,60,0.5024180548092423,-0.1492029374888053,0.1357692996596811,0.06759799045132331,-0.010679378984252863,0.036192341055693245,0.434820064357919,-0.13852355850455245,0.09957695860398785,0.3596100119487098,-0.12135619684072596,3.3673469387755097,601138.SH,工业富联,-0.0166409077926847,4,subjective/semi-quantitative,neutral,0
2017-11-07,15.57474238,4054.246,10,0.049554013875123815,-0.0297324083250744,0.02874132804757168,0.040948921205077315,-0.0039084949457925955,0.0403169911248602,0.0086050926700465,-0.025823913379281804,-0.011575663077288523,0.013949350515696235,-0.035858603584554394,1.6666666666666605,20,0.049554013875123815,-0.0297324083250744,0.012388503468780954,0.050907863015712485,-0.01774140000384783,-0.003471915616368615,-0.00135384914058867,-0.01199100832122657,0.01586041908514957,0.015915676972575676,-0.035858603584554394,1.6666666666666605,60,0.06590683845391476,-0.08622398414271559,-0.005450941526263686,0.08610503654686963,-0.024370992781395096,0.054671571483328796,-0.020198198092954867,-0.0618529913613205,-0.06012251300959248,0.02196093010291067,-0.10323356727253963,0.7643678160919537,601211.SH,国泰海通,0.0164961896947219,2,subjective/semi-quantitative,low_value,1
2019-11-01,13.91594404,3952.387,10,0.02665121668597914,-0.03418308227114708,-0.030706836616454125,0.019798415489171495,-0.01905127205407775,-0.01905127205407775,0.006852801196807645,-0.01513181021706933,-0.011655564562376375,0.0013296872703505436,-0.012984681465912584,0.7796610169491544,20,0.02665121668597914,-0.044611819235225836,-0.03186558516801852,0.019798415489171495,-0.03733389468187198,-0.03130184367067301,0.006852801196807645,-0.007277924553353854,-0.0005637414973455046,0.0013296872703505436,-0.02493728135258022,0.5974025974025989,60,0.12108922363847041,-0.08574739281575883,-0.06662804171494785,0.06859652154508145,-0.07906083083463245,-0.042189694480828877,0.052492702093388965,-0.006686561981126382,-0.024438347234118973,0.054759080813916894,-0.025514809240721692,1.4121621621621643,601211.SH,国泰海通,0.038734663749365,2,subjective/semi-quantitative,low_value,1
2020-10-29,15.44891628,4772.9198,10,0.031982942430703654,-0.052238805970149294,-0.02025586353944564,0.04711621175784275,-0.01874070877956091,0.028398382055361493,-0.015133269327139098,-0.03349809719058838,-0.04865424559480713,-0.0029827935798429905,-0.047310698308924315,0.6122448979591838,20,0.031982942430703654,-0.052238805970149294,-0.005330490405117239,0.05378923400305213,-0.01874070877956091,0.03072991086085297,-0.02180629157234848,-0.03349809719058838,-0.03606040126597021,-0.0029827935798429905,-0.057890270232339724,0.6122448979591838,60,0.041577825159914594,-0.09541577825159908,-0.07622601279317709,0.18265542613978147,-0.01874070877956091,0.16695361191696545,-0.14107760097986688,-0.07667506947203817,-0.24317962471014254,-0.0029827935798429905,-0.20838842454985773,0.4357541899441331,601211.SH,国泰海通,0.0700623622431796,2,subjective/semi-quantitative,low_value,1
2020-12-17,14.83952406,5017.4784,10,0.0011098779134295356,-0.05826859045504995,-0.0271920088790234,0.03948983616949908,-0.011267153636376315,0.038626992395223825,-0.038379958256069546,-0.047001436818673636,-0.06581900127424722,-0.002066681766700329,-0.06673408518528146,0.019047619047619264,20,0.012763596004439437,-0.05826859045504995,-0.033296337402885734,0.12501122077575855,-0.011267153636376315,0.08781359178347437,-0.11224762477131911,-0.047001436818673636,-0.1211099291863601,-0.002066681766700329,-0.11645691662266144,0.21904761904761774,60,0.012763596004439437,-0.11265260821309664,-0.10599334073251954,0.18205037016203196,-0.01984450994348086,-0.002070302883615871,-0.16928677415759252,-0.09280809826961578,-0.10392303784890367,-0.002066681766700329,-0.21804982150334373,0.11330049261083669,601211.SH,国泰海通,0.013757636297858,2,subjective/semi-quantitative,low_value,1
2014-09-24,5.91674509,2441.864,10,0.0058083252662148865,-0.02420135527589551,-0.015488867376573068,0.01894003924870491,-0.008749463524586276,0.009013605999351304,-0.013131713982490023,-0.015451891751309232,-0.024502473375924372,-0.005749714839488607,-0.024283590657488197,0.23999999999999852,20,0.0058083252662148865,-0.03291384317521784,-0.004840271055179146,0.01894003924870491,-0.03283720960708714,0.003898661022890604,-0.013131713982490023,-7.663356813070177e-05,-0.00873893207806975,0.012499775985925998,-0.024283590657488197,0.17647058823529332,60,0.5082284607938043,-0.03291384317521784,0.3339787028073571,0.414987484970498,-0.03283720960708714,0.3229176563477738,0.09324097582330637,-7.663356813070177e-05,0.01106104645958328,0.043877174518629714,-0.05658161662084005,15.44117647058822,601166.SH,兴业银行,0.0515251581182027,2,subjective/semi-quantitative,low_value,1
2015-03-09,8.42549083,3537.75,10,0.2154996600951733,-0.033990482664853716,0.1985044187627465,0.12283117800862131,-0.00728287753515644,0.1227647516076602,0.09266848208655198,-0.026707605129697276,0.07573966715508629,0.10720142215098383,-0.02655528930738993,6.340000000000022,20,0.36981645139360997,-0.033990482664853716,0.3453433038749152,0.20428831884672438,-0.00728287753515644,0.20416762066285066,0.1655281325468856,-0.026707605129697276,0.14117568321206453,0.11723922881629423,-0.02655528930738993,10.880000000000045,60,0.45615227736233876,-0.033990482664853716,0.2985890247535883,0.4774486608720232,-0.00728287753515644,0.45391562433750265,-0.021296383509684436,-0.026707605129697276,-0.15532659958391437,0.14600880025182694,-0.10951678699139267,13.420000000000055,601166.SH,兴业银行,0.1545601928216755,2,subjective/semi-quantitative,high_value,0
2016-08-23,9.85724888,3341.83,10,0.003107520198881275,-0.01802361715351164,-0.009944064636420169,0.0018848954016212893,-0.018559890838253268,0.0002381928464345595,0.0012226247972599857,0.0005362736847416283,-0.010182257482854729,0.00904664521644416,-0.010179832719523052,0.17241379310344593,20,0.003107520198881275,-0.023617153511497846,-0.005593536357986428,0.00464625669169294,-0.03306421930499159,-0.01517402141940194,-0.0015387364928116654,0.009447065793493747,0.009580485061415511,0.013803862752117535,-0.010179832719523052,0.13157894736842018,60,0.04847731510254816,-0.023617153511497846,0.03418272218769425,0.049773627024713996,-0.038119533309593834,0.04396094355487867,-0.0012963119221658381,0.014502379798095988,-0.009778221367184425,0.02726599503613536,-0.017283882058767408,2.0526315789473664,601166.SH,兴业银行,0.0212323126658905,4,subjective/semi-quantitative,low_value,1
2019-09-04,12.11073894,3886.001,10,0.03356086461888519,-0.012514220705346801,-0.0068259385665528916,0.025537306861217912,-0.0016767880399413126,0.009876734463012182,0.008023557757667277,-0.010837432665405489,-0.016702673029565074,0.0060028292492784185,-0.016539318571831885,2.6818181818182287,20,0.054607508532423354,-0.021046643913538055,0.04209328782707633,0.025537306861217912,-0.020827066179344822,-0.002923828377810578,0.029070201671205442,-0.00021957773419323257,0.04501711620488691,0.0525378787458648,-0.016539318571831885,2.5945945945946085,60,0.1547212741751991,-0.021046643913538055,0.08191126279863492,0.03722001100874639,-0.020888311660238856,-0.0017081827822484907,0.11750126316645271,-0.0001583322532991982,0.08361944558088341,0.12731340484216735,-0.016539318571831885,7.351351351351371,601166.SH,兴业银行,0.0905643182281534,2,subjective/semi-quantitative,neutral,0
2020-11-18,13.8326784,4891.6716,10,0.1494791666666666,-0.021354166666666785,0.109375,0.04066847005837437,-0.0048769218277039394,0.03587180709350979,0.10881069660829223,-0.016477244838962846,0.07350319290649021,0.08605166590117275,-0.01971886268941403,6.999999999999958,20,0.1494791666666666,-0.021354166666666785,0.06354166666666661,0.04066847005837437,-0.008650805585558863,0.012714549357728755,0.10881069660829223,-0.012703361081107922,0.05082711730893785,0.08605166590117275,-0.01971886268941403,6.999999999999958,60,0.4619791666666666,-0.029166666666666674,0.4442708333333334,0.21245101572231473,-0.008650805585558863,0.17922499130971925,0.24952815094435188,-0.02051586108110781,0.26504584202361414,0.22476274161153764,-0.1049559722391239,15.839285714285708,601166.SH,兴业银行,0.2546991958466024,4,subjective/semi-quantitative,high_value,0
2021-01-27,16.8945994,5528.0034,10,0.17484008528784645,-0.03667377398720684,0.13603411513859265,0.05344036148747677,-0.043398652757702605,0.0505997698916032,0.12139972380036967,0.006724878770495768,0.08543434524698945,0.13323054185422256,0.010891457699464313,4.767441860465113,20,0.19701492537313414,-0.03667377398720684,0.10746268656716418,0.07288504923857331,-0.043398652757702605,-0.013710356979881766,0.12412987613456083,0.006724878770495768,0.12117304354704594,0.1332385929625335,0.010891457699464313,5.372093023255807,60,0.19701492537313414,-0.12793176972281461,-0.05287846481876346,0.07288504923857331,-0.11655960631283246,-0.06581656588706142,0.12412987613456083,-0.01137216340998215,0.012938101068297958,0.1421624243806041,-0.025455710916191143,1.5399999999999971,601166.SH,兴业银行,0.0670351519202226,3,subjective/semi-quantitative,high_value,0
2021-03-03,18.71013844,5452.2125,10,0.005005775895263742,-0.1274547554871005,-0.07662687716596084,-0.010975360919993404,-0.0979975560380304,-0.06444253594297711,0.015981136815257146,-0.029457199449070104,-0.01218434122298373,0.017192708591559303,-0.03957604645365331,0.039274924471298905,20,0.005005775895263742,-0.13361571043511744,-0.07239122063919912,-0.010975360919993404,-0.10427895097632378,-0.07407117752655445,0.015981136815257146,-0.02933675945879366,0.0016799568873553383,0.017192708591559303,-0.04315422512315947,0.03746397694524478,60,0.005005775895263742,-0.21255294570658467,-0.1297651135926069,-0.010975360919993404,-0.10427895097632378,-0.020272999264060232,0.015981136815257146,-0.10827399473026089,-0.10949211432854666,0.017192708591559303,-0.13208548635875683,0.02355072463768103,601166.SH,兴业银行,0.1133225696539083,4,subjective/semi-quantitative,low_value,1
2024-04-10,13.34323032,3504.7086,10,0.04961832061068705,-0.01590330788804073,0.012086513994910897,0.027985664771102536,-0.009885985956150534,0.004825879104471076,0.021632655839584514,-0.006017321931890196,0.007260634890439821,0.01852288222643228,-0.0093601852852081,3.1199999999999983,20,0.09414758269720114,-0.01590330788804073,0.09160305343511443,0.04847769654800982,-0.009885985956150534,0.045647760843797514,0.04566988614919132,-0.006017321931890196,0.04595529259131692,0.0439491139484991,-0.0093601852852081,5.920000000000001,60,0.17366412213740445,-0.01590330788804073,0.11209712596791932,0.05658675873937136,-0.034211118151163844,-0.01851723136126071,0.1170773633980331,0.018307810263123114,0.13061435732918003,0.15075923244002176,-0.0093601852852081,10.91999999999998,601166.SH,兴业银行,-0.0234924636367514,2,subjective/semi-quantitative,neutral,0
2012-04-12,2.00317005,2570.436,10,0.08088978766430732,-0.014155712841253831,0.051567239635995854,0.028529012198708736,-0.011243617814254203,0.023751223527837206,0.052360775465598586,-0.002912095026999628,0.027816016108158648,0.034674802215090894,-0.009925443998750616,5.714285714285694,20,0.08088978766430732,-0.014155712841253831,0.020222446916076997,0.05734007771444216,-0.011243617814254203,0.017544883436117376,0.02354970994986516,-0.002912095026999628,0.0026775634799596215,0.034674802215090894,-0.009925443998750616,5.714285714285694,60,0.08088978766430732,-0.06572295247724969,-0.053589484327603576,0.05734007771444216,-0.06538384927693197,-0.06369736496065259,0.02354970994986516,-0.0003391032003177141,0.010107880633049016,0.046937605064008237,-0.052932863607697334,1.230769230769231,601169.SH,北京银行,0.0473202179394399,2,subjective/semi-quantitative,neutral,0
2020-10-12,3.31440588,4823.1578,10,0.03144654088050314,-0.008385744234800763,-0.002096436058700246,0.005483378545068529,-0.03811940384782753,-0.0273517694154648,0.02596316233543461,0.029733659613026764,0.025255333356764553,0.037183476949120164,-0.007494229699787636,3.7500000000000333,20,0.03144654088050314,-0.023060796645702264,0.0062893081761006275,0.036209451824279926,-0.03811940384782753,0.03279840854470906,-0.004762910943776788,0.015058607202125263,-0.02650910036860843,0.037183476949120164,-0.025667255244866016,1.3636363636363658,60,0.06708595387840677,-0.023060796645702264,0.01467505241090139,0.11306847559497224,-0.03811940384782753,0.11306847559497224,-0.04598252171656547,0.015058607202125263,-0.09839342318407085,0.037183476949120164,-0.08839835584371958,2.909090909090917,601169.SH,北京银行,0.0619373100677425,2,subjective/semi-quantitative,low_value,1
2025-08-25,5.9547915,4469.2217,10,0.0015873015873015817,-0.052380952380952306,-0.050793650793650724,0.017826817586605648,-0.03170907811532375,-0.0003688337949312448,-0.016239515999304066,-0.020671874265628554,-0.05042481699871948,-0.0037993250203319784,-0.053451269149014546,0.030303030303030238,20,0.0015873015873015817,-0.11746031746031749,-0.11428571428571421,0.023407073316590976,-0.03170907811532375,0.011945323723815404,-0.021819771729289394,-0.08575123934499373,-0.12623103800952962,-0.0037993250203319784,-0.12474096677972413,0.013513513513513462,60,0.0015873015873015817,-0.13968253968253963,-0.08253968253968258,0.06547274215553012,-0.03170907811532375,0.004739751442628171,-0.06388544056822854,-0.10797346156721588,-0.08727943398231075,-0.0037993250203319784,-0.1775474514323797,0.011363636363636328,601169.SH,北京银行,-0.0254638859280575,2,subjective/semi-quantitative,low_value,1
2010-04-23,5.227088,3190.003,10,0.004999999999999893,-0.05625000000000002,-0.04500000000000004,0.005552345875536879,-0.12272088772330303,-0.1040030369877395,-0.0005523458755369859,0.06647088772330301,0.059003036987739454,0.06585182698541359,0.004419454447781579,0.08888888888888696,20,0.004999999999999893,-0.12,-0.07750000000000012,0.005552345875536879,-0.17003306893441794,-0.09922686593084706,-0.0005523458755369859,0.050033068934417946,0.02172686593084694,0.08808243100107882,0.004419454447781579,0.04166666666666578,60,0.004999999999999893,-0.12,-0.03686956867762703,0.005552345875536879,-0.22815056913739573,-0.12812433091755715,-0.0005523458755369859,0.10815056913739574,0.09125476223993012,0.15848867888934826,0.004419454447781579,0.04166666666666578,601186.SH,中国铁建,-0.0685433673469388,2,subjective/semi-quantitative,low_value,1
2017-10-24,8.89324722,3959.395,10,0.06032285471537824,-0.003398470688190103,0.050127442650807374,0.026474246696780668,-0.001362329345771185,0.02395593266142937,0.03384860801859757,-0.002036141342418918,0.026171509989378006,0.046423802650211954,-0.0027222013847213455,17.75000000000115,20,0.06032285471537824,-0.02548853016142727,0.008496176720475868,0.06588582346545357,-0.001362329345771185,0.06523875491078823,-0.005562968750075337,-0.024126200815656085,-0.056742578190312365,0.046423802650211954,-0.05514047878612849,2.366666666666681,60,0.06032285471537824,-0.055225148683092584,-0.011894647408666081,0.08181780297242391,-0.001362329345771185,0.0729204840638531,-0.021494948257045676,-0.0538628193373214,-0.08481513147251918,0.046423802650211954,-0.10431848755918283,1.0923076923076958,601186.SH,中国铁建,0.0840915203946915,2,subjective/semi-quantitative,low_value,1
2019-11-14,7.59809376,3905.857,10,0.038381742738589075,-0.04875518672199175,0.013485477178423189,0.01054365277581848,-0.0185244877116596,-0.011151201900120755,0.027838089962770596,-0.03023069901033215,0.024636679078543944,0.024914505762543726,-0.038528782168848696,0.7872340425531879,20,0.038381742738589075,-0.04875518672199175,0.005186721991701226,0.01054365277581848,-0.025865770303418634,-0.003797630071966318,0.027838089962770596,-0.022889416418573116,0.008984352063667544,0.024914505762543726,-0.038528782168848696,0.7872340425531879,60,0.08817427385892107,-0.14419087136929465,-0.03630705394190881,0.0813265821047724,-0.06808979437803275,0.04392557126387375,0.006847691754148677,-0.0761010769912619,-0.08023262520578256,0.025216980643562703,-0.09239644214210041,0.6115107913669057,601186.SH,中国铁建,0.0604604762407977,2,subjective/semi-quantitative,low_value,1
2017-05-09,5.89024548,3352.532,10,0.029982363315696592,-0.01675485008818345,0.005731922398589218,0.024528923213857468,-0.011823899070911303,0.021375485752261225,0.005453440101839124,-0.004930951017272145,-0.015643563353672008,0.011256068582293999,-0.02067650777332697,1.78947368421052,20,0.10537918871252194,-0.021164021164021163,0.10185185185185186,0.06256166980658184,-0.011823899070911303,0.06217569287929248,0.0428175189059401,-0.00934012209310986,0.03967615897255938,0.04848798125660436,-0.025237345937046962,4.979166666666662,60,0.21433037456360826,-0.021164021164021163,0.1127469682299218,0.1288038413951007,-0.011823899070911303,0.11194345050248589,0.08552653316850756,-0.00934012209310986,0.0008035177274359206,0.07839823054237138,-0.025237345937046962,10.127110198130492,601229.SH,上海银行,0.5502920135001633,2,subjective/semi-quantitative,neutral,0
2020-10-12,5.8194786,4823.1578,10,0.03855421686746974,-0.02048192771084345,-0.02048192771084345,0.005483378545068529,-0.03811940384782753,-0.0273517694154648,0.03307083832240121,0.017637476136984076,0.006869841704621349,0.046813802471922905,0.00028721693559075057,1.8823529411764566,20,0.03855421686746974,-0.06144578313253013,-0.04216867469879515,0.036209451824279926,-0.03811940384782753,0.03279840854470906,0.0023447650431898115,-0.023326379284702603,-0.0749670832435042,0.046813802471922905,-0.0725863659580368,0.6274509803921544,60,0.03855421686746974,-0.07108433734939756,-0.05783132530120494,0.11306847559497224,-0.03811940384782753,0.11306847559497224,-0.0745142587275025,-0.03296493350157004,-0.17089980089617718,0.046813802471922905,-0.15353934159785232,0.5423728813559304,601229.SH,上海银行,0.0164367128424357,2,subjective/semi-quantitative,low_value,1
2026-04-14,9.55890705,4701.2837,10,0.018386108273748647,-0.02860061287027582,-0.021450459652706977,0.025990071605336285,-0.00611060761978699,0.012108309906930348,-0.007603963331587638,-0.02249000525048883,-0.033558769559637325,0.01264745768054043,-0.03315729080687346,0.6428571428571396,20,0.018386108273748647,-0.06230847803881512,-0.0306435137895813,0.07003087263166008,-0.00611060761978699,0.03367356877441807,-0.05164476435791143,-0.05619787041902813,-0.06431708256399937,0.01264745768054043,-0.10490493369552523,0.2950819672131135,60,0.018386108273748647,-0.09926940862972411,-0.04905446276936021,0.07720906100603986,-0.0066011970305046574,-0.0012551252756773934,-0.05882295273229121,-0.09266821159921945,-0.047799337493682814,0.01264745768054043,-0.14266990235100574,0.18521424200610498,601229.SH,上海银行,-0.009060913394429,2,subjective/semi-quantitative,low_value,1
2019-10-25,5.40925242,3896.792,10,0.011655011655011815,-0.03146853146853135,-0.01631701631701621,0.03434774039774258,-0.005228916503626557,0.019559165590567806,-0.02269272874273076,-0.02623961496490479,-0.035876181907584015,-0.001804219674710117,-0.03642750400201977,0.3703703703703769,20,0.011655011655011815,-0.06759906759906753,-0.03379953379953371,0.03434774039774258,-0.01624130823508152,-0.012009365652567494,-0.02269272874273076,-0.05135775936398601,-0.021790168146966216,-0.001804219674710117,-0.05979665067304585,0.1724137931034508,60,0.10139860139860146,-0.06759906759906753,0.0174825174825175,0.08384204237742221,-0.023599668650520655,0.07417332000270993,0.017556559021179252,-0.043999398948546875,-0.05669080252019243,0.029329484110010684,-0.05979665067304585,1.5000000000000024,601225.SH,陕西煤业,0.0382050116550116,2,subjective/semi-quantitative,low_value,1
2020-11-16,6.703389,4904.1716,10,0.07647058823529407,-0.05490196078431364,0.02352941176470602,0.03079427318571004,-0.00790702348180472,0.011435223840862374,0.045676315049584026,-0.04699493730250892,0.012094187923843647,0.03302648821396259,-0.03995664467110205,1.3928571428571441,20,0.07647058823529407,-0.0794117647058824,-0.07549019607843133,0.038015961757945194,-0.011177606427964282,0.006252554457923276,0.038454626477348874,-0.06823415827791812,-0.0817427505363546,0.03302648821396259,-0.08123482536686832,0.9629629629629617,60,0.12352941176470589,-0.11078431372549014,0.013725490196078605,0.1594721114571116,-0.011177606427964282,0.1594721114571116,-0.03594269969240571,-0.09960670729752585,-0.145746621261033,0.03302648821396259,-0.14891736415016577,1.1150442477876112,601225.SH,陕西煤业,0.010030294117647,4,subjective/semi-quantitative,low_value,1
2021-01-27,7.39344375,5528.0034,10,-0.014222222222222247,-0.13333333333333341,-0.08444444444444454,0.05344036148747677,-0.043398652757702605,0.0505997698916032,-0.06766258370969902,-0.08993468057563081,-0.13504421433604774,-0.018549279118071582,-0.12854011413878486,-0.10666666666666678,20,0.17866666666666675,-0.13333333333333341,0.04799999999999982,0.07288504923857331,-0.043398652757702605,-0.013710356979881766,0.10578161742809344,-0.08993468057563081,0.061710356979881587,0.06574509876820445,-0.12854011413878486,1.3399999999999999,60,0.17866666666666675,-0.13333333333333341,0.064888888888889,0.07288504923857331,-0.11655960631283246,-0.06581656588706142,0.10578161742809344,-0.01677372702050095,0.1307054547759504,0.1758621802160365,-0.12854011413878486,1.3399999999999999,601225.SH,陕西煤业,0.0563523555555555,4,subjective/semi-quantitative,neutral,0
2021-06-23,7.8994839,5147.3938,10,0.043261231281197965,-0.05823627287853583,-0.04742096505823634,0.02200014306268927,-0.02309673683797031,-0.0013412418533045312,0.021261088218508695,-0.03513953604056552,-0.04607972320493181,0.02237817330445302,-0.046141610263796484,0.7428571428571414,20,0.043261231281197965,-0.1014975041597338,-0.005851369606563739,0.02200014306268927,-0.027389064345533454,-0.0006510090601576923,0.021261088218508695,-0.07410843981420034,-0.0052003605464060465,0.02237817330445302,-0.07755697178082199,0.42622950819672084,60,0.46793658127463233,-0.1014975041597338,0.4088250410890768,0.02200014306268927,-0.09392965037957657,-0.05441104972384281,0.44593643821194306,-0.00756785378015723,0.4632360908129196,0.49526306123017005,-0.07755697178082199,4.610325989279573,601225.SH,陕西煤业,-0.0068960898502495,4,subjective/semi-quantitative,low_value,1
2022-07-18,15.23654131,4292.5858,10,0.003958436417615063,-0.09401286491835725,-0.032657100445324105,0.002511539780986949,-0.03800343373451032,-0.024206248830250576,0.0014468966366281144,-0.056009431183846936,-0.008450851615073529,-0.008660489580859632,-0.06685871083302974,0.04210526315789496,20,0.06877783275606131,-0.09896091044037603,0.04156358238495805,0.002511539780986949,-0.05460731850718037,-0.024904895319739384,0.06626629297507436,-0.04435359193319566,0.06646847770469744,0.06816614849737435,-0.06685871083302974,0.6949999999999997,60,0.25531914893617014,-0.09896091044037603,0.06382978723404276,0.002511539780986949,-0.14701169164749128,-0.10583809413896861,0.2528076091551832,0.048050781207115256,0.16966788137301136,0.31973958153172766,-0.06685871083302974,2.58,601225.SH,陕西煤业,-0.0225991197633716,4,subjective/semi-quantitative,low_value,1
2022-08-12,15.76427901,4191.152,10,0.14825442372070774,-0.02247728359636525,0.08273553323768534,0.007547948630830081,-0.031591934627997365,-0.01994833401413265,0.14070647508987766,0.009114651031632115,0.102683867251818,0.14918708170085626,-0.01461811261973045,6.595744680851098,20,0.21329507412721194,-0.02247728359636525,0.19703491152558605,0.007547948630830081,-0.04972678156268251,-0.023230987566187022,0.20574712549638186,0.02724949796631726,0.22026589909177308,0.23756271509978566,-0.01461811261973045,9.489361702127717,60,0.21329507412721194,-0.11047345767575323,-0.04351984696317546,0.007547948630830081,-0.16587351162639774,-0.09475554692361432,0.20574712549638186,0.05540005395064451,0.05123569996043886,0.24541745997354347,-0.01461811261973045,1.9307359307359315,601225.SH,陕西煤业,0.0048800712501254,4,subjective/semi-quantitative,high_value,0
2025-08-06,20.48744431,4113.4852,10,0.04433037797480166,-0.016798880074661682,0.013532431171255244,0.038768827951538576,-0.004537223082752395,0.03838851784370112,0.005561550023263084,-0.012261656991909287,-0.024856086672445876,0.02826093768642779,-0.04147609131281038,2.638888888888889,20,0.04433037797480166,-0.07512832477834808,-0.07046196920205328,0.10584904985193577,-0.004537223082752395,0.08419731277992692,-0.06151867187713411,-0.07059110169559568,-0.1546592819819802,0.02826093768642779,-0.1426486490594847,0.5900621118012422,60,0.15204264831019332,-0.07752429175486553,0.1258598608485979,0.15761542061704747,-0.004537223082752395,0.14097972201285658,-0.005572772306854157,-0.07298706867211313,-0.015119861164258674,0.02826093768642779,-0.17113289888663474,1.9612258927944468,601225.SH,陕西煤业,-0.1243996970599072,4,subjective/semi-quantitative,low_value,1
2025-10-09,19.5601138,4709.482,10,0.12634671890303628,-0.01273261508325163,0.114103819784525,-0.003587698179969734,-0.0464203706479821,-0.021899924450289876,0.12993441708300602,0.03368775556473047,0.13600374423481487,0.16377046437706522,0.03217076860390389,9.92307692307699,20,0.20666013712047016,-0.01273261508325163,0.17923604309500485,0.01111627563286155,-0.0464203706479821,-0.0034141334439754534,0.1955438614876086,0.03368775556473047,0.1826501765389803,0.19620337719272762,0.03217076860390389,16.23076923076934,60,0.2095984329089129,-0.01273261508325163,0.05876591576885404,0.01111627563286155,-0.061083087269470426,0.0017546940406609757,0.19848215727605134,0.048350472186218796,0.05701122172819306,0.21233396477925504,0.03217076860390389,16.461538461538574,601225.SH,陕西煤业,-0.0333179102690836,2,subjective/semi-quantitative,high_value,0
2012-06-13,4.27441732,2580.636,10,0.033678756476683835,-0.024611398963730546,-0.009067357512953511,0.004875542308175218,-0.06021616376738148,-0.06002667559469843,0.028803214168508617,0.035604764803650935,0.05095931808174492,0.06272395803223008,0.0009943800876686115,1.368421052631576,20,0.033678756476683835,-0.12435233160621773,-0.05310880829015552,0.004875542308175218,-0.06916202052517284,-0.05093899333342633,0.028803214168508617,-0.055190311081044885,-0.002169814956729188,0.06272395803223008,-0.061959844447659895,0.27083333333333226,60,0.033678756476683835,-0.22262624558146793,-0.21863288725397556,0.004875542308175218,-0.15254921654971876,-0.14059053659640497,0.028803214168508617,-0.07007702903174917,-0.07804235065757059,0.08728179547615667,-0.09080927541627548,0.15127936236232947,601238.SH,广汽集团,-0.9885481304678306,2,subjective/semi-quantitative,low_value,1
2017-08-17,15.86002836,3721.277,10,0.01078582434514641,-0.02234206471494604,-0.020416024653312825,0.03914382079055123,-0.005607214942612404,0.02709150649091696,-0.02835799644540482,-0.016734849772333638,-0.047507531144229787,0.003159386452560975,-0.050998947684933404,0.48275862068965725,20,0.07087827426810489,-0.03004622496147913,0.0056504161257375785,0.03914382079055123,-0.005607214942612404,0.029204490823983242,0.03173445347755366,-0.024439010018866725,-0.023554074698245664,0.02405262463158664,-0.050998947684933404,2.3589743589743684,60,0.16030638169678535,-0.03004622496147913,0.05939336416167662,0.11188847269364799,-0.005607214942612404,0.10311917118773994,0.04841790900313736,-0.024439010018866725,-0.043725807026063324,0.051490544723287845,-0.050998947684933404,5.335325216472509,601238.SH,广汽集团,0.0483702084301973,2,subjective/semi-quantitative,neutral,0
2025-03-26,8.62693045,3919.3566,10,0.009248554913294793,-0.1410404624277457,-0.08901734104046233,0.008580132769751003,-0.10339454695191552,-0.04700809821693697,0.0006684221435437898,-0.03764591547583018,-0.04200924282352536,-0.0058389716154730875,-0.05451701268669096,0.06557377049180323,20,0.009248554913294793,-0.1410404624277457,-0.07630057803468204,0.008580132769751003,-0.10339454695191552,-0.03444422485057885,0.0006684221435437898,-0.03764591547583018,-0.04185635318410319,-0.0058389716154730875,-0.05451701268669096,0.06557377049180323,60,0.009248554913294793,-0.15260115606936409,-0.1260115606936416,0.011144813921754482,-0.10339454695191552,0.010386806854982389,-0.0018962590084596886,-0.04920660911744856,-0.136398367548624,-0.0058389716154730875,-0.1349961882154711,0.06060606060606061,601238.SH,广汽集团,0.0215574119004803,2,subjective/semi-quantitative,low_value,1
2026-03-03,8.48981065,4655.8962,10,0.005780346820809301,-0.040462427745664775,-0.009248554913295015,0.01395318907668086,-0.022965975916731107,-0.003964220680005792,-0.00817284225587156,-0.017496451828933668,-0.005284334233289223,-0.005305365874403556,-0.02639668610651902,0.14285714285714404,20,0.005780346820809301,-0.1595375722543353,-0.1595375722543353,0.01395318907668086,-0.0561872277135389,-0.044212089608011595,-0.00817284225587156,-0.10335034454079639,-0.1153254826463237,-0.005305365874403556,-0.12066011862299697,0.036231884057971335,60,0.005780346820809301,-0.22890173410404635,-0.20924855491329486,0.08046195273855106,-0.0561872277135389,0.040456099515276955,-0.07468160591774176,-0.17271450639050745,-0.24970465442857182,-0.005305365874403556,-0.2606723445057094,0.02525252525252547,601319.SH,中国人保,-0.010104717374156,2,subjective/semi-quantitative,low_value,1
2017-03-07,33.20367017,3453.957,10,0.0040807073226025725,-0.04715484017229654,-0.04420766266152809,0.011051092992761635,-0.01194832477648089,0.0035871899968644705,-0.006970385670159063,-0.03520651539581565,-0.04779485265839256,0.0035411666290685595,-0.0476240162636411,0.08653846153846127,20,0.0040807073226025725,-0.0748129675810475,-0.051235547494899114,0.018477647521379037,-0.01194832477648089,0.017397437200289412,-0.014396940198776464,-0.0628646428045666,-0.06863298469518853,0.0035411666290685595,-0.06745936463537316,0.0545454545454543,60,0.21877125368397188,-0.08501473588755393,0.15438676037179766,0.021094066891973462,-0.040841562300862444,0.011269393336396538,0.19767718679199842,-0.04417317358669148,0.14311736703540112,0.19120320262675694,-0.0742207402263958,2.5733333333333306,601336.SH,新华保险,0.0092231951302745,2,subjective/semi-quantitative,low_value,1
2014-02-10,12.90318006,2267.534,10,0.023803429741489524,-0.024315331456360445,-0.005886869721013599,0.028296819364119763,-0.032356736437027966,-0.023384434367908047,-0.0044933896226302394,0.008041404980667521,0.017497564646894448,0.01791653262824,-0.02113304429353613,0.9789473684210455,20,0.023803429741489524,-0.07652930637317634,-0.07396979779882262,0.028296819364119763,-0.0760592784937294,-0.07485973749456476,-0.0044933896226302394,-0.0004700278794469437,0.0008899396957421368,0.02546224595043256,-0.02113304429353613,0.31103678929765743,60,0.10545175326337342,-0.09111850524699261,0.007166624008190459,0.028296819364119763,-0.08369224011635557,-0.05822977737048263,0.07715493389925365,-0.007426265130637044,0.06539640137867309,0.07919658406138508,-0.02113304429353613,1.1573033707865163,601318.SH,中国平安,0.0407748402549273,2,subjective/semi-quantitative,low_value,1
2014-09-24,14.22947295,2441.864,10,0.008028335301062617,-0.040377804014167684,-0.023612750885478206,0.01894003924870491,-0.008749463524586276,0.009013605999351304,-0.010911703947642293,-0.03162834048958141,-0.03262635688482951,-0.007453800334139782,-0.039854610122780465,0.19883040935672605,20,0.008028335301062617,-0.05643447461629281,-0.00708382526564344,0.01894003924870491,-0.03283720960708714,0.003898661022890604,-0.010911703947642293,-0.02359726500920567,-0.010982486288534044,-0.007453800334139782,-0.039854610122780465,0.14225941422594215,60,0.6576151121605667,-0.05643447461629281,0.4335301062573791,0.414987484970498,-0.03283720960708714,0.3229176563477738,0.2426276271900687,-0.02359726500920567,0.11061244990960528,0.14914783536757836,-0.039854610122780465,11.652719665271965,601318.SH,中国平安,0.075608097913528,2,subjective/semi-quantitative,low_value,1
2014-10-15,13.89347595,2463.874,10,0.02055622732769047,-0.033615477629987844,0.01692865779927466,0.006666737016584712,-0.04147695864317735,-0.0050692527296443135,0.013889490311105757,0.007861481013189509,0.021997910528918974,0.023626480243655212,0.0017908966621311695,0.6115107913669082,20,0.07206771463119721,-0.033615477629987844,0.05949214026602179,0.056211884211611496,-0.04147695864317735,0.05294264235914681,0.015855830419585715,0.007861481013189509,0.006549497906874979,0.023626480243655212,-0.0030051452389119326,2.1438848920863385,60,0.905683192261185,-0.033615477629987844,0.761547762998791,0.4975412703734041,-0.04147695864317735,0.43949041225322416,0.40814192188778087,0.007861481013189509,0.32205735074556685,0.25977047657419416,-0.0030051452389119326,26.942446043165518,601318.SH,中国平安,0.0146610129467361,2,subjective/semi-quantitative,low_value,1
2015-03-09,22.28332104,3537.75,10,0.20627261761158033,-0.020958986731001272,0.17536188178528356,0.12283117800862131,-0.00728287753515644,0.1227647516076602,0.08344143960295902,-0.013676109195844832,0.05259713017762335,0.07452666802619023,-0.004525934528240683,9.84172661870501,20,0.24849215922798562,-0.020958986731001272,0.22180337756332946,0.20428831884672438,-0.00728287753515644,0.20416762066285066,0.04420384038126124,-0.013676109195844832,0.017635756900478805,0.07452666802619023,-0.004525934528240683,11.856115107913636,60,0.42189384800965013,-0.020958986731001272,0.289806996381182,0.4774486608720232,-0.00728287753515644,0.45391562433750265,-0.05555481286237307,-0.013676109195844832,-0.16410862795632064,0.07452666802619023,-0.11287355690334444,20.12949640287763,601318.SH,中国平安,-0.03699364516979,2,subjective/semi-quantitative,neutral,0
2016-05-12,21.57240813,3090.137,10,0.00819930621255116,-0.010722169662566894,-0.002522863450015733,0.004874864771367671,-0.0202880972591184,-0.00838991928189603,0.00332444144118349,0.009565927596551504,0.005867055831880297,0.01284277242098364,-0.004983104230232516,0.7647058823529418,20,0.056449069694102905,-0.010722169662566894,0.002838221381267658,0.03611878696640303,-0.0202880972591184,-0.00770062945429284,0.020330282727699878,0.009565927596551504,0.010538850835560498,0.013994801669184653,-0.015625776722383855,5.2647058823530095,60,0.056449069694102905,-0.015767896562598582,0.028759565286418542,0.0682345151687449,-0.0202880972591184,0.04661476174033696,-0.011785445474641998,0.004520200696519816,-0.01785519645391842,0.013994801669184653,-0.025935423402070557,3.5799999999999987,601318.SH,中国平安,0.0830099426202305,2,subjective/semi-quantitative,neutral,0
2020-09-08,58.33758784,4694.3894,10,0.08789455769174292,-0.012704174228675091,0.035385443869596855,0.01248096291287637,-0.029047228165605565,-0.012489078984372237,0.07541359477886656,0.016343053936930474,0.04787452285396909,0.07562292697104334,0.015189171301501103,6.918557326878646,20,0.08789455769174292,-0.012704174228675091,0.06563383612125717,0.032278894460693985,-0.029752431700702076,0.024010087446090456,0.05561566323104894,0.017048257472026984,0.041623748675166716,0.07562292697104334,0.015189171301501103,6.918557326878646,60,0.23900557352904084,-0.012704174228675091,0.15061741435211196,0.08440267013213698,-0.029752431700702076,0.05289488767165329,0.15460290339690386,0.017048257472026984,0.09772252668045867,0.13282798168138776,0.00562713056283326,18.813153002071708,601318.SH,中国平安,0.1509141336519487,2,subjective/semi-quantitative,high_value,0
2024-07-09,36.47008848,3439.8111,10,0.04118497109826591,-0.020231213872832332,0.03058766859344897,0.030678196253276724,-0.004698746393370312,1.9419671039466735e-05,0.010506774844989186,-0.01553246747946202,0.030568248922409502,0.03056765530859895,-0.02452950388760644,2.03571428571429,20,0.06946619889308248,-0.020231213872832332,0.020797375372860527,0.030678196253276724,-0.03523042297293588,-0.028150441168121043,0.03878800263980575,0.01499920910010355,0.04894781654098157,0.07850486740914642,-0.02452950388760644,3.433614973858083,60,0.5673857010615073,-0.020231213872832332,0.4600647056066587,0.2937825277672952,-0.08547571115169661,0.1622114656237954,0.27360317329421213,0.06524449727886428,0.2978532399828633,0.2562814503150648,-0.02452950388760644,28.04506465246884,601318.SH,中国平安,-0.0157009419037004,2,subjective/semi-quantitative,neutral,0
2025-09-29,53.31619905,4620.0528,10,0.05195500803427944,-0.03142296018568114,0.036957686127477185,0.02300668511840387,-0.02796216960983655,-0.0026366148889034324,0.02894832291587557,-0.0034607905758445856,0.03959430101638062,0.05238433519411134,-0.03597865471848738,1.6534090909090855,20,0.09065942689326034,-0.03142296018568114,0.06960842963542047,0.030688199061274624,-0.02796216960983655,-0.00029302695415101,0.05997122783198572,-0.0034607905758445856,0.06990145658957148,0.0699219456043203,-0.03597865471848738,2.8851332388019943,60,0.30625067467182854,-0.03142296018568114,0.2485419063270602,0.030688199061274624,-0.04290870874895647,0.006759446558705751,0.2755624756105539,0.011485748563275333,0.24178245976835444,0.281058448319363,-0.03597865471848738,9.746079709300632,601318.SH,中国平安,-0.0123016681166581,2,subjective/semi-quantitative,high_value,0
2010-09-30,1.14141303,2935.574,10,0.1877394636015326,0.003831417624520883,0.08812260536398475,0.1715681498746071,0.009423370012134002,0.14958267105513268,0.016171313726925485,-0.005591952387613119,-0.061460065691147925,0.003576940830848585,-0.053462936801872085,,20,0.1877394636015326,0.003831417624520883,0.08812260536398475,0.1998249746046259,0.009423370012134002,0.18563013570770148,-0.012085511003093297,-0.005591952387613119,-0.09750753034371673,0.003576940830848585,-0.10438259735618416,,60,0.1877394636015326,-0.02298850574712652,-0.003831417624521216,0.21202429235304576,0.009423370012134002,0.043781556860770676,-0.024284828751513166,-0.03241187575926052,-0.04761297448529189,0.003576940830848585,-0.10962168408290773,8.166666666666638,601288.SH,农业银行,0.3711653365962899,2,subjective/semi-quantitative,low_value,1
2013-12-27,1.22893974,2303.478,10,0.016260162601626105,-0.028455284552845406,-0.020325203252032464,0.01284839707607377,-0.052043475127611316,-0.04766661543978279,0.003411765525552335,0.02358819057476591,0.027341412187750325,0.0287099167487197,-0.003934692013741303,0.571428571428577,20,0.016260162601626105,-0.0447154471544714,-0.04065040650406504,0.01284839707607377,-0.06382522429126736,-0.038011650208945036,0.003411765525552335,0.019109777136795958,-0.002638756295120004,0.0287099167487197,-0.011788682689973129,0.3636363636363668,60,0.016260162601626105,-0.07723577235772361,-0.016260162601625994,0.01284839707607377,-0.09799051694871841,-0.06823290693464412,0.003411765525552335,0.0207547445909948,0.05197274433301813,0.05735307260018119,-0.027837896635560022,0.21052631578947475,601288.SH,农业银行,-0.0057561897250262,2,subjective/semi-quantitative,low_value,1
2015-06-04,2.0712923,5181.416,10,0.08311688311688292,-0.03376623376623378,-0.02857142857142858,0.038408419628920054,-0.049211837073108944,-0.04841668763905471,0.04470846348796287,0.015445603306875166,0.01984525906762613,0.03568283828830143,-0.009394037187661963,2.461538461538455,20,0.08311688311688292,-0.1298701298701299,-0.08831168831168834,0.038408419628920054,-0.2693306231346798,-0.25002798462814035,0.04470846348796287,0.1394604932645499,0.161716296316452,0.21562977418066454,-0.009394037187661963,0.6399999999999982,60,0.12975761074378522,-0.2640280949241206,-0.18255519030317457,0.038408419628920054,-0.43027002657188695,-0.3549473734593015,0.09134919111486517,0.16624193164776635,0.17239218315612692,0.443905792681645,-0.009394037187661963,0.4914538007066121,601288.SH,农业银行,-0.0001064204832977,2,subjective/semi-quantitative,low_value,1
2017-11-07,2.31040992,4054.246,10,0.0026954177897573484,-0.040431266846361336,-0.013477088948787075,0.040948921205077315,-0.0039084949457925955,0.0403169911248602,-0.03825350341531997,-0.03652277190056874,-0.05379408007364728,0.0015417471075258593,-0.05170931603787565,0.06666666666666483,20,0.04582210242587581,-0.040431266846361336,0.026954177897573928,0.050907863015712485,-0.01774140000384783,-0.003471915616368615,-0.005085760589836674,-0.022689866842513506,0.030426093513942543,0.030532098383119433,-0.05170931603787565,1.1333333333333242,60,0.261455525606469,-0.040431266846361336,0.2021563342318058,0.08610503654686963,-0.024370992781395096,0.054671571483328796,0.17535048905959938,-0.01606027406496624,0.147484762748477,0.14561978666668196,-0.05170931603787565,6.466666666666643,601288.SH,农业银行,0.0090781650088417,2,subjective/semi-quantitative,low_value,1
2018-11-19,2.3863846,3294.603,10,-0.00273972602739736,-0.03013698630136996,-0.008219178082191747,-0.00480148898061461,-0.05108779418946674,-0.010214584276163285,0.00206176295321725,0.02095080788809678,0.0019954061939715384,0.03158053753426704,0.002015998783445605,-0.09090909090909392,20,-0.00273972602739736,-0.03013698630136996,-0.019178082191780854,-0.00480148898061461,-0.05108779418946674,-0.04049258742252104,0.00206176295321725,0.02095080788809678,0.02131450523074019,0.03158053753426704,-0.002818867394913105,-0.09090909090909392,60,0.03287671232876699,-0.0547945205479452,0.013698630136986356,0.05651363760671613,-0.10889749083576983,0.04775203567774322,-0.02363692527794914,0.054102970287824625,-0.034053405540756865,0.08659622774574682,-0.03250139764102611,0.5999999999999975,601288.SH,农业银行,0.014777418302861,2,subjective/semi-quantitative,low_value,1
2019-05-15,2.36023244,3727.092,10,0.033240997229917024,-0.005540166204986097,0.01939058171745156,0.004900066861778463,-0.04583627128066603,-0.016952358568020354,0.02834093036813856,0.04029610507567993,0.036342940285471914,0.060100626567247906,-0.0017485871065934244,6.00000000000008,20,0.06094182825484773,-0.005540166204986097,0.047091412742382266,0.004900066861778463,-0.04583627128066603,-0.011188079070760804,0.05604176139306927,0.04029610507567993,0.05827949181314307,0.09190304567011087,-0.0017485871065934244,11.00000000000012,60,0.07266702088036725,-0.008507780699768652,0.003088619525965175,0.05777506967898827,-0.04583627128066603,-0.015507800719703146,0.014891951201378983,0.03732849058089738,0.01859642024566832,0.09190304567011087,-0.006180182136086065,8.541242827561746,601288.SH,农业银行,0.0117322800496816,2,subjective/semi-quantitative,high_value,0
2026-01-20,7.03252242,4718.8782,10,0.0069735006973501434,-0.07391910739191077,-0.07112970711297073,0.011036881604615134,-0.029809945083982048,-0.012454400709049906,-0.004063380907264991,-0.04410916230792872,-0.058675306403920824,-0.030150060422007408,-0.06135357123136942,0.0943396226415104,20,0.0069735006973501434,-0.10041841004184104,-0.09205020920502094,0.011036881604615134,-0.029809945083982048,0.003604161684020557,-0.004063380907264991,-0.070608464957859,-0.0956543708890415,-0.030150060422007408,-0.09531085515681403,0.06944444444444516,60,0.01673640167364021,-0.11715481171548114,-0.019525801952580246,0.022164632263659723,-0.06878412331134132,0.01429346067885362,-0.005428230590019512,-0.04837068840413983,-0.033819262631433866,0.016840822624383467,-0.1061171118349804,0.14285714285714327,601288.SH,农业银行,0.001565159349799,2,subjective/semi-quantitative,low_value,1
2013-05-20,7.3304532,2609.607,10,0.06904761904761902,-0.013095238095238049,0.00952380952380949,0.019781522658392614,-0.01407223386509926,-0.002676265046805848,0.04926609638922641,0.0009769957698612108,0.012200074570615338,0.04884977790029521,-0.0037432890163552335,5.272727272727289,20,0.06904761904761902,-0.1511904761904762,-0.1428571428571429,0.019781522658392614,-0.11089064368696122,-0.11041547635333604,0.04926609638922641,-0.04029983250351499,-0.032441666503806865,0.08468078400680468,-0.03646833509515102,0.45669291338582657,60,0.06904761904761902,-0.28809523809523807,-0.08214285714285718,0.019781522658392614,-0.22472196004992318,-0.11037332441244985,0.04926609638922641,-0.0633732780453149,0.028230467269592663,0.1133368493086897,-0.06829001671705359,0.23966942148760326,601360.SH,三六零,0.1030904661547124,4,subjective/semi-quantitative,low_value,1
2013-11-28,7.53989472,2439.53,10,0.04976851851851838,-0.06018518518518534,0.00694444444444442,0.01931109680963128,-0.017430816591720633,-0.012098641951523548,0.0304574217088871,-0.04275436859346471,0.019043086395967967,0.02279639605130135,-0.04628926319787097,0.8269230769230724,20,0.04976851851851838,-0.07407407407407407,-0.06828703703703709,0.01931109680963128,-0.07376625825466399,-0.0714055576279039,0.0304574217088871,-0.0003078158194100844,0.0031185205908668134,0.06045350564914043,-0.04628926319787097,0.6718749999999981,60,0.07754629629629628,-0.10879629629629628,-0.02893518518518523,0.01931109680963128,-0.1254266190618687,-0.10680704889876336,0.058235199486665,0.016630322765572414,0.07787186371357813,0.1310111646197365,-0.04628926319787097,0.7127659574468085,601360.SH,三六零,0.0443408936045907,3,subjective/semi-quantitative,low_value,1
2014-10-16,9.1700244,2444.395,10,0.07450980392156858,-0.04019607843137274,0.01862745098039209,0.01226520263705333,-0.03383863900883455,0.010035202984787661,0.062244601284515255,-0.006357439422538191,0.00859224799560443,0.0511451502458089,-0.005780249490444533,1.853658536585356,20,0.15098039215686265,-0.04019607843137274,0.07843137254901955,0.06673389529924578,-0.03383863900883455,0.05537362005731472,0.08424649685761687,-0.006357439422538191,0.02305775249170483,0.10639930976291057,-0.007334437108741487,3.7560975609755896,60,0.19313725490196076,-0.10784313725490213,-0.10686274509803928,0.5094749416522288,-0.03383863900883455,0.4374010747035566,-0.3163376867502681,-0.07400449824606758,-0.5442638198015959,0.10639930976291057,-0.37864436682283853,1.790909090909088,601360.SH,三六零,-0.0763501776905257,4,subjective/semi-quantitative,high_value,0
2016-09-22,11.69154555,3291.121,10,0.039777247414478856,-0.025457438345266592,0.01670644391408116,0.005129863046664074,-0.02329905220743944,0.0035018463313867265,0.03464738436781478,-0.0021583861378271507,0.013204597582694433,0.021901835224303,-0.005270650558114265,1.5624999999999925,20,0.054892601431980825,-0.025457438345266592,0.03579952267303099,0.027864365971351335,-0.02329905220743944,0.016582191903609766,0.02702823546062949,-0.0021583861378271507,0.019217330769421226,0.02960120716005976,-0.005270650558114265,2.15624999999999,60,0.08353221957040557,-0.11296738265712025,-0.06364359586316626,0.08890526966343693,-0.02329905220743944,0.013536725024695162,-0.005373050093031351,-0.08966833044968081,-0.07718032088786142,0.02960120716005976,-0.13214839304844728,0.7394366197183077,601360.SH,三六零,0.2303737221423298,2,subjective/semi-quantitative,neutral,0
2024-06-26,7.68411413,3480.2648,10,0.005056890012642201,-0.11125158027812898,-0.09608091024020227,0.0023142204581674264,-0.027427855489616793,-0.014739999094321665,0.002742669554474775,-0.08382372478851219,-0.0813409111458806,-0.014084580015300108,-0.0825578132382414,0.04545454545454523,20,0.005056890012642201,-0.11125158027812898,-0.09355246523388117,0.01869785885257924,-0.027427855489616793,-0.017843038840033132,-0.01364096883993704,-0.08382372478851219,-0.07570942639384803,-0.014084580015300108,-0.0977736872211108,0.04545454545454523,60,0.005056890012642201,-0.16940581542351452,-0.09987357774968397,0.01869785885257924,-0.09610590550466147,-0.08022811942355645,-0.01364096883993704,-0.07329990991885305,-0.01964545832612752,-0.011973140991929698,-0.10414949046897282,0.02985074626865658,601360.SH,三六零,0.1326400122458925,2,subjective/semi-quantitative,low_value,1
2012-04-12,2.13672984,2570.436,10,0.0466101694915253,-0.006355932203389814,0.029661016949152463,0.028529012198708736,-0.011243617814254203,0.023751223527837206,0.018081157292816563,0.00488768561086439,0.005909793421315257,0.018142040606220267,-0.0014016854412743918,7.333333333333333,20,0.05084745762711873,-0.006355932203389814,0.012711864406779627,0.05734007771444216,-0.011243617814254203,0.017544883436117376,-0.006492620087323431,0.00488768561086439,-0.004833019029337748,0.018142040606220267,-0.018146036322718273,8.000000000000036,60,0.05084745762711873,-0.058654579373497384,-0.05649056691228682,0.05734007771444216,-0.06538384927693197,-0.06369736496065259,-0.006492620087323431,0.006729269903434587,0.00720679804836577,0.03189803586248141,-0.036509750297822,0.8668966374020877,601328.SH,交通银行,0.0080383850709654,2,subjective/semi-quantitative,low_value,1
2015-03-09,3.22096824,3537.75,10,0.08006535947712412,-0.014705882352941124,0.06699346405228757,0.12283117800862131,-0.00728287753515644,0.1227647516076602,-0.04276581853149719,-0.007423004817784684,-0.05577128755537264,0.023279968213940627,-0.04967317283118755,5.44444444444446,20,0.0866013071895424,-0.014705882352941124,0.0702614379084967,0.20428831884672438,-0.00728287753515644,0.20416762066285066,-0.11768701165718198,-0.007423004817784684,-0.13390618275435395,0.023279968213940627,-0.11291832297481641,5.888888888888904,60,0.2579454369286176,-0.014705882352941124,0.25116405991013435,0.4774486608720232,-0.00728287753515644,0.45391562433750265,-0.2195032239434056,-0.007423004817784684,-0.2027515644273683,0.023279968213940627,-0.2168177085839218,17.54028971114606,601328.SH,交通银行,0.0798465750359622,2,subjective/semi-quantitative,low_value,1
2017-11-17,3.722359,4120.85,10,0.04180064308681675,-0.012861736334405127,0.016077170418006492,0.033922370384750655,-0.0331176820316198,-0.029778807770241666,0.007878272702066091,0.020255945697214672,0.04585597818824816,0.04726342668609629,-0.019821385739906994,3.2500000000000067,20,0.04662379421221874,-0.012861736334405127,-0.006430868167202508,0.033922370384750655,-0.0401397769877575,-0.03397236007134463,0.012701423827468084,0.027278040653352376,0.027541491904142124,0.07275706416776506,-0.019821385739906994,3.625000000000012,60,0.197749196141479,-0.012861736334405127,0.04983922829581999,0.0685506630913526,-0.08777412427047826,-0.055994758362959196,0.1291985330501264,0.07491238793607313,0.10583398665877919,0.17275491706620127,-0.019821385739906994,15.375000000000014,601328.SH,交通银行,0.1908933750014467,2,subjective/semi-quantitative,low_value,1
2023-05-18,4.78947717,3956.0701,10,0.006745362563237878,-0.06913996627318708,-0.018549747048903775,0.007414681554808622,-0.044151568497231564,-0.03771475131343094,-0.0006693189915707443,-0.024988397775955518,0.019165004264527163,0.03707472888021135,-0.03191829868548013,0.09756097560975774,20,0.030354131534570117,-0.06913996627318708,-0.011804384485666009,0.007414681554808622,-0.04506869076966047,-0.007727542542787513,0.022939449979761495,-0.024071275503526612,-0.004076841942878495,0.06001836115111736,-0.03191829868548013,0.43902439024390505,60,0.05913429377511781,-0.06913996627318708,-0.014716906981310451,0.027373630209434285,-0.04506869076966047,-0.025319066009472313,0.03176066356568352,-0.024071275503526612,0.010602159028161862,0.06001836115111736,-0.03191829868548013,0.8552838099669491,601328.SH,交通银行,-0.0204546254003596,4,subjective/semi-quantitative,low_value,1
2023-08-15,4.83976944,3846.5357,10,0.0409982174688055,-0.0267379679144385,-0.010695187165775444,0.016901649970387567,-0.039387337546353596,-0.014670083524767508,0.02409656749841793,0.012649369631915097,0.003974896358992064,0.03313163375445671,-0.010288859797628613,1.5333333333333259,20,0.0409982174688055,-0.0267379679144385,-0.014260249554367221,0.016901649970387567,-0.039387337546353596,-0.02233981605838209,0.02409656749841793,0.012649369631915097,0.008079566504014868,0.03313163375445671,-0.010288859797628613,1.5333333333333259,60,0.06951871657754016,-0.0267379679144385,0.035650623885917776,0.016901649970387567,-0.10292120777664959,-0.06220930173610506,0.052617066607152596,0.0761832398622111,0.09785992562202284,0.14465499733473886,-0.010288859797628613,2.6000000000000023,601328.SH,交通银行,0.0110776084810248,2,subjective/semi-quantitative,neutral,0
2024-03-20,5.35739184,3585.3838,10,0.054750402576489554,-0.004830917874396157,0.048309178743961345,0.004387452188521657,-0.026774734688096657,-0.004903436000352368,0.0503629503879679,0.0219438168137005,0.05321261474431371,0.059842534425951666,0.0028112011519090263,11.333333333333288,20,0.11916264090177142,-0.004830917874396157,0.11111111111111116,0.00485482195797271,-0.032164673695463275,-0.01219448249863797,0.11430781894379871,0.02733375582106712,0.12330559360974913,0.12482780408197014,0.0028112011519090263,24.666666666666575,60,0.18840579710144922,-0.004830917874396157,0.1561996779388084,0.03281235888888645,-0.032164673695463275,-0.02289911054989424,0.15559343821256277,0.02733375582106712,0.17909878848870264,0.18892217939503575,0.0028112011519090263,38.999999999999815,601328.SH,交通银行,-0.0010577733652608,2,subjective/semi-quantitative,high_value,0
2025-07-04,7.8366603,3982.2034,10,0.012165450121654597,-0.03041362530413627,-0.020681265206812682,0.02102818253834049,-0.006437918264044495,0.019171597312181543,-0.008862732416685892,-0.023975707040091776,-0.039852862518994225,-0.001814257666860719,-0.04057805128950853,0.4000000000000029,20,0.012165450121654597,-0.08150851581508511,-0.07420924574209242,0.0509775567968227,-0.006437918264044495,0.01826255283695466,-0.0388121066751681,-0.07507059755104062,-0.09247179857904708,-0.001814257666860719,-0.11090807841819872,0.14925373134328485,60,0.012165450121654597,-0.17883211678832123,-0.17031630170316303,0.15864212259976473,-0.006437918264044495,0.14259575490292642,-0.14647667247811014,-0.17239419852427673,-0.31291205660608945,-0.001814257666860719,-0.27756354331358624,0.06802721088435426,601328.SH,交通银行,-0.0120752994522355,4,subjective/semi-quantitative,low_value,1
2013-12-04,2.18291854,2475.135,10,0.010067114093959662,-0.0704697986577183,-0.06375838926174515,0.0026713694404545407,-0.05037462603049947,-0.04763740159627661,0.007395744653505121,-0.020095172627218827,-0.016120987665468545,0.009317017135433314,-0.01692736326740396,0.14285714285714152,20,0.010067114093959662,-0.12751677852349008,-0.10402684563758391,0.0026713694404545407,-0.08709019912045213,-0.06187824098483519,0.007395744653505121,-0.040426579403037954,-0.04214860465274872,0.009317017135433314,-0.04807554186327556,0.07894736842105199,60,0.010067114093959662,-0.22147651006711422,-0.19798657718120805,0.0026713694404545407,-0.138007421817396,-0.12181194157086384,0.007395744653505121,-0.08346908824971822,-0.07617463561034421,0.009317017135433314,-0.10777357362142748,0.045454545454545116,601390.SH,中国中铁,-0.021682050859759,4,subjective/semi-quantitative,low_value,1
2025-12-01,5.29608572,4576.4856,10,0.010948905109489093,-0.02007299270072982,-0.012773722627737127,0.014015121122636254,-0.01361258516797259,-0.005337283263821546,-0.0030662160131471605,-0.0064604075327572286,-0.007436439363915581,0.010254266206203955,-0.01744072746712977,0.5454545454545505,20,0.02042591183739373,-0.02372262773722622,0.014870053878206502,0.02177334503139261,-0.020149872207616992,0.013741220992807168,-0.0013474331939988815,-0.0035727555296092284,0.0011288328853993335,0.010254266206203955,-0.01744072746712977,0.8610307451455224,60,0.1982133665313861,-0.02372262773722622,0.09820792326601535,0.056914698912195805,-0.020149872207616992,0.015559209888041714,0.1412986676191903,-0.0035727555296092284,0.08264871337797364,0.13350118189326343,-0.04296458217146559,8.355455758399987,601390.SH,中国中铁,-0.0216589294502676,2,subjective/semi-quantitative,low_value,1
2026-05-11,5.0609796,4951.8366,10,0.007751937984496138,-0.09496124031007735,-0.08333333333333337,0.015889478259440093,-0.0360073674482716,-0.006106663535707102,-0.008137540274943955,-0.058953872861805756,-0.07722666979762627,-0.005052427796387704,-0.07770116466657762,0.08163265306122477,20,0.007751937984496138,-0.12403100775193798,-0.1201550387596898,0.015889478259440093,-0.055387207243470016,-0.04810352587159272,-0.008137540274943955,-0.06864380050846797,-0.07205151288809708,-0.005052427796387704,-0.08822841811666249,0.06250000000000011,60,0.007751937984496138,-0.1996124031007751,-0.10689227042132321,0.022704464844417682,-0.09564679496896145,-0.07086384877885499,-0.014952526859921544,-0.10396560813181366,-0.03602842164246822,-0.002867325757973771,-0.1963392041872346,0.038834951456310766,601390.SH,中国中铁,0.0325148563832181,2,subjective/semi-quantitative,low_value,1
2015-01-07,10.94621552,3643.79,10,0.011984021304926706,-0.23568575233022648,-0.14713715046604525,0.012614063927943286,-0.08730168313761222,-0.026045683203477665,-0.0006300426230165801,-0.14838406919261427,-0.12109146726256759,-0.012374714020624289,-0.15425577995254658,0.05084745762711837,20,0.011984021304926706,-0.23568575233022648,-0.1797603195739016,0.012614063927943286,-0.08730168313761222,-0.06642040293211182,-0.0006300426230165801,-0.14838406919261427,-0.11333991664178977,-0.012374714020624289,-0.15425577995254658,0.05084745762711837,60,0.2782956058588546,-0.23568575233022648,0.17643142476697715,0.1889175830659835,-0.0982095565331701,0.16969913194777964,0.0893780227928711,-0.1374761957970564,0.006732292819197516,0.005755576485712899,-0.15425577995254658,1.1807909604519757,601377.SH,兴业证券,-0.0142917136126189,4,subjective/semi-quantitative,low_value,1
2015-03-30,11.296028,4088.178,10,0.2387096774193549,0.006451612903225712,0.1322580645161291,0.09446139576114354,-0.01232994258077802,0.08561417824762052,0.14424828165821135,0.01878155548400373,0.04664388626850857,0.09347067598468173,0.029960252357952966,,20,0.2548387096774194,0.006451612903225712,0.16387096774193544,0.18367595540115933,-0.01232994258077802,0.1598959242968383,0.07116275427626007,0.01878155548400373,0.003975043445097137,0.09347067598468173,-0.02592635931209597,,60,0.2548387096774194,-0.09395337901074596,-0.024058353963003598,0.31609386871119627,-0.01232994258077802,0.15125026356484472,-0.061255159033776874,-0.08162343642996794,-0.17530861752784832,0.09347067598468173,-0.16503817516402686,2.712395364176014,601377.SH,兴业证券,0.3938168734491313,4,subjective/semi-quantitative,low_value,1
2015-04-17,12.75358,4596.136,10,0.11142857142857143,-0.053714285714285714,-0.006285714285714228,0.05285787887912807,-0.022526748555743326,0.04168827902394523,0.05857069254944336,-0.03118753715854239,-0.04797399330965946,0.04670784899395408,-0.046054078053571645,2.0744680851063833,20,0.11142857142857143,-0.08799999999999997,-0.0822857142857143,0.05285787887912807,-0.03275447027677181,-0.0045681851015723085,0.05857069254944336,-0.05524552972322816,-0.07771752918414199,0.04670784899395408,-0.07807418651981923,1.2662337662337668,60,0.11142857142857143,-0.4422635871653292,-0.3023995740803759,0.17064116466527524,-0.2302608103850714,-0.1053030197539847,-0.0592125932367038,-0.2120027767802578,-0.19709655432639117,0.04670784899395408,-0.2225127069775884,0.2519505893369346,601377.SH,兴业证券,0.2880131868131869,4,subjective/semi-quantitative,neutral,0
2017-11-07,6.32645448,4054.246,10,0.043092522179974724,-0.034220532319391594,0.015209125475285079,0.040948921205077315,-0.0039084949457925955,0.0403169911248602,0.0021436009748974083,-0.030312037373599,-0.025107865649575123,0.02439060825826811,-0.03897972210960676,1.2592592592592629,20,0.043092522179974724,-0.034220532319391594,0.0038022813688212143,0.050907863015712485,-0.01774140000384783,-0.003471915616368615,-0.00781534083573776,-0.016479132315543765,0.007274196985189829,0.02439060825826811,-0.03897972210960676,1.2592592592592629,60,0.043092522179974724,-0.09378960709759188,-0.024081115335868097,0.08610503654686963,-0.024370992781395096,0.054671571483328796,-0.043012514366894905,-0.06941861431619678,-0.0787526868191969,0.02439060825826811,-0.11343753113335475,0.4594594594594603,601377.SH,兴业证券,0.1201111207673802,2,subjective/semi-quantitative,low_value,1
2022-08-05,5.44585176,4156.9111,10,0.06132075471698095,-0.014150943396226467,0.02001753716483834,0.015847223675291122,-0.015483997240162362,-0.0014042397971898435,0.04547353104168983,0.001333053843935894,0.021421776962028183,0.05049124625632939,-0.012831045995976287,4.333333333333305,20,0.06132075471698095,-0.014150943396226467,0.03805643251662816,0.015847223675291122,-0.036565636440962224,-0.032066598681891545,0.04547353104168983,0.022414693044735756,0.0701230311985197,0.07244613224735064,-0.012831045995976287,4.333333333333305,60,0.06132075471698095,-0.12757342480435052,0.005258440967919498,0.015847223675291122,-0.15900272680837468,-0.09180230002994305,0.04547353104168983,0.03142930200402416,0.09706074099786255,0.11520119316198096,-0.05419335748601162,0.4806702870211711,601377.SH,兴业证券,0.018052946295158,2,subjective/semi-quantitative,neutral,0
2010-06-09,1.821477,2782.133,10,0.021428571428571574,-0.01904761904761909,0.014285714285714235,0.0047409667330786665,-0.034437605966357476,-0.023491328416002988,0.016687604695492908,0.015389986918738385,0.03777704270171722,0.03868582410071064,-0.0027762521051123423,1.125000000000005,20,0.03809523809523818,-0.04523809523809519,0.023809523809523725,0.0047409667330786665,-0.11499486185599306,-0.03806971126110792,0.033354271362159515,0.06975676661789787,0.061879235070631644,0.07034173601241611,-0.0027762521051123423,0.8421052631578976,60,0.04285714285714293,-0.04523809523809519,-0.011904761904761973,0.0712730124692098,-0.11499486185599306,0.06935577846206509,-0.02841586961206688,0.06975676661789787,-0.08126054036682706,0.07034173601241611,-0.07599018212974451,0.9473684210526342,601398.SH,工商银行,0.0007105315520125,2,subjective/semi-quantitative,low_value,1
2011-05-30,2.0138556,2954.506,10,0.0,-0.04824561403508776,-0.024122807017543768,0.01973257119802785,-0.011088148069423376,0.013218114974212325,-0.01973257119802785,-0.03715746596566438,-0.03734092199175609,-0.007374967054139203,-0.04814598615720922,0.0,20,0.028442158414933028,-0.04824561403508776,0.028442158414933028,0.03436005883893967,-0.031172047035951223,0.02952371733210235,-0.005917900424006639,-0.017073566999136536,-0.001081558917169323,0.005214669698700769,-0.04814598615720922,0.5895283744186114,60,0.028442158414933028,-0.09954175463225856,-0.060689495314361075,0.0628179465535017,-0.08713605590917739,-0.04518623417925016,-0.034375788138568675,-0.012405698723081171,-0.015503261135110913,0.005214669698700769,-0.061719881244046926,0.2857309329136113,601398.SH,工商银行,0.0108747374902827,4,subjective/semi-quantitative,low_value,1
2016-05-13,2.44431684,3074.935,10,0.0165876777251186,-0.009478672985781977,0.0165876777251186,0.00984280968540796,-0.015444554112525988,-0.004044313131822297,0.006744868039710639,0.00596588112674401,0.020631990856940896,0.02071577192537455,0.00047999326986469804,1.7500000000000147,20,0.04739336492891,-0.009478672985781977,0.042654028436019065,0.041241196968391236,-0.015444554112525988,0.00034082021245995797,0.006152167960518762,0.00596588112674401,0.04231320822355911,0.04229879194030328,-0.0015963762110294821,5.0000000000000115,60,0.09017366995679654,-0.009478672985781977,0.09017366995679654,0.07351570033187693,-0.015444554112525988,0.05920320266932477,0.01665796962491961,0.00596588112674401,0.03097046728747177,0.04555524124489274,-0.0015963762110294821,9.513322180442048,601398.SH,工商银行,0.0085963995880197,2,subjective/semi-quantitative,low_value,1
2017-08-02,3.6356139,3760.852,10,0.01403508771929829,-0.05438596491228076,-0.012280701754386003,0.0014605732956256556,-0.030779727572369242,-0.015802802131006377,0.012574514423672634,-0.023606237339911518,0.003522100376620374,0.009029893120352295,-0.020305248460912417,0.2580645161290328,20,0.08421052631578951,-0.05438596491228076,0.047368421052631504,0.028209033484965618,-0.030779727572369242,0.019529617225033213,0.056001492830823896,-0.023606237339911518,0.02783880382759829,0.07076468980496764,-0.020305248460912417,1.5483870967741926,60,0.12280701754385959,-0.05438596491228076,0.06842105263157894,0.07245352914711889,-0.030779727572369242,0.06269058181497167,0.0503534883967407,-0.023606237339911518,0.005730470816607269,0.07076468980496764,-0.020305248460912417,2.258064516129029,601398.SH,工商银行,0.0118737853664444,4,subjective/semi-quantitative,high_value,0
2017-09-21,3.79507065,3837.817,10,0.06386554621848739,-0.003361344537815114,0.043697478991596705,0.0211114808236037,-0.007669724741956152,0.019577796440007456,0.04275406539488369,0.004308380204141038,0.02411968255158925,0.032277251866503986,0.005064800758554089,19.000000000000068,20,0.07563025210084029,-0.003361344537815114,0.01680672268907557,0.045802340236650085,-0.007669724741956152,0.040585051345595646,0.029827911864190204,0.004308380204141038,-0.023778328656520076,0.04022192224319543,-0.02285092278211376,22.500000000000068,60,0.07563025210084029,-0.02352941176470591,0.001680672268907557,0.11017252776773878,-0.007669724741956152,0.05993798036748488,-0.03454227566689849,-0.015859687022749758,-0.05825730809857732,0.04022192224319543,-0.08705087825722557,3.2142857142857086,601398.SH,工商银行,0.0168462558121848,4,subjective/semi-quantitative,neutral,0
2017-10-27,3.94814913,4021.967,10,0.01453957996768973,-0.06138933764135701,-0.05977382875605819,0.023557378765166392,-0.015340255153759474,0.022363186967968574,-0.009017798797476662,-0.04604908248759754,-0.08213701572402676,0.012776734478352259,-0.08034034946780633,0.23684210526315647,20,0.019386106623586308,-0.06138933764135701,-0.01938610662358642,0.05934210797850903,-0.015340255153759474,0.02044671177063373,-0.03995600135492272,-0.04604908248759754,-0.03983281839422015,0.012776734478352259,-0.08034034946780633,0.3157894736842086,60,0.1873990306946689,-0.06138933764135701,0.15831987075928922,0.07869681675657714,-0.016540911449546947,0.07822789197425029,0.10870221393809176,-0.044848426191810065,0.08009197878503893,0.0845897945642875,-0.08034034946780633,3.0526315789473704,601398.SH,工商银行,0.0094140175006759,4,subjective/semi-quantitative,low_value,1
2017-12-05,3.826962,4040.17,10,0.0,-0.03166666666666662,-0.0033333333333332993,0.0074204798312942355,-0.020971889796716492,-0.001198216906714289,-0.0074204798312942355,-0.010694776869950129,-0.0021351164266190104,0.0010329519169305357,-0.025408234117598516,0.0,20,0.06499999999999995,-0.03166666666666662,0.026666666666666616,0.02472272206367565,-0.020971889796716492,0.017628466128900344,0.040277277936324296,-0.010694776869950129,0.009038200537766272,0.03572154519447568,-0.025408234117598516,2.05263157894737,60,0.29499999999999993,-0.03166666666666662,0.1050000000000002,0.08988903932260284,-0.06955746911639848,-0.0008705079241715374,0.2051109606773971,0.037890802449731864,0.10587050792417174,0.2286066778584288,-0.025408234117598516,9.315789473684221,601398.SH,工商银行,0.0235798851251235,2,subjective/semi-quantitative,neutral,0
2020-09-08,3.621519,4694.3894,10,0.008080808080808133,-0.010101010101010055,-0.004040404040404066,0.01248096291287637,-0.029047228165605565,-0.012489078984372237,-0.004400154832068237,0.01894621806459551,0.00844867494396817,0.021881370743356943,-0.004808388293578214,0.8000000000000088,20,0.008080808080808133,-0.014141414141414121,-0.0060606060606061,0.032278894460693985,-0.029752431700702076,0.024010087446090456,-0.024198086379885853,0.015611017559287954,-0.030070693506696555,0.02247912306640454,-0.03580393640365109,0.571428571428576,60,0.13939393939393918,-0.014141414141414121,0.030303030303030276,0.08440267013213698,-0.029752431700702076,0.05289488767165329,0.0549912692618022,0.015611017559287954,-0.022591857368623014,0.026281797631042103,-0.051895464225592214,9.857142857142856,601398.SH,工商银行,0.0012056448133244,2,subjective/semi-quantitative,low_value,1
2025-09-23,7.1047844,4519.7781,10,0.018918918918918948,-0.027027027027027084,0.008108108108108247,0.045702863156047435,-0.00639677421331819,0.019140275935227935,-0.026783944237128487,-0.020630252813708894,-0.011032167827119688,0.009207135821301282,-0.05195352146779375,0.6999999999999996,20,0.08378378378378382,-0.027027027027027084,0.05810810810810807,0.05045816297928418,-0.00639677421331819,0.05045816297928418,0.033325620804499634,-0.020630252813708894,0.007649945128823887,0.04010376580414077,-0.05195352146779375,3.0999999999999948,60,0.1351351351351351,-0.027027027027027084,0.08803152844440998,0.053554797302991286,-0.021674913642331428,0.025284537751975034,0.0815803378321438,-0.005352113384695656,0.06274699069243495,0.13142922620207398,-0.05195352146779375,4.999999999999988,601398.SH,工商银行,-0.0062852584327461,2,subjective/semi-quantitative,neutral,0
2026-01-13,7.63250213,4761.0324,10,-0.002560819462227859,-0.08450704225352101,-0.07426376440460947,0.011986559889825665,-0.01793550071198835,-0.011623655407176026,-0.014547379352053524,-0.06657154154153266,-0.06264010899743344,-0.01139853598475371,-0.06533306858882804,-0.030303030303029707,20,-0.002560819462227859,-0.08450704225352101,-0.0653008962868118,0.011986559889825665,-0.038400011728548566,-0.007716141566270318,-0.014547379352053524,-0.04610703052497245,-0.057584754720541476,-0.01139853598475371,-0.06969478687935682,-0.030303030303029707,60,-0.002560819462227859,-0.12291933418693979,-0.04481434058898848,0.011986559889825665,-0.07702911242527999,-0.005130126818712832,-0.014547379352053524,-0.0458902217616598,-0.039684213770275645,0.04659496072170488,-0.10447926528831653,-0.020833333333332902,601398.SH,工商银行,-0.0014492812264473,2,subjective/semi-quantitative,low_value,1
2011-01-12,14.48891861,3142.337,10,0.009016745384285096,-0.08716187204808934,-0.06397595534564193,0.004677728709556073,-0.07102198141065075,-0.05216054166055395,0.004339016674729024,-0.016139890637438592,-0.011815413685087983,0.015434162540456597,-0.025841716102787626,0.10344827586206888,20,0.032632030914555576,-0.08716187204808934,0.009446114212108059,0.03732954167551106,-0.07102198141065075,0.033793320067198485,-0.004697510760955481,-0.016139890637438592,-0.024347205855090426,0.015434162540456597,-0.025841716102787626,0.3743842364532015,60,0.07299270072992692,-0.08716187204808934,0.06869901245169596,0.0758002722177793,-0.07102198141065075,0.0689318173066733,-0.0028075714878523783,-0.016139890637438592,-0.00023280485497734205,0.015434162540456597,-0.08836492151561859,0.8374384236453188,601601.SH,中国太保,0.1558399094685495,2,subjective/semi-quantitative,low_value,1
2014-09-24,13.07820976,2441.864,10,0.019527235354573458,-0.03391572456320657,-0.01130524152106882,0.01894003924870491,-0.008749463524586276,0.009013605999351304,0.0005871961058685482,-0.025166261038620297,-0.020318847520420125,0.0045848256374037,-0.032180628731899086,0.575757575757575,20,0.019527235354573458,-0.05960945529290851,0.0015416238437819807,0.01894003924870491,-0.03283720960708714,0.003898661022890604,0.0005871961058685482,-0.026772245685821372,-0.002357037179108623,0.004602832175719662,-0.032180628731899086,0.3275862068965514,60,0.512846865364851,-0.05960945529290851,0.31860226104830414,0.414987484970498,-0.03283720960708714,0.3229176563477738,0.09785938039435305,-0.026772245685821372,-0.004315395299469671,0.11974547157848536,-0.044801186190301934,8.603448275862073,601601.SH,中国太保,0.0102832140891705,2,subjective/semi-quantitative,low_value,1
2024-07-10,29.69102135,3428.9657,10,0.047341242776075765,-0.012970048603599182,-0.009403251801575419,0.03393810559259891,-0.005993877395740754,-0.0031494628248980305,0.013403137183476854,-0.006976171207858428,-0.006253788976677388,0.019270270549476942,-0.010983036400381785,3.650043590656907,20,0.06128417572944156,-0.04118016876506003,-0.039234643236683464,0.03393810559259891,-0.03217897455200558,-0.025511103829355952,0.02734607013684265,-0.009001194213054453,-0.013723539407327512,0.07483590373989868,-0.014082807368309247,1.4881963228241817,60,0.5693905928904666,-0.06095967830355553,0.3845656676946885,0.2978746039950182,-0.08258318244478213,0.13362667932198913,0.27151598889544837,0.0216235041412266,0.25093898837269935,0.2643949431697701,-0.020175148422681866,9.340446156148044,601628.SH,中国人寿,0.0015315783906051,4,subjective/semi-quantitative,neutral,0
2010-12-31,9.32027226,3128.261,10,0.04142011834319548,-0.04339250493096647,-0.041420118343195145,0.026097247000809842,-0.05103506389012935,-0.04920017862959647,0.015322871342385636,0.007642558959162882,0.007780060286401325,0.008182648031199502,-0.006183079251659729,0.9545454545454595,20,0.08481262327416172,-0.050295857988165604,0.024654832347140054,0.026097247000809842,-0.06684192911013509,-0.016543696322014134,0.05871537627335188,0.016546071121969486,0.04119852866915419,0.09610271473998533,-0.006183079251659729,1.686274509803924,60,0.20315581854043407,-0.050295857988165604,0.13412228796844183,0.07263652233621176,-0.06684192911013509,0.05843693988449172,0.1305192962042223,0.016546071121969486,0.07568534808395011,0.10665640372394902,-0.006183079251659729,4.0392156862745185,601600.SH,中国铝业,0.0239873980905948,2,subjective/semi-quantitative,high_value,0
2011-01-19,9.20078159,3044.851,10,0.098901098901099,0.0,0.034965034965035,0.014023674721685753,-0.04127919559939064,-0.0012815076993915042,0.08487742417941324,0.04127919559939064,0.036246542664426507,0.08073246002546774,0.027281498780679092,,20,0.18481518481518466,0.0,0.07692307692307687,0.07363151760135378,-0.04127919559939064,0.042659230287459105,0.11118366721383088,0.04127919559939064,0.03426384663561777,0.08073246002546774,0.027281498780679092,,60,0.2347652347652347,0.0,0.11588411588411573,0.11024381817041284,-0.04127919559939064,0.08377782689530622,0.12452141659482185,0.04127919559939064,0.03210628898880952,0.10086876004818679,-0.008836625912489127,,601600.SH,中国铝业,0.0133967286298309,2,subjective/semi-quantitative,low_value,1
2011-06-01,9.05371615,3004.173,10,0.22842639593908642,-0.01116751269035543,0.14517766497461926,0.0028736693925417445,-0.029549563224221753,-0.0288249045577601,0.22555272654654468,0.018382050533866323,0.17400256953237936,0.20629239098171182,0.019493747001894324,20.454545454545283,20,0.22842639593908642,-0.01116751269035543,0.11776649746192902,0.018125454159930277,-0.04718935960079529,0.013286851323143,0.21030094177915615,0.03602184691043986,0.10447964613878602,0.20629239098171182,0.019493747001894324,20.454545454545283,60,0.22842639593908642,-0.12507808078343607,-0.04073601423874984,0.04524672846736855,-0.10222813399894082,-0.03339887549751619,0.18317966747171788,-0.022849946784495256,-0.007337138741233651,0.20629239098171182,-0.010306613184358326,1.8262703945273249,601600.SH,中国铝业,0.0047731151155545,2,subjective/semi-quantitative,high_value,0
2017-04-05,4.57245467,3503.893,10,0.048289738430583595,-0.04225352112676062,-0.01609657947686116,0.006541866432565158,-0.02436689704851147,-0.01655786863354558,0.04174787199801844,-0.017886624078249147,0.00046128915668441905,0.04242339029686004,-0.009870824386026045,1.1428571428571437,20,0.048289738430583595,-0.11871227364185122,-0.11267605633802813,0.006541866432565158,-0.032140250858117,-0.02839898364476312,0.04174787199801844,-0.08657202278373421,-0.08427707269326501,0.04242339029686004,-0.08674041224186169,0.40677966101694957,60,0.048289738430583595,-0.18712273641851107,-0.07444668008048294,0.04927062555848605,-0.05451108238750446,0.04193992225219212,-0.0009808871279024522,-0.1326116540310066,-0.11638660233267506,0.04242339029686004,-0.1715965055767099,0.25806451612903275,601600.SH,中国铝业,0.7072089388369133,2,subjective/semi-quantitative,low_value,1
2020-09-18,2.86123421,4737.0887,10,0.012861736334405016,-0.07395498392282951,-0.02250803858520911,0.018192165158317453,-0.03849807583294784,0.01816919746510126,-0.0053304288239124364,-0.03545690808988167,-0.04067723605031037,0.00973277198898126,-0.039951352045988986,0.1739130434782593,20,0.012861736334405016,-0.07395498392282951,-0.05787781350482313,0.023752204597730975,-0.03849807583294784,-0.009679531649892992,-0.010890468263325959,-0.03545690808988167,-0.048198281854930136,0.00973277198898126,-0.05892501232339431,0.1739130434782593,60,0.3890675241157555,-0.0836012861736335,0.202572347266881,0.07462805161321961,-0.03849807583294784,0.06538845261647719,0.3144394725025359,-0.04510321034068565,0.13718389465040381,0.26822832107141514,-0.06896383279768947,4.65384615384615,601600.SH,中国铝业,0.0884125276998,2,subjective/semi-quantitative,low_value,1
2024-12-24,7.0100564,3983.6882,10,0.021753526833250714,-0.05307529337424444,-0.03810952933274536,0.006043244047061691,-0.0633833491285789,-0.04881729950652269,0.015710282786189023,0.010308055754334466,0.010707770173777331,0.04804153088666263,-0.008877351912370268,0.40986164089310395,20,0.0720929149728382,-0.05307529337424444,0.04624295890115815,0.006043244047061691,-0.07018142132710081,-0.04685898861261284,0.06604967092577652,0.017106127952856376,0.09310194751377099,0.1089046232760782,-0.008877351912370268,1.3583140174939166,60,0.09658234704074564,-0.05307529337424444,0.04080086288606766,0.010445295392345288,-0.07018142132710081,-0.012871614801580056,0.08613705164840035,0.017106127952856376,0.05367247768764771,0.11965990351580968,-0.012480917605274144,1.8197232817862037,601600.SH,中国铝业,0.0116041667715052,2,subjective/semi-quantitative,neutral,0
2019-12-30,7.87306312,4081.633,10,0.06108597285067874,-0.011312217194570207,0.011312217194570096,0.034759127045474125,-0.0030931247370844517,0.026521982745631556,0.026326845805204613,-0.008219092457485755,-0.01520976555106146,0.0230269320695069,-0.014816794775675435,5.399999999999967,20,0.06108597285067874,-0.16289592760181004,-0.1357466063348416,0.034759127045474125,-0.10822261580107762,-0.062010964729067974,0.026326845805204613,-0.05467331180073243,-0.07373564160577362,0.0230269320695069,-0.07861034493273744,0.37499999999999983,60,0.10180995475113108,-0.16289592760181004,-0.040723981900452455,0.034759127045474125,-0.14171935595385465,-0.09960650553344697,0.06705082770565696,-0.02117657164795539,0.05888252363299451,0.134794412326541,-0.09032779531556734,0.6249999999999988,601633.SH,长城汽车,-0.0088857820205338,2,subjective/semi-quantitative,low_value,1
2011-01-04,3.05367084,3189.682,10,0.015151515151515138,-0.037878787878787956,-0.03282828282828287,0.00633856290376289,-0.07589534003703191,-0.06647496521596818,0.008812952247752248,0.038016552158243955,0.03364668238768531,0.03989946364650088,0.004408566078349496,0.3999999999999988,20,0.07575757575757569,-0.05303030303030298,0.022727272727272707,0.00633856290376289,-0.0848109623467167,-0.0352383090226549,0.0694190128538128,0.03178065931641372,0.05796558174992761,0.09651257949173697,0.004408566078349496,1.4285714285714286,60,0.10606060606060597,-0.05303030303030298,0.08080808080808066,0.051981670900108634,-0.0848109623467167,0.04224151498487938,0.05407893516049733,0.03178065931641372,0.03856656582320128,0.09651257949173697,-0.03044732333160305,2.0,601618.SH,中国中冶,0.0853125782568881,2,subjective/semi-quantitative,neutral,0
2011-06-14,2.96884665,2993.559,10,0.03896103896103886,-0.023376623376623495,0.020779220779220786,0.020866132920714042,-0.0438110623508674,0.0160928847569064,0.01809490604032482,0.020434438974243907,0.004686336022314386,0.039733589252766155,0.004612113806343077,1.666666666666654,20,0.049350649350649256,-0.023376623376623495,-0.0051948051948051965,0.04895276826012096,-0.0438110623508674,0.021160765496855083,0.0003978810905282959,0.020434438974243907,-0.02635557069166028,0.039733589252766155,-0.025809423532676345,2.1111111111110965,60,0.049350649350649256,-0.203841511989176,-0.19593265283675065,0.04895276826012096,-0.09904498291164476,-0.09027916269564096,0.0003978810905282959,-0.10479652907753123,-0.1056534901411097,0.039733589252766155,-0.13116860327555235,0.24210303813518505,601618.SH,中国中冶,0.3198183856102914,2,subjective/semi-quantitative,low_value,1
2013-02-28,1.68274695,2673.327,10,0.0046511627906975495,-0.05581395348837215,-0.05116279069767449,0.002815592705269321,-0.05942557719276398,-0.05201533519842505,0.0018355700854282286,0.003611623704391831,0.0008525445007505628,0.025706571494123587,-0.007635223048375606,0.08333333333333101,20,0.0046511627906975495,-0.06976744186046524,-0.06511627906976747,0.002815592705269321,-0.06788282914884725,-0.0650967876357812,0.0018355700854282286,-0.0018846127116179945,-1.9491433986273954e-05,0.025706571494123587,-0.0186783377766796,0.06666666666666475,60,0.0046511627906975495,-0.06976744186046524,-0.05116279069767449,0.002815592705269321,-0.09602641203264695,-0.014590059502634811,0.0018355700854282286,0.026258970172181706,-0.036572731195039676,0.036467090847061234,-0.03711423001941749,0.06666666666666475,601618.SH,中国中冶,-0.0098227494246552,2,subjective/semi-quantitative,low_value,1
2013-12-27,1.36967775,2303.478,10,0.011428571428571344,-0.07999999999999985,-0.0685714285714284,0.01284839707607377,-0.052043475127611316,-0.04766661543978279,-0.0014198256475024262,-0.027956524872388533,-0.020904813131645605,0.001748238063056684,-0.038846724790019604,0.14285714285714207,20,0.011428571428571344,-0.08571428571428563,-0.05714285714285705,0.01284839707607377,-0.06382522429126736,-0.038011650208945036,-0.0014198256475024262,-0.021889061423018275,-0.019131206933912015,0.001748238063056684,-0.038846724790019604,0.13333333333333247,60,0.011428571428571344,-0.09714285714285709,-0.039999999999999925,0.01284839707607377,-0.09799051694871841,-0.06823290693464412,-0.0014198256475024262,0.0008476598058613227,0.028232906934644197,0.034124158778378266,-0.038846724790019604,0.1176470588235286,601618.SH,中国中冶,-0.0108799802943531,2,subjective/semi-quantitative,low_value,1
2020-11-03,2.34095337,4777.5608,10,0.049808429118774145,-0.015325670498084198,0.034482758620689724,0.04609902609716654,-0.00146572702957537,0.024536621281721738,0.0037094030216076046,-0.013859943468508829,0.009946137338967986,0.015240563190071166,-0.020811075149855585,3.2500000000000324,20,0.11877394636015337,-0.015325670498084198,0.08045977011494254,0.061744604066577224,-0.00146572702957537,0.06060362434320021,0.057029342293576146,-0.013859943468508829,0.01985614577174233,0.052448952976970276,-0.020811075149855585,7.750000000000054,60,0.32567049808429127,-0.015325670498084198,0.13026819923371646,0.1837587707936652,-0.00146572702957537,0.1570765148608888,0.14191172729062607,-0.013859943468508829,-0.02680831562717234,0.09666371819248631,-0.04529237136852038,21.250000000000135,601618.SH,中国中冶,0.057141341314873,2,subjective/semi-quantitative,high_value,0
2021-06-22,2.68178183,5122.1583,10,0.0234113712374584,-0.0200668896321069,0.0,0.027035263630958095,-0.018283796500393246,-0.0076245203120723914,-0.0036238923934996947,-0.0017830931317136534,0.0076245203120723914,0.007683100266111076,-0.02278191618596548,1.1666666666666843,20,0.16964078319525355,-0.0200668896321069,0.16964078319525355,0.027035263630958095,-0.022597271154231935,-0.002570049426235066,0.14260551956429546,0.002530381522125036,0.17221083262148862,0.17265456338304808,-0.02278191618596548,8.453765695896854,60,1.1546014427280986,-0.0200668896321069,0.8331212274639062,0.027035263630958095,-0.08946568480712525,-0.040021527643923194,1.1275661790971405,0.06939879517501835,0.8731427551078293,1.0705533535003462,-0.02278191618596548,57.53763856261727,601618.SH,中国中冶,0.0559763475154741,2,subjective/semi-quantitative,high_value,0
2023-03-01,3.77205741,4126.9415,10,0.08496732026143805,-0.0065359477124183885,0.05228758169934644,0.002498460421597848,-0.04361607742683049,-0.0339329985656448,0.0824688598398402,0.0370801297144121,0.08622058026499124,0.08924906878816508,0.0153362725635533,12.999999999999847,20,0.09368191721132901,-0.0065359477124183885,0.013071895424836777,0.002498460421597848,-0.04650548111719055,-0.02927046579167647,0.09118345678973117,0.03996953340477216,0.04234236121651325,0.12422991214868517,0.0153362725635533,14.333333333333146,60,0.33986928104575176,-0.0065359477124183885,0.13289760348583868,0.01035301808857736,-0.08182037472544734,-0.0700732976224645,0.3295162629571744,0.07528442701302895,0.20297090110830318,0.31237994709512207,0.0153362725635533,51.99999999999932,601658.SH,邮储银行,-0.0636441378703423,2,subjective/semi-quantitative,high_value,0
2024-06-24,4.2235562,3476.8102,10,0.06776180698151935,-0.004106776180698213,0.04928131416837789,0.0033101317983939005,-0.023267850514244293,-0.02158582024408462,0.06445167518312545,0.01916107433354608,0.0708671344124625,0.07243060850788341,0.005468026092003697,16.499999999999716,20,0.09664795510475277,-0.004106776180698213,0.062039735614267455,0.019710049170932553,-0.026461496230078985,0.010962548372643433,0.07693790593382022,0.022354720049380772,0.05107718724162402,0.08600890015292495,0.005468026092003697,23.533777068006952,60,0.12909316087708267,-0.03745889542087788,0.005801378942228874,0.019710049170932553,-0.09520778557310938,-0.08795418283114786,0.10938311170615012,0.0577488901522315,0.09375556177337674,0.17856812702414282,0.005468026092003697,3.446261813826257,601658.SH,邮储银行,-0.0279325152955132,2,subjective/semi-quantitative,high_value,0
2025-04-08,4.80640512,3650.759,10,0.052734375,-0.017578125,0.033203125,0.04066839251782972,-0.01737233271218397,0.036483701060519236,0.012065982482170279,-0.0002057922878160312,-0.0032805760605192358,0.007415239644496419,-0.030400738475247824,3.0,20,0.0546875,-0.017578125,0.04891055875040351,0.05932254087437694,-0.01737233271218397,0.053522459302298486,-0.004635040874376939,-0.0002057922878160312,-0.004611900551894976,0.01441983138775127,-0.030400738475247824,3.111111111111111,60,0.13665212640252844,-0.017578125,0.13665212640252844,0.0994557022252085,-0.01737233271218397,0.08612335133598248,0.03719642417731994,-0.0002057922878160312,0.05052877506654596,0.0661864997574595,-0.030400738475247824,7.77398763534384,601658.SH,邮储银行,0.0051003783216454,2,subjective/semi-quantitative,low_value,1
2014-09-19,11.38513142,2425.211,10,0.0472926662097326,-0.015764222069911016,-0.008910212474297574,0.025936712310805188,-0.02107156861815307,0.017144075299015293,0.021355953898927416,0.005307346548242053,-0.026054287773312867,0.023200765437292548,-0.02561513988630726,2.999999999999972,20,0.08773132282385188,-0.04523646333104869,-0.03838245373543525,0.025936712310805188,-0.02107156861815307,-0.014227628029066186,0.06179461051304669,-0.024164894712895624,-0.024154825706369065,0.033352280744288976,-0.02561513988630726,1.9393939393939363,60,0.15695681973954745,-0.04934886908841685,0.08910212474297463,0.40077832403036284,-0.026196071187208014,0.39499903307382334,-0.2438215042908154,-0.023152797901208833,-0.3058969083308487,0.033352280744288976,-0.21928108986342265,3.180555555555544,601607.SH,上海医药,0.3270731273915567,4,subjective/semi-quantitative,high_value,0
2014-10-30,11.46316522,2468.925,10,0.013614703880190593,-0.03675970047651467,-0.028590878148400334,0.05613536255657814,-0.0009805887177618544,0.04488795730935524,-0.042520658676387546,-0.03577911175875281,-0.07347883545775558,-0.015707693381040944,-0.07032221487839485,0.3703703703703697,20,0.030633083730428945,-0.03675970047651467,0.018379850238257278,0.11566369978836932,-0.0009805887177618544,0.11566369978836932,-0.08503061605794038,-0.03577911175875281,-0.09728384955011204,-0.015707693381040944,-0.08719818487288411,0.8333333333333348,60,0.23281143635125945,-0.03675970047651467,0.2021783526208305,0.49447755602134524,-0.0009805887177618544,0.4613586884980305,-0.2616661196700858,-0.03577911175875281,-0.2591803358772,-0.015707693381040944,-0.21523476658762786,6.33333333333333,601607.SH,上海医药,0.0030370382643344,3,subjective/semi-quantitative,low_value,1
2014-11-17,11.29929424,2567.101,10,0.06975138121546975,-0.01035911602209949,0.06353591160220984,0.11227879230306859,-0.017243185990734378,0.0984421727076572,-0.04252741108759883,0.006884069968634887,-0.03490626110544737,0.018064528919873757,-0.058916230741431486,6.733333333333319,20,0.16574585635359118,-0.01035911602209949,0.13190607734806625,0.31970927517070824,-0.017243185990734378,0.2532533780322628,-0.15396341881711706,0.006884069968634887,-0.12134730068419652,0.018064528919873757,-0.10836005262829806,15.999999999999936,60,0.2506906077348068,-0.01035911602209949,0.1774861878453038,0.43732287899852795,-0.017243185990734378,0.33774401552568434,-0.18663227126372117,0.006884069968634887,-0.16025782768038055,0.018064528919873757,-0.17219499620391998,24.199999999999914,601607.SH,上海医药,0.1197162096247865,4,subjective/semi-quantitative,low_value,1
2014-12-22,12.57904856,3394.481,10,0.12344913151364767,-0.03660049627791562,0.09057071960297769,0.08506307738944474,-0.06068261981728584,0.07344539562896357,0.03838605412420293,0.024082123539370226,0.017125323974014117,0.03522239685268347,-0.01675443114849373,3.3728813559322055,20,0.12344913151364767,-0.03660049627791562,0.05459057071960305,0.08698590447258359,-0.06068261981728584,0.04548677691817993,0.036463227041064084,0.024082123539370226,0.009103793801423121,0.040282672672173,-0.01675443114849373,3.3728813559322055,60,0.4578163771712158,-0.03660049627791562,0.35111662531017385,0.17539559066614308,-0.06068261981728584,0.16082900449288107,0.28242078650507274,0.024082123539370226,0.19028762081729278,0.30300337495662966,-0.01675443114849373,12.50847457627119,601607.SH,上海医药,-0.0671704404211022,4,subjective/semi-quantitative,neutral,0
2015-01-21,13.265746,3548.885,10,0.050000000000000044,-0.04117647058823537,-0.03470588235294114,0.022238252296143735,-0.056862930187932315,-0.04145442864448978,0.02776174770385631,0.015686459599696945,0.0067485462915486405,0.03135370883794608,0.0006170543985877242,1.214285714285713,20,0.06294117647058828,-0.05705882352941172,0.01588235294117646,0.022238252296143735,-0.07409369421663436,-0.019768462488922722,0.040702924174444544,0.017034870687222647,0.03565081543009918,0.06422625015987649,0.0006170543985877242,1.1030927835051563,60,0.6141176470588234,-0.05705882352941172,0.5405882352941178,0.3474778698098133,-0.07409369421663436,0.3358821150868512,0.2666397772490101,0.017034870687222647,0.20470612020726664,0.2917551480356648,0.0006170543985877242,10.762886597938152,601607.SH,上海医药,0.0741097509588946,4,subjective/semi-quantitative,neutral,0
2015-03-23,17.93216724,3972.061,10,0.11662315056570938,-0.068320278503046,0.10226283724978247,0.07260966032495464,-0.02222498597075928,0.0725021594582762,0.04401349024075474,-0.046095292532286725,0.029760677791506263,0.02774882784994892,-0.04460684034606588,1.7070063694267557,20,0.19408181026979987,-0.068320278503046,0.09878154917319426,0.17600610866751532,-0.02222498597075928,0.16291366119503192,0.018075701602284555,-0.046095292532286725,-0.06413211202183766,0.039463288085508585,-0.06273246921792586,2.8407643312101967,60,0.3968668407310705,-0.068320278503046,0.22628372497824212,0.35456781756372835,-0.02222498597075928,0.2937442300105664,0.04229902316734213,-0.046095292532286725,-0.06746050503232426,0.16231383471946526,-0.0719722628264301,5.8089171974522396,601607.SH,上海医药,-0.088222541328661,4,subjective/semi-quantitative,low_value,1
2015-05-25,23.9953935,5099.495,10,0.016260162601626105,-0.16422764227642273,-0.022113821138211365,0.05316487220793431,-0.08510136788054512,0.049859054671099745,-0.036904709606308206,-0.0791262743958776,-0.07197287580931111,-0.008597310477895803,-0.1012669933300463,0.09900990099009957,20,0.016260162601626105,-0.23581957511969953,-0.15989455226062443,0.05508996479063133,-0.12631917474181265,-0.06145785023811168,-0.038829802189005225,-0.10950040037788689,-0.09843670202251276,-0.008597310477895803,-0.10488255860164242,0.06895170849736548,60,0.016260162601626105,-0.4780565528129388,-0.30845780045240767,0.05508996479063133,-0.3062399316010703,-0.24984493562597865,-0.038829802189005225,-0.17181662121186847,-0.05861286482642902,-0.008597310477895803,-0.25095591795209005,0.03401305244316696,601607.SH,上海医药,-0.0325848434805694,4,subjective/semi-quantitative,low_value,1
2016-07-20,15.53099856,3237.605,10,0.10640495867768585,-0.0067148760330578705,0.052169421487603174,0.012016907559754708,-0.02497401628673057,-0.01362056211304341,0.09438805111793114,0.0182591402536727,0.06578998360064658,0.07779656882304775,-0.003096107203541587,15.846153846153785,20,0.10640495867768585,-0.0067148760330578705,0.023243801652892637,0.055931158989438234,-0.02497401628673057,0.04183431888695499,0.05047379968824761,0.0182591402536727,-0.018590517234062354,0.07779656882304775,-0.017844024617967635,15.846153846153785,60,0.10640495867768585,-0.013429752066115741,0.02892561983471076,0.055931158989438234,-0.02497401628673057,0.027840023721238394,0.05047379968824761,0.01154426422061483,0.0010855961134723646,0.07779656882304775,-0.027428173004362733,7.923076923076892,601607.SH,上海医药,0.057658986099188,4,subjective/semi-quantitative,high_value,0
2016-09-02,16.42948608,3314.114,10,0.0302734375,-0.03759765625,-0.02490234375000011,0.01304813292481799,-0.02497771651789893,-0.017111964162970894,0.01722530457518201,-0.012619939732101071,-0.007790379587029217,0.013308051288844158,-0.011153074548921449,0.8051948051948052,20,0.0302734375,-0.0673828125,-0.02880859375,0.01304813292481799,-0.03007530821208937,-0.0022802474507516157,0.01722530457518201,-0.03730750428791063,-0.026528346299248384,0.013308051288844158,-0.032789701673973326,0.4492753623188406,60,0.0302734375,-0.0673828125,-0.01855468750000011,0.08135055100699606,-0.03007530821208937,0.043764034671106566,-0.051077113506996064,-0.03730750428791063,-0.06231872217110668,0.013308051288844158,-0.07738747310641536,0.4492753623188406,601607.SH,上海医药,0.1471838100049426,4,subjective/semi-quantitative,low_value,1
2017-05-15,19.60628124,3399.194,10,0.0556464811783961,-0.015957446808510745,0.046235679214402525,0.034092493691151526,-0.007543552971674972,0.027562416266915024,0.021553987487244575,-0.008413893836835773,0.0186732629474875,0.0422527267881303,0.006628889252906278,3.487179487179466,20,0.11702127659574457,-0.015957446808510745,0.0830605564648117,0.060160143845864766,-0.007543552971674972,0.04004008008957416,0.056861132749879806,-0.008413893836835773,0.04302047637523754,0.048263650250844226,0.006227545715054683,7.333333333333278,60,0.19680851063829796,-0.015957446808510745,0.07809868384811547,0.11330833132795592,-0.007543552971674972,0.09762608430116071,0.08350017931034204,-0.008413893836835773,-0.01952740045304524,0.095431112098183,-0.06979931823701024,12.333333333333258,601607.SH,上海医药,0.0321798213780704,4,subjective/semi-quantitative,high_value,0
2023-08-15,18.38429012,3846.5357,10,0.007625826131164137,-0.06049822064056931,-0.01931875953228257,0.016901649970387567,-0.039387337546353596,-0.014670083524767508,-0.00927582383922343,-0.021110883094215716,-0.004648676007515062,0.005337344614867456,-0.02260825023649915,0.1260504201680662,20,0.007625826131164137,-0.11947127605490582,-0.08591764107778344,0.016901649970387567,-0.039387337546353596,-0.02233981605838209,-0.00927582383922343,-0.08008393850855222,-0.06357782501940135,0.005337344614867456,-0.09858388670072815,0.06382978723404202,60,0.007625826131164137,-0.14794102694458555,-0.08134214539908491,0.016901649970387567,-0.10292120777664959,-0.06220930173610506,-0.00927582383922343,-0.04501981916793596,-0.019132843662979848,0.005337344614867456,-0.09858388670072815,0.05154639175257687,601607.SH,上海医药,0.0042979048298773,2,subjective/semi-quantitative,low_value,1
2024-06-26,17.93566484,3480.2648,10,0.018759770713913326,-0.029181865554976594,-0.01875977071391355,0.0023142204581674264,-0.027427855489616793,-0.014739999094321665,0.0164455502557459,-0.0017540100653598012,-0.004019771619591883,0.017512309953521266,-0.01526489180209456,0.642857142857136,20,0.05637663889352629,-0.03230849400729563,0.03190870063113871,0.01869785885257924,-0.027427855489616793,-0.017843038840033132,0.037678780040947046,-0.004880638517678837,0.04975173947117184,0.05065558911521939,-0.01526489180209456,1.7449479038173612,60,0.06275957930980147,-0.04894187797501248,0.005845027264681946,0.01869785885257924,-0.09610590550466147,-0.08022811942355645,0.04406172045722223,0.04716402752964899,0.0860731466882384,0.1189657844832055,-0.01526489180209456,1.2823287929785547,601607.SH,上海医药,-0.0774944238441195,4,subjective/semi-quantitative,neutral,0
2024-07-30,18.6033705,3369.3821,10,0.014358974358974264,-0.0379487179487179,-0.002564102564102555,0.023432783120679757,-0.01756737533567354,-0.010385227605975489,-0.009073808761705493,-0.020381342613044362,0.007821125041872934,0.007903201589192665,-0.026141480599401468,0.37837837837837635,20,0.024615384615384484,-0.04974358974358983,-0.009230769230769154,0.023432783120679757,-0.02119409371825165,-0.01900891561096618,0.001182601494704727,-0.028549496025338184,0.009778146380197028,0.022930372350997485,-0.026141480599401468,0.49484536082473873,60,0.19491899599591367,-0.08307692307692316,-0.0033757511844426658,0.320826005456609,-0.06635973402957163,0.1548228976464261,-0.12590700946069533,-0.016717189047351533,-0.15819864883086876,0.04443309910234605,-0.13698953246708545,2.3462471740248843,601607.SH,上海医药,0.0029601023961126,4,subjective/semi-quantitative,low_value,1
2013-05-03,2.48747691,2492.912,10,0.04424778761061954,-0.002949852507374562,0.038348082595870414,0.042437919990757855,-0.005230830450493218,0.03976714781749213,0.0018098676198616825,0.002280977943118656,-0.0014190652216217181,0.012193241402780775,-0.0014474005345811447,15.000000000000377,20,0.08849557522123908,-0.002949852507374562,0.06489675516224191,0.06751822767911575,-0.005230830450493218,0.04553469998138726,0.020977347542123326,0.002280977943118656,0.019362055180854654,0.021288150392063,-0.0014474005345811447,30.000000000000753,60,0.08849557522123908,-0.23303834808259583,-0.1488441595222687,0.06751822767911575,-0.18843063854640674,-0.1202974673795143,0.020977347542123326,-0.04460770953618909,-0.028546692142754404,0.021288150392063,-0.07570772685508442,0.3797468354430386,601669.SH,中国电建,-0.2435892524388099,2,subjective/semi-quantitative,neutral,0
2020-09-18,3.52957878,4737.0887,10,0.007444168734491274,-0.0694789081885856,-0.01488833746898266,0.018192165158317453,-0.03849807583294784,0.01816919746510126,-0.010747996423826178,-0.030980832355637755,-0.03305753493408392,0.004721691234693459,-0.03398992578783255,0.10714285714285657,20,0.03473945409429269,-0.0694789081885856,0.00992555831265518,0.023752204597730975,-0.03849807583294784,-0.009679531649892992,0.010987249496561713,-0.030980832355637755,0.019605089962548172,0.023871438872154593,-0.045391362191852136,0.4999999999999984,60,0.08684863523573205,-0.0694789081885856,-0.00992555831265507,0.07462805161321961,-0.03849807583294784,0.06538845261647719,0.012220583622512438,-0.030980832355637755,-0.07531401092913226,0.023871438872154593,-0.07462437710706216,1.2500000000000009,601669.SH,中国电建,0.0717103320107822,2,subjective/semi-quantitative,low_value,1
2023-08-17,46.2319689,3831.1008,10,0.17561683599419453,-0.04789550072568938,0.13076923076923075,0.020998586098282646,-0.0355171808583058,-0.01718383395185008,0.15461824989591189,-0.01237831986738358,0.14795306472108083,0.15140709514910067,-0.020630437271726643,3.6666666666666696,20,0.17561683599419453,-0.04789550072568938,0.044412191582002825,0.020998586098282646,-0.0355171808583058,-0.025473905567820143,0.15461824989591189,-0.01237831986738358,0.06988609714982297,0.15140709514910067,-0.020630437271726643,3.6666666666666696,60,0.17561683599419453,-0.1322206095791001,0.05791001451378808,0.020998586098282646,-0.09930701901657102,-0.06865710763861921,0.15461824989591189,-0.03291359056252907,0.12656712215240729,0.15140709514910067,-0.033803985696494565,1.328210757409441,601689.SH,拓普集团,0.0046712066957007,2,subjective/semi-quantitative,high_value,0
2017-01-23,4.21220139,3364.081,10,0.054360135900339834,-0.01245753114382775,0.04303510758776907,0.02243168342260482,-0.004949643008001381,0.02146024426879145,0.031928452477735014,-0.007507888135826368,0.021574863318977622,0.02459013143970812,-0.004997118908411702,4.363636363636409,20,0.054360135900339834,-0.01245753114382775,0.0,0.03831090868501685,-0.004949643008001381,0.02441736688266416,0.01604922721532298,-0.007507888135826368,-0.02441736688266416,0.02459013143970812,-0.023835369910768955,4.363636363636409,60,0.20611551528878835,-0.033975084937712285,0.07587768969422437,0.04837398386067404,-0.004949643008001381,0.02410821855954115,0.1577415314281143,-0.029025441929710905,0.05176947113468322,0.1297365503394916,-0.05028791257555276,6.066666666666681,601668.SH,中国建筑,0.0291848083068005,2,subjective/semi-quantitative,low_value,1
2017-09-06,4.8289329,3849.449,10,0.016161616161616266,-0.024242424242424288,-0.01717171717171717,0.003353466950724693,-0.0092132666259509,-0.001822078952078643,0.012808149210891573,-0.015029157616473388,-0.015349638219638528,0.0036646225006686795,-0.022504772999775713,0.6666666666666697,20,0.016161616161616266,-0.06464646464646451,-0.03838383838383841,0.018025956442077717,-0.01066828005774334,0.013829771481580933,-0.0018643402804614517,-0.05397818458872117,-0.05221360986541934,0.0036646225006686795,-0.05946267289918716,0.25000000000000216,60,0.019191919191919204,-0.06868686868686869,-0.025252525252525193,0.10681788484533761,-0.01066828005774334,0.0432196919611092,-0.0876259656534184,-0.058018588629125345,-0.06847221721363439,0.0036646225006686795,-0.12193093135017286,0.2794117647058825,601668.SH,中国建筑,-0.1299910914774483,2,subjective/semi-quantitative,low_value,1
2017-10-09,4.61431366,3882.207,10,0.010570824524313016,-0.025369978858350906,-0.022198731501057112,0.01679869208416762,-0.00688809226298337,0.012516334136742246,-0.006227867559854605,-0.018481886595367536,-0.03471506563779936,0.0010618013794692072,-0.034285931463413855,0.4166666666666721,20,0.052854122621564636,-0.025369978858350906,0.022198731501057,0.038929402785580436,-0.00688809226298337,0.03572246405201995,0.0139247198359842,-0.018481886595367536,-0.013523732550962952,0.017448647040170906,-0.034285931463413855,2.0833333333333433,60,0.06659619450317145,-0.061310782241014716,-0.026427061310782207,0.09747857339910015,-0.00688809226298337,0.05285498686700629,-0.030882378895928708,-0.05442268997803135,-0.0792820481777885,0.017448647040170906,-0.08711053570497274,1.0862068965517289,601668.SH,中国建筑,0.0427676817507496,2,subjective/semi-quantitative,low_value,1
2021-05-25,3.7269533,5318.478,10,0.00201207243460777,-0.024144869215291687,-0.022132796780684028,0.011281122155624157,-0.022062251644173414,-0.01623801019765425,-0.009269049721016387,-0.0020826175711182726,-0.005894786583029776,-0.0003974557195480788,-0.01851254156429616,0.0833333333333387,20,0.00201207243460777,-0.0382293762575453,-0.03219315895372232,0.011281122155624157,-0.04886888692592117,-0.03216788712861085,-0.009269049721016387,0.010639510668375873,-2.5271825111472523e-05,0.027886406252434215,-0.01851254156429616,0.05263157894737163,60,0.013336544893116864,-0.07916720609297678,0.0007223970313769978,0.011281122155624157,-0.12307601911674737,-0.07976710630372075,0.002055422737492707,0.04390881302377059,0.08048950333509775,0.08746644885926358,-0.01851254156429616,0.16846047184555119,601668.SH,中国建筑,0.0371177586119487,2,subjective/semi-quantitative,low_value,1
2021-11-01,3.73748103,4890.6851,10,0.027253668763102645,-0.052410901467505266,-0.002096436058700135,0.004200127299138545,-0.02794888593420164,-0.0016986168256876155,0.0230535414639641,-0.024462015533303627,-0.00039781923301251965,0.02139675880062164,-0.03324282417446167,0.5199999999999982,20,0.027253668763102645,-0.052410901467505266,-0.027253668763102756,0.00916096601680616,-0.02794888593420164,-0.008027934573010986,0.018092702746296485,-0.024462015533303627,-0.01922573419009177,0.02139675880062164,-0.03324282417446167,0.5199999999999982,60,0.1572327044025157,-0.052410901467505266,0.11111111111111116,0.051762870604775024,-0.043437247677222124,-0.0433955561767817,0.10546983379774066,-0.008973653790283143,0.15450666728789286,0.16151573232336558,-0.03324282417446167,2.999999999999998,601668.SH,中国建筑,-0.0123415303369264,2,subjective/semi-quantitative,low_value,1
2026-08-13,19.56,4663.9513,4,0.005112474437627856,-0.04141104294478526,-0.033742331288343586,0.017164437373091923,-0.020558833879761984,-0.01613563160490117,-0.012051962935464067,-0.020852209065023275,-0.017606699683442417,-0.009101231308526359,-0.03629978836619285,0.12345679012345792,4,0.005112474437627856,-0.04141104294478526,-0.033742331288343586,0.017164437373091923,-0.020558833879761984,-0.01613563160490117,-0.012051962935464067,-0.020852209065023275,-0.017606699683442417,-0.009101231308526359,-0.03629978836619285,0.12345679012345792,4,0.005112474437627856,-0.04141104294478526,-0.033742331288343586,0.017164437373091923,-0.020558833879761984,-0.01613563160490117,-0.012051962935464067,-0.020852209065023275,-0.017606699683442417,-0.009101231308526359,-0.03629978836619285,0.12345679012345792,601688.SH,华泰证券,0.0530378533848241,2,subjective/semi-quantitative,watching,0
2023-01-11,3.817647,4010.0309,10,0.18850574712643664,-0.020689655172413723,0.1563218390804597,0.06436890548648888,-0.0016266707570757877,0.0463593185778195,0.12413684163994776,-0.019062984415337936,0.10996252050264022,0.10882573840756105,-0.04188867869408319,9.111111111111136,20,0.271264367816092,-0.020689655172413723,0.21149425287356327,0.06436890548648888,-0.0016266707570757877,0.028343522240688923,0.2068954623296031,-0.019062984415337936,0.18315073063287435,0.17810267354414955,-0.04188867869408319,13.111111111111157,60,0.7264367816091954,-0.020689655172413723,0.5632183908045978,0.06436890548648888,-0.01870678851876184,0.014700061288804411,0.6620678761227066,-0.0019828666536518824,0.5485183295157934,0.6882267560205788,-0.04188867869408319,35.111111111111235,601728.SH,中国电信,-0.1190568692182912,4,subjective/semi-quantitative,high_value,0
2023-02-13,4.4583096,4143.574,10,0.2165354330708662,-0.013779527559054983,0.08267716535433078,0.0058708496578077085,-0.026702913957853736,-0.02406849738896899,0.2106645834130585,0.012923386398798753,0.10674566274329977,0.2104021880165654,-0.0023817009801351263,15.714285714285873,20,0.43110236220472453,-0.013779527559054983,0.42913385826771666,0.0058708496578077085,-0.04366554090743868,-0.032553539528918596,0.4252315125469168,0.0298860133483837,0.46168739779663526,0.4772226853482151,-0.0023817009801351263,31.2857142857146,60,0.4783464566929134,-0.013779527559054983,0.2578740157480315,0.006297413778540095,-0.0526448906185818,-0.04967011570204838,0.47204904291437333,0.038865363059526814,0.30754413145007986,0.49376989915364966,-0.0023817009801351263,34.714285714286056,601728.SH,中国电信,0.0640786871991736,3,subjective/semi-quantitative,high_value,0
2023-03-09,5.967816,4019.8505,10,0.10441176470588243,-0.055882352941176494,0.013235294117647012,0.004785998882296694,-0.02110386941006892,0.004785998882296694,0.09962576582358573,-0.034778483531107574,0.008449295235350318,0.08261316956826903,-0.020014386880330637,1.8684210526315794,20,0.10441176470588243,-0.11323529411764699,0.026470588235294024,0.02772792172246219,-0.02110386941006892,0.025729663329519425,0.07668384298342024,-0.09213142470757807,0.0007409249057745981,0.08261316956826903,-0.11001698699398255,0.9220779220779233,60,0.10441176470588243,-0.18970588235294128,-0.09999999999999998,0.03726937108730799,-0.059641123469641455,-0.05734260515409706,0.06714239361857444,-0.13006475888329982,-0.04265739484590292,0.08261316956826903,-0.13891681310485637,0.5503875968992249,601728.SH,中国电信,0.1763651161052901,4,subjective/semi-quantitative,low_value,1
2023-04-12,6.1608924,4097.2876,10,0.0185185185185186,-0.10541310541310533,-0.07549857549857542,0.0176653940523972,-0.04194277209146835,-0.03369431523430266,0.0008531244661214021,-0.06347033332163698,-0.04180426026427275,-0.007141907573811945,-0.04326194176784659,0.17567567567567657,20,0.0185185185185186,-0.14245014245014231,-0.11111111111111105,0.0176653940523972,-0.042529574931474134,-0.024015985599839196,0.0008531244661214021,-0.09992056751866818,-0.08709512551127185,-0.007141907573811945,-0.08923827053130629,0.1300000000000007,60,0.0185185185185186,-0.21509971509971515,-0.21056248929132404,0.0176653940523972,-0.07798144313813837,-0.061955792412521804,0.0008531244661214021,-0.13711827196157678,-0.14860669687880224,0.000261243533168809,-0.1584218480075672,0.08609271523178844,601728.SH,中国电信,0.4594184928699749,4,subjective/semi-quantitative,low_value,1
2024-05-10,5.45478152,3666.2771,10,0.0016694490818029983,-0.03005008347245408,-0.008347245409014992,0.01002422866509467,-0.01816810300563465,-0.01767506880481018,-0.008354779583291672,-0.01188198046681943,0.009327823395795187,0.009495659836757042,-0.019954282249331934,0.05555555555555535,20,0.011686143572620988,-0.03005008347245408,-0.0033388981636058856,0.01002422866509467,-0.031146527358774767,-0.025137979887008388,0.0016619149075263184,0.001096443886320686,0.021799081723402502,0.022361197044968417,-0.019954282249331934,0.38888888888888745,60,0.09031588308233474,-0.045337726010335366,0.012315057854049627,0.01002422866509467,-0.08808843172274128,-0.08808843172274128,0.08029165441724007,0.04275070571240591,0.1004034895767909,0.1640012261517121,-0.019954282249331934,1.99206910072521,601728.SH,中国电信,0.1190726811001472,2,subjective/semi-quantitative,low_value,1
2024-06-19,5.34621678,3528.749,10,0.07439446366782021,-0.01384083044982698,0.07093425605536341,0.0014842370483136857,-0.024967091737043257,-0.018515031814390848,0.07291022661950652,0.011126261287216277,0.08944928786975426,0.09113668652013263,0.0037841935028377627,5.375000000000014,20,0.10034602076124588,-0.01384083044982698,0.0726643598615917,0.0014842370483136857,-0.04079077316068669,-0.007698308947448496,0.0988617837129322,0.02694994271085971,0.0803626688090402,0.11809126634127609,0.0037841935028377627,7.25000000000002,60,0.11245674740484435,-0.01730103806228367,0.07627127495567065,0.00470118447075718,-0.10115647216619816,-0.09709364423482658,0.10775556293408717,0.0838554341039145,0.17336491919049724,0.19200764075204457,0.0037841935028377627,6.500000000000029,601728.SH,中国电信,-0.0113856727794815,2,subjective/semi-quantitative,high_value,0
2025-01-08,6.80966836,3789.2153,10,0.0013966480446927498,-0.07402234636871508,-0.05586592178770944,0.018328966422150872,-0.022460587024442646,0.002058816768738314,-0.016932318377458122,-0.05156175934427243,-0.05792473855644775,-0.010130434989776838,-0.07622279949216026,0.018867924528302056,20,0.12709497206703912,-0.07402234636871508,0.08379888268156432,0.03958141412550509,-0.022460587024442646,0.03059327349385499,0.08751355794153404,-0.05156175934427243,0.053205609187709335,0.06303692669226346,-0.07622279949216026,1.7169811320754722,60,0.20251396648044695,-0.07402234636871508,0.10754189944134085,0.06230411346644793,-0.07260046690933597,-0.010212826914321682,0.14020985301399902,-0.001421879459379105,0.11775472635566253,0.1915846854871739,-0.07622279949216026,2.735849056603774,601728.SH,中国电信,0.0516512903067141,4,subjective/semi-quantitative,high_value,0
2025-03-03,7.53248232,3888.4738,10,0.06186868686868685,-0.023989898989899006,-0.01388888888888884,0.034268972057880376,-0.008421916074116353,0.02785509317305923,0.027599714810806475,-0.015567982915782652,-0.04174398206194807,0.0250658222231539,-0.041726550734734746,2.57894736842105,20,0.06186868686868685,-0.05555555555555547,-0.008838383838383757,0.03518737865740529,-0.008421916074116353,-0.0003004263523648243,0.026681308211281562,-0.047133639481439116,-0.008537957486018932,0.0250658222231539,-0.07240650277517013,1.113636363636365,60,0.06186868686868685,-0.05555555555555547,0.013888888888889062,0.03518737865740529,-0.09627358168132705,-0.012406281353882331,0.026681308211281562,0.04071802612577158,0.026295170242771393,0.1054590221492091,-0.07240650277517013,1.113636363636365,601728.SH,中国电信,0.0178340117652312,3,subjective/semi-quantitative,neutral,0
2025-05-20,7.47541806,3898.1705,10,0.027989821882951738,-0.0050890585241730735,0.003816793893129722,0.008563222157676131,-0.017679139483509076,-0.007549079754207821,0.019426599725275606,0.012590080959336003,0.011365873647337543,0.0370419715754553,0.0010586511557859613,5.499999999999967,20,0.027989821882951738,-0.023194722838016046,0.0051184736014617815,0.008563222157676131,-0.017679139483509076,-0.005951432858054884,0.019426599725275606,-0.00551558335450697,0.011069906459516665,0.0370419715754553,-0.017829322602490816,1.206732327798138,60,0.027989821882951738,-0.06437755402271106,-0.051507919277493874,0.07402895794321962,-0.018236144365671114,0.07141993917403044,-0.04603913606026788,-0.046141409657039945,-0.12292785845152432,0.0370419715754553,-0.1147335922703574,0.4347761002705619,601728.SH,中国电信,-0.0129873712528309,2,subjective/semi-quantitative,low_value,1
2025-12-19,6.6814188,4568.1781,10,0.004424778761061843,-0.08259587020648962,-0.06342182890855463,0.04870994412411367,0.0042665149154321735,0.04870994412411367,-0.044285165363051826,-0.08686238512192179,-0.1121317730326683,-0.02987528391182248,-0.1069235336814901,0.05357142857142735,20,0.004424778761061843,-0.12684365781710916,-0.1224188790560472,0.0588367603268356,0.0042665149154321735,0.03298910346774786,-0.05441198156577376,-0.13111017273254133,-0.15540798252379506,-0.02987528391182248,-0.15466328761042614,0.03488372093023173,60,0.004424778761061843,-0.1710914454277287,-0.14011799410029502,0.0588367603268356,-0.03806414640444966,-0.006723139800525635,-0.05441198156577376,-0.13302729902327903,-0.13339485429976938,-0.02987528391182248,-0.19036802298302014,0.02586206896551662,601728.SH,中国电信,0.0003785080962977,2,subjective/semi-quantitative,low_value,1
2021-11-04,5.15142838,4868.7419,10,0.009966777408637828,-0.019933554817275656,-0.006644518272425182,0.009577381787274408,-0.023567895435163688,-0.006392493305098057,0.00038939562136341976,0.003634340617888032,-0.00025202496732712465,0.010913961522726723,-0.011058924666555447,0.5,20,0.028239202657807327,-0.019933554817275656,0.021594684385382257,0.013709208943690543,-0.023567895435163688,-0.002583603784788946,0.014529993714116785,0.003634340617888032,0.024178288170171203,0.024240917095325498,-0.011058924666555447,1.416666666666674,60,0.04485049833887067,-0.03488372093023251,-0.03322259136212613,0.05650311839286459,-0.06344735587647399,-0.06263833784247219,-0.011652620053993923,0.02856363494624148,0.02941574648034606,0.04483539899258426,-0.021420084462103306,1.2857142857142942,601766.SH,中国中车,0.0265185477321492,2,subjective/semi-quantitative,low_value,1
2024-06-18,6.46509787,3545.5902,10,0.09618104667609617,-0.00990099009900991,0.08486562942008469,-0.0006290349065157796,-0.02959840085298071,-0.020815857399425375,0.09681008158261195,0.0196974107539708,0.10568148681951006,0.10792810281714216,0.00761492476029213,9.714285714285705,20,0.11598302687411599,-0.00990099009900991,0.08486562942008469,-0.0006290349065157796,-0.04534692136728047,-0.01334263051607032,0.11661206178063177,0.03544593126827056,0.098208259936155,0.13863771499527355,0.00761492476029213,11.714285714285705,60,0.180758677362451,-0.03564112943583331,-0.021117652469505477,-7.10459996194901e-05,-0.10542588932020402,-0.09866763508089571,0.18082972336207048,0.06978475988437072,0.07754998261139023,0.2520739873417446,0.00761492476029213,5.071631573513427,601766.SH,中国中车,0.0266178237644889,2,subjective/semi-quantitative,high_value,0
2020-04-29,5.76853685,3867.032,10,0.045669291338582774,-0.023622047244094557,-0.018897637795275757,0.03389297011247905,-0.00027010379019365427,0.014450281249288821,0.011776321226103725,-0.023351943453900903,-0.03334791904456458,0.01170635370426032,-0.03287289644544911,1.9333333333333318,20,0.045669291338582774,-0.047244094488189003,-0.006299212598425141,0.03389297011247905,-0.01728778039592127,0.026973710070151924,0.011776321226103725,-0.029956314092267733,-0.033272922668577065,0.01170635370426032,-0.041511978384799586,0.9666666666666681,60,0.10866141732283463,-0.047244094488189003,-0.017322834645669305,0.2614525300023376,-0.01728778039592127,0.2099739541850183,-0.15279111267950296,-0.029956314092267733,-0.2272967888306876,0.01170635370426032,-0.19490588913048523,2.2999999999999985,601816.SH,京沪高铁,1.1275804915614724,2,subjective/semi-quantitative,low_value,1
2015-03-12,20.1033261,3592.844,10,0.24861878453038666,0.016999575010624657,0.14492137696557594,0.11109666882280433,0.0005282723101811548,0.0994073218876188,0.13752211570758233,0.016471302700443502,0.04551405507795714,0.11364032542877722,0.03143078534024424,,20,0.5724606884827879,0.016999575010624657,0.47726306842328947,0.21120955989182932,0.0005282723101811548,0.2091858149143131,0.36125112859095854,0.016471302700443502,0.2680772535089764,0.2284469641850695,0.03143078534024424,,60,0.6285592860178493,0.016999575010624657,0.5524388155848499,0.4948071778234737,0.0005282723101811548,0.4901150731843631,0.13375210819437555,0.016471302700443502,0.06232374240048677,0.2284469641850695,-0.053182359091404785,,601788.SH,光大证券,0.0334468379074606,2,subjective/semi-quantitative,low_value,1
2016-09-29,14.40666992,3244.387,10,0.027143738433065945,-0.006785934608266486,0.01912399753238736,0.027164761787049407,-0.0016493100237425784,0.022875507761558556,-2.1023353983462556e-05,-0.005136624584523908,-0.0037515102291711955,0.002598981285075519,-0.007775183223285409,4.0,20,0.08574953732264023,-0.006785934608266486,0.07032695866748906,0.04267031029282253,-0.0016493100237425784,0.037202097037128956,0.0430792270298177,-0.005136624584523908,0.0331248616303601,0.03193674764540533,-0.007775183223285409,12.63636363636365,60,0.14003701418877212,-0.03084515731030224,-0.019740900678593576,0.10459048196161547,-0.0016493100237425784,0.01645241458555957,0.03544653222715666,-0.029195847286559662,-0.03619331526415315,0.04967603319357039,-0.04246690318164581,4.539999999999998,601788.SH,光大证券,0.034412490079454,2,subjective/semi-quantitative,neutral,0
2025-08-22,20.64900288,4377.9977,10,0.041867179980750624,-0.09047160731472581,-0.07122232916265647,0.03903519638669506,-0.011532874948746552,0.018804760907023654,0.002831983594055565,-0.07893873236597926,-0.09002709006968013,-0.027482746224842258,-0.0962949893512145,0.4627659574468069,20,0.041867179980750624,-0.11886429258902798,-0.1154956689124158,0.044731727474411453,-0.011532874948746552,0.028305588191606335,-0.0028645474936608295,-0.10733141764028142,-0.14380125710402214,-0.027482746224842258,-0.13984292097149176,0.3522267206477723,60,0.041867179980750624,-0.16939364773820986,-0.16025024061597692,0.08767391540657954,-0.011532874948746552,0.016000488077003938,-0.045806735425828915,-0.1578607727894633,-0.17625072869298086,-0.027482746224842258,-0.1791458201230235,0.24715909090909027,601788.SH,光大证券,0.222521342170293,4,subjective/semi-quantitative,low_value,1
2020-10-09,6.38663072,4681.1412,10,0.0332446808510638,-0.009308510638297851,0.017287234042553168,0.03598776298394912,0.00491636526580308,0.007978161393636052,-0.0027430821328853217,-0.014224875904100931,0.009309072648917116,0.009235391207331745,-0.023433142506951943,3.5714285714285765,20,0.03590425531914887,-0.022606382978723416,0.005319148936170137,0.04624690663037456,-0.008937841909148037,0.043702292082110406,-0.010342651311225692,-0.01366854106957538,-0.03838314314594027,0.009235391207331745,-0.0404792533492252,1.5882352941176432,60,0.07579787234042556,-0.05319148936170215,-0.042553191489361764,0.12887735580375148,-0.008937841909148037,0.12530638896344337,-0.053079483463325916,-0.04425364745255411,-0.16785958045280513,0.009235391207331745,-0.14916789071767922,1.425,601800.SH,中国交建,0.0013991521935269,2,subjective/semi-quantitative,low_value,1
2025-09-29,8.49595743,4620.0528,10,0.04009163802978244,-0.0068728522336770626,0.020618556701030855,0.02300668511840387,-0.02796216960983655,-0.0026366148889034324,0.01708495291137857,0.02108931737615949,0.023255171589934287,0.03649714844682417,-0.0033073813857712464,5.833333333333272,20,0.04009163802978244,-0.0068728522336770626,-0.001145475372279603,0.030688199061274624,-0.02796216960983655,-0.00029302695415101,0.009403438968507816,0.02108931737615949,-0.000852448418128593,0.03649714844682417,-0.010194672085161782,5.833333333333272,60,0.04009163802978244,-0.05841924398625442,-0.05154639175257736,0.030688199061274624,-0.04290870874895647,0.006759446558705751,0.009403438968507816,-0.015510535237297951,-0.05830583831128311,0.03649714844682417,-0.05791436922750859,0.6862745098039215,601800.SH,中国交建,0.0027534929800866,2,subjective/semi-quantitative,low_value,1
2021-11-01,5.1900408,4890.6851,10,0.0014184397163119478,-0.02269503546099294,-0.004255319148936287,0.004200127299138545,-0.02794888593420164,-0.0016986168256876155,-0.0027816875828265974,0.005253850473208699,-0.002556702323248672,2.5134889727551624e-05,-0.011166203294525112,0.06249999999999511,20,0.0028368794326241176,-0.02269503546099294,-0.005673758865248235,0.00916096601680616,-0.02794888593420164,-0.008027934573010986,-0.006324086584182043,0.005253850473208699,0.002354175707762751,0.002373227825472446,-0.012893242571479946,0.125,60,0.052678372008173824,-0.02269503546099294,-0.015046390386757702,0.051762870604775024,-0.043437247677222124,-0.0433955561767817,0.0009155014033987996,0.020742212216229183,0.028349165790024,0.03897595369334983,-0.03546508284818162,2.3211407666101556,601825.SH,沪农商行,0.2265280908671532,2,subjective/semi-quantitative,low_value,1
2025-09-22,8.15471034,4522.608,10,0.028639266174106615,-0.03961735567912272,0.027441781580190394,0.04504854278770121,-0.013903460127430822,0.003638696964229471,-0.016409276613594592,-0.0257138955516919,0.023803084615960923,0.02371678641722319,-0.06622601714796217,0.7228969648067333,20,0.06576128858551233,-0.03961735567912272,0.04181159670718615,0.04681232598536056,-0.013903460127430822,0.03744852527568154,0.018948962600151775,-0.0257138955516919,0.004363071431504606,0.06293935687874797,-0.06622601714796217,1.6599111035612797,60,0.15557263312923508,-0.03961735567912272,0.09929085721516873,0.05289556379858684,-0.022287074183745426,0.021696795300410576,0.10267706933064824,-0.017330281495377298,0.07759406191475815,0.13444203995894188,-0.06622601714796217,3.9268807940964536,601825.SH,沪农商行,0.0050501418062905,2,subjective/semi-quantitative,low_value,1
2023-05-08,11.39306088,4062.6624,10,0.01487252124645888,-0.06657223796033995,-0.052407932011331426,0.007430521423586578,-0.034369259921769535,-0.022973776999043904,0.007441999822872303,-0.03220297803857042,-0.029434155012287522,-0.014222055906151776,-0.031539428659988156,0.22340425531914826,20,0.01487252124645888,-0.14447592067988668,-0.1041076487252125,0.007430521423586578,-0.06923021711082855,-0.05376110011011492,0.007441999822872303,-0.07524570356905813,-0.050346548615097575,-0.014222055906151776,-0.07542690238427163,0.10294117647058794,60,0.09014119478662863,-0.14518413597733715,0.036835392562213576,0.007430521423586578,-0.0701232767950396,-0.022834139504183337,0.08271067336304205,-0.07506085918229755,0.05966953206639691,0.07431278138419684,-0.09816757994305791,0.6208749611644858,601838.SH,成都银行,0.0391691578637446,2,subjective/semi-quantitative,low_value,1
2025-08-27,17.16648516,4386.1266,10,0.041574279379157364,-0.011086474501108667,0.025498891352550013,0.03710953076457035,-0.013364821708520602,0.013505834510112003,0.004464748614587011,0.002278347207411935,0.01199305684243801,0.017746690292041123,-0.021814645818645118,3.7499999999999876,20,0.041574279379157364,-0.055432372505543115,-0.033813747228381374,0.04279550435229118,-0.013364821708520602,0.04102576519337142,-0.0012212249731338165,-0.04206755079702251,-0.0748395124217528,0.017746690292041123,-0.07802359372234535,0.7500000000000006,60,0.043791574279379075,-0.07982261640798227,-0.057095343680709565,0.08565810663103068,-0.013364821708520602,0.029473864251889248,-0.04186653235165161,-0.06645779469946167,-0.08656920793259881,0.017746690292041123,-0.12965888658750724,0.54861111111111,601838.SH,成都银行,-0.0056642170368513,2,subjective/semi-quantitative,low_value,1
2015-03-09,2.2662791,3537.75,10,0.1829268292682924,-0.02682926829268295,0.15853658536585358,0.12283117800862131,-0.00728287753515644,0.1227647516076602,0.06009565125967109,-0.01954639075752651,0.03577183375819337,0.0858582968021302,-0.017189893126297817,6.8181818181818015,20,0.24390243902439002,-0.02682926829268295,0.2317073170731705,0.20428831884672438,-0.00728287753515644,0.20416762066285066,0.039614120177665635,-0.01954639075752651,0.027539696410319836,0.0858582968021302,-0.017189893126297817,9.090909090909074,60,0.448780487804878,-0.02682926829268295,0.4100900723128056,0.4774486608720232,-0.00728287753515644,0.45391562433750265,-0.028668173067145197,-0.01954639075752651,-0.04382555202469707,0.0858582968021302,-0.08574855212179389,16.727272727272712,601818.SH,光大银行,0.0886576440719363,2,subjective/semi-quantitative,neutral,0
2019-08-14,2.55365273,3682.401,10,0.0026385224274405594,-0.03693931398416883,-0.02638522427440626,0.04503420458554097,-0.01908836109918499,0.032637129959502076,-0.04239568215810041,-0.01785095288498384,-0.059022354233908336,-0.0031399566865187856,-0.0657953340967602,0.0714285714285695,20,0.06068601583113464,-0.03693931398416883,0.04221635883905028,0.08223927812315934,-0.01908836109918499,0.06726535214388663,-0.0215532622920247,-0.01785095288498384,-0.025048993304836342,-0.0031399566865187856,-0.0657953340967602,1.6428571428571466,60,0.25065963060686025,-0.03693931398416883,0.1345646437994723,0.09456791913754103,-0.01908836109918499,0.06068214732724653,0.15609171146931922,-0.01785095288498384,0.07388249647222578,0.1403844377991268,-0.0657953340967602,6.7857142857142945,601818.SH,光大银行,0.0205507555294024,2,subjective/semi-quantitative,low_value,1
2020-09-30,2.60398665,4587.3953,10,0.1643835616438356,0.00273972602739736,0.12876712328767126,0.05715873232027757,0.014755606520327591,0.041546277906331586,0.10722482932355804,-0.012015880492930231,0.08722084538133967,0.08562981490577104,-0.01734143240512165,,20,0.1643835616438356,0.00273972602739736,0.1095890410958904,0.06489881087858285,0.011315048432822161,0.06489881087858285,0.09948475076525276,-0.008575322405424801,0.04469023021730756,0.10806124982488852,-0.01734143240512165,,60,0.2904109589041095,0.00273972602739736,0.09315068493150691,0.13694535982107325,0.011315048432822161,0.13600162166098917,0.15346559908303625,-0.008575322405424801,-0.04285093672948226,0.13685295723546909,-0.03772084116114938,,601818.SH,光大银行,0.0651685007540122,2,subjective/semi-quantitative,low_value,1
2025-03-14,3.59389932,4006.5567,10,0.0181347150259068,-0.015544041450777146,-0.01036269430051806,0.004677907091642952,-0.025684074307496974,-0.022810235032989845,0.013456807934263848,0.010140032856719827,0.012447540732471785,0.01888505265029594,-0.00029098818184258857,1.166666666666675,20,0.0181347150259068,-0.09067357512953367,-0.041450777202072464,0.004677907091642952,-0.12290858132620464,-0.061752402006441165,0.013456807934263848,0.03223500619667097,0.0203016248043687,0.04059541826810187,-0.0014619415295027416,0.20000000000000073,60,0.06476683937823835,-0.09067357512953367,0.041450777202072686,0.004677907091642952,-0.12290858132620464,-0.03553537629955417,0.0600889322865954,0.03223500619667097,0.07698615350162685,0.0907173900834286,-0.0014619415295027416,0.7142857142857144,601818.SH,光大银行,-0.0135510290035295,4,subjective/semi-quantitative,low_value,1
2025-08-25,3.795868,4469.2217,10,0.0,-0.09250000000000003,-0.08500000000000008,0.017826817586605648,-0.03170907811532375,-0.0003688337949312448,-0.017826817586605648,-0.060790921884676274,-0.08463116620506883,-0.006302177799642705,-0.08466239255660346,0.0,20,0.0,-0.14250000000000007,-0.13750000000000007,0.023407073316590976,-0.03170907811532375,0.011945323723815404,-0.023407073316590976,-0.11079092188467632,-0.14944532372381547,-0.006302177799642705,-0.1476812236988041,0.0,60,0.0,-0.17999999999999994,-0.08750000000000002,0.06547274215553012,-0.03170907811532375,0.004739751442628171,-0.06547274215553012,-0.14829092188467619,-0.09223975144262819,-0.006302177799642705,-0.20285368369599888,0.0,601818.SH,光大银行,-0.0212029739189196,2,subjective/semi-quantitative,low_value,1
2024-06-18,2.0767737,3545.5902,10,0.009345794392523255,-0.032710280373831724,0.0,-0.0006290349065157796,-0.02959840085298071,-0.020815857399425375,0.009974829299039034,-0.003111879520851013,0.020815857399425375,0.024143550166204175,-0.002111173507405306,0.2857142857142828,20,0.009345794392523255,-0.032710280373831724,0.004672897196261738,-0.0006290349065157796,-0.04534692136728047,-0.01334263051607032,0.009974829299039034,0.012636640993448744,0.018015527712332058,0.024143550166204175,-0.002111173507405306,0.2857142857142828,60,0.07514630024446078,-0.03852555528799306,-0.02905290066028854,-7.10459996194901e-05,-0.10542588932020402,-0.09866763508089571,0.07521734624408027,0.06690033403221096,0.06961473442060717,0.1306089685573213,-0.002111173507405306,1.9505572257872426,601868.SH,中国能建,0.1244513430084219,2,subjective/semi-quantitative,low_value,1
2013-05-06,3.49081725,2525.983,10,0.03149606299212593,-0.013123359580052618,0.02887139107611536,0.040235029293546276,-0.018254675506525708,0.033105527630233444,-0.008738966301420348,0.00513131592647309,-0.004234136554118084,0.02611451738003301,-0.009220109753279582,2.399999999999973,20,0.04724409448818889,-0.013123359580052618,0.015748031496062964,0.05354192803356139,-0.018254675506525708,0.030340663416974722,-0.0062978335453725,0.00513131592647309,-0.014592631920911758,0.02611451738003301,-0.014162919545965935,3.5999999999999592,60,0.07874015748031504,-0.17847769028871385,-0.14698162729658792,0.05354192803356139,-0.19905597147724274,-0.11109298835344505,0.02519822944675365,0.02057828118852889,-0.03588863894314287,0.051235664057645014,-0.04037389566391769,0.4411764705882359,601727.SH,上海电气,-0.0016002676020453,2,subjective/semi-quantitative,low_value,1
2017-10-26,7.85421144,3993.575,10,0.11165048543689315,-0.027912621359223344,0.0,0.023930939070882618,-0.008339895957882315,0.020614111416462633,0.08771954636601054,-0.01957272540134103,-0.020614111416462633,0.08623127077447434,-0.030207967239957778,3.999999999999992,20,0.11165048543689315,-0.15533980582524276,-0.1456310679611651,0.06687341542352421,-0.008339895957882315,0.02724901873634522,0.04477707001336895,-0.14699990986736045,-0.17288008669751032,0.08623127077447434,-0.1703478514475204,0.7187499999999994,60,0.11165048543689315,-0.20873786407766992,-0.19417475728155342,0.08087891175200168,-0.00954908822295808,0.07307237249832554,0.030771573684891473,-0.19918877585471184,-0.26724712977987897,0.08623127077447434,-0.2511295417534717,0.5348837209302323,601727.SH,上海电气,0.0574000109715735,4,subjective/semi-quantitative,low_value,1
2019-02-11,4.9002069,3306.472,10,0.0871287128712872,-0.001980198019801871,0.0871287128712872,0.12793424532250697,-0.0023708048941591953,0.12793424532250697,-0.04080553245121976,0.00039060687435732433,-0.04080553245121976,0.006034603383661796,-0.03617722630591147,44.000000000002466,20,0.22574257425742594,-0.001980198019801871,0.22574257425742594,0.17544591334812454,-0.0023708048941591953,0.12807669322468174,0.050296660909301405,0.00039060687435732433,0.0976658810327442,0.08657734143372808,-0.03617722630591147,114.0000000000064,60,0.46336633663366333,-0.001980198019801871,0.0871287128712872,0.24788293988275112,-0.0023708048941591953,0.12822700449300628,0.21548339675091222,0.00039060687435732433,-0.041098291621719074,0.1613989902535069,-0.040433677283447045,234.0000000000129,601727.SH,上海电气,-0.0054512805419654,2,subjective/semi-quantitative,high_value,0
2019-03-19,5.98698546,3833.962,10,0.01620745542949753,-0.05834683954619124,0.0016207455429497752,0.040202537218678724,-0.03818895440278225,0.03581751723152182,-0.023995081789181194,-0.020157885143408993,-0.03419677168857205,0.002767054643644018,-0.04200470373522747,0.2777777777777771,20,0.19773095623987036,-0.05834683954619124,0.17504051863857373,0.07528530538383005,-0.03818895440278225,0.06606142679557081,0.12244565085604031,-0.020157885143408993,0.10897909184300292,0.10222590284555988,-0.04857668080095323,3.3888888888888897,60,0.19773095623987036,-0.16855753646677463,-0.13290113452188002,0.07619480839924875,-0.07243316443929282,-0.04338697149319681,0.12153614784062161,-0.09612437202748181,-0.0895141630286832,0.10222590284555988,-0.1026656628704462,1.1730769230769238,601727.SH,上海电气,0.0034537883043037,4,subjective/semi-quantitative,high_value,0
2019-06-11,5.22041844,3719.275,10,0.040892193308549984,-0.0185873605947956,0.009293680297397522,0.03678405065503365,-0.0216426588515235,0.022056449173561976,0.0041081426535163335,0.003055298256727901,-0.012762768876164454,0.014821065670028055,-0.012487342442273563,2.199999999999982,20,0.040892193308549984,-0.03159851301115246,-0.016728624535316095,0.059998252347567727,-0.0216426588515235,0.019857095804961977,-0.019106059039017742,-0.009955854159628963,-0.03658572034027807,0.014821065670028055,-0.03832249304880908,1.2941176470588152,60,0.040892193308549984,-0.10223048327137552,-0.029075554334299758,0.059998252347567727,-0.03855939665660646,0.036118598382749445,-0.019106059039017742,-0.06367108661476906,-0.0651941527170492,0.014821065670028055,-0.07803310394354401,0.3999999999999978,601727.SH,上海电气,0.0218544238033537,2,subjective/semi-quantitative,low_value,1
2019-12-30,4.85252742,4081.633,10,0.0668016194331984,-0.002024291497975783,0.030364372469635637,0.034759127045474125,-0.0030931247370844517,0.026521982745631556,0.032042492387724275,0.0010688332391086686,0.0038423897240040805,0.022815272958638833,0.0006678754840949708,32.99999999999879,20,0.0668016194331984,-0.14574898785425117,-0.10728744939271262,0.034759127045474125,-0.10822261580107762,-0.062010964729067974,0.032042492387724275,-0.03752637205317355,-0.045276484663644645,0.022815272958638833,-0.052764937257699374,0.458333333333333,60,0.0668016194331984,-0.14574898785425117,-0.060728744939271384,0.034759127045474125,-0.14171935595385465,-0.09960650553344697,0.032042492387724275,-0.004029631900396513,0.03887776059417558,0.106946639509786,-0.06233096260771709,0.458333333333333,601727.SH,上海电气,-0.0085626447863438,2,subjective/semi-quantitative,low_value,1
2020-05-18,4.54801659,3922.9117,10,0.017278617710583255,-0.06263498920086374,-0.030237580993520363,0.013613204702007442,-0.031285970571297894,0.012345039527654977,0.003665413008575813,-0.03134901862956585,-0.04258262052117534,0.00016454325517067936,-0.04470555259954834,0.2758620689655197,20,0.14470842332613398,-0.06263498920086374,0.05615550755939536,0.03294593656033595,-0.031285970571297894,0.008176732603999204,0.11176248676579803,-0.03134901862956585,0.04797877495539615,0.0743864477478251,-0.05956590023622166,2.310344827586215,60,0.3455723542116631,-0.06263498920086374,0.2634989200863933,0.24348383880269342,-0.031285970571297894,0.18474361785915283,0.10208851540896968,-0.03134901862956585,0.07875530222724048,0.08403428736006235,-0.05956590023622166,5.517241379310362,601727.SH,上海电气,-0.0036712834745442,2,subjective/semi-quantitative,high_value,0
2020-08-11,5.88393507,4681.7837,10,0.025041736227045197,-0.06844741235392315,-0.06176961602671105,0.033385288602717944,-0.024672241906434023,0.01712317465670199,-0.008343552375672747,-0.04377517044748913,-0.07889279068341304,0.0048801777535787405,-0.07756463784245293,0.3658536585365874,20,0.025041736227045197,-0.09515859766277124,-0.07011686143572626,0.04686841897458871,-0.024672241906434023,0.002692499442039642,-0.021826682747543513,-0.07048635575633722,-0.0728093608777659,0.0048801777535787405,-0.10453298014387646,0.26315789473684353,60,0.025041736227045197,-0.1786310517529216,-0.1402337228714523,0.06749948742826373,-0.027140040664416,0.04765585390029892,-0.04245775120121853,-0.1514910110885056,-0.18788957677175122,0.0048801777535787405,-0.18879982646702198,0.1401869158878511,601727.SH,上海电气,0.3105357578930511,4,subjective/semi-quantitative,low_value,1
2020-12-01,5.29455927,5067.0983,10,0.08163265306122458,-0.020408163265306034,0.022263450834879572,0.004639756051308508,-0.042972049703476234,-0.02407656074088782,0.07699289700991607,0.0225638864381702,0.04634001157576739,0.10363500122864111,-0.014612439593281068,4.000000000000022,20,0.08163265306122458,-0.020408163265306034,0.012987012987013102,0.004639756051308508,-0.042972049703476234,-0.0047684490352200015,0.07699289700991607,0.0225638864381702,0.017755462022233104,0.10363500122864111,-0.014612439593281068,4.000000000000022,60,0.1280148423005567,-0.03153988868274571,0.024118738404452778,0.17047506262114553,-0.042972049703476234,0.07600290683131217,-0.042460220320588826,0.011432161020730525,-0.05188416842685939,0.10363500122864111,-0.09706085332018777,4.058823529411783,601727.SH,上海电气,0.033125690881991,2,subjective/semi-quantitative,high_value,0
2021-01-04,5.52048666,5267.7181,10,0.08185053380782903,-0.062277580071174454,-0.028469750889679735,0.07156825647143106,-0.006329230108194417,0.04761120379619399,0.010282277336397971,-0.05594834996298004,-0.07608095468587373,0.037022219593522365,-0.09054549614254426,1.3142857142857103,20,0.08185053380782903,-0.07117437722419939,-0.04804270462633453,0.0736108866569758,-0.006329230108194417,0.02846209632971819,0.008239647150853235,-0.06484514711600498,-0.07650480095605272,0.037022219593522365,-0.09972720195934248,1.1499999999999961,60,0.08185053380782903,-0.07117437722419939,-0.023131672597864972,0.12589779623932418,-0.07290758402580422,-0.024180546031876693,-0.04404726243149515,0.0017332068016048252,0.0010488734340117212,0.0649841596179801,-0.09972720195934248,1.1499999999999961,601727.SH,上海电气,0.0053874251767614,2,subjective/semi-quantitative,low_value,1
2021-02-18,5.6972994,5768.3814,10,0.04482758620689653,-0.07241379310344831,-0.06379310344827593,0.0033814858358707234,-0.08903785384232743,-0.0845428840748984,0.04144610037102581,0.01662406073887912,0.02074978062662247,0.039878089012175266,0.0019021517349555594,0.6190476190476185,20,0.04482758620689653,-0.0862068965517242,-0.048275862068965614,0.0033814858358707234,-0.14743692225344196,-0.10862896479071238,0.04144610037102581,0.06123002570171776,0.060353102721746765,0.09257428180491645,0.0019021517349555594,0.5199999999999994,60,0.04482758620689653,-0.14482758620689662,-0.1241379310344829,0.0033814858358707234,-0.15337402967147773,-0.1033408435856894,0.04144610037102581,0.00854644346458111,-0.020797087448793494,0.13001162735054805,-0.023193972090755022,0.30952380952380926,601727.SH,上海电气,0.0268013106867701,4,subjective/semi-quantitative,low_value,1
2021-03-08,5.42225736,5080.0246,10,0.04166666666666674,-0.03985507246376807,0.034420289855072506,0.01583299419455586,-0.03191236514878293,-0.0045024585117166005,0.02583367247211088,-0.007942707314985142,0.038922748366789106,0.039098789042310456,-0.032726638971116495,1.0454545454545485,20,0.05615942028985499,-0.03985507246376807,-0.005434782608695676,0.01990628155619567,-0.038653966360714054,0.011873407069721731,0.03625313873365932,-0.001201106103054017,-0.017308189678417407,0.045643580637525494,-0.032726638971116495,1.4090909090909085,60,0.05615942028985499,-0.22101449275362317,-0.19565217391304335,0.05875006983233888,-0.038653966360714054,0.039813311140264984,-0.0025906495424838916,-0.18236052639290912,-0.23546548505330833,0.045643580637525494,-0.24149277445340667,0.2540983606557373,601727.SH,上海电气,0.0162551745618192,2,subjective/semi-quantitative,neutral,0
2021-03-26,5.61871596,5037.9899,10,-0.00874125874125875,-0.06993006993007,-0.06818181818181812,0.02841591643524355,-0.020837139828327134,-0.017912699666190246,-0.0371571751765023,-0.04909293010174287,-0.050269118515627875,-0.03142891329177844,-0.06964979653044467,-0.125,20,-0.00874125874125875,-0.09615384615384615,-0.09440559440559448,0.02841591643524355,-0.02732966971609052,0.007790269686725582,-0.0371571751765023,-0.06882417643775562,-0.10219586409232007,-0.03142891329177844,-0.10140588490111935,-0.09090909090909101,60,-0.00874125874125875,-0.2744755244755245,-0.25349650349650354,0.06758379964199612,-0.02732966971609052,0.04009108870980471,-0.07632505838325487,-0.24714585475943396,-0.29358759220630826,-0.03142891329177844,-0.28227103894380345,-0.03184713375796182,601727.SH,上海电气,0.1630282760221697,2,subjective/semi-quantitative,low_value,1
2021-12-03,4.82299167,4901.0175,10,0.07039337474120066,-0.04761904761904767,0.024844720496894235,0.04954552804596202,-0.0025147431120171593,0.010965559702653671,0.020847846695238648,-0.04510430450703051,0.013879160794240564,0.013728618805098236,-0.061593884007981936,1.4782608695652124,20,0.07039337474120066,-0.04761904761904767,0.006211180124223503,0.04954552804596202,-0.005781024042456506,0.008030128437615414,0.020847846695238648,-0.041838023576591166,-0.0018189483133919104,0.03959516090225734,-0.061593884007981936,1.4782608695652124,60,0.07039337474120066,-0.1366459627329193,-0.08488612836438936,0.04954552804596202,-0.11481560716728723,-0.11186248569812285,0.020847846695238648,-0.021830355565632065,0.02697635733373349,0.03959516090225734,-0.07532130307215434,0.5151515151515138,601727.SH,上海电气,-0.0399489704305824,2,subjective/semi-quantitative,neutral,0
2022-06-20,4.15396384,4330.4328,10,0.033653846153846034,-0.024038461538461675,0.004807692307692291,0.04262022031608481,-0.01605673225087334,0.03824040405383977,-0.008966374162238777,-0.007981729287588335,-0.03343271174614748,-0.001281357079091383,-0.051485756035079544,1.399999999999987,20,0.14423076923076916,-0.024038461538461675,0.0841346153846152,0.046159751053058695,-0.02607739346515192,-0.008739773077647062,0.09807101817771047,0.002038931926690246,0.09287438846226226,0.09827373376208315,-0.051485756035079544,5.999999999999963,60,0.14423076923076916,-0.024038461538461675,0.08653846153846145,0.046159751053058695,-0.08029065824552217,-0.0506458153559155,0.09807101817771047,0.0562521967070605,0.13718427689437696,0.18078583558567018,-0.051485756035079544,5.999999999999963,601727.SH,上海电气,-0.0171298341219516,2,subjective/semi-quantitative,high_value,0
2022-09-07,4.51344148,4054.983,10,0.03539823008849563,-0.08849557522123896,-0.06415929203539827,0.018034181647617054,-0.04802787089366356,-0.045780463197996224,0.017364048440878577,-0.040467704327575404,-0.01837882883740205,0.017615620669216403,-0.03509374278159594,0.4000000000000005,20,0.03539823008849563,-0.165929203539823,-0.11504424778761058,0.018034181647617054,-0.09703061640455701,-0.07455274165144465,0.017364048440878577,-0.06889858713526598,-0.04049150613616592,0.017615620669216403,-0.08814566071088903,0.21333333333333368,60,0.03539823008849563,-0.165929203539823,-0.0663716814159293,0.018034181647617054,-0.13786299474005204,-0.023626042328660835,0.017364048440878577,-0.028066208799770953,-0.04274563908726847,0.017615620669216403,-0.08814566071088903,0.21333333333333368,601727.SH,上海电气,0.0816945839405916,4,subjective/semi-quantitative,low_value,1
2022-12-05,4.32371717,3946.8759,10,0.0,-0.07390300230946889,-0.07159353348729802,0.014300398956045068,-0.017340094224903235,-0.013594346860513196,-0.014300398956045068,-0.056562908084565655,-0.05799918662678483,-0.01915557714905458,-0.058798514021272785,0.0,20,0.0,-0.09468822170900693,-0.07621247113163976,0.014300398956045068,-0.03570601244391802,-0.01494262842163352,-0.014300398956045068,-0.0589822092650889,-0.06126984271000624,-0.01915557714905458,-0.07238550986022518,0.0,60,0.01385681293302543,-0.09468822170900693,-0.009237875288683695,0.0814001524598229,-0.03570601244391802,0.025837143752100333,-0.06754333952679747,-0.0589822092650889,-0.03507501904078403,-0.01915557714905458,-0.11831128029836402,0.14634146341463444,601727.SH,上海电气,0.0004179017708795,2,subjective/semi-quantitative,low_value,1
2023-03-15,4.46351403,3986.902,10,0.06040268456375841,-0.020134228187919323,-0.013422818791946178,0.013089737344935903,-0.013014089636514847,0.004826303731569004,0.04731294721882251,-0.007120138551404476,-0.018249122523515182,0.04157704203862278,-0.018161469754269355,3.000000000000022,20,0.06040268456375841,-0.020134228187919323,0.020134228187919545,0.0364677135279472,-0.013014089636514847,0.020586560692989142,0.023934971035811214,-0.007120138551404476,-0.000452332505069597,0.04157704203862278,-0.02681360441623848,3.000000000000022,60,0.10514541387024612,-0.02684563758389258,0.015659955257270708,0.04584155818226776,-0.052453458851007606,-0.030598845920968176,0.05930385568797836,0.025607821267115027,0.046258801178238884,0.13411756162203936,-0.02681360441623848,3.9166666666666736,601727.SH,上海电气,0.0858366456945861,4,subjective/semi-quantitative,neutral,0
2023-05-16,4.71315128,3978.2054,10,-0.004237288135593209,-0.07838983050847448,-0.048728813559322015,0.001809283150638663,-0.0474917157369501,-0.035305441996534404,-0.006046571286231872,-0.030898114771524376,-0.013423371562787612,-0.008214306127931281,-0.041538925810426064,-0.05405405405405398,20,0.04661016949152552,-0.07838983050847448,-0.03813559322033899,0.001809283150638663,-0.05038206423429015,-0.028479675785468395,0.04480088634088686,-0.02800776627418433,-0.009655917434870598,0.0717049630084654,-0.041538925810426064,0.5945945945945966,60,0.04661016949152552,-0.07838983050847448,-0.004237288135593209,0.02165717737952888,-0.05038206423429015,-0.0006256087229683516,0.02495299211199664,-0.02800776627418433,-0.0036116794126248575,0.0717049630084654,-0.041538925810426064,0.5945945945945966,601727.SH,上海电气,0.0117192894028251,4,subjective/semi-quantitative,low_value,1
2023-07-10,4.64325285,3844.3269,10,0.027956989247311936,-0.01075268817204289,0.0,0.016689579650471353,-0.011841370722141309,-0.010172365934853267,0.011267409596840583,0.0010886825500984187,0.010172365934853267,0.018693237731186363,-0.009634988714323778,2.600000000000039,20,0.053763440860215006,-0.01075268817204289,0.021505376344086002,0.05723633960473018,-0.011841370722141309,0.0379328303219999,-0.0034728987445151738,0.0010886825500984187,-0.016427453977913897,0.018693237731186363,-0.01853474490866247,5.0000000000000515,60,0.10752688172043023,-0.06236559139784936,-0.0021505376344086446,0.05723633960473018,-0.05263087798282717,-0.048695390602708666,0.050290542115700054,-0.00973471341502219,0.04654485296830002,0.10275655768832048,-0.03109337775373955,1.7241379310344875,601727.SH,上海电气,-0.0306506991747215,2,subjective/semi-quantitative,low_value,1
2023-11-27,4.51344148,3511.9424,10,-0.0022123893805310324,-0.07743362831858402,-0.0575221238938054,0.0025922691670570153,-0.04699741089147702,-0.0263351699617852,-0.004804658547588048,-0.030436217427107004,-0.0311869539320202,-0.008820957418084974,-0.032030482122678894,-0.02857142857142935,20,-0.0022123893805310324,-0.11061946902654873,-0.09734513274336287,0.0025922691670570153,-0.06490826842718145,-0.046837784127666704,-0.004804658547588048,-0.045711200599367285,-0.05050734861569617,-0.008820957418084974,-0.052989247553704044,-0.02000000000000052,60,-0.0022123893805310324,-0.18141592920353977,-0.09070796460176989,0.0027662754377748566,-0.11491956701795558,-0.0175636707481307,-0.004978664818305889,-0.06649636218558419,-0.07314429385363919,-0.008820957418084974,-0.0804703645568089,-0.01219512195121984,601727.SH,上海电气,0.0495518707800151,2,subjective/semi-quantitative,low_value,1
2024-04-11,4.38363011,3504.2447,10,0.04100227790432798,-0.02277904328018232,0.02505694760820032,0.028121751885648694,-0.009754912378122538,0.007430017658298871,0.012880526018679284,-0.013024130902059783,0.01762692994990145,0.017496927469834667,-0.0033102428431952546,1.7999999999999912,20,0.04100227790432798,-0.02277904328018232,0.006833712984054552,0.04894957820725243,-0.009754912378122538,0.04360446061315293,-0.007947300302924454,-0.013024130902059783,-0.03677074762909838,0.017496927469834667,-0.050094697805491584,1.7999999999999912,60,0.04100227790432798,-0.22095671981776777,-0.19817767653758556,0.056726632132738875,-0.03408326479027002,-0.021482232676274027,-0.015724354228410897,-0.18687345502749775,-0.17669544386131153,0.017496927469834667,-0.18340742320929126,0.18556701030927808,601727.SH,上海电气,0.020000401054156,2,subjective/semi-quantitative,low_value,1
2024-05-10,4.43355756,3666.2771,10,0.009009009009009139,-0.05405405405405406,-0.0427927927927928,0.01002422866509467,-0.01816810300563465,-0.01767506880481018,-0.0010152196560855309,-0.03588595104841941,-0.02511772398798262,0.0026861150535448797,-0.04542663977313288,0.16666666666666907,20,0.009009009009009139,-0.13963963963963966,-0.12612612612612606,0.01002422866509467,-0.031146527358774767,-0.025137979887008388,-0.0010152196560855309,-0.10849311228086489,-0.10098814623911767,0.0026861150535448797,-0.11961001667848381,0.06451612903225899,60,0.009009009009009139,-0.22972972972972971,-0.15540540540540537,0.01002422866509467,-0.08808843172274128,-0.08808843172274128,-0.0010152196560855309,-0.14164129800698844,-0.0673169736826641,0.0026861150535448797,-0.15571844261983314,0.03921568627451037,601727.SH,上海电气,-0.0009724210379509,4,subjective/semi-quantitative,low_value,1
2025-07-08,7.36929162,3998.4527,10,0.06368563685636852,-0.016260162601626105,0.04878048780487809,0.03019903174045324,-0.0027575666957370126,0.030138033144671228,0.03348660511591528,-0.013502595905889092,0.018642454660206864,0.03303835990672588,-0.015912997240006388,3.916666666666643,20,0.15853658536585358,-0.016260162601626105,0.07046070460704601,0.04670649223886025,-0.0027575666957370126,0.02625948282444357,0.11183009312699332,-0.013502595905889092,0.04420122178260244,0.08175821798817928,-0.015912997240006388,9.749999999999941,60,0.3550135501355014,-0.016260162601626105,0.27913279132791313,0.16234189790465692,-0.0027575666957370126,0.16062233273385984,0.19267165223084448,-0.013502595905889092,0.11851045859405329,0.1511790564276183,-0.031879170083556896,21.83333333333322,601727.SH,上海电气,-0.0069366763277524,2,subjective/semi-quantitative,high_value,0
2025-10-10,10.44482254,4616.8341,10,0.06118546845124273,-0.1443594646271511,-0.10325047801147236,0.009497720526713271,-0.02728449783369946,0.009497720526713271,0.05168774792452946,-0.11707496679345164,-0.11274819853818563,0.03475927875028195,-0.12037243203713,0.4238410596026482,20,0.06118546845124273,-0.1443594646271511,-0.09082217973231366,0.03140675988335806,-0.02728449783369946,0.0134205168862358,0.02977870856788467,-0.11707496679345164,-0.10424269661854946,0.03475927875028195,-0.12037243203713,0.4238410596026482,60,0.06118546845124273,-0.21510516252390055,-0.15965583173996178,0.037657775054122045,-0.042241457192494836,0.037657775054122045,0.023527693397120686,-0.17286370533140571,-0.19731360679408383,0.03475927875028195,-0.1976185260566048,0.284444444444444,601727.SH,上海电气,-0.4730513312407266,4,subjective/semi-quantitative,low_value,1
2025-10-27,9.69591079,4716.0186,10,0.04531410916580847,-0.06076210092687939,-0.030895983522142068,0.009714825976301134,-0.03334463099869889,-0.004446102057358403,0.035599283189507336,-0.027417469928180505,-0.026449881464783664,0.012062350482978657,-0.03170169637729803,0.7457627118644086,20,0.04531410916580847,-0.1431513903192584,-0.11225540679711632,0.009714825976301134,-0.062384465574415016,-0.05682140439395211,0.035599283189507336,-0.08076692474484337,-0.055434002403164206,0.012062350482978657,-0.09157446911045597,0.3165467625899285,60,0.04531410916580847,-0.15447991761071056,-0.05561277033985568,0.025643728377152675,-0.062384465574415016,0.0014950322715010511,0.019670380788655795,-0.09209545203629554,-0.05710780261135673,0.012062350482978657,-0.1170734271941678,0.29333333333333356,601727.SH,上海电气,-0.0440840351155785,3,subjective/semi-quantitative,low_value,1
2025-12-24,8.51762297,4634.0586,10,0.11371629542790163,-0.014067995310668269,0.09026963657678766,0.03637075284287494,-0.0037604833050665087,0.02694473911054973,0.07734554258502668,-0.01030751200560176,0.06332489746623793,0.06872285994201133,-0.011878836685748406,8.083333333333318,20,0.13012895662368118,-0.014067995310668269,0.08675263774912079,0.04378371477650278,-0.0037604833050665087,0.014768479621729558,0.0863452418471784,-0.01030751200560176,0.07198415812739123,0.07877825544626504,-0.011878836685748406,9.249999999999979,60,0.13247362250879258,-0.07385697538100822,-0.05744431418522866,0.04378371477650278,-0.05173959172635423,-0.030666120622643955,0.0886899077322898,-0.022117383654653988,-0.026778193562584707,0.10996594028316165,-0.027625356063883277,1.7936507936507944,601727.SH,上海电气,-0.0425260682493082,2,subjective/semi-quantitative,high_value,0
2026-04-30,8.06827592,4807.3069,10,0.15470297029702973,-0.004950495049504955,0.11138613861386149,0.04643177659408426,-0.007025326383884534,0.009480630412840974,0.10827119370294547,0.002074831334379579,0.10190550820102051,0.11028167747117368,-0.010520423657284228,31.24999999999998,20,0.15470297029702973,-0.017326732673267342,-0.011138613861386037,0.04643177659408426,-0.007025326383884534,0.02231024609641641,0.10827119370294547,-0.010301406289382808,-0.033448859957802446,0.11248293813162014,-0.032718893394175996,8.928571428571422,60,0.15470297029702973,-0.21658415841584155,-0.13737623762376228,0.053451652941067795,-0.06557141171910608,-0.0430687085944107,0.10125131735596193,-0.15101274669673548,-0.09430752902935158,0.11248293813162014,-0.18588067117411577,0.7142857142857145,601727.SH,上海电气,-0.0413403258584274,2,subjective/semi-quantitative,high_value,0
2011-05-27,6.36400416,2963.308,10,0.01013337489710242,-0.017668461109239808,0.0027195519620779596,0.01670362986230245,-0.014025541725666058,-0.00437349070700721,-0.006570254965200029,-0.0036429193835737506,0.00709304266908517,0.007124200292860872,-0.015132227021533495,0.5735290037117676,20,0.014767014231492848,-0.017668461109239808,0.0027195519620779596,0.03128766905093916,-0.034049784902548175,0.024696386605779663,-0.016520654819446312,0.016381323793308367,-0.021976834643701704,0.02264018501655607,-0.02144716711307837,0.8357838376637321,60,0.026814476500907736,-0.1010739691282666,-0.09458687406012012,0.05966102747335067,-0.08984756225137591,-0.06260604702582395,-0.032846550972442934,-0.011226406876890693,-0.031980827034296166,0.02264018501655607,-0.05986468687536506,0.26529557246217544,601857.SH,中国石油,-0.0012303479049443,2,subjective/semi-quantitative,low_value,1
2012-04-12,5.9056463,2570.436,10,0.015228426395939243,-0.010152284263959421,0.006091370558375608,0.028529012198708736,-0.011243617814254203,0.023751223527837206,-0.013300585802769493,0.0010913335502947819,-0.017659852969461598,0.005073216126553204,-0.01725014101434319,1.5000000000000109,20,0.03248730964467006,-0.023350253807106536,-0.02030456852791873,0.05734007771444216,-0.011243617814254203,0.017544883436117376,-0.024852768069772102,-0.012106635992852333,-0.03784945196403611,0.005073216126553204,-0.05131691095003921,1.3913043478260911,60,0.03248730964467006,-0.09100956486337486,-0.07448246604270892,0.05734007771444216,-0.06538384927693197,-0.06369736496065259,-0.024852768069772102,-0.025625715586442888,-0.010785101082056325,0.005073216126553204,-0.0630647944893199,0.3569658825799307,601857.SH,中国石油,0.0001570529121037,2,subjective/semi-quantitative,low_value,1
2013-04-19,5.31138584,2533.827,10,0.003504672897196137,-0.0210280373831776,0.0,0.011121516978072954,-0.04370858783965914,0.0035404942799961425,-0.007616844080876817,0.02268055045648154,-0.0035404942799961425,0.02567736679915633,-0.0035280034041240693,0.1666666666666605,20,0.011682242990654235,-0.0210280373831776,0.00233644859813098,0.037982466837712225,-0.04370858783965914,0.03323312917574883,-0.02630022384705799,0.02268055045648154,-0.030896680577617852,0.02567736679915633,-0.029902913200494652,0.5555555555555561,60,0.011682242990654235,-0.16006587839982644,-0.041431115461948886,0.05028046508305395,-0.2015354639444603,-0.13088423163854535,-0.038598222092399714,0.04146958554463387,0.08945311617659646,0.12585870529045762,-0.04039601694327377,0.07298396827257159,601857.SH,中国石油,-0.0011033473298421,2,subjective/semi-quantitative,low_value,1
2017-04-05,5.45553673,3503.893,10,0.020075282308657405,-0.027603513174404126,-0.021329987452948673,0.006541866432565158,-0.02436689704851147,-0.01655786863354558,0.013533415876092247,-0.003236616125892655,-0.004772118819403093,0.01698931205668508,-0.004852465302429554,0.7272727272727222,20,0.020075282308657405,-0.05897114178168139,-0.04893350062735258,0.006541866432565158,-0.032140250858117,-0.02839898364476312,0.013533415876092247,-0.026830890923564388,-0.020534516982589457,0.01698931205668508,-0.0233285431893695,0.3404255319148921,60,0.020075282308657405,-0.07277289836888334,-0.023800402494953188,0.04927062555848605,-0.05451108238750446,0.04193992225219212,-0.029195343249828642,-0.01826181598137888,-0.0657403247471453,0.01698931205668508,-0.07399024435529677,0.2758620689655163,601857.SH,中国石油,0.0022055778239314,2,subjective/semi-quantitative,low_value,1
2021-04-30,3.2017545,5123.489,10,0.1505882352941177,0.004705882352941115,0.12941176470588234,0.016240046577634892,-0.038562354676666466,0.009521441345926585,0.1343481887164828,0.04326823702960758,0.11989032335995575,0.1323754197053748,0.04328743372892063,,20,0.1505882352941177,0.004705882352941115,0.10823529411764721,0.04976831217945432,-0.038562354676666466,0.03249438029436602,0.10081992311466337,0.04326823702960758,0.07574091382328119,0.1323754197053748,0.04328743372892063,,60,0.3058823529411765,0.004705882352941115,0.11044496384716584,0.04976831217945432,-0.08970217365549138,-0.05332584885026592,0.2561140407617222,0.0944080560084325,0.16377081269743177,0.26641238388525657,0.04328743372892063,,601857.SH,中国石油,-0.0062036230200806,2,subjective/semi-quantitative,low_value,1
2018-03-29,8.738964,3894.049,10,0.07500000000000018,-0.029807692307692202,-0.00961538461538447,0.01660431083430125,-0.02681964197163411,-0.021875944550261206,0.05839568916569893,-0.00298805033605809,0.012260559934876736,0.0297028282399181,-0.010231970840181237,2.5161290322580796,20,0.07500000000000018,-0.0461538461538461,-0.02115384615384619,0.01660431083430125,-0.04775055475675827,-0.033487765562272065,0.05839568916569893,0.0015967086029121669,0.012333919408425875,0.03988885253618624,-0.010231970840181237,1.6250000000000058,60,0.07500000000000018,-0.2875,-0.2403846153846153,0.01660431083430125,-0.1225208003289121,-0.12083155604872975,0.05839568916569893,-0.16497919967108787,-0.11955305933588556,0.04046108367640788,-0.2121620776241263,0.26086956521739196,601881.SH,中国银河,0.0902524194189595,2,subjective/semi-quantitative,high_value,0
2022-12-27,9.55434208,3887.854,10,0.030723488602576676,-0.04558969276511393,-0.00594648166501488,0.040007958117768805,-0.014560474750337837,0.0314252798587602,-0.009284469515192129,-0.031029218014776094,-0.03737176152377508,-0.0069491071035133745,-0.036233125417376444,0.6739130434782586,20,0.0882061446977207,-0.04558969276511393,0.08126858275520332,0.09781699621436424,-0.014560474750337837,0.07924145299694918,-0.009610851516643537,-0.031029218014776094,0.0020271297582541425,0.014284432341829856,-0.036233125417376444,1.934782608695658,60,0.10505450941526262,-0.04558969276511393,0.0029732408325076065,0.09781699621436424,-0.014560474750337837,0.03042552523834474,0.007237513200898382,-0.031029218014776094,-0.027452284405837135,0.014284432341829856,-0.036233125417376444,2.3043478260869583,601878.SH,浙商证券,0.0770808653102197,2,subjective/semi-quantitative,low_value,1
2025-09-29,11.46194324,4620.0528,10,0.009433962264151052,-0.02658662092624353,-0.015437392795883409,0.02300668511840387,-0.02796216960983655,-0.0026366148889034324,-0.013572722854252817,0.0013755486835930197,-0.012800777906979977,0.009986114119539646,-0.02151322126337596,0.3548387096774239,20,0.01801029159519718,-0.032590051457976,-0.012006861063464935,0.030688199061274624,-0.02796216960983655,-0.00029302695415101,-0.012677907466077443,-0.004627881848139448,-0.011713834109313925,0.009986114119539646,-0.02151322126337596,0.5526315789473659,60,0.01801029159519718,-0.07718696397941682,-0.06946826758147517,0.030688199061274624,-0.04290870874895647,0.006759446558705751,-0.012677907466077443,-0.03427825523046035,-0.07622771414018092,0.009986114119539646,-0.07571591644929843,0.23333333333333234,601878.SH,浙商证券,0.0059926343631555,3,subjective/semi-quantitative,low_value,1
2025-12-01,10.85247456,4576.4856,10,0.019927536231884035,-0.021739130434782594,-0.009057971014492683,0.014015121122636254,-0.01361258516797259,-0.005337283263821546,0.005912415109247782,-0.008126545266810004,-0.0037206877506711367,0.0011727655690625394,-0.013478057333264792,0.9166666666666662,20,0.019927536231884035,-0.025362318840579712,-0.011775362318840465,0.02177334503139261,-0.020149872207616992,0.013741220992807168,-0.0018458087995085748,-0.0052124466329627195,-0.025516583311647634,0.0018809898463323371,-0.02662141507661775,0.7857142857142848,60,0.0244565217391306,-0.07088578146365154,-0.0635914598264673,0.056914698912195805,-0.020149872207616992,0.015559209888041714,-0.032458177173065206,-0.05073590925603455,-0.07915066971450901,0.0018809898463323371,-0.07793801576890313,0.3450130792685313,601878.SH,浙商证券,-0.024941224098776,2,subjective/semi-quantitative,low_value,1
2011-01-04,2.45095726,3189.682,10,0.03579952267303099,-0.02863961813842486,-0.014319809069212375,0.00633856290376289,-0.07589534003703191,-0.06647496521596818,0.029460959769268102,0.04725572189860705,0.05215515614675581,0.0558690492524625,0.004688437139733326,1.2499999999999971,20,0.06921241050119331,-0.02863961813842486,0.04057279236276856,0.00633856290376289,-0.0848109623467167,-0.0352383090226549,0.06287384759743042,0.05617134420829184,0.07581110138542346,0.11437743747941798,0.004688437139733326,2.416666666666663,60,0.11933174224343679,-0.02863961813842486,0.04773269689737458,0.051981670900108634,-0.0848109623467167,0.04224151498487938,0.06735007134332816,0.05617134420829184,0.005491181912495202,0.11437743747941798,0.004688437139733326,4.1666666666666625,601872.SH,招商轮船,-0.0220778122416644,2,subjective/semi-quantitative,high_value,0
2014-06-27,1.52032616,2150.258,10,0.13793103448275867,-0.004310344827586188,0.10344827586206895,0.016716133598852156,-0.007191230075646593,-0.0010459210011076747,0.12121490088390652,0.0028808852480604052,0.10449419686317662,0.10460360396935964,0.0016981554338153515,32.000000000000156,20,0.1724137931034484,-0.004310344827586188,0.11637931034482762,0.05145057011763243,-0.007191230075646593,0.05124780375192195,0.12096322298581597,0.0028808852480604052,0.06513150659290567,0.10578051871576188,0.0016981554338153515,40.000000000000206,60,0.4870689655172413,-0.004310344827586188,0.392241379310345,0.14473379473532955,-0.007191230075646593,0.10634165760573855,0.3423351707819118,0.0028808852480604052,0.2858997217046064,0.29675002909038595,0.0016981554338153515,113.00000000000048,601872.SH,招商轮船,0.0296415298742846,2,subjective/semi-quantitative,high_value,0
2016-10-10,3.4621548,3293.869,10,0.1461538461538463,-0.005769230769230749,0.09807692307692317,0.027006842105742557,-0.0067786545245120955,0.022377635540454133,0.11914700404810374,0.0010094237552813468,0.07569928753646904,0.07404239383273725,-0.0037804017144005275,25.33333333333345,20,0.1461538461538463,-0.005769230769230749,0.0211538461538463,0.027006842105742557,-0.0067786545245120955,0.019042348071523163,0.11914700404810374,0.0010094237552813468,0.0021114980823231377,0.07404239383273725,-0.0037804017144005275,25.33333333333345,60,0.16346153846153855,-0.0576923076923076,-0.04230769230769227,0.08799682076002413,-0.008142703914454485,0.014681215312448481,0.07546471770151442,-0.04954960377785311,-0.05698890762014075,0.08382592215257967,-0.06192336021587941,2.8333333333333393,601872.SH,招商轮船,0.0568141976217169,2,subjective/semi-quantitative,high_value,0
2022-08-12,6.22684905,4191.152,10,0.22978723404255308,-0.01134751773049647,0.09645390070921978,0.007547948630830081,-0.031591934627997365,-0.01994833401413265,0.222239285411723,0.020244416897500894,0.11640223472335243,0.23628162086070192,0.008408929329251302,20.24999999999996,20,0.22978723404255308,-0.017021276595744816,0.026950354609929006,0.007547948630830081,-0.04972678156268251,-0.023230987566187022,0.222239285411723,0.03270550496693769,0.05018134217611603,0.23628162086070192,0.008408929329251302,13.499999999999886,60,0.24255319148936172,-0.04680851063829794,0.008510638297872353,0.007547948630830081,-0.16587351162639774,-0.09475554692361432,0.23500524285853164,0.1190650009880998,0.10326618522148667,0.36322909066688114,0.008408929329251302,5.1818181818181746,601872.SH,招商轮船,0.090079232817874,4,subjective/semi-quantitative,high_value,0
2024-05-27,8.4738252,3635.7079,10,0.027956989247311936,-0.0956989247311828,-0.06666666666666665,0.0008973218117991344,-0.03020413163554747,-0.025533074315458593,0.027059667435512802,-0.06549479309563533,-0.04113359235120806,0.03226525190835061,-0.042211378618430384,0.29213483146067526,20,0.027956989247311936,-0.13010752688172045,-0.09677419354838712,0.0008973218117991344,-0.05365158735661901,-0.04890535898112158,0.027059667435512802,-0.07645593952510144,-0.04786883456726554,0.03226525190835061,-0.08462357289548172,0.21487603305785205,60,0.027956989247311936,-0.1800361895593504,-0.09249951249879451,0.0008973218117991344,-0.09289437140976031,-0.08334126622218474,0.027059667435512802,-0.0871418181495901,-0.009158246276609772,0.03226525190835061,-0.11576700324961553,0.1552853863200414,601872.SH,招商轮船,0.0089839367107699,4,subjective/semi-quantitative,low_value,1
2025-09-12,8.17217505,4521.998,10,0.11111111111111094,0.0035842293906809264,0.019115890083632125,0.020334064720948675,-0.014818538177150842,0.0062031650611080735,0.09077704639016226,0.018402767567831768,0.012912725022524052,0.06907037624179524,0.012833119066704368,,20,0.12066905615292711,-0.03703703703703698,0.05017921146953408,0.045189515784836765,-0.014818538177150842,0.0035873744305061628,0.07547954036809035,-0.022218498859886138,0.04659183703902792,0.07836742680553654,-0.04439862052378607,3.258064516129037,60,0.16731881312307428,-0.04349727799822389,0.038419831694623374,0.05303759532843677,-0.022155184500302738,0.006647857871675322,0.11428121779463751,-0.021342093497921155,0.03177197382294805,0.14984976291614927,-0.04439862052378607,3.846650200270149,601872.SH,招商轮船,0.1073125606386639,4,subjective/semi-quantitative,high_value,0
2025-09-29,8.5334301,4620.0528,10,0.07322654462242562,-0.0778032036613272,0.0,0.02300668511840387,-0.02796216960983655,-0.0026366148889034324,0.05021985950402175,-0.04984103405149065,0.0026366148889034324,0.05510907738136117,-0.06500913809099529,0.9411764705882355,20,0.09136713031726829,-0.0778032036613272,-0.037843354456023603,0.030688199061274624,-0.02796216960983655,-0.00029302695415101,0.06067893125599366,-0.04984103405149065,-0.037550327501872593,0.06828213514638293,-0.06500913809099529,1.1743363514307723,60,0.11790142629749778,-0.08398995616077054,0.03599120827157187,0.030688199061274624,-0.04290870874895647,0.006759446558705751,0.08721322723622316,-0.04108124741181407,0.029231761712866122,0.12504967446166781,-0.06500913809099529,1.4037562547575941,601872.SH,招商轮船,0.0089762907213663,3,subjective/semi-quantitative,neutral,0
2012-07-06,8.00785986,2472.614,10,0.0046113306982873414,-0.06258234519104078,-0.03820816864295129,-0.000974272571456769,-0.040025252627381436,-0.02999214596374533,0.0055856032697441105,-0.022557092563659342,-0.008216022679205959,0.012630686114928125,-0.026922677035081777,0.07368421052631781,20,0.0046113306982873414,-0.06258234519104078,-0.02371541501976282,-0.000974272571456769,-0.05945367938545998,-0.04807745972480948,0.0055856032697441105,-0.003128665805580799,0.02436204470504666,0.03893233921748651,-0.026922677035081777,0.07368421052631781,60,0.04347826086956519,-0.07641633728590247,-0.0026350461133070047,-0.000974272571456769,-0.12122191332735321,-0.0725984727094483,0.04445253344102196,0.044805576041450745,0.0699634265961413,0.1121323676837851,-0.026922677035081777,0.5689655172413792,601877.SH,正泰电器,0.0152636248221576,2,subjective/semi-quantitative,low_value,1
2017-10-20,18.81747593,3926.852,10,0.1291866028708133,-0.00782949108307962,0.05959112657677257,0.0271176504742221,-0.0015778542201233536,0.01676788430019771,0.1020689523965912,-0.006251636862956267,0.04282324227657486,0.08579000205857357,0.04211702881041379,16.499999999999943,20,0.3658112222705525,-0.00782949108307962,0.16746411483253576,0.053679894225705516,-0.0015778542201233536,0.04940293140663332,0.312131328044847,-0.006251636862956267,0.11806118342590244,0.2644787734556908,0.04211702881041379,46.722222222222115,60,0.3658112222705525,-0.00782949108307962,0.06046107003044798,0.08558483996850397,-0.0015778542201233536,0.07598631168172365,0.28022638230204855,-0.006251636862956267,-0.015525241651275667,0.2644787734556908,-0.014428846801043727,46.722222222222115,601877.SH,正泰电器,-0.0133069281008357,3,subjective/semi-quantitative,high_value,0
2017-11-06,20.91285385,4020.889,10,0.22896281800391383,-0.023483365949119483,0.11232876712328754,0.030745688329123277,0.00011788437830539955,0.03057632279826672,0.19821712967479055,-0.023601250327424883,0.08175244432502082,0.16503014005857808,-0.02453077723439867,9.749999999999952,20,0.22896281800391383,-0.06340508806262235,0.023483365949119372,0.059626117507844745,-0.009592654758686425,-0.0005053608791488751,0.16933670049606908,-0.053812433303935925,0.023988726828268248,0.16503014005857808,-0.054447619153166094,3.6111111111111076,60,0.22896281800391383,-0.10684931506849327,-0.003913894324853229,0.09511528420704973,-0.01627724615128645,0.058497760072461435,0.1338475337968641,-0.09057206891720682,-0.062411654397314664,0.16503014005857808,-0.13521842344339963,2.1428571428571397,601877.SH,正泰电器,0.0623220645413118,4,subjective/semi-quantitative,high_value,0
2019-03-29,22.8025924,3872.341,10,0.09999999999999987,0.002238805970149249,0.03731343283582089,0.06462808931341546,0.0074445923021757565,0.026646155387658244,0.03537191068658441,-0.005205786332026507,0.010667277448162649,0.034902550801250376,-0.006751539217225377,,20,0.09999999999999987,-0.08432835820895523,-0.06343283582089554,0.06552857819081548,0.0008033899907060604,0.007228702224313377,0.03447142180918439,-0.0851317481996613,-0.07066153804520892,0.034902550801250376,-0.07494062852339589,1.1858407079646,60,0.09999999999999987,-0.15820895522388068,-0.1384328358208956,0.06552857819081548,-0.08162633404444497,-0.01207383337366208,0.03447142180918439,-0.0765826211794357,-0.12635900244723353,0.034902550801250376,-0.1279032854031349,0.6320754716981121,601877.SH,正泰电器,0.1211757014395195,4,subjective/semi-quantitative,neutral,0
2019-06-11,20.43724886,3719.275,10,0.008326394671107407,-0.03788509575353882,-0.0253955037468776,0.03678405065503365,-0.0216426588515235,0.022056449173561976,-0.028457655983926244,-0.016242436902015323,-0.04745195292043958,0.006376096326142333,-0.046427917908848704,0.21978021978021908,20,0.026228143213988142,-0.04621149042464623,-0.0024979184013322886,0.059998252347567727,-0.0216426588515235,0.019857095804961977,-0.033770109133579584,-0.02456883157312273,-0.022355014206294266,0.006376096326142333,-0.07626128621497175,0.567567567567562,60,0.0458445961302445,-0.1382138035970465,-0.056220270539877326,0.059998252347567727,-0.03855939665660646,0.036118598382749445,-0.01415365621732323,-0.09965440694044003,-0.09233886892262677,0.012442367394038811,-0.13030485316148221,0.33169332539245855,601877.SH,正泰电器,-0.0369636970408525,2,subjective/semi-quantitative,low_value,1
2020-01-22,23.86158648,4131.931,10,0.06949524506217997,-0.12253108997805406,0.038405267008046806,-0.006874993798298923,-0.11907822274863733,-0.041630172430275225,0.07637023886047889,-0.003452867229416734,0.08003543943832203,0.08351206093505614,-0.011388955312574889,0.567164179104478,20,0.11960497439648865,-0.12253108997805406,0.025237746891002333,0.012707375800806053,-0.11907822274863733,-0.011388379912442792,0.1068975985956826,-0.003452867229416734,0.036626126803445125,0.10376973235380227,-0.011388955312574889,0.976119402985075,60,0.11960497439648865,-0.17812728602779815,-0.12362838332114123,0.020310116504849596,-0.15216720705161813,-0.08106594713222459,0.09929485789163905,-0.025960078976180023,-0.04256243618891664,0.10376973235380227,-0.05984803476658118,0.6714579055441476,601877.SH,正泰电器,-0.087754868321675,4,subjective/semi-quantitative,low_value,1
2020-02-20,26.41880844,4144.656,10,-0.0013214403700032573,-0.12454575487281139,-0.0938222662702346,0.01717754139306127,-0.052257654193737735,0.014975669874653041,-0.018498981763064526,-0.07228810067907365,-0.10879793614488764,-0.03647231262907458,-0.1142548290844434,-0.010610079575596443,20,-0.0013214403700032573,-0.2533861909481334,-0.2210109018830526,0.01717754139306127,-0.15477023907412335,-0.13404330781613727,-0.018498981763064526,-0.09861595187401007,-0.08696759406691534,-0.03647231262907458,-0.14823541751907487,-0.005215123859191474,60,-0.0013214403700032573,-0.2576808721506443,-0.15262636273538155,0.01717754139306127,-0.15477023907412335,-0.050531093533456084,-0.018498981763064526,-0.10291063307652093,-0.10209526920192546,-0.03647231262907458,-0.1518477657572127,-0.005128205128204947,601877.SH,正泰电器,-0.1384794555581029,4,subjective/semi-quantitative,low_value,1
2020-08-17,28.87985676,4815.2261,10,0.08687615526802217,-0.03820086260012323,0.061922365988909434,0.01785698079681053,-0.0316543599063811,0.00020543168263698064,0.06901917447121164,-0.006546502693742129,0.06171693430627245,0.07008883030717228,-0.010559825955923419,2.2741935483870965,20,0.08687615526802217,-0.1216882316697474,-0.05483672211953172,0.01785698079681053,-0.05341300588148923,-0.03409505526645984,0.06901917447121164,-0.06827522578825818,-0.020741666853071883,0.07008883030717228,-0.062408256785239535,0.7139240506329112,60,0.08687615526802217,-0.1216882316697474,-0.06869993838570554,0.037916308852039116,-0.05410051253875692,0.01652256786031292,0.048959846415983055,-0.06758771913099049,-0.08522250624601846,0.07008883030717228,-0.0838372987875754,0.7139240506329112,601877.SH,正泰电器,-0.1200448933605943,4,subjective/semi-quantitative,low_value,1
2020-10-28,27.58978306,4737.2718,10,0.07223476297968401,-0.07545952918413412,0.04579168010319257,0.054995767817248575,-0.012247323448909997,0.03538456459264161,0.017238995162435433,-0.06321220573522413,0.010407115510550957,0.03157950544729582,-0.052682009131861496,0.9572649572649581,20,0.08190906159303468,-0.07545952918413412,0.025798129635601352,0.061719004596696214,-0.012247323448909997,0.036609299048452115,0.020190056996338468,-0.06321220573522413,-0.010811169412850763,0.03157950544729582,-0.056523744493649164,1.0854700854700883,60,0.33440825540148333,-0.07545952918413412,0.2834569493711707,0.1915549156373082,-0.012247323448909997,0.17472028942903362,0.14285333976417514,-0.06321220573522413,0.1087366599421371,0.17306624167733098,-0.056523744493649164,4.431623931623933,601877.SH,正泰电器,-0.0103124792170589,2,subjective/semi-quantitative,neutral,0
2020-12-31,34.84088696,5211.2885,10,0.05669050051072522,-0.06537282941777312,-0.026813074565883666,0.08317156112159219,-0.003905233801582697,0.047357328230820395,-0.02648106061086697,-0.06146759561619042,-0.07417040279670406,0.021876551316798665,-0.10271686062629093,0.8671875000000014,20,0.05669050051072522,-0.06537282941777312,-0.055413687436159376,0.08523630959982365,-0.003905233801582697,0.026994494739640773,-0.02854580908909843,-0.06146759561619042,-0.08240818217580015,0.021876551316798665,-0.10271686062629093,0.8671875000000014,60,0.05669050051072522,-0.1570480081716037,-0.09984678243105216,0.13808939957939392,-0.06286871279530959,-0.009543052548328546,-0.0813988990686687,-0.0941792953762941,-0.09030372988272362,0.021876551316798665,-0.1853966659511076,0.36097560975609744,601877.SH,正泰电器,0.0723213638305145,4,subjective/semi-quantitative,low_value,1
2025-08-21,3.21391392,4288.0707,10,0.005952380952380931,-0.09226190476190477,-0.07440476190476186,0.06082525644924641,-0.00016496929493259316,0.01798892914708694,-0.05487287549686548,-0.09209693546697217,-0.0923936910518488,-0.032200898761158725,-0.11415559537579034,0.06451612903225783,20,0.005952380952380931,-0.1071428571428572,-0.1071428571428572,0.06664125197376047,-0.00016496929493259316,0.04898200489091753,-0.06068887102137954,-0.10697788784792461,-0.15612486203377474,-0.032200898761158725,-0.14883464283070325,0.055555555555555323,60,0.005952380952380931,-0.11904761904761896,-0.07738095238095244,0.11048399924935914,-0.00016496929493259316,0.038604051001304596,-0.10453161829697821,-0.11888264975268636,-0.11598500338225703,-0.032200898761158725,-0.18974688970191245,0.04999999999999986,601916.SH,浙商银行,-0.0816354019891227,2,subjective/semi-quantitative,low_value,1
2017-06-26,26.2601269,3668.091,10,0.07456445993031369,-0.03240418118466892,0.014634146341463428,0.0023011969986568293,-0.015711987516122128,-0.003927110859572425,0.07226326293165686,-0.016692193668546795,0.018561257201035852,0.05054481888250195,-0.012754542672744562,2.301075268817212,20,0.07456445993031369,-0.03240418118466892,0.005226480836237002,0.02374504885511297,-0.015711987516122128,0.020549381135855027,0.050819411075200716,-0.016692193668546795,-0.015322900299618025,0.05054481888250195,-0.015014364402988423,2.301075268817212,60,0.22648083623693394,-0.03240418118466892,0.18466898954703836,0.05421103238714631,-0.015711987516122128,0.047722643740299775,0.17226980384978763,-0.016692193668546795,0.1369463458067386,0.14554667536049193,-0.03541902108596218,6.989247311827976,601888.SH,中国中免,0.000803054489304,4,subjective/semi-quantitative,high_value,0
2017-08-30,27.19341364,3834.3,10,0.11507402422611035,-0.010767160161507361,0.09724091520861378,0.00808309208982072,-0.008714498083092104,0.0021662363404011398,0.10699093213628963,-0.002052662078415257,0.09507467886821264,0.09486916982495419,0.009739016893555386,10.687500000000039,20,0.19010767160161524,-0.010767160161507361,0.14973082099596224,0.00808309208982072,-0.008714498083092104,-0.0034165297446732135,0.18202457951179452,-0.002052662078415257,0.15314735074063546,0.16663013584551134,0.009739016893555386,17.65625000000008,60,0.5561911170928668,-0.010767160161507361,0.3670928667563931,0.11119083013848674,-0.008714498083092104,0.05723391492580121,0.4450002869543801,-0.002052662078415257,0.30985895183059187,0.44388262845019777,0.009739016893555386,51.656250000000206,601888.SH,中国中免,0.0277356076108924,2,subjective/semi-quantitative,high_value,0
2017-11-21,41.61360876,4217.701,10,0.010554089709762682,-0.15787159190853117,-0.10070360598065076,0.010180427678491144,-0.05580836574237946,-0.04209188844823275,0.00037366203127153774,-0.10206322616615171,-0.058611717532418006,-0.034848510019125256,-0.11680697279064178,0.06685236768802325,20,0.010554089709762682,-0.15787159190853117,-0.04309586631486373,0.010180427678491144,-0.0621810317990773,-0.043239670142572906,0.00037366203127153774,-0.09569056010945387,0.00014380382770917688,0.027359175332943186,-0.11680697279064178,0.06685236768802325,60,0.18535620052770452,-0.15787159190853117,0.1389621811785402,0.04401355145848429,-0.10872155233384251,-0.05944944888222281,0.14134264906922023,-0.049150039574688664,0.198411630060763,0.21095264877040898,-0.11680697279064178,1.1740947075208918,601888.SH,中国中免,-0.0864386494792869,4,subjective/semi-quantitative,low_value,1
2017-12-19,39.82023424,4035.329,10,0.05078125,-0.053538602941176405,0.04963235294117663,0.025952035137655427,-0.013652914049882892,0.01884926854786806,0.024829214862344573,-0.039885688891293514,0.03078308439330857,0.03021358050065892,-0.04214638202739829,0.9484978540772544,20,0.16957720588235303,-0.053538602941176405,0.10799632352941191,0.06146091186121372,-0.013652914049882892,0.052731016479697246,0.10811629402113931,-0.039885688891293514,0.05526530704971466,0.07475955488173414,-0.04214638202739829,3.1673819742489324,60,0.34420955882352944,-0.053538602941176405,0.31548713235294135,0.09119652945274104,-0.0684412596841546,0.006373953647893504,0.2530130293707884,0.014902656742978193,0.30911317870504784,0.30715538452140745,-0.04214638202739829,6.429184549356232,601888.SH,中国中免,0.0589752575982083,3,subjective/semi-quantitative,high_value,0
2018-03-01,49.40014813,4049.086,10,0.07538433043156156,-0.022041118725689923,0.05315799222078166,0.022335657973182155,-0.013142472152974705,0.011626327521816249,0.05304867245837941,-0.008898646572715219,0.04153166469896541,0.053330192325870884,-0.004761132762475917,3.4201680672269013,20,0.08353398777551391,-0.036673458047786545,-0.005186145582515178,0.022335657973182155,-0.06293395595944362,-0.03828938185062003,0.06119832980233175,0.026260497911657077,0.03310323626810485,0.10757045896592032,-0.004761132762475917,2.277777777777781,60,0.2087423596962401,-0.09761066864234114,0.17892202259677714,0.022335657973182155,-0.08421159738271788,-0.08044136380407829,0.18640670172305795,-0.013399071259623252,0.25936338640085543,0.2820520369139301,-0.004761132762475917,2.138519924098673,601888.SH,中国中免,0.0454937007012209,4,subjective/semi-quantitative,high_value,0
2019-06-27,80.35221402,3834.817,10,0.05902055902055903,-0.056941556941557,-0.005313005313005381,0.0280607914275961,-0.015799189374616884,-0.012933081291753967,0.030959767592962928,-0.04114236756694012,0.007620075978748586,0.028603863554727438,-0.0473941558731239,1.0365111561866116,20,0.05902055902055903,-0.056941556941557,0.017556017556017434,0.0280607914275961,-0.02319876020159506,0.004237229573145207,0.030959767592962928,-0.033742796739961944,0.013318787982872227,0.030916060421970926,-0.0473941558731239,1.0365111561866116,60,0.11896511896511885,-0.056941556941557,0.07842457842457828,0.039225339827167804,-0.06752734224344992,0.0262943446845052,0.07973977913795105,0.010585785301892914,0.052130233740073084,0.11544630968462122,-0.0473941558731239,2.0892494929006045,601888.SH,中国中免,-0.0346869677489102,4,subjective/semi-quantitative,neutral,0
2019-07-25,81.7628789,3851.066,10,0.0434733257661748,-0.06617480136208864,-0.006583427922814966,0.010299226240215065,-0.07146177188342129,-0.0472006971576181,0.03317409952595973,0.005286970521332646,0.04061726923480313,0.055298456990322764,0.015048759180332993,0.6569468267581464,20,0.07604994324631109,-0.06617480136208864,0.07094211123723038,0.010299226240215065,-0.07146177188342129,-0.014946510914120914,0.06575071700609603,0.005286970521332646,0.08588862215135129,0.0871918358779229,0.015048759180332993,1.1492281303602052,60,0.11543700340522123,-0.06617480136208864,0.025993189557321328,0.03484048312856758,-0.07146177188342129,0.011873595518747226,0.08059652027665365,0.005286970521332646,0.014119594038574101,0.10600130018108311,0.0011473067108962454,1.7444253859348153,601888.SH,中国中免,0.017896718807228,4,subjective/semi-quantitative,neutral,0
2019-08-14,82.27331685,3682.401,10,0.09283699943598411,-0.02425267907501416,0.0703891708967852,0.04503420458554097,-0.01908836109918499,0.032637129959502076,0.04780279485044314,-0.005164317975829169,0.03775204093728313,0.0461017977013225,-0.016858729984233878,3.8279069767441727,20,0.09283699943598411,-0.02425267907501416,0.027749576988155722,0.08223927812315934,-0.01908836109918499,0.06726535214388663,0.01059772131282477,-0.005164317975829169,-0.0395157751557309,0.0461017977013225,-0.037025258129436134,3.8279069767441727,60,0.10851663846587711,-0.04816694867456284,-0.0443316412859559,0.09456791913754103,-0.01908836109918499,0.06068214732724653,0.013948719328336079,-0.029078587575377846,-0.10501378861320243,0.05100050362725228,-0.09900589811737737,2.252927400468388,601888.SH,中国中免,-0.0233211679870234,4,subjective/semi-quantitative,low_value,1
2019-08-30,88.61202812,3799.586,10,0.007331378299120228,-0.0573942186845412,-0.02859237536656889,0.04886137594990614,6.053291069085809e-05,0.04161742884619546,-0.04152999765078591,-0.057454751595232056,-0.07020980421276435,-0.02331297596333126,-0.07745741056112243,0.1277372262773723,20,0.007331378299120228,-0.0573942186845412,-0.025345622119815725,0.04886137594990614,6.053291069085809e-05,0.0039325337023559115,-0.04152999765078591,-0.057454751595232056,-0.029278155822171636,-0.02331297596333126,-0.07745741056112243,0.1277372262773723,60,0.02922077922077926,-0.14034352744030165,-0.1256807708420613,0.06080978296056472,6.053291069085809e-05,0.009598940516150956,-0.03158900373978546,-0.1404040603509925,-0.13527971135821226,0.006872438039683404,-0.14802268265577723,0.20820895522388083,601888.SH,中国中免,0.0403867851498548,4,subjective/semi-quantitative,low_value,1
2019-09-18,87.0528722,3910.083,10,0.0476545842217484,-0.019189765458422214,-0.005863539445629007,0.008220030111892873,-0.026857741894481535,-0.017095289281582993,0.039434554109855524,0.0076679764360593206,0.011231749835953986,0.05471159923409452,-0.011050951297930656,2.483333333333328,20,0.0476545842217484,-0.02014925373134313,-0.01844349680170565,0.018855865719474618,-0.026857741894481535,-0.009973957074568607,0.02879871850227378,0.006708488163138404,-0.008469539727137043,0.05471159923409452,-0.011050951297930656,2.365079365079383,60,0.0476545842217484,-0.12494669509594869,-0.09264392324093806,0.04016589929165182,-0.026918610167610213,0.03138015228832747,0.0074886849300965785,-0.09802808492833848,-0.12402407552926553,0.05471159923409452,-0.12025059358966017,0.38139931740614375,601888.SH,中国中免,0.0344441084163309,4,subjective/semi-quantitative,neutral,0
2019-10-25,83.88815691,3896.792,10,0.03883172917358091,-0.018696758490983623,0.0012169487775195442,0.03434774039774258,-0.005228916503626557,0.019559165590567806,0.004483988775838332,-0.013467841987357065,-0.018342216813048262,0.013543142429382593,-0.021010976918317437,2.0769230769230522,20,0.03883172917358091,-0.07279566323708386,-0.06294944130987956,0.03434774039774258,-0.01624130823508152,-0.012009365652567494,0.004483988775838332,-0.05655435500200234,-0.05094007565731207,0.013543142429382593,-0.0649034672285419,0.533434650455923,60,0.05299258767562787,-0.09193494855625628,-0.03861046575948679,0.08384204237742221,-0.023599668650520655,0.07417332000270993,-0.030849454701794343,-0.06833527990573562,-0.11278378576219672,0.013543142429382593,-0.10499589187516978,0.5764139590854392,601888.SH,中国中免,0.0006360907039936,2,subjective/semi-quantitative,low_value,1
2021-06-23,4.4975104,5147.3938,10,0.017578124999999778,-0.0234375,0.009765624999999778,0.02200014306268927,-0.02309673683797031,-0.0013412418533045312,-0.004422018062689492,-0.00034076316202968915,0.011106866853304309,0.022536822149827662,-0.026218825827314607,0.7499999999999906,20,0.017578124999999778,-0.057065660148334585,-0.034996984109253115,0.02200014306268927,-0.027389064345533454,-0.0006510090601576923,-0.004422018062689492,-0.02967659580280113,-0.03434597504909542,0.022536822149827662,-0.041773063406910116,0.3080333243198761,60,0.48863251099986327,-0.07311560635857584,0.34418299510769335,0.02200014306268927,-0.09392965037957657,-0.05441104972384281,0.466632367937174,0.020814044021000733,0.39859404483153615,0.49369940506899246,-0.041773063406910116,6.683012496723292,601985.SH,中国核电,0.02219957785282,2,subjective/semi-quantitative,low_value,1
2025-09-11,8.4464298,4548.0345,10,0.0035211267605632646,-0.07042253521126773,-0.05633802816901412,0.014492875988517673,-0.020458485967949414,0.009993987512627811,-0.010971749227954408,-0.04996404924331832,-0.06633201568164193,-0.00840785952219858,-0.06567565401552711,0.04999999999999827,20,0.0035211267605632646,-0.07042253521126773,-0.052816901408450745,0.039206035046567944,-0.020458485967949414,-0.00743178179497106,-0.03568490828600468,-0.04996404924331832,-0.045385119613479685,-0.00840785952219858,-0.07508638356213837,0.04999999999999827,60,0.0035211267605632646,-0.10018266179161284,-0.07889920306920695,0.047009186056086394,-0.02775313160003512,0.007237302179655902,-0.04348805929552313,-0.07242953019157772,-0.08613650524886285,-0.00840785952219858,-0.09516092334531667,0.035147067342725054,601901.SH,方正证券,-0.0278863645219956,2,subjective/semi-quantitative,low_value,1
2010-09-27,6.80152455,2905.029,10,0.3136033229491175,-0.023883696780893082,0.25545171339563866,0.16694704252522086,-0.0163891651339797,0.13808158197388032,0.14665628042389667,-0.007494531646913383,0.11737013142175834,0.1371632004580441,-0.007333687931334265,13.130434782608681,20,0.3811007268951194,-0.023883696780893082,0.35721703011422634,0.20474425556509068,-0.0163891651339797,0.1955113012641181,0.17635647133002874,-0.007494531646913383,0.16170572885010825,0.14471408145508446,-0.007333687931334265,15.956521739130409,60,0.3883696780893042,-0.023883696780893082,0.14537902388369672,0.2247681520563134,-0.0163891651339797,0.06701482153878668,0.16360152603299083,-0.007494531646913383,0.07836420234491004,0.14471408145508446,-0.007333687931334265,16.260869565217362,601898.SH,中煤能源,0.0516911998408498,2,subjective/semi-quantitative,high_value,0
2011-01-04,7.81857495,3189.682,10,0.01897018970189701,-0.09756097560975618,-0.08220415537488712,0.00633856290376289,-0.07589534003703191,-0.06647496521596818,0.012631626798134121,-0.021665635572724273,-0.015729190158918938,0.014395462665077297,-0.016849243001349046,0.1944444444444442,20,0.01897018970189701,-0.10388437217705504,-0.0677506775067751,0.00633856290376289,-0.0848109623467167,-0.0352383090226549,0.012631626798134121,-0.01907340983033834,-0.0325123684841202,0.014395462665077297,-0.034393049333285575,0.18260869565217394,60,0.08220415537488712,-0.10388437217705504,-0.0009033423667570428,0.051981670900108634,-0.0848109623467167,0.04224151498487938,0.030222484474778488,-0.01907340983033834,-0.04314485735163642,0.025695526769023314,-0.058985501222810544,0.7913043478260878,601898.SH,中煤能源,-0.0892721737850558,2,subjective/semi-quantitative,low_value,1
2011-05-31,7.0063472,3001.556,10,0.007056451612903025,-0.027217741935483875,-0.01621318452502618,0.003748056008283651,-0.026589542224099705,-0.012805691448035561,0.003308395604619374,-0.0006281997113841697,-0.0034074930769906198,0.006575240136826865,-0.0034516944105854597,0.25925925925925186,20,0.02580271071921758,-0.0602786356348427,-0.004940627264375386,0.018146254809172424,-0.0463586219947254,-0.00046209366075466995,0.007656455910045157,-0.013920013640117301,-0.004478533603620716,0.016119962291294643,-0.014597393105797551,0.42805731164065874,60,0.15492473025030762,-0.0602786356348427,-0.015188406592239745,0.046158059353215375,-0.10144538366100786,-0.0638135686957032,0.10876667089709224,0.041166748026165156,0.04862516210346346,0.13511606342262694,-0.014597393105797551,2.5701432791016403,601898.SH,中煤能源,0.0105633834068703,2,subjective/semi-quantitative,low_value,1
2013-04-16,5.09070492,2459.592,10,0.02023121387283222,-0.043352601156069315,-0.037572254335260125,0.03368892076409424,-0.014845958191439856,0.013546962260407192,-0.013457706891262022,-0.02850664296462946,-0.051119216595667316,-0.007677038382521872,-0.05043596251491056,0.4666666666666638,20,0.02023121387283222,-0.05780346820809257,-0.00867052023121384,0.0565597871516903,-0.014845958191439856,0.0538528341285871,-0.03632857327885808,-0.04295751001665271,-0.06252335435980094,-0.007677038382521872,-0.07128704936032615,0.3499999999999969,60,0.02023121387283222,-0.3006897716632926,-0.2663952402096801,0.08197985682178177,-0.17743633903509204,-0.07186395141958513,-0.06174864294894955,-0.12325343262820054,-0.19453128879009496,-0.007677038382521872,-0.215203904605767,0.06728268062103156,601898.SH,中煤能源,0.0070112633570022,2,subjective/semi-quantitative,low_value,1
2016-11-22,5.20613467,3468.364,10,0.0044709388971684305,-0.09538002980625926,-0.09090909090909094,0.0332591965549176,-0.0033321185434977973,-0.002655718949914232,-0.028788257657749172,-0.09204791126276146,-0.08825337195917671,-0.021170376713579686,-0.09480008542739937,0.04687500000000029,20,0.0044709388971684305,-0.15946348733233984,-0.15052160953800298,0.0332591965549176,-0.05163702541025106,-0.04592943531878435,-0.028788257657749172,-0.10782646192208878,-0.10459217421921863,-0.021170376713579686,-0.10962729392470683,0.028037383177570242,60,0.0044709388971684305,-0.17585692995529068,-0.07302533532041733,0.0332591965549176,-0.058862622262253916,0.00616803772614416,-0.028788257657749172,-0.11699430769303676,-0.07919337304656149,-0.021170376713579686,-0.11396922244938235,0.025423728813559456,601898.SH,中煤能源,0.0496755225649357,3,subjective/semi-quantitative,low_value,1
2017-01-18,4.5000866,3339.365,10,0.037931034482758585,-0.008620689655172487,0.029310344827585988,0.01692537353658574,-0.004396344814058817,0.013153099466515439,0.021005660946172844,-0.00422434484111367,0.01615724536107055,0.019924324590580467,0.0022373626812319802,4.399999999999959,20,0.096551724137931,-0.008620689655172487,0.07241379310344809,0.04513432943089479,-0.004396344814058817,0.04503610716408657,0.05141739470703621,-0.00422434484111367,0.027377685939361518,0.05916443903140656,0.0022373626812319802,11.199999999999902,60,0.096551724137931,-0.020689655172413945,-0.006896551724138056,0.056133426564631383,-0.004396344814058817,0.038157553906206676,0.04041829757329962,-0.01629331035835513,-0.04505410563034473,0.05916443903140656,-0.04694017850813659,4.6666666666666305,601898.SH,中煤能源,0.0221468446433287,2,subjective/semi-quantitative,high_value,0
2017-11-07,4.56707745,4054.246,10,0.023931623931623847,-0.06324786324786325,-0.032478632478632474,0.040948921205077315,-0.0039084949457925955,0.0403169911248602,-0.01701729727345347,-0.05933936830207065,-0.07279562360349268,0.004889475979755753,-0.06997446376876071,0.37837837837837707,20,0.023931623931623847,-0.06324786324786325,-0.018803418803418848,0.050907863015712485,-0.01774140000384783,-0.003471915616368615,-0.026976239084088638,-0.045506463244015416,-0.015331503187050233,0.01576743138370862,-0.06997446376876071,0.37837837837837707,60,0.10256410256410242,-0.06324786324786325,0.05128205128205132,0.08610503654686963,-0.024370992781395096,0.054671571483328796,0.016459066017232793,-0.03887687046646815,-0.003389520201277474,0.021342174089930888,-0.06997446376876071,1.6216216216216195,601898.SH,中煤能源,0.0191764156940557,2,subjective/semi-quantitative,low_value,1
2019-11-04,3.94104096,3978.121,10,0.014256619144602745,-0.05295315682281054,-0.046843177189409446,0.013201458678607336,-0.02760222728267947,-0.017644511064394464,0.0010551604659954084,-0.025350929540131073,-0.029198666125014983,0.02944482170416185,-0.029723115973680825,0.26923076923076744,20,0.014256619144602745,-0.054989816700611094,-0.020366598778004064,0.013201458678607336,-0.04356126925249382,-0.035711080683568985,0.0010551604659954084,-0.011428547448117277,0.015344481905564922,0.03268622307767299,-0.035231896118695594,0.25925925925925686,60,0.06720977596741351,-0.1568228105906314,-0.12423625254582482,0.06168389548734177,-0.08501827873008394,-0.03760418549360367,0.005525880480071743,-0.07180453186054747,-0.08663206705222115,0.03268622307767299,-0.09001708626159588,0.4285714285714289,601898.SH,中煤能源,-0.026225332837523,3,subjective/semi-quantitative,low_value,1
2019-11-25,3.9330144,3878.206,10,0.004081632653061273,-0.03877551020408154,-0.01632653061224487,0.008705571596764106,-0.018920346160054446,0.004445354372614396,-0.004623938943702832,-0.019855164044027096,-0.020771884984859268,0.008803732825002575,-0.03864669886727823,0.10526315789473835,20,0.008163265306122547,-0.03877551020408154,-0.01836734693877551,0.04871556590856696,-0.018920346160054446,0.022920391541862317,-0.04055230060244441,-0.019855164044027096,-0.041287738480637826,0.008803732825002575,-0.04243350699093362,0.2105263157894767,60,0.06938775510204098,-0.1551020408163265,-0.08775510204081638,0.08903627089432575,-0.06144542089821947,0.05023173085699928,-0.01964851579228477,-0.09365661991810703,-0.13798683289781566,0.008803732825002575,-0.1593685708483732,0.44736842105263275,601898.SH,中煤能源,0.0282532187594479,2,subjective/semi-quantitative,low_value,1
2020-10-09,3.2989719,4681.1412,10,0.057644110275689275,0.0,0.015037593984962516,0.03598776298394912,0.00491636526580308,0.007978161393636052,0.021656347291740152,-0.00491636526580308,0.007059432591326464,0.02345248003293321,-0.015691539944192034,,20,0.057644110275689275,-0.020050125313283207,0.03007518796992481,0.04624690663037456,-0.008937841909148037,0.043702292082110406,0.011397203645314713,-0.01111228340413517,-0.013627104112185595,0.02345248003293321,-0.027343795744473987,2.8750000000000027,60,0.1578947368421053,-0.020050125313283207,0.10776942355889729,0.12887735580375148,-0.008937841909148037,0.12530638896344337,0.02901738103835383,-0.01111228340413517,-0.01753696540454608,0.06998202211279358,-0.027343795744473987,7.875000000000003,601898.SH,中煤能源,0.0062588176628997,2,subjective/semi-quantitative,low_value,1
2013-02-28,2.7094582,2673.327,10,0.0,-0.05135135135135138,-0.04594594594594581,0.002815592705269321,-0.05942557719276398,-0.05201533519842505,-0.002815592705269321,0.008074225841412597,0.00606938925247924,0.030260867081838727,-0.002179393281128039,0.0,20,0.0,-0.06756756756756743,-0.05405405405405406,0.002815592705269321,-0.06788282914884725,-0.0650967876357812,-0.002815592705269321,0.0003152615812798132,0.011042733581727138,0.030260867081838727,-0.030187501454711718,0.0,60,0.0,-0.18918918918918903,-0.16216216216216217,0.002815592705269321,-0.09602641203264695,-0.014590059502634811,-0.002815592705269321,-0.09316277715654209,-0.14757210265952736,0.030260867081838727,-0.14975706718063286,0.0,601899.SH,紫金矿业,-0.0075537750925156,2,subjective/semi-quantitative,low_value,1
2016-04-27,2.61173601,3165.916,10,0.02786377708978316,-0.05882352941176483,-0.04334365325077405,0.01799352857119385,-0.041344432385445495,-0.023935884590747247,0.009870248518589309,-0.017479097026319335,-0.019407768660026803,0.0034807673591488175,-0.019883702672430892,0.4736842105263127,20,0.02786377708978316,-0.07430340557275539,-0.0619195046439629,0.01799352857119385,-0.04373836829530542,-0.03212498373298611,0.009870248518589309,-0.03056503727744997,-0.029794520910976785,0.0038113851834118417,-0.032408049613731116,0.3749999999999985,60,0.2538699690402477,-0.07739938080495345,0.0952568364671742,0.04266537709781293,-0.04373836829530542,0.020521390965521524,0.2112045919424348,-0.033661012509648036,0.07473544550165268,0.2392251178941991,-0.06265832281688322,3.280000000000005,601899.SH,紫金矿业,0.0028164634855405,2,subjective/semi-quantitative,low_value,1
2017-11-07,3.11573987,4054.246,10,0.00536193029490617,-0.04021447721179627,-0.013404825737265536,0.040948921205077315,-0.0039084949457925955,0.0403169911248602,-0.035586990910171146,-0.03630598226600368,-0.05372181686212574,-0.001143351410188842,-0.051639853352811405,0.13333333333333333,20,0.08042895442359255,-0.04021447721179627,0.07506702412868638,0.050907863015712485,-0.01774140000384783,-0.003471915616368615,0.029521091407880062,-0.022473077207948444,0.07853893974505499,0.07881257033878031,-0.051639853352811405,2.0,60,0.3806970509383376,-0.04021447721179627,0.37533512064343166,0.08610503654686963,-0.024370992781395096,0.054671571483328796,0.294592014391468,-0.015843484430401178,0.32066354916010287,0.3040411421245668,-0.051639853352811405,9.466666666666656,601899.SH,紫金矿业,0.1161150202734693,2,subjective/semi-quantitative,neutral,0
2019-10-23,2.85478992,3871.084,10,0.12037037037037046,-0.015432098765432056,0.10802469135802473,0.04121687878640712,-0.0056963372533378465,0.029396675453180476,0.07915349158396334,-0.00973576151209421,0.07862801590484425,0.07638262079118241,-0.009152523420477787,7.800000000000027,20,0.12037037037037046,-0.015432098765432056,0.06172839506172845,0.04121687878640712,-0.0056963372533378465,0.009501214646853384,0.07915349158396334,-0.00973576151209421,0.05222718041487506,0.0795987561876228,-0.009152523420477787,7.800000000000027,60,0.5493827160493829,-0.015432098765432056,0.3950617283950617,0.09103987410244763,-0.017115360968658844,0.07180391848898138,0.4583428419469353,0.0016832622032267874,0.32325780990608033,0.4062027537388342,-0.009152523420477787,35.600000000000115,601899.SH,紫金矿业,0.0372428425342532,2,subjective/semi-quantitative,high_value,0
2024-12-23,14.94754536,3933.5718,10,0.03481624758220514,-0.03288201160541582,0.03288201160541582,0.018860924313114147,-0.04842903846321045,-0.03494694058972048,0.015955323269090993,0.015547026857794632,0.0678289521951363,0.0702852050814542,-0.025476823174563568,1.0588235294117694,20,0.07414571244358492,-0.03288201160541582,0.047711154094132846,0.018860924313114147,-0.058334895526757635,-0.025665554140895552,0.055284788130470774,0.025452883921341818,0.0733767082350284,0.11733372878868442,-0.025476823174563568,2.254901960784321,60,0.22243713733075454,-0.03288201160541582,0.17343649258542881,0.023319060808804748,-0.058334895526757635,-0.0036138148031262807,0.1991180765219498,0.025452883921341818,0.1770503073885551,0.18671656584062268,-0.025476823174563568,6.764705882352956,601899.SH,紫金矿业,0.1311266769402738,2,subjective/semi-quantitative,high_value,0
2013-02-05,1.8055822,2771.675,10,0.016355140186915973,-0.03971962616822422,-0.03738317757009335,0.007081638359475617,-0.0746851633037785,-0.07363056635428045,0.009273501827440356,0.03496553713555428,0.036247388784187096,0.04411123036599629,-0.006167764592119873,0.4117647058823559,20,0.016355140186915973,-0.06542056074766356,-0.025700934579439227,0.007081638359475617,-0.08766576167840756,-0.07795286243877808,0.009273501827440356,0.022245200930744002,0.052251927859338854,0.05666947570331726,-0.006167764592119873,0.2500000000000013,60,0.016355140186915973,-0.2359813084112149,-0.23130841121495316,0.007081638359475617,-0.1281023207987949,-0.10042194701759766,0.009273501827440356,-0.10787898761241999,-0.1308864641973555,0.05666947570331726,-0.14549761831496788,0.06930693069306969,601919.SH,中远海控,0.0616234602111733,2,subjective/semi-quantitative,low_value,1
2013-02-28,1.7633957,2673.327,10,0.026315789473684292,-0.0430622009569378,-0.023923444976076458,0.002815592705269321,-0.05942557719276398,-0.05201533519842505,0.02350019676841497,0.016363376235826177,0.028091890222348592,0.04355760975782519,-0.005506354611623854,0.6111111111111129,20,0.026315789473684292,-0.055023923444976086,-0.04066985645933008,0.002815592705269321,-0.06788282914884725,-0.0650967876357812,0.02350019676841497,0.01285890570387116,0.024426931176451117,0.04355760975782519,-0.016110502679424488,0.4782608695652188,60,0.026315789473684292,-0.22248803827751207,-0.1722488038277512,0.002815592705269321,-0.09602641203264695,-0.014590059502634811,0.02350019676841497,-0.12646162624486512,-0.1576587443251164,0.04355760975782519,-0.178368659374463,0.11827956989247343,601919.SH,中远海控,-0.0248756201297215,2,subjective/semi-quantitative,low_value,1
2017-01-18,2.28228965,3339.365,10,0.09981515711645117,-0.01848428835489835,0.0813308687615526,0.01692537353658574,-0.004396344814058817,0.013153099466515439,0.08288978357986543,-0.014087943540839531,0.06817776929503716,0.06729266221554941,-0.013691772992288187,5.400000000000005,20,0.20147874306839175,-0.01848428835489835,0.1792975970425137,0.04513432943089479,-0.004396344814058817,0.04503610716408657,0.15634441363749696,-0.014087943540839531,0.13426148987842712,0.128475455496722,-0.013691772992288187,10.899999999999986,60,0.20147874306839175,-0.01848428835489835,0.038817005545286554,0.056133426564631383,-0.004396344814058817,0.038157553906206676,0.14534531650376037,-0.014087943540839531,0.0006594516390798777,0.128475455496722,-0.013691772992288187,10.899999999999986,601919.SH,中远海控,0.0663879569775297,2,subjective/semi-quantitative,high_value,0
2019-06-19,2.02073335,3715.938,10,0.09812108559498967,0.0,0.056367432150313146,0.06095015578839047,0.00033558148709689206,0.04779304713910726,0.037170929806599196,-0.00033558148709689206,0.008574385011205887,0.026364090427268616,-0.007116410812056384,,20,0.12108559498956173,-0.01670146137787054,0.04801670146137771,0.06095015578839047,0.00033558148709689206,0.02387015068604481,0.06013543920117126,-0.017037042864967433,0.024146550775332898,0.02819552564360195,-0.028940335435971742,7.250000000000019,60,0.12108559498956173,-0.11064718162839249,0.025052192066805867,0.07247187654907039,-0.037696000310015965,0.05763309290951568,0.04861371844049134,-0.07295118131837652,-0.032580900842709815,0.03695263762593193,-0.07918892909236963,1.0943396226415107,601919.SH,中远海控,0.0261682333763337,2,subjective/semi-quantitative,high_value,0
2026-02-04,14.10612034,4698.6832,10,0.043239533287577236,-0.01853122855181888,0.034317089910775644,0.01444564298354889,-0.019589594803923083,0.005999702214441571,0.028793890304028347,0.0010583662521042037,0.028317387696334073,0.02814850504826283,-0.012930251325522946,2.3333333333333255,20,0.16540837336993808,-0.01853122855181888,0.0940288263555249,0.01444564298354889,-0.03186301217328302,-0.002367280262691618,0.1509627303863892,0.013331783621464144,0.09639610661821651,0.17542565541214672,-0.012930251325522946,8.925925925925883,60,0.16540837336993808,-0.04392587508579271,-0.03294440631434459,0.06436631011854543,-0.06478174566014594,0.06377499551363663,0.10104206325139264,0.02085587057435323,-0.09671940182798122,0.17542565541214672,-0.09092092052913958,3.765624999999998,601919.SH,中远海控,-0.0235993673906985,2,subjective/semi-quantitative,high_value,0
2026-05-14,13.8447166,4914.5971,10,0.04195804195804209,-0.023076923076923106,-0.00909090909090915,0.012129926174416106,-0.028702881870011354,-7.809388891710789e-05,0.029828115783625986,0.005625958793088248,-0.009012815201992042,0.05407801086601571,-0.00901351910275161,1.8181818181818217,20,0.06293706293706292,-0.023076923076923106,-0.004895104895104918,0.015719579535828032,-0.04822956901187292,-0.03910491462260457,0.04721748340123488,0.025152645934949813,0.03420980972749965,0.09513029105778714,-0.00901351910275161,2.727272727272723,60,0.13834038321882303,-0.05523526570417481,0.1145045757021852,0.03045382906362759,-0.08879421672226184,-0.04479728358607471,0.10788655415519544,0.033558951018087035,0.1593018592882599,0.22827787608237138,-0.05796374162695217,2.504566266771248,601919.SH,中远海控,-0.0323018282313097,2,subjective/semi-quantitative,neutral,0
2011-01-04,2.0404742,3189.682,10,0.06008583690987135,-0.01716738197424872,0.017167381974249052,0.00633856290376289,-0.07589534003703191,-0.06647496521596818,0.05374727400610846,0.05872795806278319,0.08364234719021724,0.08959839755081411,-0.007823507045063516,3.5000000000000484,20,0.06008583690987135,-0.01716738197424872,0.03433476394849788,0.00633856290376289,-0.0848109623467167,-0.0352383090226549,0.05374727400610846,0.06764358037246798,0.06957307297115278,0.08959839755081411,-0.007823507045063516,3.5000000000000484,60,0.09871244635193155,-0.01716738197424872,0.09227467811158818,0.051981670900108634,-0.0848109623467167,0.04224151498487938,0.046730775451822915,0.06764358037246798,0.0500331631267088,0.08959839755081411,-0.007823507045063516,5.750000000000083,601939.SH,建设银行,0.1229127046075674,2,subjective/semi-quantitative,high_value,0
2012-04-12,2.17450604,2570.436,10,0.01890756302521024,-0.018907563025209906,0.006302521008403561,0.028529012198708736,-0.011243617814254203,0.023751223527837206,-0.009621449173498497,-0.007663945210955703,-0.017448702519433645,-0.005762501673765574,-0.02558327756687928,1.0000000000000175,20,0.01890756302521024,-0.031512605042016695,-0.031512605042016695,0.05734007771444216,-0.011243617814254203,0.017544883436117376,-0.03843251468923192,-0.02026898722776249,-0.04905748847813407,-0.005762501673765574,-0.05421414111086331,0.6000000000000071,60,0.01890756302521024,-0.09257362191553165,-0.09035497551434701,0.05734007771444216,-0.06538384927693197,-0.06369736496065259,-0.03843251468923192,-0.027189772638599674,-0.026657610553694422,-0.005762501673765574,-0.08031916882702361,0.20424352676254098,601939.SH,建设银行,-0.0006208145628585,2,subjective/semi-quantitative,low_value,1
2015-03-09,3.1500594,3537.75,10,0.08947368421052637,-0.024561403508771895,0.08421052631578951,0.12283117800862131,-0.00728287753515644,0.1227647516076602,-0.03335749379809494,-0.017278525973615455,-0.03855422529187069,0.008850399645283336,-0.03433864951377019,3.6428571428571503,20,0.11052631578947358,-0.024561403508771895,0.10175438596491237,0.20428831884672438,-0.00728287753515644,0.20416762066285066,-0.0937620030572508,-0.017278525973615455,-0.10241323469793828,0.008850399645283336,-0.08922390449638062,4.500000000000003,60,0.3070175438596492,-0.024561403508771895,0.16666666666666674,0.4774486608720232,-0.00728287753515644,0.45391562433750265,-0.170431117012374,-0.017278525973615455,-0.2872489576708359,0.008850399645283336,-0.1975692074990425,12.50000000000002,601939.SH,建设银行,0.1299998119002171,2,subjective/semi-quantitative,low_value,1
2017-04-21,3.60989168,3466.787,10,0.01520270270270263,-0.013513513513513487,0.0016891891891892552,-6.40362387420712e-05,-0.03669478395990289,-0.031145265053780236,0.015266738941444702,0.0231812704463894,0.03283445424296949,0.033889966223669354,0.006940858080592749,1.124999999999997,20,0.060810810810810745,-0.013513513513513487,0.03209459459459452,-6.40362387420712e-05,-0.044391247573041026,-0.016022905358765827,0.060874847049552816,0.03087773405952754,0.04811749995336034,0.0655623547375106,0.006940858080592749,4.500000000000004,60,0.15317833581089624,-0.013513513513513487,0.1372846068334106,0.07622591177363947,-0.044391247573041026,0.07585092479001454,0.07695242403725677,0.03087773405952754,0.061433682043396054,0.08956989664043169,0.006940858080592749,11.335196850006344,601939.SH,建设银行,0.116253782684462,4,subjective/semi-quantitative,high_value,0
2021-11-11,4.5063403,4898.6529,10,0.0,-0.011925042589437829,-0.010221465076660996,0.007519536646493297,-0.014103142519038325,-0.00045140981513502876,-0.007519536646493297,0.0021780999296004966,-0.009770055261525967,0.005716337554655171,-0.012991108731199241,0.0,20,0.011925042589437718,-0.022146507666098825,0.006814310051107331,0.04406278713888856,-0.018052656884508078,0.0367523896212365,-0.03213774454945084,-0.0040938507815907466,-0.029938079570129172,0.005716337554655171,-0.028876788585041613,0.5384615384615334,60,0.09710391822827935,-0.022146507666098825,0.08517887563884163,0.0500521480099152,-0.07679294852672658,-0.06068149878510476,0.04705177021836415,0.054646440860627754,0.1458603744239464,0.15528319120223188,-0.03652167680163909,4.38461538461538,601939.SH,建设银行,0.0747230253984117,2,subjective/semi-quantitative,low_value,1
2026-06-15,33.68,4891.7126,10,0.10095011876484561,-0.016923990498812325,0.07333729216152007,0.035274517149678886,-0.01319856771634531,0.017932410828878087,0.06567560161516672,-0.003725422782467014,0.055404881332641986,0.0671410399644059,-0.018324726823836568,5.964912280701764,20,0.12975059382422804,-0.016923990498812325,0.052256532066508266,0.035274517149678886,-0.049608024805054995,-0.019463653690529492,0.09447607667454916,0.03268403430624267,0.07172018575703776,0.11705335433863273,-0.018324726823836568,7.666666666666679,44,0.15201900237529675,-0.016923990498812325,0.040380047505938155,0.035274517149678886,-0.08453139704078272,-0.030789727916558207,0.11674448522561787,0.0676074065419704,0.07116977542249636,0.16331475658655892,-0.018324726823836568,8.982456140350882,601995.SH,中金公司,-0.0208539269577408,2,subjective/semi-quantitative,high_value,0
2020-10-09,27.9142275,4681.1412,10,0.025084745762711913,-0.05694915254237287,-0.05491525423728816,0.03598776298394912,0.00491636526580308,0.007978161393636052,-0.01090301722123721,-0.06186551780817595,-0.06289341563092421,-0.01035825279842939,-0.0623956133573047,0.4404761904761914,20,0.19593220338983053,-0.07864406779661015,0.18338983050847468,0.04624690663037456,-0.008937841909148037,0.043702292082110406,0.14968529675945597,-0.06970622588746211,0.13968753842636428,0.1338384896594389,-0.07453809569471403,2.4913793103448283,60,0.4467796610169492,-0.07864406779661015,0.12338983050847463,0.12887735580375148,-0.008937841909148037,0.12530638896344337,0.31790230521319773,-0.06970622588746211,-0.001916558454968742,0.3352045330770095,-0.07453809569471403,5.681034482758623,603260.SH,合盛硅业,0.1049266216870521,2,subjective/semi-quantitative,high_value,0
2025-09-19,106.69647375,4501.9195,10,0.051426690190874425,-0.09774914187358508,-0.0799439869023788,0.04985104687011832,-0.009371869043860004,0.020448832992238097,0.0015756433207561038,-0.08837727282972507,-0.1003928198946169,0.0026229100978374387,-0.09838104238919787,0.5261088660745732,20,0.051426690190874425,-0.12496427511972952,-0.01619599682412176,0.04985104687011832,-0.009371869043860004,0.04755729195068903,0.0015756433207561038,-0.11559240607586951,-0.06375328877481079,0.0026229100978374387,-0.12233455563180662,0.4115311367316939,60,0.051426690190874425,-0.19572362155970502,-0.1585449819048026,0.0577341287421953,-0.017794009866236027,0.024368272244761346,-0.006307438551320876,-0.177929611693469,-0.18291325414956394,0.0026229100978374387,-0.19686102427762076,0.26275157684626654,603259.SH,药明康德,0.0550985336832207,3,subjective/semi-quantitative,low_value,1
2022-09-09,60.640956,4093.7874,10,0.03652392947103267,-0.023929471032745675,0.0037783375314861534,0.008384387523396875,-0.06493683575263343,-0.0628049468323637,0.028139541947635793,0.04100736471988775,0.06658328436384986,0.07104527935652705,0.01597691982935978,1.5263157894736756,20,0.08287153652392942,-0.12569269521410575,-0.046347607052896755,0.008384387523396875,-0.1055897284749081,-0.06042705099927759,0.07448714900053255,-0.020102966739197647,0.014079443946380832,0.13164271874856448,-0.008822378787514684,0.659318637274549,60,0.08287153652392942,-0.2511335012594459,0.004408060453400475,0.008384387523396875,-0.14603506278806766,-0.03428221504614537,0.07448714900053255,-0.10509843847137823,0.038690275499545845,0.13164271874856448,-0.12302555280552263,0.32998996990972895,603288.SH,海天味业,0.0011900749628215,2,subjective/semi-quantitative,low_value,1
2011-01-04,2.62237005,3189.682,10,0.03766478342749546,-0.058380414312617535,-0.05084745762711851,0.00633856290376289,-0.07589534003703191,-0.06647496521596818,0.03132622052373257,0.017514925724414376,0.015627507588849676,0.03200474667319586,-0.003800916308077329,0.6451612903225854,20,0.03766478342749546,-0.058380414312617535,-0.024482109227871862,0.00633856290376289,-0.0848109623467167,-0.0352383090226549,0.03132622052373257,0.026430548034099166,0.010756199794783039,0.04862878938475834,-0.003800916308077329,0.6451612903225854,60,0.12052730696798486,-0.058380414312617535,0.09416195856873832,0.051981670900108634,-0.0848109623467167,0.04224151498487938,0.06854563606787623,0.026430548034099166,0.051920443583858944,0.06447045772368432,-0.020958964556560655,2.064516129032263,601998.SH,中信银行,0.0110544759541301,2,subjective/semi-quantitative,low_value,1
2012-06-15,2.14084442,2568.054,10,0.007371007371007154,-0.03685503685503699,-0.02211302211302213,0.009798859369779533,-0.05863116585554673,-0.0400365412876833,-0.002427851998772379,0.021776129000509736,0.017923519174661173,0.02552482676519552,-0.00998656056745062,0.19999999999999338,20,0.007371007371007154,-0.04668304668304657,-0.029484029484029506,0.009798859369779533,-0.06559207867124284,-0.06554496128196674,-0.002427851998772379,0.018909031988196268,0.036060931797937235,0.0436704802402208,-0.00998656056745062,0.157894736842101,60,0.020992847299011075,-0.05284454066026911,-0.024837255572266237,0.009798859369779533,-0.1483971910247993,-0.0939964658064043,0.011193987929231541,0.0955526503645302,0.06915921023413807,0.14723606360687747,-0.00998656056745062,0.3972566898437332,601998.SH,中信银行,0.0060387471630206,2,subjective/semi-quantitative,low_value,1
2017-11-07,3.96684725,4054.246,10,0.03403565640194506,-0.02917341977309551,0.024311183144246407,0.040948921205077315,-0.0039084949457925955,0.0403169911248602,-0.0069132648031322574,-0.025264924827302915,-0.016005807980613795,0.004788235752931191,-0.03797806636188872,1.1666666666666767,20,0.06320907617504057,-0.02917341977309551,0.05510534846029169,0.050907863015712485,-0.01774140000384783,-0.003471915616368615,0.012301213159328084,-0.011432019769247681,0.05857726407666031,0.058781347956581964,-0.03797806636188872,2.1666666666666767,60,0.220421393841167,-0.02917341977309551,0.17017828200972462,0.08610503654686963,-0.024370992781395096,0.054671571483328796,0.13431635729429736,-0.004802426991700415,0.11550671052639583,0.11194700392511803,-0.03797806636188872,7.5555555555555864,601998.SH,中信银行,0.0107006246943367,2,subjective/semi-quantitative,low_value,1
2020-10-12,3.76837681,4823.1578,10,0.04061895551257244,-0.009671179883945835,0.007736943907156624,0.005483378545068529,-0.03811940384782753,-0.0273517694154648,0.03513557696750391,0.02844822396388169,0.03508871332262142,0.04393146158902139,-0.007170905006215311,4.199999999999993,20,0.04061895551257244,-0.025145067698259083,-0.003868471953578312,0.036209451824279926,-0.03811940384782753,0.03279840854470906,0.004409503688292515,0.012974336149568444,-0.03666688049828737,0.04393146158902139,-0.03550245642802041,1.6153846153846185,60,0.08897485493230173,-0.025145067698259083,-0.015473887814313247,0.11306847559497224,-0.03811940384782753,0.11306847559497224,-0.024093620662670512,0.012974336149568444,-0.1285423634092855,0.04393146158902139,-0.11548468600781758,3.5384615384615525,601998.SH,中信银行,0.0137356865046887,2,subjective/semi-quantitative,low_value,1
2025-09-23,7.1051278,4519.7781,10,0.018766756032171594,-0.0442359249329759,0.012064343163538993,0.045702863156047435,-0.00639677421331819,0.019140275935227935,-0.02693610712387584,-0.03783915071965771,-0.007075932771688942,0.002424975266005047,-0.06601099135811883,0.42424242424242425,20,0.08176943699731898,-0.0442359249329759,0.034852546916890104,0.05045816297928418,-0.00639677421331819,0.05045816297928418,0.031311274018034796,-0.03783915071965771,-0.015605616062394079,0.046971645219699765,-0.06601099135811883,1.848484848484846,60,0.10991957104557648,-0.0442359249329759,0.01837850967297161,0.053554797302991286,-0.021674913642331428,0.025284537751975034,0.056364773742585195,-0.022561011290644473,-0.006906028079003423,0.10315278679454343,-0.06601099135811883,2.484848484848485,601998.SH,中信银行,0.0004188535397345,2,subjective/semi-quantitative,neutral,0
2017-04-26,11.410595,3445.183,10,0.018409425625920406,-0.11192930780559662,-0.08247422680412386,0.0011868745433842864,-0.03839883106354591,-0.02569878000675141,0.01722255108253612,-0.07353047674205071,-0.05677544679737245,0.013538993175163938,-0.05976850131211231,0.1644736842105255,20,0.018409425625920406,-0.11192930780559662,-0.07275331391570738,0.013129636364744623,-0.03839883106354591,0.011748287391409873,0.005279789261175782,-0.07353047674205071,-0.08450160130711726,0.013538993175163938,-0.08352037988123284,0.1644736842105255,60,0.09774043159011425,-0.1288367828320961,0.058108113555866314,0.08998273821738945,-0.03839883106354591,0.08658030647428583,0.007757693372724805,-0.09043795176855018,-0.028472192918419514,0.013538993175163938,-0.12424932730995353,0.7586376300430636,603369.SH,今世缘,0.306803388145601,2,subjective/semi-quantitative,low_value,1
2010-05-21,1.59204276,2768.791,10,0.04040404040404044,-0.048648611674224074,-0.046027808951563665,0.04510849681323004,-0.024818052355703335,-0.0088125105867507,-0.004704456409189595,-0.02383055931852074,-0.037215298364812965,0.04464588843699846,-0.04166309817610048,0.830528128420324,20,0.04040404040404044,-0.09320225795945325,-0.06961503345550846,0.04510849681323004,-0.03493690928639981,-0.0037185905328355195,-0.004704456409189595,-0.05826534867305344,-0.06589644292267294,0.04464588843699846,-0.06678441550244874,0.43350924418180764,60,0.04040404040404044,-0.12465189063137971,-0.08796065251413221,0.070051513458401,-0.11073027902792232,0.06088252959504703,-0.02964747305436055,-0.013921611603457396,-0.14884318210917924,0.04464588843699846,-0.14420773405028076,0.3241349986702021,601988.SH,中国银行,0.0078237437748933,2,subjective/semi-quantitative,low_value,1
2011-01-04,1.40308444,3189.682,10,0.015337423312883347,-0.024539877300613577,-0.015337423312883458,0.00633856290376289,-0.07589534003703191,-0.06647496521596818,0.008998860409120457,0.051355462736418334,0.05113754190308473,0.05477897217284089,-0.004828253712294006,0.6249999999999943,20,0.015337423312883347,-0.033742331288343586,-0.006134969325153339,0.00633856290376289,-0.0848109623467167,-0.0352383090226549,0.008998860409120457,0.051068631058373115,0.029103339697501562,0.07543422878620931,-0.004828253712294006,0.45454545454545153,60,0.052147239263803824,-0.033742331288343586,0.04601226993865026,0.051981670900108634,-0.0848109623467167,0.04224151498487938,0.0001655683636951899,0.051068631058373115,0.003770754953770883,0.07543422878620931,-0.02304078831884715,1.5454545454545485,601988.SH,中国银行,0.0036968757865227,2,subjective/semi-quantitative,low_value,1
2011-05-30,1.43751596,2954.506,10,0.0059880239520957446,-0.02507828852209759,-0.015673899022310755,0.01973257119802785,-0.011088148069423376,0.013218114974212325,-0.013744547245932104,-0.013990140452674216,-0.02889201399652308,0.0008865509509334846,-0.028515098150666662,0.23877322995225259,20,0.0219436589768367,-0.047021864021600135,8.347733393421208e-08,0.03436005883893967,-0.031172047035951223,0.02952371733210235,-0.012416399862102967,-0.015849816985648912,-0.029523633854768416,0.0008865509509334846,-0.028954792236283833,0.46666927042187395,60,0.0219436589768367,-0.11598738702003708,-0.07210023602103177,0.0628179465535017,-0.08713605590917739,-0.04518623417925016,-0.040874287576665,-0.02885133111085969,-0.02691400184178161,0.0008865509509334846,-0.07755971110877757,0.189190045061071,601988.SH,中国银行,0.0018095610781148,2,subjective/semi-quantitative,low_value,1
2015-06-04,2.55646554,5181.416,10,0.15923566878980888,-0.021231422505307962,0.00424628450106157,0.038408419628920054,-0.049211837073108944,-0.04841668763905471,0.12082724916088883,0.027980414567800982,0.05266297214011628,0.09440712911222482,-0.011497234560936542,7.499999999999961,20,0.15923566878980888,-0.1019108280254778,-0.01575117652475777,0.038408419628920054,-0.2693306231346798,-0.25002798462814035,0.12082724916088883,0.16741979510920202,0.23427680810338258,0.34163774668117664,-0.011497234560936542,1.5624999999999982,60,0.3152742125364225,-0.24305527701343466,-0.14154082436800608,0.038408419628920054,-0.43027002657188695,-0.3549473734593015,0.27686579290750246,0.1872147495584523,0.21340654909129542,0.7449737226020106,-0.011497234560936542,1.297129675234313,601988.SH,中国银行,0.0469637132878218,2,subjective/semi-quantitative,high_value,0
2017-03-27,2.16861465,3478.039,10,0.016438356164383494,-0.013698630136986245,-0.008219178082191747,0.014023994555552699,-0.01600700854705772,0.009028075878390052,0.002414361608830795,0.0023083784100714766,-0.0172472539605818,0.020149728913545495,-0.019297495689286737,1.2,20,0.016438356164383494,-0.041095890410958846,-0.019178082191780632,0.014023994555552699,-0.021293608266037434,-0.009446702581541011,0.002414361608830795,-0.019802282144921413,-0.009731379610239621,0.020149728913545495,-0.03377484166518496,0.3999999999999989,60,0.03561643835616435,-0.043835616438355984,0.00273972602739736,0.05575095621411941,-0.04748279130855071,0.054643435568146215,-0.02013451785795506,0.003647174870194725,-0.051903709540748855,0.033000071172299084,-0.04921446224409276,0.8125000000000026,601988.SH,中国银行,0.0016900947903662,4,subjective/semi-quantitative,low_value,1
2017-09-22,2.60571491,3837.73,10,0.021479713603818507,-0.026252983293556187,-0.01193317422434359,0.02330648586534223,-0.007647228960870112,0.021697982922196157,-0.0018267722615237236,-0.018605754332686075,-0.03363115714653975,0.0148190512714792,-0.032916926243066524,0.8181818181818109,20,0.021479713603818507,-0.05250596658711215,-0.03818615751789978,0.0486574094581953,-0.007647228960870112,0.04800676441542273,-0.027177695854376793,-0.04485873762624204,-0.08619292193332251,0.0148190512714792,-0.08260041259291839,0.4090909090909072,60,0.021479713603818507,-0.08591885441527447,-0.06921241050119342,0.11019769499157062,-0.007647228960870112,0.056509446990799184,-0.08871798138775211,-0.07827162545440436,-0.1257218574919926,0.0148190512714792,-0.14872344527654957,0.2499999999999987,601988.SH,中国银行,0.0102049409912987,3,subjective/semi-quantitative,low_value,1
2017-10-18,2.59327713,3944.162,10,0.007194244604316502,-0.06714628297362124,-0.062350119904076795,0.022609872515378493,-0.00861146169959548,0.013300670712815599,-0.015415627911061991,-0.05853482127402576,-0.0756507906168924,0.008096623776489453,-0.07465779191054434,0.10714285714285626,20,0.007194244604316502,-0.07913669064748208,-0.07194244604316558,0.04905554082210628,-0.00861146169959548,0.03283511174236753,-0.04186129621778978,-0.0705252289478866,-0.1047775577855331,0.008096623776489453,-0.10980336438957572,0.09090909090909027,60,0.007194244604316502,-0.08153477218225424,-0.01918465227817756,0.0802393512234032,-0.00861146169959548,0.06628125315339495,-0.0730451066190867,-0.07292331048265877,-0.08546590543157251,0.008096623776489453,-0.12091884928750374,0.08823529411764645,601988.SH,中国银行,0.0156752102800181,4,subjective/semi-quantitative,low_value,1
2017-11-17,2.43780488,4120.85,10,0.03826530612244894,-0.010204081632653073,0.0,0.033922370384750655,-0.0331176820316198,-0.029778807770241666,0.0043429357376982836,0.022913600398966727,0.029778807770241666,0.0312681669746504,-0.02296298386253548,3.749999999999992,20,0.03826530612244894,-0.015306122448979553,-0.015306122448979553,0.033922370384750655,-0.0401397769877575,-0.03397236007134463,0.0043429357376982836,0.02483365453877795,0.01866623762236508,0.04301594963605648,-0.02296298386253548,2.5000000000000036,60,0.24234693877551017,-0.017857142857142794,0.07397959183673475,0.0685506630913526,-0.08777412427047826,-0.055994758362959196,0.17379627568415756,0.06991698141333547,0.12997435019969394,0.20608049770342785,-0.02296298386253548,13.571428571428617,601988.SH,中国银行,0.0418137930139455,2,subjective/semi-quantitative,low_value,1
2018-04-10,2.44402377,3927.172,10,0.020356234096692294,-0.04834605597964381,-0.022900763358778553,0.008029951323751616,-0.05578212515265435,-0.021308972461608566,0.012326282772940678,0.00743606917301054,-0.0015917908971699868,0.007312775013498918,-0.010915558039222839,0.42105263157895073,20,0.020356234096692294,-0.04834605597964381,-0.012722646310432517,0.008029951323751616,-0.05578212515265435,-0.008687167254197159,0.012326282772940678,0.00743606917301054,-0.004035479056235358,0.016070574385815606,-0.010915558039222839,0.42105263157895073,60,0.020356234096692294,-0.12468193384223913,-0.08396946564885488,0.008029951323751616,-0.1607882211423386,-0.14311825405151601,0.012326282772940678,0.03610628730009946,0.059148788402661134,0.07030404986133232,-0.023169201857338395,0.1632653061224505,601988.SH,中国银行,0.0161758577041856,2,subjective/semi-quantitative,low_value,1
2019-05-15,2.4483675,3727.092,10,0.03200000000000003,-0.010666666666666491,0.02400000000000002,0.004900066861778463,-0.04583627128066603,-0.016952358568020354,0.027099933138221566,0.03516960461399954,0.040952358568020375,0.051028316132639695,0.0034577628037459895,3.000000000000052,20,0.05424050923727752,-0.010666666666666491,0.04305493354245238,0.004900066861778463,-0.04583627128066603,-0.011188079070760804,0.04934044237549906,0.03516960461399954,0.05424301261321318,0.08765514545769815,0.0034577628037459895,5.085047740994852,60,0.06822247885580901,-0.018465732779086363,-0.01007655100796756,0.05777506967898827,-0.04583627128066603,-0.015507800719703146,0.010447409176820743,0.027370538501579667,0.005431249711735586,0.08765514545769815,-0.004314752249971021,3.6945448995706998,601988.SH,中国银行,0.021916501236167,2,subjective/semi-quantitative,neutral,0
2021-04-29,2.36829448,5164.1692,10,0.0060975609756097615,-0.012195121951219412,0.0,0.008234722440930042,-0.046135978658483956,0.004537438471226007,-0.002137161465320281,0.033940856707264544,-0.004537438471226007,0.03428726183181663,-0.004516943119742156,0.5000000000000046,20,0.021341463414634276,-0.012195121951219412,0.018292682926829285,0.041498872655063135,-0.046135978658483956,0.03437350580999543,-0.02015740924042886,0.033940856707264544,-0.016080822883166146,0.03428726183181663,-0.023758881918012675,1.750000000000025,60,0.030487804878048808,-0.020808974735270214,-0.014324265958682525,0.041498872655063135,-0.09687294908927468,-0.07817067651462695,-0.011011067777014327,0.07606397435400447,0.06384641055594442,0.07132413017697692,-0.023758881918012675,1.465127680047275,601988.SH,中国银行,0.0003175271843531,2,subjective/semi-quantitative,low_value,1
2023-04-04,2.8263543,4103.1052,10,0.061224489795918435,-0.005830903790087549,0.05247813411078717,0.016222494124693787,-0.01060923322170726,0.005228649755312231,0.04500199567122465,0.00477832943161971,0.047249484355474936,0.047003718374895254,-0.0048928766635513155,10.499999999999858,20,0.30903790087463556,-0.005830903790087549,0.30903790087463556,0.016222494124693787,-0.0433011564022292,-0.00985663248410007,0.2928154067499418,0.03747025261214165,0.31889453335873563,0.3220690496152969,-0.0048928766635513155,52.99999999999922,60,0.3906705539358599,-0.005830903790087549,0.1428571428571428,0.016222494124693787,-0.07928872991119018,-0.05710304478666539,0.37444805981116613,0.07345782612110263,0.19996018764380818,0.35427651483264033,-0.0048928766635513155,66.99999999999899,601988.SH,中国银行,0.0062850025942226,4,subjective/semi-quantitative,high_value,0
2023-07-13,3.2877999,3898.4229,10,0.0319150505479362,-0.021276446902988244,0.015957601312658998,0.009474318448108976,-0.02555343598048332,0.0010062787185043387,0.02244073209982722,0.004276989077495075,0.014951322594154659,0.014936292520857597,-0.0021677501057012494,1.5000178692173352,20,0.05851079927339864,-0.021276446902988244,0.018617176185205198,0.04256572574514683,-0.02555343598048332,0.019826915135348733,0.015945073528251807,0.004276989077495075,-0.0012097389501435352,0.019179835584764993,-0.0023332157685933552,2.7500268038260134,60,0.06914909876358344,-0.026595596648080755,0.05585122440085244,0.04256572574514683,-0.06577693251288874,-0.06028399330406142,0.026583373018436607,0.03918133586480799,0.11613521770491386,0.12358544164129737,-0.0023332157685933552,2.600020585308941,601988.SH,中国银行,0.0004743657896202,2,subjective/semi-quantitative,low_value,1
2023-08-04,3.40147435,4020.5792,10,-0.0025706940874036244,-0.05141388174807193,-0.028277634961439535,-0.004380339031749503,-0.059215970674076024,-0.058841124184296656,0.0018096449443458784,0.0078020889260040915,0.03056348922285712,0.03247431438859638,-0.0053187184464992265,-0.05000000000000054,20,0.015424164524421524,-0.05141388174807193,-0.046272493573264684,-0.004380339031749503,-0.0809704979819823,-0.056978855185839894,0.019804503556171027,0.02955661623391037,0.01070636161257521,0.07085668530382017,-0.0053187184464992265,0.29999999999999893,60,0.0359897172236503,-0.059125964010282805,-0.0128534704370179,-0.004380339031749503,-0.14175410348837314,-0.0964962461129979,0.0403700562553998,0.08262813947809033,0.08364277567598,0.16617787085987845,-0.0053187184464992265,0.6086956521739112,601988.SH,中国银行,-0.0069689161389449,4,subjective/semi-quantitative,low_value,1
2024-03-04,3.94361165,3540.8686,10,0.026607538802660757,-0.04656319290465627,-0.0354767184035476,0.01830878446040063,-0.00827243349273099,0.017696053448580384,0.008298754342260128,-0.03829075941192528,-0.05317277185212799,0.01650442742966174,-0.052248185174685435,0.5714285714285721,20,0.026607538802660757,-0.053215077605321404,-0.011086474501108667,0.019732531164810885,-0.014539511576340258,0.01547021541550575,0.0068750076378498726,-0.038675566028981145,-0.026556689916614418,0.01650442742966174,-0.05855468005203779,0.500000000000001,60,0.05986696230598687,-0.053215077605321404,-0.01552106430155209,0.04579670084340326,-0.01999721198352289,0.013522021122162053,0.014070261462583611,-0.033217865621798515,-0.029043085423714143,0.046328772283949604,-0.05855468005203779,1.1250000000000056,601988.SH,中国银行,0.0011626606974436,3,subjective/semi-quantitative,low_value,1
2025-02-11,5.06207428,3883.1352,10,0.040892193308549984,-0.009293680297397744,-0.0037174721189590088,0.02905137065534058,-0.004064087183984766,0.010948704541629217,0.011840822653209404,-0.005229593113412978,-0.014666176660588226,0.025626599820127716,-0.016355959725938174,4.399999999999991,20,0.040892193308549984,-0.01115241635687736,0.0018587360594795044,0.02905137065534058,-0.0070586777406052015,0.015008619838938309,0.011840822653209404,-0.004093738616272158,-0.013149883779458804,0.025626599820127716,-0.016355959725938174,3.6666666666666368,60,0.0931322801529495,-0.016728624535315983,0.06846089188560844,0.03661057178745675,-0.09503112330469465,0.001924836405386987,0.05652170836549275,0.07830249876937867,0.06653605548022146,0.1127333571877378,-0.034407836245060164,5.56724074692076,601988.SH,中国银行,0.0014475820295851,4,subjective/semi-quantitative,low_value,1
2026-01-20,5.32802848,4718.8782,10,0.007352941176470562,-0.03860294117647067,-0.02941176470588247,0.011036881604615134,-0.029809945083982048,-0.012454400709049906,-0.003683940428144572,-0.008792996092488625,-0.016957363996832564,0.020744659152384548,-0.02787526603421686,0.19047619047618938,20,0.007352941176470562,-0.03860294117647067,-0.02757352941176483,0.011036881604615134,-0.029809945083982048,0.003604161684020557,-0.003683940428144572,-0.008792996092488625,-0.031177691095785387,0.020744659152384548,-0.031065725199335592,0.19047619047618938,60,0.09742647058823528,-0.03860294117647067,0.06985294117647056,0.022164632263659723,-0.06878412331134132,0.01429346067885362,0.07526183832457556,0.030181182134870643,0.05555948049761694,0.1504124677885914,-0.032888680138050574,2.523809523809518,601988.SH,中国银行,-0.0075210864686439,2,subjective/semi-quantitative,low_value,1
2022-09-23,3.76076552,3856.0212,10,0.02594339622641506,-0.028301886792452935,0.018867924528301883,0.0096725090619314,-0.05043947891157863,-0.003514347898294856,0.01627088716448366,0.022137592119125693,0.02238227242659674,0.04450401935071158,-0.018593629350041163,0.9166666666666621,20,0.05188679245283012,-0.028301886792452935,0.01650943396226423,0.0096725090619314,-0.08364111172417832,-0.0816104693615275,0.04221428339089872,0.055339224931725384,0.09811990332379172,0.10683909174746131,-0.018593629350041163,1.8333333333333242,60,0.15566037735849036,-0.028301886792452935,0.12028301886792447,0.038199115710255915,-0.09337871378922924,-0.007210126334367684,0.11746126164823445,0.0650768269967763,0.12749314520229216,0.17415410463494974,-0.018593629350041163,5.4999999999999725,688009.SH,中国通号,-0.0229417555321052,2,subjective/semi-quantitative,neutral,0
2023-03-14,4.84287258,3984.6956,10,0.0641025641025641,-0.009157509157509125,-0.001831501831501825,0.013650703958415278,-0.012467577197113888,0.003719004282284555,0.05045186014414882,0.0033100680396047633,-0.00555050611378638,0.030501493642752342,-0.006891937039911089,7.000000000000024,20,0.0641025641025641,-0.023809523809523836,0.023809523809523725,0.037041624961264175,-0.012467577197113888,0.02825611070516887,0.027060939141299922,-0.011341946612409948,-0.004446586895645144,0.030501493642752342,-0.029450180600548936,2.692307692307689,60,0.2490842490842491,-0.023809523809523836,0.06593406593406592,0.04642066008756096,-0.05192878472322959,-0.035200480558665426,0.20266358899668813,0.028119260913705757,0.10113454649273135,0.23576980959942695,-0.029450180600548936,10.46153846153845,688009.SH,中国通号,-0.0002249804419339,4,subjective/semi-quantitative,neutral,0
2023-07-07,5.30409854,3825.6988,10,0.02379828712609111,-0.030100334448160515,0.010032932005068051,0.02164004651908291,-0.004416395770623693,-0.0009903550169710895,0.0021582406070081994,-0.02568393867753682,0.011023287022039141,0.014005486100874265,-0.03523343879120433,0.7906319834112496,20,0.053049666758264946,-0.030100334448160515,0.03928431163724189,0.06238423683537242,-0.007029826812293805,0.050939817844520396,-0.009334570077107474,-0.02307050763586671,-0.01165550620727851,0.014005486100874265,-0.03523343879120433,1.7624278178579145,60,0.053049666758264946,-0.10353124774337241,-0.08804522323222141,0.06238423683537242,-0.04801794642066437,-0.03684858828928206,-0.009334570077107474,-0.05551330132270804,-0.051196634942939356,0.05598186308314812,-0.06293970950480665,0.5124024670287135,688009.SH,中国通号,0.002542786093507,2,subjective/semi-quantitative,low_value,1
2024-04-17,79.76138076,3565.403,10,0.015492253873063522,-0.12168915542228886,-0.009995002498750627,0.028847650602189967,-0.019564015624601194,0.025936394847931643,-0.013355396729126445,-0.10212513979768767,-0.03593139734668227,-0.010466210197439874,-0.09009491381596979,0.12731006160164315,20,0.015492253873063522,-0.12168915542228886,-0.07708645677161419,0.038600320917439035,-0.019564015624601194,0.03521601905871519,-0.023108067044375513,-0.10212513979768767,-0.11230247583032937,-0.010466210197439874,-0.12664592815705866,0.12731006160164315,60,0.015492253873063522,-0.15917041479260374,-0.02603019782527638,0.038600320917439035,-0.0506518898424666,-0.018825445538694918,-0.023108067044375513,-0.10851852495013714,-0.007204752286581462,-0.007342987293975534,-0.16289209521273385,0.09733124018838335,688041.SH,海光信息,0.0238102275684445,4,subjective/semi-quantitative,low_value,1
2026-03-02,384.543774,4728.6688,10,0.05964912280701751,-0.15503573749187782,-0.09715399610136444,0.0033687916565439124,-0.03800219630522661,-0.012077331362264188,0.056280331150473595,-0.11703354118665121,-0.08507666473910025,0.017264329055314054,-0.10762233550275724,0.3847443419949705,20,0.05964912280701751,-0.15503573749187782,0.006159844054580921,0.0033687916565439124,-0.070712184367829,-0.050060346793583954,0.056280331150473595,-0.08432355312404882,0.056220190848164875,0.0591829077335595,-0.11466727770408203,0.3847443419949705,60,1.0246913580246915,-0.15503573749187782,0.6322027290448344,0.06383401180475978,-0.070712184367829,0.03456628216380886,0.9608573462199317,-0.08432355312404882,0.5976364468810256,0.862966596963564,-0.11466727770408203,6.6093880972338654,688072.SH,拓荆科技,0.0152955567871788,4,subjective/semi-quantitative,low_value,1
2017-06-07,3.59308768,3533.871,10,0.22115384615384603,-0.007211538461538436,0.19711538461538458,0.019757087907283477,-0.0070531720031660194,0.01530446357549553,0.20139675824656256,-0.00015836645837241647,0.18181092103988905,0.2167409592795262,-0.005226687103503935,30.66666666666676,20,0.27403846153846145,-0.007211538461538436,0.24759615384615397,0.040369611680788564,-0.0070531720031660194,0.03560062039616052,0.2336688498576729,-0.00015836645837241647,0.21199553344999345,0.2167409592795262,-0.005226687103503935,38.00000000000012,60,0.84375,-0.007211538461538436,0.6634615384615385,0.094251035196248,-0.0070531720031660194,0.08501413888622422,0.749498964803752,-0.00015836645837241647,0.5784473995753143,0.7022460308016603,-0.005226687103503935,117.00000000000041,603993.SH,洛阳钼业,0.0400530588844224,2,subjective/semi-quantitative,high_value,0
2019-01-31,3.35949312,3201.633,10,0.16666666666666652,-0.0026041666666667407,0.13020833333333326,0.09327052788373935,0.0018999679226194832,0.07529657521645983,0.07339613878292717,-0.004504134589286224,0.05491175811687343,0.06758137827798771,0.0013122866175585557,63.999999999998124,20,0.3906249999999998,-0.0026041666666667407,0.34114583333333326,0.21393645055507626,0.0018999679226194832,0.18965821504213642,0.17668854944492351,-0.004504134589286224,0.15148761829119683,0.12733709260002146,0.0013122866175585557,149.99999999999565,60,0.3906249999999998,-0.01041666666666674,0.03385416666666674,0.28874546208138163,0.0018999679226194832,0.14549575169921103,0.10187953791861815,-0.012316634589286224,-0.11164158503254429,0.12733709260002146,-0.11524128930599564,37.499999999999716,603993.SH,洛阳钼业,-0.0296713129415531,2,subjective/semi-quantitative,high_value,0
2020-04-30,3.12847476,3912.5772,10,0.06321839080459757,-0.008620689655172487,0.02011494252873569,0.02185771567651118,-0.011907675585289379,0.011162028956259284,0.04136067512808639,0.0032869859301168924,0.008952913572476406,0.04254170312224681,-0.006084640332441937,7.333333333333256,20,0.06321839080459757,-0.03735632183908044,0.011494252873563093,0.02185771567651118,-0.02872725425072764,0.0181441787270038,0.04136067512808639,-0.008629067588352801,-0.006649925853440708,0.04254170312224681,-0.011822997633627153,1.6923076923076896,60,0.40907705453247756,-0.03735632183908044,0.2986751409814794,0.24676831935737908,-0.02872725425072764,0.19004695932900684,0.16230873517509847,-0.008629067588352801,0.10862818165247257,0.1272066459879646,-0.012195964050217167,10.950678075177096,603993.SH,洛阳钼业,0.0961288076810285,2,subjective/semi-quantitative,neutral,0
2024-12-23,6.60277449,3933.5718,10,0.03328509406657032,-0.05209840810419686,0.01881331403762654,0.018860924313114147,-0.04842903846321045,-0.03494694058972048,0.014424169753456173,-0.0036693696409864085,0.053760254627347015,0.05570704543457805,-0.037954135918529586,0.638888888888891,20,0.04341534008683068,-0.05209840810419686,0.02315484804630974,0.018860924313114147,-0.058334895526757635,-0.025665554140895552,0.02455441577371653,0.006236487422560777,0.04882040218720529,0.06912897697217613,-0.037954135918529586,0.8333333333333326,60,0.2141823444283648,-0.05209840810419686,0.15484804630969617,0.023319060808804748,-0.058334895526757635,-0.0036138148031262807,0.19086328361956006,0.006236487422560777,0.15846186111282246,0.16969946992700802,-0.037954135918529586,4.11111111111111,603993.SH,洛阳钼业,0.0609233246167828,2,subjective/semi-quantitative,low_value,1
2025-09-12,13.22912734,4521.998,10,0.0625931445603578,-0.08569299552906118,0.028315946348733245,0.020334064720948675,-0.014818538177150842,0.0062031650611080735,0.04225907983940913,-0.07087445735191034,0.02211278128762517,0.02197645769309653,-0.07259695063400529,0.7304347826086965,20,0.3412816691505216,-0.08569299552906118,0.12593144560357672,0.045189515784836765,-0.014818538177150842,0.0035873744305061628,0.29609215336568484,-0.07087445735191034,0.12234407117307056,0.2645213119349952,-0.07259695063400529,3.9826086956521705,60,0.39940387481371076,-0.08569299552906118,0.33606557377049184,0.05303759532843677,-0.022155184500302738,0.006647857871675322,0.346366279485274,-0.06353781102875844,0.3294177158988165,0.36263731835457147,-0.07259695063400529,4.660869565217386,603993.SH,洛阳钼业,-0.0120547786333325,4,subjective/semi-quantitative,high_value,0
2025-11-13,16.60048468,4702.0738,10,0.013657957244655572,-0.1051068883610452,-0.05285035629453683,-0.003788966476876654,-0.059603807154196664,-0.03969973844306751,0.017446923721532226,-0.04550308120684854,-0.013150617851469315,0.012355021759172358,-0.04892991471058539,0.12994350282485856,20,0.11520190023752952,-0.1051068883610452,0.03681710213776723,-0.003788966476876654,-0.059603807154196664,-0.03187721128494414,0.11899086671440617,-0.04550308120684854,0.06869431342271137,0.1291451739198477,-0.04892991471058539,1.0960451977401107,60,0.7090261282660333,-0.1051068883610452,0.3313539192399051,0.028685449386183448,-0.059603807154196664,0.0036116191966191202,0.6803406788798498,-0.04550308120684854,0.327742300043286,0.5908142532425398,-0.04892991471058539,6.745762711864402,603993.SH,洛阳钼业,-0.051489661340136,3,subjective/semi-quantitative,neutral,0
2025-12-03,17.36939074,4531.0486,10,0.06583427922814966,-0.0295119182746878,0.02156640181611813,0.024183585230138638,-0.010324011973740443,0.010775960337304769,0.041650693998011024,-0.019187906300947355,0.010790441478813362,0.03990878002172926,-0.018523537659707268,2.2307692307692295,20,0.1617480136208853,-0.0295119182746878,0.1350737797956867,0.032019607999790756,-0.010324011973740443,0.021825168681704366,0.12972840562109456,-0.019187906300947355,0.11324861111398232,0.11082973348570846,-0.018523537659707268,5.48076923076924,60,0.6333711691259933,-0.0295119182746878,0.2054483541430192,0.06751335662124647,-0.010324011973740443,0.01862846935696072,0.5658578125047469,-0.019187906300947355,0.1868198847860585,0.46509213123383364,-0.018523537659707268,21.461538461538506,603993.SH,洛阳钼业,-0.0331937161176778,4,subjective/semi-quantitative,high_value,0
2026-01-26,24.30926082,4706.964,10,0.1670721816707219,-0.15409570154095698,-0.09083536090835354,0.013596003708547633,-0.02735421388393877,0.0025689382795364146,0.15347617796217428,-0.1267414876570182,-0.09340429918788995,0.08747660809036928,-0.0961036873000014,1.0842105263157904,20,0.1670721816707219,-0.15409570154095698,-0.04785077047850761,0.013596003708547633,-0.02735421388393877,-0.010849413762246685,0.15347617796217428,-0.1267414876570182,-0.037001356716260925,0.08747660809036928,-0.09977353319777915,1.0842105263157904,60,0.1670721816707219,-0.33819951338199505,-0.22181670721816693,0.024751920771010738,-0.0664270429941679,0.02196379662134662,0.14232026089971117,-0.27177247038782715,-0.24378050383951355,0.08747660809036928,-0.2875686309011525,0.4940047961630699,603993.SH,洛阳钼业,-0.0084539994250155,4,subjective/semi-quantitative,neutral,0
2022-08-03,176.29763165,4066.9754,10,0.16292982946603285,-0.018730779983226142,-0.0065977075761811665,0.03831132098807388,-0.0005694649640614058,0.03687831502496919,0.12461850847795897,-0.018161315019164737,-0.043476022601150355,0.10587768102971373,-0.04192972499391445,8.698507462686571,20,0.16292982946603285,-0.11098686049762374,0.00710092256080519,0.03831132098807388,-0.005004431548811361,0.002917352290844999,0.12461850847795897,-0.10598242894881238,0.004183570269960191,0.10587768102971373,-0.10205224707182659,1.468010075566749,60,0.7249091417388873,-0.11098686049762374,0.49287112105116004,0.03831132098807388,-0.14040520136905676,-0.10304434101076687,0.6865978207508134,0.029418340871433024,0.5959154620619269,0.8842595687191499,-0.10205224707182659,6.531486146095716,688111.SH,金山办公,-0.1492103786388352,2,subjective/semi-quantitative,neutral,0
2025-12-30,303.18080114,4651.2818,10,0.36092346035285616,-0.003967993703679618,0.18160949695021955,0.03991869510034851,-0.006274184462442212,0.0215311615821685,0.32100476525250765,0.002306190758762594,0.16007833536805105,0.21004792688417728,0.011626807084558877,90.95867768594567,20,0.36092346035285616,-0.003967993703679618,0.14124089984915056,0.03991869510034851,-0.006274184462442212,0.022055834157371557,0.32100476525250765,0.002306190758762594,0.119185065691779,0.21004792688417728,0.011626807084558877,90.95867768594567,60,0.36092346035285616,-0.24749130976585565,-0.24739292975667349,0.03991869510034851,-0.05525089879525258,-0.04525481556503419,0.32100476525250765,-0.19224041097060307,-0.2021381141916393,0.21004792688417728,-0.21171943832454942,1.4583278123757775,688111.SH,金山办公,-0.0216286395062081,2,subjective/semi-quantitative,high_value,0
2026-01-29,346.00233031,4753.8697,10,-0.0014654751300249291,-0.12838711531277835,-0.10060055745524554,-0.0031550296803465327,-0.03695116002022525,-0.0072134286726452945,0.0016895545503216036,-0.0914359552925531,-0.09338712878260025,-0.022321868395986932,-0.11130456324001525,-0.011414503133392472,20,-0.0014654751300249291,-0.20269532484698705,-0.17829947415304148,0.0026691938990248687,-0.037452604138477064,-0.01965360977394892,-0.004134669029049798,-0.16524272070850998,-0.15864586437909256,-0.022321868395986932,-0.17866124587077115,-0.007229940459313522,60,-0.0014654751300249291,-0.3529496278842562,-0.21212034136950086,0.03112996555206382,-0.07563846354476245,0.030846470192483322,-0.03259544068208875,-0.27731116433949377,-0.2429668115619842,-0.022321868395986932,-0.3127813559034047,-0.0041520801107219375,688111.SH,金山办公,-0.0026288063991775,3,subjective/semi-quantitative,low_value,1
2020-12-18,107.067996,4999.9678,10,0.024677439559062986,-0.14768883878241268,-0.0756607791557059,0.05689366639521154,-0.007804470260788454,0.05355040486460716,-0.032216226836148554,-0.13988436852162422,-0.12921118402031306,0.005604979077307171,-0.15278411867914377,0.1670907548770142,20,0.026932230990855732,-0.14768883878241268,-0.029875986471251337,0.12895117044553772,-0.007804470260788454,0.10371120790017874,-0.10201893945468199,-0.13988436852162422,-0.13358719437143007,0.005604979077307171,-0.18637181726969942,0.18235793044953455,60,0.13234373042715775,-0.14768883878241268,-0.07772767130151559,0.18619007906410912,-0.01641186569241515,0.01143691365372379,-0.05384634863695137,-0.13127697308999753,-0.08916458495523938,0.005604979077307171,-0.21823967867394067,0.8960983884648006,688256.SH,寒武纪,-0.0206677554741218,2,subjective/semi-quantitative,low_value,1
2025-12-25,129.40858978,4642.5357,10,0.11834593426940287,-0.03865144267859899,0.09304119734608873,0.03447837783993757,-0.005579580141947038,0.03174553940425273,0.0838675564294653,-0.03307186253665195,0.061295657941836,0.059409666047336884,-0.029151095998481535,3.0618762475049897,20,0.16486653294244724,-0.03865144267859899,0.03340533868230211,0.04187780397682217,-0.005579580141947038,0.013877825430615331,0.12298872896562507,-0.03307186253665195,0.01952751325168678,0.09430020004866457,-0.029151095998481535,4.2654690618762485,60,0.16486653294244724,-0.14966826107082232,-0.13593581237463348,0.04187780397682217,-0.05347108047009752,-0.041461479768481024,0.12298872896562507,-0.0961971806007248,-0.09447433260615246,0.09430020004866457,-0.10649397238626668,1.1015463917525785,688271.SH,联影医疗,-0.0453368881559212,2,subjective/semi-quantitative,high_value,0
2023-08-10,39.6758739,3975.7166,10,0.009181141439206009,-0.04640198511166249,-0.00496277915632759,0.0005701613641173608,-0.07060002717497516,-0.06345706331281264,0.008610980075088648,0.024198042063312664,0.058494284156485055,0.07069273396899001,0.006596530854522609,0.19786096256684624,20,0.052605459057071924,-0.04640198511166249,-0.0002481389578163906,0.0005701613641173608,-0.07060002717497516,-0.05464217444472785,0.05203529769295456,0.024198042063312664,0.05439403548691146,0.0918596878114517,0.006596530854522609,1.1336898395721926,60,0.052605459057071924,-0.14267990074441683,-0.12779156327543417,0.0005701613641173608,-0.13206952427142327,-0.0979011683076203,0.05203529769295456,-0.010610376472993566,-0.02989039496781387,0.09331942714770558,-0.04927824223666155,0.36869565217391287,688303.SH,大全能源,-0.0819043790077759,2,subjective/semi-quantitative,neutral,0
2025-09-04,31.59,4365.2085,10,0.13137068692624254,-0.07723963279518842,-0.06204495093383988,0.04779258539426001,-0.003415896399908358,0.030445395678121878,0.08357810153198253,-0.07382373639528006,-0.09249034661196176,0.06542049603301336,-0.08975763975450168,1.7008196721311468,20,0.13137068692624254,-0.16112693890471663,-0.12503956948401396,0.08273061870927823,-0.003415896399908358,0.057643432152209906,0.048640068216964316,-0.15771104250480827,-0.18268300163622386,0.06542049603301336,-0.1727264558949515,0.8153241650294701,60,0.13137068692624254,-0.18075340297562525,-0.13168724279835387,0.09086058546802511,-0.003415896399908358,0.050244633217405354,0.04051010145821743,-0.1773375065757169,-0.18193187601575922,0.06542049603301336,-0.202746275374178,0.7267950963222418,688303.SH,大全能源,0.0211166049709479,4,subjective/semi-quantitative,low_value,1
2025-01-14,46.1869354,3820.5395,10,0.04276457883369322,-0.022246220302375885,-0.015334773218142583,0.011443148277880733,-0.011583023811165938,-0.006662593070952405,0.03132143055581249,-0.010663196491209948,-0.008672180147190178,0.02552630194485417,-0.014442402023267964,1.9223300970873685,20,0.05745140388768899,-0.022246220302375885,0.05248380129589636,0.03792231437471072,-0.011583023811165938,0.031309897463434044,0.01952908951297827,-0.010663196491209948,0.021173903832462315,0.02552630194485417,-0.03390853998047505,2.5825242718446515,60,0.10583153347732188,-0.20237580993520532,0.02591792656587466,0.05359439419485135,-0.0802041177692312,-0.012646747926568946,0.052237139282470535,-0.12217169216597412,0.03856467449244361,0.046163857396477326,-0.09653884865819262,0.5229455709711847,688396.SH,华润微,-0.0025217515025831,2,subjective/semi-quantitative,low_value,1
2025-06-23,45.5477424,3857.9016,10,0.05372807017543879,-0.0015350877192982226,0.006578947368421018,0.04042254473260787,0.0011628082997243716,0.02780604875977133,0.013305525442830923,-0.0026978960190225942,-0.02122710139135031,0.025469556753949796,-0.020652827853041456,35.000000000000654,20,0.05372807017543879,-0.0015350877192982226,0.04561403508771944,0.05915534496784458,0.0011628082997243716,0.059023174670914225,-0.00542727479240579,-0.0026978960190225942,-0.013409139583194785,0.025469556753949796,-0.022112177986709725,35.000000000000654,60,0.19232456140350895,-0.0015350877192982226,0.08333333333333348,0.18377962258031677,0.0011628082997243716,0.17500552632031874,0.008544938823192183,-0.0026978960190225942,-0.09167219298698526,0.025469556753949796,-0.08457248061730649,125.28571428571628,688396.SH,华润微,-0.0085958052813596,2,subjective/semi-quantitative,low_value,1
2014-09-24,5.25459116,2441.864,10,0.004863813229571967,-0.02529182879377434,-0.011673151750972832,0.01894003924870491,-0.008749463524586276,0.009013605999351304,-0.014076226019132942,-0.016542365269188064,-0.020686757750324136,-0.007736894397757599,-0.02380938924550402,0.19230769230769146,20,0.009727626459143934,-0.029182879377431914,0.0019455252918285648,0.01894003924870491,-0.03283720960708714,0.003898661022890604,-0.009212412789560975,0.0036543302296552227,-0.001953135731062039,0.015203487763273849,-0.02380938924550402,0.33333333333333204,60,0.5719844357976653,-0.029182879377431914,0.3686770428015562,0.414987484970498,-0.03283720960708714,0.3229176563477738,0.15699695082716736,0.0036543302296552227,0.045759386453782414,0.11214159767096943,-0.03345325208788441,19.599999999999994,000001.SZ,平安银行,-0.000995140485618,2,subjective/semi-quantitative,low_value,1
2019-06-10,9.59012972,3610.743,10,0.13047001620745546,-0.0032414910858995505,0.10940032414910861,0.06794778803143853,0.0018777298744330206,0.06384336963334136,0.06252222817601694,-0.005119220960332571,0.045556954515767245,0.054702101583707696,-0.004792471067130322,40.24999999999955,20,0.169401525050487,-0.0032414910858995505,0.11289682951233315,0.09185976404302387,0.0018777298744330206,0.05318739107158832,0.07754176100746313,-0.005119220960332571,0.05970943844074483,0.06804836258155711,-0.004792471067130322,52.26037047807465,60,0.2463789363633342,-0.0032414910858995505,0.1833229717772784,0.09185976404302387,-0.009660338606209296,0.06579698416641677,0.15451917232031032,0.006418847520309745,0.11752598761086164,0.20861304082057952,-0.004792471067130322,76.00790186808774,000001.SZ,平安银行,0.0892091023331135,2,subjective/semi-quantitative,high_value,0
2024-07-09,9.05878067,3439.8111,10,0.03574975173783512,-0.0019860973187686426,0.010923535253227312,0.030678196253276724,-0.004698746393370312,1.9419671039466735e-05,0.005071555484558399,0.0027126490746016696,0.010904115582187845,0.015067341117115163,-0.005820722706694537,17.999999999999776,20,0.03574975173783512,-0.017874875868917672,-0.013902681231380387,0.030678196253276724,-0.03523042297293588,-0.028150441168121043,0.005071555484558399,0.01735554710401821,0.014247759936740656,0.026817291491264328,-0.005820722706694537,1.9999999999999876,60,0.33366434955312796,-0.045680238331678336,0.215693288222641,0.2937825277672952,-0.08547571115169661,0.1622114656237954,0.03988182178583277,0.039795472820018274,0.053481822598845596,0.07792972489072425,-0.005820722706694537,7.30434782608694,000001.SZ,平安银行,-0.0281152015635888,2,subjective/semi-quantitative,low_value,1
2026-05-29,10.58179206,4892.1213,10,0.06314695433544548,-0.014638609332113361,0.06220193482048075,0.020386084866701903,-0.043856864301381915,-0.023466445936244473,0.04276086946874358,0.029218254969268553,0.08566838075672523,0.0877270221798565,-0.012611994825410866,4.313726318040145,20,0.06314695433544548,-0.05309044600522983,-0.03230001667600335,0.0351880277375789,-0.043856864301381915,0.00711341724090131,0.027958926597866585,-0.009233581703847915,-0.03941343391690466,0.0877270221798565,-0.040393865522397765,1.1894221858528935,55,0.10189275444900403,-0.05592550455012435,0.048971661610972994,0.0351880277375789,-0.08460787756836674,-0.03087069815705501,0.06670472671142513,0.02868237301824239,0.079842359768028,0.18245428546227171,-0.06690861485959976,1.8219371513703666,000001.SZ,平安银行,0.0593587418836054,2,subjective/semi-quantitative,neutral,0
2015-03-12,8.2919421,3592.844,10,0.1170212765957448,-0.004909983633387904,0.05973813420621932,0.11109666882280433,0.0005282723101811548,0.0994073218876188,0.00592460777294046,-0.005438255943569059,-0.03966918768139949,0.004493265689694326,-0.04642166465123909,23.83333333333328,20,0.22504091653027825,-0.004909983633387904,0.1718494271685762,0.21120955989182932,0.0005282723101811548,0.2091858149143131,0.013831356638448922,-0.005438255943569059,-0.03733638774573689,0.024111746028744552,-0.0541313293474841,45.833333333333194,60,0.3273322422258591,-0.004909983633387904,0.31587561374795414,0.4948071778234737,0.0005282723101811548,0.4901150731843631,-0.16747493559761462,-0.005438255943569059,-0.17423945943640895,0.024111746028744552,-0.15701119454682455,66.66666666666643,000002.SZ,万科A,0.1685837376124006,2,subjective/semi-quantitative,low_value,1
2020-01-09,26.3002838,4164.369,10,0.0006211180124222615,-0.10931677018633534,-0.09999999999999998,0.014200950972404147,-0.04609966119717046,-0.038533568951262476,-0.013579832959981886,-0.06321710898916488,-0.0614664310487375,-0.022703269916033553,-0.08181944743632641,0.005681818181817282,20,0.0006211180124222615,-0.1900621118012421,-0.04347826086956519,0.014200950972404147,-0.1259400884023486,-0.04241578976310689,-0.013579832959981886,-0.0641220233988935,-0.001062471106458296,-0.0011095328171665253,-0.088039541872874,0.003267973856208633,60,0.01552795031055898,-0.24906832298136639,-0.160248447204969,0.014200950972404147,-0.1587713288615874,-0.09872141493705278,0.0013269993381548328,-0.09029699411977898,-0.061527032267916226,0.013870224188860636,-0.11167693226574182,0.06234413965087273,000002.SZ,万科A,0.000430939030835,4,subjective/semi-quantitative,low_value,1
2023-04-07,15.04689242,4123.2799,10,0.02718078381795186,-0.03539823008849563,-0.03286978508217453,0.011250242798215071,-0.022158961364713625,-0.02200013149725788,0.015930541019736788,-0.013239268723782005,-0.01086965358491665,0.020974570400845494,-0.02221915062054336,0.7678571428571388,20,0.02718078381795186,-0.0802781289506953,-0.03286978508217453,0.011250242798215071,-0.04798216584811532,-0.03065772954196022,0.015930541019736788,-0.03229596310257998,-0.0022120555402143083,0.020974570400845494,-0.03317948688154082,0.3385826771653532,60,0.02718078381795186,-0.13590391908975985,-0.12326169405815424,0.011250242798215071,-0.08379365659847648,-0.07217096758335528,0.015930541019736788,-0.052110262491283366,-0.05109072647479895,0.020974570400845494,-0.06949402246838154,0.19999999999999918,000002.SZ,万科A,0.4057755873658025,2,subjective/semi-quantitative,low_value,1
2022-08-05,23.70019932,4156.9111,10,0.0185185185185186,-0.050039401103230796,-0.027580772261623254,0.015847223675291122,-0.015483997240162362,-0.0014042397971898435,0.0026712948432274786,-0.034555403863068435,-0.02617653246443341,-0.008846675070957488,-0.04617272706938336,0.37007874015748266,20,0.0185185185185186,-0.0622537431048068,-0.043735224586288424,0.015847223675291122,-0.036565636440962224,-0.032066598681891545,0.0026712948432274786,-0.02568810666384458,-0.011668625904396879,-0.008846675070957488,-0.04617272706938336,0.2974683544303817,60,0.0185185185185186,-0.20015760441292352,-0.06658786446020493,0.015847223675291122,-0.15900272680837468,-0.09180230002994305,0.0026712948432274786,-0.041154877604548834,0.025214435569738125,0.034899445867531353,-0.09839342270676588,0.09251968503937051,000063.SZ,中兴通讯,0.3207745980650421,2,subjective/semi-quantitative,low_value,1
2017-10-24,5.15706126,3959.395,10,0.0034364261168384758,-0.04982817869415801,-0.030927835051546393,0.026474246696780668,-0.001362329345771185,0.02395593266142937,-0.023037820579942192,-0.048465849348386825,-0.05488376771297576,-0.006855240181431466,-0.055900080956862275,0.06896551724137916,20,0.0034364261168384758,-0.05498281786941572,-0.018900343642611617,0.06588582346545357,-0.001362329345771185,0.06523875491078823,-0.0624493973486151,-0.05362048852364454,-0.08413909855339985,-0.006855240181431466,-0.08555245947676848,0.062499999999999875,60,0.0034364261168384758,-0.11340206185567014,-0.06013745704467344,0.08181780297242391,-0.001362329345771185,0.0729204840638531,-0.07838137685558544,-0.11203973250989896,-0.13305794110852653,-0.006855240181431466,-0.15308405389059232,0.030303030303030186,000166.SZ,申万宏源,0.1861943106444819,2,subjective/semi-quantitative,low_value,1
2022-08-05,3.87139668,4156.9111,10,0.05721393034825861,-0.0024875621890547706,0.04228855721393021,0.015847223675291122,-0.015483997240162362,-0.0014042397971898435,0.04136670667296749,0.012996435051107591,0.043692797011120055,0.04375423845405302,0.00512513471476983,22.999999999999552,20,0.05721393034825861,-0.0024875621890547706,0.03482587064676612,0.015847223675291122,-0.036565636440962224,-0.032066598681891545,0.04136670667296749,0.03407807425190745,0.06689246932865767,0.07401612981281169,0.00512513471476983,22.999999999999552,60,0.06965174129353224,-0.052238805970149294,0.00746268656716409,0.015847223675291122,-0.15900272680837468,-0.09180230002994305,0.05380451761824112,0.10676392083822539,0.09926498659710714,0.1464302245145359,0.00512513471476983,1.3333333333333306,000166.SZ,申万宏源,0.0094409331870318,2,subjective/semi-quantitative,neutral,0
2014-01-09,1.6133833,2222.221,10,0.034782608695652195,-0.017391304347825987,0.008695652173912993,0.012016356608996137,-0.02959336627635145,0.004350602392831471,0.022766252086656058,0.012202061928525465,0.0043450497810815225,0.02606785658555233,-0.001003361771941269,2.000000000000013,20,0.18695652173913047,-0.017391304347825987,0.14782608695652177,0.038363871100129066,-0.02959336627635145,0.025799864189925303,0.1485926506390014,0.012202061928525465,0.12202622276659647,0.13977722923894143,-0.001003361771941269,10.750000000000064,60,0.25652173913043463,-0.017391304347825987,0.16086993710669995,0.04926467709557225,-0.0650079357543647,0.021800261990144065,0.20725706203486238,0.04761663140653871,0.13906967511655588,0.23268683285347325,-0.001003361771941269,14.750000000000076,000100.SZ,TCL科技,0.0356681968479393,2,subjective/semi-quantitative,high_value,0
2017-04-05,2.6974167,3503.893,10,0.03305785123966953,-0.0440771349862259,-0.03305785123966931,0.006541866432565158,-0.02436689704851147,-0.01655786863354558,0.026515984807104376,-0.019710237937714425,-0.01649998260612373,0.014922495241222355,-0.01754115310847215,0.7500000000000026,20,0.03305785123966953,-0.0440771349862259,-0.03305785123966931,0.006541866432565158,-0.032140250858117,-0.02839898364476312,0.026515984807104376,-0.011936884128108893,-0.004658867594906191,0.014922495241222355,-0.02270839643558098,0.7500000000000026,60,0.03305785123966953,-0.0440771349862259,-0.03305727290855731,0.04927062555848605,-0.05451108238750446,0.04193992225219212,-0.016212774318816514,0.010433947401278565,-0.07499719516074943,0.015088477501813635,-0.07800636162080155,0.7500000000000026,000100.SZ,TCL科技,0.2908915643327785,4,subjective/semi-quantitative,low_value,1
2017-07-31,2.79074874,3737.873,10,0.07629427792915511,-0.04087193460490468,-0.02452316076294281,0.012434344345032544,-0.02482133555634447,-0.011554699691509018,0.06385993358412256,-0.01605059904856021,-0.01296846107143379,0.034598627107792934,-0.014275065667660791,1.8666666666666594,20,0.07629427792915511,-0.04087193460490468,-0.016348773841961872,0.03453006562823302,-0.02482133555634447,0.02804750188141747,0.04176421230092209,-0.01605059904856021,-0.04439627572337934,0.034598627107792934,-0.043185043144533974,1.8666666666666594,60,0.2588555858310626,-0.0463215258855586,0.19891008174386915,0.07904655936678417,-0.02482133555634447,0.0727279926311033,0.17980902646427843,-0.02150019032921413,0.12618208911276585,0.1294183329463361,-0.06361716523296723,5.588235294117643,000100.SZ,TCL科技,0.3343513542184318,2,subjective/semi-quantitative,neutral,0
2017-09-28,2.74512342,3822.538,10,0.21606648199445977,-0.016620498614958512,0.1523545706371192,0.032670702030954235,0.0006969191673176223,0.02843948183118128,0.18339577996350553,-0.017317417782276134,0.12391508880593793,0.13024335089336114,-0.017439520962509447,12.999999999999947,20,0.27977839335180055,-0.016620498614958512,0.1689750692520775,0.055146868389535975,0.0006969191673176223,0.04567541251388474,0.22463152496226457,-0.017317417782276134,0.12329965673819276,0.17419699699356106,-0.017439520962509447,16.833333333333268,60,0.4238227146814404,-0.016620498614958512,0.06094182825484773,0.11460997902440728,0.0006969191673176223,0.051368750291036935,0.3092127356570331,-0.017317417782276134,0.009573077963810794,0.3015442014488767,-0.017439520962509447,25.4999999999999,000100.SZ,TCL科技,0.2001101852922555,4,subjective/semi-quantitative,high_value,0
2023-05-29,3.54206496,3833.9416,10,0.06720430107526876,-0.021505376344086002,0.04032258064516148,0.00884301419719069,-0.01464977974625381,0.00273629624405336,0.05836128687807807,-0.006855596597832192,0.037586284401108117,0.047632647687054774,0.012434352047889563,3.125,20,0.06720430107526876,-0.021505376344086002,0.032258064516129004,0.03496954674531283,-0.01464977974625381,0.0017884988128145096,0.03223475432995593,-0.006855596597832192,0.030469565703314494,0.047632647687054774,0.007732126759658398,3.125,60,0.217741935483871,-0.021505376344086002,0.024193548387096753,0.06010015906345556,-0.03623182471011033,-0.035813717141648715,0.15764177642041544,0.014726448366024325,0.06000726552874547,0.19128661513969636,0.007732126759658398,10.12500000000001,000100.SZ,TCL科技,0.4283917051597801,2,subjective/semi-quantitative,neutral,0
2025-10-23,4.10925032,4606.3447,10,0.04773269689737458,-0.007159904534606243,0.02386634844868718,0.03375544170630573,-0.010329231331732469,0.01889969285190496,0.01397725519106885,0.0031693267971262262,0.004966655596782221,0.02532487441823128,-0.02092448007552483,6.666666666666615,20,0.06682577565632464,-0.007159904534606243,-0.007159904534606243,0.03375544170630573,-0.01162329427930131,-0.008986822023979157,0.033070333950018904,0.004463389744695068,0.0018269174893729145,0.039776340316874936,-0.02092448007552483,9.333333333333291,60,0.2482100238663485,-0.03579952267303099,0.1885441527446301,0.05006360032066204,-0.040060484401004515,0.027811835271468244,0.19814642354568646,0.004260961727973522,0.16073231747316186,0.15638301871734028,-0.02092448007552483,6.933333333333342,000100.SZ,TCL科技,0.1415737327075389,2,subjective/semi-quantitative,neutral,0
2023-04-28,5.40687312,4029.0858,10,0.035493827160493874,-0.026234567901234684,-0.0092592592592593,0.015825997053723784,-0.02632212498428299,-0.01710581591486582,0.01966783010677009,8.755708304830634e-05,0.007846556655606518,0.018518277406225803,-0.001276737747125889,1.352941176470584,20,0.035493827160493874,-0.06327160493827155,-0.02314814814814825,0.015825997053723784,-0.06147359780722461,-0.05721953104101174,0.01966783010677009,-0.0017980071310469414,0.03407138289286349,0.03613925406249119,-0.018786529789962536,0.5609756097560987,60,0.11102359842318621,-0.06327160493827155,0.10779856620715367,0.015825997053723784,-0.06237409985163378,-0.009021450970341682,0.09519760136946243,-0.0008975050866377732,0.11682001717749535,0.14154354696760052,-0.018786529789962536,1.7547144336152372,000157.SZ,中联重科,0.0129611494941752,2,subjective/semi-quantitative,low_value,1
2024-06-21,6.87903063,3495.6198,10,0.0139416983523446,-0.07858048162230669,-0.0633713561470215,0.0029051786467166885,-0.02744878032788345,-0.018468627509204527,0.011036519705627912,-0.05113170129442324,-0.04490272863781697,0.0032201140917007542,-0.05849944346487557,0.17741935483870797,20,0.0139416983523446,-0.1026615969581749,-0.07477820025348536,0.014223085702855798,-0.031700014973024215,0.012414336364612755,-0.00028138735051119745,-0.07096158198515068,-0.08719253661809812,0.0032201140917007542,-0.0977875229342886,0.13580246913580113,60,0.0139416983523446,-0.23529603472633465,-0.23529603472633465,0.014223085702855798,-0.09622694092761463,-0.09622694092761463,-0.00028138735051119745,-0.13906909379872,-0.13906909379872,0.0032201140917007542,-0.1538761223325884,0.0592517352388014,000157.SZ,中联重科,-0.0350066081805708,2,subjective/semi-quantitative,low_value,1
2025-01-14,6.47718048,3820.5395,10,0.05649717514124286,-0.015536723163841804,-0.01412429378531077,0.011443148277880733,-0.011583023811165938,-0.006662593070952405,0.04505402686336213,-0.003953699352675866,-0.007461700714358366,0.04222157942756066,-0.007511748437448396,3.6363636363636322,20,0.05649717514124286,-0.03389830508474578,0.03813559322033888,0.03792231437471072,-0.011583023811165938,0.031309897463434044,0.018574860766532142,-0.022315281273579846,0.006825695756904837,0.04222157942756066,-0.036863972078034934,1.6666666666666634,60,0.21468926553672296,-0.04661016949152552,0.03813559322033888,0.05359439419485135,-0.0802041177692312,-0.012646747926568946,0.16109487134187161,0.033593948277705676,0.05078234114690783,0.15237353850342683,-0.036863972078034934,4.606060606060592,000157.SZ,中联重科,0.1661132845089414,2,subjective/semi-quantitative,low_value,1
2014-10-29,9.01142368,2451.384,10,0.09980430528375739,-0.017612524461839585,0.08659491193737767,0.061593369296691236,-0.0031104877897546457,0.058307470392235716,0.03821093598706615,-0.01450203667208494,0.028287441545141956,0.026728944410321365,-0.031870038612213825,5.666666666666652,20,0.10225048923679059,-0.017612524461839585,0.09589041095890405,0.11094793798115687,-0.0031104877897546457,0.11080842495504584,-0.008697448744366287,-0.01450203667208494,-0.014918013996141788,0.035316300048036986,-0.031870038612213825,5.805555555555537,60,0.6379647749510764,-0.017612524461839585,0.49217221135029354,0.505171364421078,-0.0031104877897546457,0.45702672449522397,0.13279341052999838,-0.01450203667208494,0.035145486855069574,0.13308329988814682,-0.09104405166153051,36.222222222222115,000333.SZ,美的集团,0.0443534757502616,2,subjective/semi-quantitative,low_value,1
2022-08-31,43.8575148,4078.8402,10,0.0743801652892564,-0.006761833208114076,0.058226897069872274,0.01207968382777036,-0.023560790638476048,-0.012680467354421077,0.062300481461486035,0.01679895743036197,0.07090736442429335,0.07181805087385751,0.0022936861114661866,11.00000000000023,20,0.0743801652892564,-0.05522163786626588,-0.051465063861757976,0.01207968382777036,-0.06624201654185913,-0.06170793354444237,0.062300481461486035,0.011020378675593245,0.010242869682684397,0.07378901404356908,0.0022936861114661866,1.3469387755102096,60,0.0743801652892564,-0.2469947407963936,-0.09259954921111946,0.01207968382777036,-0.14290564754167134,-0.04512839213460729,0.062300481461486035,-0.10408909325472226,-0.04747115707651217,0.07378901404356908,-0.12674594812340356,0.3011406844106473,000333.SZ,美的集团,0.0527587358412796,2,subjective/semi-quantitative,neutral,0
2024-07-04,58.3369008,3445.8128,10,0.009287925696594312,-0.04551083591331273,-0.010835913312693513,0.022342101695135508,-0.017703863657364205,0.021799849370807367,-0.013054175998541195,-0.027806972255948526,-0.03263576268350088,0.00714815790534673,-0.04289029029316416,0.20408163265305854,20,0.009287925696594312,-0.08823529411764708,-0.015789473684210575,0.028883025798731587,-0.02699174487946654,-0.00770390080389749,-0.019595100102137275,-0.06124354923818054,-0.008085572880313086,0.00714815790534673,-0.06790593848793214,0.10526315789473552,60,0.19040247678018574,-0.08823529411764708,0.17739938080495343,0.17205925986461024,-0.08706857203618257,0.1660106724311894,0.0183432169155755,-0.0011667220814645107,0.011388708373764045,0.12234673274742347,-0.06790593848793214,2.1578947368421044,000333.SZ,美的集团,0.0079374848733704,2,subjective/semi-quantitative,low_value,1
2024-07-26,56.74753632,3409.2931,10,0.029121578612348875,-0.057288351368555035,-0.03723742838956079,0.011451934126754937,-0.026594369372348714,-0.02278058756520529,0.01766964448559394,-0.03069398199620632,-0.014456840824355499,0.00976223602915649,-0.02755212329829848,0.5083333333333345,20,0.04964990451941431,-0.057288351368555035,0.0416931890515595,0.011451934126754937,-0.032652516734334114,-0.024082001045905854,0.038197970392659375,-0.02463583463422092,0.06577519009746535,0.06739827543703214,-0.02755212329829848,0.8666666666666658,60,0.3314767663908338,-0.057288351368555035,0.1787078294080202,0.30536371308175303,-0.07728942401578776,0.15116209867670216,0.026113053309080758,0.02000107264723272,0.027545730731318052,0.1415529162797995,-0.02755212329829848,5.786111111111112,000333.SZ,美的集团,0.0181624114618231,2,subjective/semi-quantitative,low_value,1
2026-01-20,75.258718,4718.8782,10,0.0,-0.05063291139240511,-0.013797468354430409,0.011036881604615134,-0.029809945083982048,-0.012454400709049906,-0.011036881604615134,-0.020822966308423063,-0.0013430676453805024,0.009597473328206707,-0.04614986066348459,0.0,20,0.027341772151898702,-0.05063291139240511,0.008860759493670933,0.011036881604615134,-0.029809945083982048,0.003604161684020557,0.016304890547283568,-0.020822966308423063,0.005256597809650376,0.028920687239526455,-0.04614986066348459,0.5399999999999988,60,0.027341772151898702,-0.09151898734177222,0.010759493670885911,0.022164632263659723,-0.06878412331134132,0.01429346067885362,0.00517713988823898,-0.0227348640304309,-0.003533967007967709,0.03183805293962849,-0.04614986066348459,0.29875518672199114,000333.SZ,美的集团,0.073503127097974,4,subjective/semi-quantitative,low_value,1
2026-03-31,72.7342167,4450.0493,10,0.020039292730844815,-0.011132940406024971,0.014931237721021562,0.0631956144845407,-0.006596646019179975,0.05285269536227388,-0.04315632175369588,-0.004536294386844997,-0.03792145764125232,0.0068288338892070755,-0.050960002131744564,1.799999999999988,20,0.07321545514079908,-0.011132940406024971,0.06496398166339223,0.08391392427944577,-0.006596646019179975,0.08096483335589122,-0.010698469138646693,-0.004536294386844997,-0.016000851692498985,0.0068288338892070755,-0.050960002131744564,6.576470588235255,60,0.12508185985592646,-0.011132940406024971,0.038438350295728174,0.13802456076160796,-0.006596646019179975,0.11896126633922899,-0.012942700905681503,-0.004536294386844997,-0.08052291604350081,0.05340509415355288,-0.1118127817457586,11.235294117646955,000333.SZ,美的集团,0.0513004750261412,2,subjective/semi-quantitative,low_value,1
2012-06-13,2.68166115,2580.636,10,0.015873015873015817,-0.06349206349206349,-0.06349206349206349,0.004875542308175218,-0.06021616376738148,-0.06002667559469843,0.010997473564840599,-0.0032758997246820076,-0.0034653878973650576,0.009298533291448141,-0.005730607608185889,0.2499999999999991,20,0.015873015873015817,-0.10476190476190483,-0.0888888888888889,0.004875542308175218,-0.06916202052517284,-0.05093899333342633,0.010997473564840599,-0.03559988423673199,-0.037949895555462576,0.009298533291448141,-0.03998678197596128,0.15151515151515088,60,0.015873015873015817,-0.10793650793650789,-0.07619047619047614,0.004875542308175218,-0.15254921654971876,-0.14059053659640497,0.010997473564840599,0.04461270861321087,0.06440006040592883,0.07493524699027576,-0.03998678197596128,0.1470588235294113,000301.SZ,东方盛虹,0.015445173301023,2,subjective/semi-quantitative,low_value,1
2012-06-29,2.53693658,2461.612,10,0.020134228187919545,-0.05369127516778516,-0.013422818791946178,0.011754492584534093,-0.02415409089653453,-0.004460085504945699,0.008379735603385452,-0.029537184271250627,-0.00896273328700048,0.0038124542652007154,-0.03202453084652446,0.37500000000000205,20,0.020134228187919545,-0.057046979865771674,-0.030201342281879096,0.011754492584534093,-0.0488781335157612,-0.04570338461138468,0.008379735603385452,-0.008168846350010472,0.015502042329505583,0.029082216646335368,-0.03202453084652446,0.35294117647059053,60,0.043624161073825496,-0.057046979865771674,-0.04026845637583876,0.011754492584534093,-0.11174872400687019,-0.10665734486182221,0.0318696684892914,0.05470174414109852,0.06638888848598345,0.08385064963653965,-0.03202453084652446,0.7647058823529429,000301.SZ,东方盛虹,0.0238407119414933,2,subjective/semi-quantitative,low_value,1
2013-03-06,2.6994807,2650.202,10,-0.0031746031746032743,-0.050793650793650835,-0.02539682539682553,0.003308049726020723,-0.059749407780991914,-0.015103754355328514,-0.0064826529006239975,0.00895575698734108,-0.010293071041497015,0.011956974283022781,-0.010450919157235283,-0.06250000000000192,20,-0.0031746031746032743,-0.06349206349206349,-0.05714285714285716,0.003308049726020723,-0.06613646808809293,-0.06288388583209892,-0.0064826529006239975,0.002644404596029437,0.005741028689241756,0.011956974283022781,-0.012272606015904186,-0.05000000000000157,60,0.13015873015873014,-0.0793650793650793,0.0349206349206348,0.004160814911466915,-0.08813856453206204,-0.03383251540825949,0.12599791524726323,0.00877348516698273,0.06875315032889429,0.10038074973582045,-0.026276234835176493,1.640000000000001,000301.SZ,东方盛虹,0.0635005876496253,2,subjective/semi-quantitative,low_value,1
2013-04-09,2.55379444,2489.43,10,0.010067114093959884,-0.023489932885906062,-0.01342281879194629,0.021299253242710314,-0.02924886419782824,-0.016051465596542136,-0.01123213914875043,0.0057589313119221774,0.0026286468045958467,0.008380681795550071,-0.019597099561107778,0.42857142857143465,20,0.010067114093959884,-0.02684563758389258,0.003355704697986628,0.029154063379970507,-0.02924886419782824,0.02064970696103119,-0.019086949286010624,0.0024032266139356606,-0.01729400226304456,0.009423190971152184,-0.019597099561107778,0.3750000000000062,60,0.19463087248322153,-0.14093959731543615,-0.09066715643722667,0.06901138011512664,-0.18729548531189866,-0.10659669080873924,0.1256194923680949,0.04635588799646251,0.015929534371512566,0.09259250094148275,-0.03316803382555633,1.3809523809523823,000301.SZ,东方盛虹,0.0150233671783829,2,subjective/semi-quantitative,low_value,1
2014-12-03,3.83454,2967.549,10,0.08564814814814814,-0.05555555555555558,0.0439814814814814,0.14162462018318833,0.0004471703752828571,0.13244903453995205,-0.05597647203504019,-0.05600272593083844,-0.08846755305847065,0.002401099027354414,-0.10016627541214329,1.5416666666666659,20,0.30787037037037024,-0.05555555555555558,0.18287037037037046,0.1936921681832382,0.0004471703752828571,0.1907823594488245,0.11417820218713204,-0.05600272593083844,-0.00791198907845403,0.06356170694034669,-0.10016627541214329,5.541666666666662,60,0.30787037037037024,-0.05555555555555558,0.20601851851851838,0.24336716933738933,0.0004471703752828571,0.17218620484446934,0.0645032010329809,-0.05600272593083844,0.03383231367404904,0.06356170694034669,-0.10016627541214329,5.541666666666662,000301.SZ,东方盛虹,-0.0652373661691573,4,subjective/semi-quantitative,high_value,0
2015-03-16,5.10384375,3705.671,10,0.11130434782608689,-0.008695652173912993,0.07999999999999985,0.1068578403209568,0.003005663481728593,0.10322206153757318,0.004446507505130093,-0.011701315655641586,-0.023222061537573335,0.030903914126870102,-0.02104930851836706,12.800000000000066,20,0.42260869565217374,-0.008695652173912993,0.3513043478260869,0.20743395730489844,0.003005663481728593,0.1976735117607582,0.2151747383472753,-0.011701315655641586,0.15363083606532868,0.19417431223998838,-0.027965230633323457,48.60000000000026,60,0.8660869565217391,-0.008695652173912993,0.8034782608695652,0.4519437910165258,0.003005663481728593,0.4326992331483286,0.41414316550521324,-0.011701315655641586,0.3707790277212366,0.28922974337545515,-0.06720303429032992,99.60000000000056,000301.SZ,东方盛虹,0.2583863366217704,4,subjective/semi-quantitative,high_value,0
2015-06-12,10.331955,5335.115,10,0.08591065292096212,-0.3170103092783505,-0.3170103092783505,0.005123975771843758,-0.25007689618686757,-0.21434701969873182,0.08078667714911836,-0.06693341309148293,-0.10266328957961868,0.09320811649311467,-0.1306725642919997,0.2710027100271,20,0.08591065292096212,-0.5669430422412796,-0.5669430422412796,0.005123975771843758,-0.3368791488093509,-0.21054897598271072,0.08078667714911836,-0.23006389343192868,-0.35639406625856884,0.09320811649311467,-0.4514454417260516,0.15153312858613452,60,0.08591065292096212,-0.6197759910878435,-0.5556835613395529,0.005123975771843758,-0.44668334234594753,-0.3628431627059585,0.08078667714911836,-0.173092648741896,-0.19284039863359437,0.09320811649311467,-0.4514454417260516,0.1386156517134037,000301.SZ,东方盛虹,0.5921374335929357,4,subjective/semi-quantitative,low_value,1
2016-12-07,4.80610224,3475.747,10,0.0094161958568737,-0.0753295668549907,-0.007532956685499137,0.00925844142280785,-0.05365148844262824,-0.039476693786975825,0.00015775443406584877,-0.021678078412362467,0.03194373710147669,0.03850303971119007,-0.04767429387151334,0.12499999999999815,20,0.04331450094161937,-0.0753295668549907,0.0094161958568737,0.00925844142280785,-0.06004435880977532,-0.031060373496689997,0.03405605951881152,-0.015285208045215382,0.040476569353563696,0.0579588993745932,-0.04767429387151334,0.5749999999999963,60,0.04331450094161937,-0.11487758945386073,-0.03766478342749546,0.00925844142280785,-0.060861737059688115,-0.014041010464800774,0.03405605951881152,-0.054015852394172614,-0.02362377296269469,0.07022013879230626,-0.04767429387151334,0.3770491803278667,000301.SZ,东方盛虹,0.2744713470743164,4,subjective/semi-quantitative,low_value,1
2017-01-09,4.978072,3363.901,10,0.0072727272727270975,-0.1454545454545454,-0.08545454545454556,0.004410950262805136,-0.029636425090988072,5.350930363290374e-05,0.002861777009921962,-0.11581812036355732,-0.08550805475817846,-0.014714611395945432,-0.09799174374632391,0.049999999999998816,20,0.0072727272727270975,-0.1454545454545454,-0.05818181818181822,0.022486393029997,-0.029636425090988072,0.02151490189515104,-0.0152136657572699,-0.11581812036355732,-0.07969672007696926,-0.014714611395945432,-0.09799174374632391,0.049999999999998816,60,0.0072727272727270975,-0.1454545454545454,-0.07272727272727286,0.04843008162249718,-0.029636425090988072,0.04326465017846837,-0.04115735434977008,-0.11581812036355732,-0.11599192290574123,-0.014714611395945432,-0.11320924923859799,0.049999999999998816,000301.SZ,东方盛虹,0.1406175748852031,4,subjective/semi-quantitative,low_value,1
2018-03-29,6.1934895,3894.049,10,0.06666666666666665,-0.0036363636363636598,0.024242424242424176,0.01660431083430125,-0.02681964197163411,-0.021875944550261206,0.0500623558323654,0.023183278335270452,0.04611836879268538,0.06200434086699236,6.978571329918637e-05,18.33333333333321,20,0.06666666666666665,-0.027878787878787836,-0.023030303030303068,0.01660431083430125,-0.04775055475675827,-0.033487765562272065,0.0500623558323654,0.01987176687797043,0.010457462531968997,0.06200434086699236,6.978571329918637e-05,2.39130434782609,60,0.19878787878787874,-0.030303030303030276,0.024242424242424176,0.01660431083430125,-0.1225208003289121,-0.12083155604872975,0.18218356795357749,0.09221777002588183,0.14507398029115393,0.2147956951822183,6.978571329918637e-05,6.560000000000004,000338.SZ,潍柴动力,0.1721161054559783,2,subjective/semi-quantitative,high_value,0
2024-11-29,12.6515708,3916.5832,10,0.03949329359165432,-0.005961251862891315,0.0,0.046417295565175376,-0.0036801209789185663,0.004237775416082057,-0.0069240019735210545,-0.0022811308839727484,-0.004237775416082057,0.008324998075167622,-0.008098389071755419,6.6249999999998925,20,0.054396423248882275,-0.02608047690014903,0.03427719821162456,0.046417295565175376,-0.004298466071140816,0.016455031518288532,0.0079791276837069,-0.021782010829008214,0.017822166693336028,0.025146646737517653,-0.019894809610197184,2.0857142857142863,60,0.21535022354694489,-0.02608047690014903,0.1862891207153501,0.046417295565175376,-0.05425032206643787,-0.008007591923490875,0.1689329279817695,0.028169845166288843,0.19429671263884096,0.19586512059662398,-0.019894809610197184,8.257142857142858,000338.SZ,潍柴动力,0.1446661404501456,2,subjective/semi-quantitative,low_value,1
2016-10-19,12.85047504,3316.241,10,0.06117353308364537,-0.011235955056179803,0.02372034956304625,0.020078456300371528,-0.0021295195373315368,0.005159757689504385,0.04109507678327384,-0.009106435518848266,0.018560591873541865,0.042429550171275254,-0.016473894915688514,5.444444444444425,20,0.06117353308364537,-0.011235955056179803,0.02122347066167296,0.041123368295609364,-0.0021295195373315368,0.03418056769697975,0.020050164788036007,-0.009106435518848266,-0.012957097035306786,0.042429550171275254,-0.029011476335429442,5.444444444444425,60,0.06117353308364537,-0.06866416978776524,-0.02621722846441943,0.08065698482106698,-0.014833964117806908,0.0004170384480499667,-0.01948345173742161,-0.05383020566995833,-0.026634266912469395,0.042429550171275254,-0.08312376682177369,0.8909090909090905,000408.SZ,藏格矿业,0.0802181055249432,2,subjective/semi-quantitative,neutral,0
2024-05-20,27.91412778,3690.9623,10,0.002050580997949414,-0.12166780587833226,-0.11209842788790159,0.0002487427194799441,-0.033349297553107005,-0.027693049045773188,0.0018018382784694698,-0.08831850832522525,-0.0844053788421284,-0.014503269295991661,-0.0869478328205423,0.01685393258426961,20,0.002050580997949414,-0.15071770334928225,-0.1421736158578265,0.0002487427194799441,-0.05078323341314006,-0.03938596175853648,0.0018018382784694698,-0.09993446993614219,-0.10278765409929003,-0.014503269295991661,-0.10779769055349031,0.013605442176870718,60,0.002050580997949414,-0.268626110731374,-0.22146274777853725,0.0002487427194799441,-0.10316317779783335,-0.09660678463174766,0.0018018382784694698,-0.16546293293354064,-0.1248559631467896,-0.014503269295991661,-0.19069778123116243,0.00763358778625952,000408.SZ,藏格矿业,-0.0536110861399218,2,subjective/semi-quantitative,low_value,1
2017-01-23,2.74500225,3364.081,10,0.2432432432432432,-0.0030030030030030463,0.16216216216216206,0.02243168342260482,-0.004949643008001381,0.02146024426879145,0.22081155982063838,0.0019466400049983346,0.1407019178933706,0.13774585813086793,0.001897021847664826,80.99999999999882,20,0.2582582582582582,-0.0030030030030030463,0.21621621621621623,0.03831090868501685,-0.004949643008001381,0.02441736688266416,0.21994734957324136,0.0019466400049983346,0.19179884933355207,0.19557568840112016,0.001897021847664826,85.99999999999875,60,0.3213213213213213,-0.0030030030030030463,0.10810810810810811,0.04837398386067404,-0.004949643008001381,0.02410821855954115,0.27294733746064725,0.0019466400049983346,0.08399988954856696,0.22180971733496202,0.001897021847664826,106.99999999999845,000425.SZ,徐工机械,0.0688560845968112,2,subjective/semi-quantitative,high_value,0
2017-10-09,3.09193654,3882.207,10,0.008021390374331583,-0.021390374331550777,-0.010695187165775333,0.01679869208416762,-0.00688809226298337,0.012516334136742246,-0.008777301709836038,-0.014502282068567407,-0.02321152130251758,0.003368875778052338,-0.028317564143590324,0.37500000000000194,20,0.03208556149732633,-0.045454545454545414,-0.018716577540106805,0.038929402785580436,-0.00688809226298337,0.03572246405201995,-0.006843841288254104,-0.038566453191562045,-0.05443904159212676,0.003368875778052338,-0.05367107150961081,0.70588235294118,60,0.2941176470588236,-0.045454545454545414,0.2620320855614975,0.09747857339910015,-0.00688809226298337,0.05285498686700629,0.19663907365972344,-0.038566453191562045,0.2091770986944912,0.19867607724112335,-0.06814619827600221,6.470588235294125,000425.SZ,徐工机械,-0.004498787645796,2,subjective/semi-quantitative,low_value,1
2022-09-27,4.31994582,3892.295,10,0.0042102194698359074,-0.08842133117308404,-0.03789503082240042,-0.003302730137361154,-0.05928880005241122,-0.013880833801137915,0.007512949607197061,-0.029132531120672822,-0.024014197021262507,-0.015496220349983658,-0.04292759622960163,0.04761542734065422,20,0.0042102194698359074,-0.08842133117308404,-0.004210830588611381,-0.003302730137361154,-0.10182786762051699,-0.06631609371848735,0.007512949607197061,0.013406536447432948,0.062105263129875965,0.08130033948181281,-0.04292759622960163,0.04761542734065422,60,0.14315754543421555,-0.08842133117308404,0.07789440748124932,0.02852373728096147,-0.10182786762051699,-0.0011409721000078532,0.11463380815325408,0.013406536447432948,0.07903537958125717,0.12767389257822237,-0.04292759622960163,1.6190385683516324,000425.SZ,徐工机械,-0.0027873935790438,2,subjective/semi-quantitative,low_value,1
2023-03-13,6.5481264,4008.686,10,0.005555555555555536,-0.1069444444444444,-0.09305555555555567,0.007584405463535893,-0.018377568110847342,0.0009457213660535313,-0.002028849907980357,-0.08856687633359706,-0.0940012769216092,-0.01626933692090904,-0.10272063228772288,0.051948051948051785,20,0.005555555555555536,-0.1069444444444444,-0.047222222222222165,0.030835341056894894,-0.018377568110847342,0.022815930207554347,-0.025279785501339358,-0.08856687633359706,-0.07003815242977651,-0.01626933692090904,-0.10272063228772288,0.051948051948051785,60,0.005555555555555536,-0.1958333333333333,-0.14583333333333337,0.04015824636801191,-0.05760261591953075,-0.04290268681557996,-0.03460269081245637,-0.13823071741380255,-0.10293064651775341,-0.01626933692090904,-0.1448869179666903,0.028368794326241037,000425.SZ,徐工机械,0.09110179648429,3,subjective/semi-quantitative,low_value,1
2023-04-17,6.3207609,4149.3836,10,0.020143884892086295,-0.10647482014388487,-0.0877697841726619,0.004888485123428987,-0.05397129347115559,-0.028711854936718795,0.015255399768657307,-0.052503526672729284,-0.05905792923594311,0.01652106166714784,-0.06080371673031737,0.18918918918918887,20,0.020143884892086295,-0.13093525179856114,-0.09352517985611508,0.004888485123428987,-0.05455072893236479,-0.04658848605850763,0.015255399768657307,-0.07638452286619635,-0.046936693797607454,0.01652106166714784,-0.08303493672525408,0.15384615384615358,60,0.0651356152389817,-0.16690647482014387,0.05334988229027937,0.004888485123428987,-0.0895574947565706,-0.06801219824554183,0.060247130115552716,-0.07734898006357327,0.1213620805358212,0.13021852894142838,-0.08303493672525408,0.39025217750941626,000425.SZ,徐工机械,0.1531947458492692,4,subjective/semi-quantitative,low_value,1
2017-08-09,47.9609688,3731.044,10,0.029166666666666563,-0.009572072072072113,-0.0013513513513514486,0.011099306253155916,-0.023036447707397656,0.006712330382595333,0.018067360413510647,0.013464375635325543,-0.008063681733946781,0.03122096568803623,-0.008009916527874639,3.047058823529388,20,0.029166666666666563,-0.03389639639639652,-0.00563063063063074,0.03642358546294289,-0.023036447707397656,0.03173508540773051,-0.007256918796276324,-0.010859948688998866,-0.03736571603836125,0.03122096568803623,-0.059292426858377434,0.8604651162790635,60,0.23727477477477477,-0.03941441441441451,0.14639639639639634,0.09597876626488455,-0.023036447707397656,0.08495236185903998,0.14129600850989021,-0.016377966707016856,0.06144403453735636,0.11785701582512886,-0.062335939850183375,6.019999999999985,000538.SZ,云南白药,0.0231850227749468,2,subjective/semi-quantitative,low_value,1
2020-11-20,56.93235905,4943.2882,10,0.036177823198773496,-0.03668880940214625,0.033725089422585564,0.02980206575857758,-0.015267752343470442,0.024806989808929147,0.006375757440195917,-0.021421057058675808,0.008918099613656416,0.008702223640491669,-0.029696642379371307,0.986072423398322,20,0.18313745528870706,-0.03668880940214625,0.16402657128257525,0.02980206575857758,-0.019002230134993914,0.011465971172791578,0.15333538953012948,-0.017686579267152336,0.15256060010978367,0.1607994737491485,-0.029696642379371307,4.991643454038979,60,0.6686765457332651,-0.03668880940214625,0.4874808380173734,0.19979090031610935,-0.019002230134993914,0.13230960315038875,0.4688856454171557,-0.017686579267152336,0.35517123486698465,0.4241727060828522,-0.029696642379371307,18.225626740947018,000538.SZ,云南白药,0.0352806880913233,2,subjective/semi-quantitative,high_value,0
2025-06-25,53.2893228,3960.0662,10,0.009308986752595727,-0.009846043680630134,0.0032223415682062218,0.014312184983170217,-0.012237623704371425,0.007912594996517974,-0.00500319823057449,0.002391580023741291,-0.0046902534283117525,0.01200355670185993,-0.00782733531883073,0.9454545454545418,20,0.01933404940923733,-0.009846043680630134,0.011994271392767653,0.04939616918525225,-0.012237623704371425,0.040328189463095354,-0.030062119776014917,0.002391580023741291,-0.0283339180703277,0.01200355670185993,-0.027388417113821895,1.9636363636363612,60,0.08646616541353369,-0.009846043680630134,0.055674901539563226,0.15323963523640094,-0.012237623704371425,0.14922902046435493,-0.06677346982286725,0.002391580023741291,-0.09355411892479171,0.01200355670185993,-0.09223475117388591,8.781818181818178,000538.SZ,云南白药,-0.0134300442497884,2,subjective/semi-quantitative,low_value,1
2017-01-18,38.1877626,3339.365,10,0.005237887385421303,-0.027935399388913207,-0.009166302924487169,0.01692537353658574,-0.004396344814058817,0.013153099466515439,-0.011687486151164439,-0.02353905457485439,-0.022319402391002607,-0.012953652917630731,-0.0334889528070218,0.18750000000000272,20,0.1789611523352248,-0.027935399388913207,0.1416412047140987,0.04513432943089479,-0.004396344814058817,0.04503610716408657,0.13382682290433,-0.02353905457485439,0.09660509755001212,0.09244187534550297,-0.0334889528070218,6.406249999999985,60,0.23090353557398524,-0.027935399388913207,0.14098646879092103,0.056133426564631383,-0.004396344814058817,0.038157553906206676,0.17477010900935386,-0.02353905457485439,0.10282891488471435,0.1586707642082703,-0.0334889528070218,8.265624999999982,000596.SZ,古井贡酒,-0.0108241051125639,2,subjective/semi-quantitative,high_value,0
2010-10-25,25.6641605,3481.081,10,0.03305785123966953,-0.047156052503646184,0.006319883325230924,0.021082244279865936,-0.037195342481258,0.019386219395641557,0.011975606959803597,-0.009960710022388186,-0.013066336070410633,0.02465359986130955,-0.021614889010128535,0.7010309278350525,20,0.14608653378706848,-0.047156052503646184,0.06903257170636845,0.022092562626379486,-0.11630525115617818,-0.08880574741007186,0.123993971160689,0.069149198652532,0.1578383191164403,0.17322137257539705,-0.021614889010128535,3.097938144329889,60,0.17890131259115205,-0.1064657267865825,0.003889158969372808,0.022092562626379486,-0.15325153307262895,-0.1446197316293416,0.15680874996477256,0.04678580628604645,0.14850889059871442,0.27159959538446077,-0.021614889010128535,1.6803652968036502,000568.SZ,泸州老窖,0.9009601537083004,4,subjective/semi-quantitative,high_value,0
2014-09-24,13.32885768,2441.864,10,0.019897669130187534,-0.05116543490619674,-0.045480386583286014,0.01894003924870491,-0.008749463524586276,0.009013605999351304,0.0009576298814826245,-0.04241597138161046,-0.05449399258263732,0.0133051109350244,-0.05400719302359169,0.3888888888888872,20,0.019897669130187534,-0.09721432632177385,-0.058555997725980635,0.01894003924870491,-0.03283720960708714,0.003898661022890604,0.0009576298814826245,-0.06437711671468671,-0.06245465874887124,0.0133051109350244,-0.06221211480174205,0.20467836257309843,60,0.24388857305287104,-0.09721432632177385,0.18078453666856165,0.414987484970498,-0.03283720960708714,0.3229176563477738,-0.17109891191762694,-0.06437711671468671,-0.14213311967921216,0.0133051109350244,-0.1793358567142448,2.5087719298245594,000568.SZ,泸州老窖,-0.04514133582087,2,subjective/semi-quantitative,low_value,1
2016-12-30,26.476725,3310.081,10,0.057878787878788085,-0.030606060606060526,-0.007575757575757569,0.019132764424798054,-0.013858875356826728,0.0028292359008736945,0.03874602345399003,-0.016747185249233798,-0.010404993476631264,0.03161928690438276,-0.010375638348122274,1.8910891089109028,20,0.06727272727272737,-0.030606060606060526,0.00909090909090926,0.025922024264662946,-0.013858875356826728,0.019070228190790406,0.04135070300806443,-0.016747185249233798,-0.009979319099881145,0.03161928690438276,-0.019153425980756755,2.198019801980207,60,0.3115151515151515,-0.030606060606060526,0.2775757575757578,0.059182237534368465,-0.013858875356826728,0.05855204147572213,0.25233291398078306,-0.016747185249233798,0.21902371610003568,0.24987544923591365,-0.019153425980756755,10.178217821782205,000568.SZ,泸州老窖,0.0794440375044883,2,subjective/semi-quantitative,neutral,0
2019-12-06,70.26327732,3902.385,10,0.011018283085119318,-0.029059208136578252,-0.005327521491706011,0.04221777195228049,-0.005201434507358993,0.029435076241836722,-0.031199488867161174,-0.02385777362921926,-0.03476259773354273,-0.0010084906545504424,-0.03790313037285553,0.3791666666666689,20,0.05775517617144943,-0.029301368204383227,0.03668725027243025,0.06925764628554054,-0.005201434507358993,0.05814649246550507,-0.011502470114091112,-0.024099933697024234,-0.021459242193074823,-0.0002304673962333359,-0.05253051460589597,1.971074380165284,60,0.14517496064898894,-0.1538927230899625,-0.016587964644630082,0.08228865168352151,-0.067260662389795,0.0462144304060208,0.06288630896546743,-0.08663206070016749,-0.06280239505065088,0.05511582153977579,-0.11050249054455386,0.9433516915814315,000568.SZ,泸州老窖,0.1014871069356562,2,subjective/semi-quantitative,low_value,1
2013-12-10,4.31129911,2453.322,10,0.04651162790697683,-0.06292749658002739,-0.0492476060191519,-0.005225160007532592,-0.0789733267789553,-0.06728590865773021,0.05173678791450942,0.016045830198927913,0.018038302638578307,0.031230072717860713,0.012152251824838256,0.7391304347826096,20,0.04651162790697683,-0.06292749658002739,-0.0259917920656636,-0.005225160007532592,-0.09565601254136236,-0.08617336003997844,0.05173678791450942,0.03272851596133497,0.06018156797431484,0.06585665742568825,0.012152251824838256,0.7391304347826096,60,0.1450068399452804,-0.09712722298221621,0.12859097127222974,-0.005225160007532592,-0.1486119636965716,-0.1382566169463283,0.150231999952813,0.05148474071435538,0.26684758821855803,0.3358640487781257,0.012152251824838256,1.492957746478872,000617.SZ,中油资本,0.1112089625755483,2,subjective/semi-quantitative,low_value,1
2014-12-15,6.18680269,3217.228,10,0.020019065776930356,-0.06482364156339371,-0.03145853193517645,0.0954399253021545,-0.008930980334623473,0.07404728542708194,-0.07542085952522415,-0.055892661228770235,-0.10550581736225839,-0.0177306521815932,-0.09823200411544752,0.3088235294117639,20,0.020019065776930356,-0.09437559580552923,-0.051477597712106804,0.14687333319242524,-0.008930980334623473,0.08864618858222029,-0.12685426741549488,-0.08544461547090576,-0.1401237862943271,-0.0177306521815932,-0.16506794950706682,0.21212121212121118,60,0.19637750238322216,-0.09437559580552923,0.1725452812202095,0.19545615045001474,-0.008930980334623473,0.19545615045001474,0.0009213519332074149,-0.08544461547090576,-0.02291086922980523,0.026308811679493393,-0.16506794950706682,2.0808080808080778,000617.SZ,中油资本,-0.0656403226838611,2,subjective/semi-quantitative,low_value,1
2019-06-19,7.36807357,3715.938,10,0.05723630417007364,-0.011447260834014705,0.02924690259302065,0.06095015578839047,0.00033558148709689206,0.04779304713910726,-0.0037138516183168324,-0.011782842321111597,-0.018546144546086607,0.014309400305737574,-0.02652936916753401,5.00000000000001,20,0.05723630417007364,-0.0499259360679809,-0.010756215888327536,0.06095015578839047,0.00033558148709689206,0.02387015068604481,-0.0037138516183168324,-0.050261517555077795,-0.03462636657437235,0.014309400305737574,-0.04949308493744886,1.1464242571664292,60,0.16175723256248653,-0.09326264775610815,0.08841818201334806,0.07247187654907039,-0.037696000310015965,0.05763309290951568,0.08928535601341614,-0.05556664744609219,0.030785089103832375,0.04771641050664699,-0.06607011376976701,1.7344267662815995,000617.SZ,中油资本,0.0868565138035701,2,subjective/semi-quantitative,low_value,1
2017-04-26,6.92906148,3445.183,10,-0.008381689232752954,-0.1515151515151515,-0.1353965183752418,0.0011868745433842864,-0.03839883106354591,-0.02569878000675141,-0.00956856377613724,-0.11311632045160558,-0.1096977383684904,-0.012628186957502785,-0.11259119471209378,-0.0553191489361695,20,-0.008381689232752954,-0.1515151515151515,-0.09155383623468727,0.013129636364744623,-0.03839883106354591,0.011748287391409873,-0.021511325597497577,-0.11311632045160558,-0.10330212362609714,-0.012628186957502785,-0.11259119471209378,-0.0553191489361695,60,0.03622324909722119,-0.1515151515151515,0.007195496842380411,0.08998273821738945,-0.03839883106354591,0.08658030647428583,-0.05375948912016826,-0.11311632045160558,-0.07938480963190542,-0.012628186957502785,-0.11498383227915032,0.2390734440416599,000625.SZ,长安汽车,0.0864510648127611,2,subjective/semi-quantitative,low_value,1
2024-06-14,12.96043384,3541.5331,10,0.0620384047267355,-0.03101920236336786,-0.008124076809453484,0.002873162473054469,-0.028486730788990777,-0.02255410234624089,0.05916524225368103,-0.002532471574377082,0.014430025536787405,0.05270836908430887,0.004104833935061558,1.999999999999993,20,0.13441654357459365,-0.03101920236336786,0.11890694239290989,0.002873162473054469,-0.04425329245122689,-0.0195202749905119,0.13154338110153918,0.01323409008785903,0.13842721738342179,0.14483832708608402,0.004104833935061558,4.333333333333321,60,0.19128508124076804,-0.15583456425406206,-0.11004431314623342,0.002873162473054469,-0.087663899004643,-0.08758562781751222,0.18841191876771357,-0.06817066524941906,-0.022458685328721195,0.19330270604136168,-0.08316314079569675,1.2274881516587672,000625.SZ,长安汽车,0.0751411489204655,2,subjective/semi-quantitative,high_value,0
2025-09-09,12.31605902,4436.2584,10,0.015103338632750374,-0.044515103338632844,-0.03736089030206691,0.031011426205470816,-0.0048835523196754105,0.018826608477089835,-0.015908087572720442,-0.039631551018957434,-0.05618749877915674,0.0011245983607535148,-0.05514922589540927,0.339285714285713,20,0.0238473767885532,-0.04610492845786973,0.020667726550079424,0.065389901544058,-0.0048835523196754105,0.03832723089349366,-0.041542524755504795,-0.04122137613819432,-0.017659504343414234,0.0011245983607535148,-0.07748431260947464,0.5172413793103424,60,0.10015898251192357,-0.07235086146899627,-0.06436765029403047,0.07338966098097432,-0.0048835523196754105,0.0350675920951764,0.02676932153094924,-0.06746730914932086,-0.09943524238920687,0.01782414373465424,-0.098093952478981,1.3843509320872924,000625.SZ,长安汽车,0.1587319660411373,2,subjective/semi-quantitative,low_value,1
2025-09-26,12.02235332,4550.0487,10,0.12703583061889256,-0.016286644951140072,0.008143322475570036,0.03874600287245267,-0.013007025617110424,-0.002599664482712205,0.0882898277464399,-0.0032796193340296487,0.010742986958282241,0.06943460542263735,-0.030706624308690422,7.8,20,0.12703583061889256,-0.016286644951140072,0.01140065146579805,0.0465456996097644,-0.013007025617110424,0.022714943688404876,0.08049013100912816,-0.0032796193340296487,-0.011314292222606825,0.06943460542263735,-0.030706624308690422,7.8,60,0.12703583061889256,-0.058684488071591656,-0.026789349092262493,0.0465456996097644,-0.028183522519220627,0.0196313063638196,0.08049013100912816,-0.03050096555237103,-0.046420655456082094,0.06943460542263735,-0.05583046873064379,2.1647258891296155,000625.SZ,长安汽车,0.1633674787988446,2,subjective/semi-quantitative,high_value,0
2014-07-14,7.62449585,2171.758,10,0.09065055101315322,-0.015997156061144602,0.08496267330252416,0.07354134300414716,-0.012115530367563965,0.07005338532193739,0.01710920800900606,-0.003881625693580637,0.014909287980586772,0.022479592448757968,-0.006702787733455562,5.666666666666697,20,0.09811589050835412,-0.015997156061144602,0.06398862424457885,0.09624276738015936,-0.012115530367563965,0.08914022648932352,0.0018731231281947647,-0.003881625693580637,-0.025151602244744664,0.022479592448757968,-0.023093079874404232,6.133333333333368,60,0.09811589050835412,-0.027728403839317406,-0.023462495556345497,0.145667703307643,-0.012115530367563965,0.12653527695074684,-0.047551812799288884,-0.015612873471753441,-0.14999777250709234,0.022479592448757968,-0.13314964526730078,3.5384615384615463,000651.SZ,格力电器,0.0314912247965482,2,subjective/semi-quantitative,low_value,1
2015-03-11,10.68730435,3524.653,10,0.1417702257164597,-0.014963225970073601,0.06036013187927969,0.13198604231395272,0.003370828277280191,0.1179574272985171,0.009784183402506974,-0.018334054247353793,-0.057597295419237415,-0.005467157474315143,-0.05152011517864152,9.474576271186416,20,0.1793050976413897,-0.014963225970073601,0.11590159776819675,0.22910425508553622,0.003370828277280191,0.20923619998904863,-0.049799157444146536,-0.018334054247353793,-0.09333460222085188,-0.005467157474315143,-0.07718475697444149,11.983050847457577,60,0.6763885366472231,-0.014963225970073601,0.6223687547552625,0.5003859954440906,0.003370828277280191,0.48399062262299286,0.17600254120313252,-0.018334054247353793,0.13837813213226968,0.14876197072510955,-0.12375277238119742,45.20338983050832,000651.SZ,格力电器,0.050232906651277,2,subjective/semi-quantitative,low_value,1
2019-06-19,34.2743103,3715.938,10,0.13222030320475908,-0.0017271157167531026,0.10017271157167529,0.06095015578839047,0.00033558148709689206,0.04779304713910726,0.07127014741636861,-0.0020626972038499947,0.05237966443256803,0.06154069755995528,-0.008458300847919431,76.55555555555196,20,0.13222030320475908,-0.0017271157167531026,0.04644022260602565,0.06095015578839047,0.00033558148709689206,0.02387015068604481,0.07127014741636861,-0.0020626972038499947,0.02257007191998084,0.06418364621904726,-0.008458300847919431,76.55555555555196,60,0.19602001735976549,-0.031294883561814535,0.1592862453602748,0.07247187654907039,-0.037696000310015965,0.05763309290951568,0.1235481408106951,0.00640111674820143,0.10165315245075912,0.1302702270327416,-0.008458300847919431,6.263644246273715,000651.SZ,格力电器,0.0959024755642354,2,subjective/semi-quantitative,high_value,0
2020-08-28,37.99983616,4844.2652,10,0.022892441860465018,-0.0216206395348838,-0.003270348837209336,0.011755405133476282,-0.059087351369615404,-0.04479164352934273,0.011137036726988736,0.0374667118347316,0.04152129469213339,0.04879154093021132,-0.009188634048344912,1.0588235294117563,20,0.03470203488372081,-0.0216206395348838,-0.01689680232558144,0.011755405133476282,-0.05977073674661737,-0.05661201207563937,0.02294662975024453,0.03815009721173357,0.039715209750057934,0.06090630361759586,-0.009188634048344912,1.6050420168067112,60,0.2818050002876644,-0.037063953488372214,0.22905734128302102,0.043541546817048804,-0.05977073674661737,0.023943094610096916,0.23826345347061562,0.022706783258245156,0.2051142466729241,0.24849687597791248,-0.009188634048344912,7.60320941952598,000651.SZ,格力电器,0.3208828912242739,2,subjective/semi-quantitative,neutral,0
2024-07-11,33.40010264,3468.169,10,0.01887280248190293,-0.050155118924508746,-0.0333505687693898,0.022250732302837584,-0.02432692870503128,-0.019865640918882543,-0.0033779298209346553,-0.025828190219477465,-0.013484927850507256,0.0036872437715098627,-0.025243132107020116,0.3762886597938175,20,0.08040330920372285,-0.050155118924508746,0.04653567735263686,0.022250732302837584,-0.043118977189404495,-0.036108995841898084,0.05815257690088527,-0.007036141735104251,0.08264467319453495,0.10251181462990577,-0.025243132107020116,1.603092783505156,60,0.4437729593156723,-0.050155118924508746,0.36464335847322404,0.2832037596783781,-0.09295342874006418,0.14219993316357993,0.1605691996372942,0.042798309815555435,0.22244342530964412,0.22455277357966064,-0.025243132107020116,8.84800931254135,000651.SZ,格力电器,0.0743801658358163,2,subjective/semi-quantitative,high_value,0
2019-08-02,4.74844095,3747.437,10,0.06471494607087824,-0.05238828967642539,0.044684129429892305,-0.0021171803555335433,-0.04578462559877583,-0.009846463062621158,0.06683212642641179,-0.0066036640776495625,0.05453059249251346,0.0890056486234736,-0.0009019327594309567,1.2352941176470553,20,0.09090909090909105,-0.05238828967642539,0.02157164869029282,0.0268978504508548,-0.04578462559877583,0.013915911061346709,0.06401124045823625,-0.0066036640776495625,0.007655737628946113,0.0890056486234736,-0.0009019327594309567,1.7352941176470575,60,0.2141756548536211,-0.05238828967642539,0.016949152542372836,0.06348872576110032,-0.04578462559877583,0.06155780604183603,0.1506869290925208,-0.0066036640776495625,-0.04460865349946319,0.13963316205471266,-0.04202187883276243,4.0882352941176405,000657.SZ,中钨高新,0.1228409961139881,2,subjective/semi-quantitative,high_value,0
2014-09-24,3.88339058,2441.864,10,0.03853955375253548,-0.03955375253549687,-0.015212981744421872,0.01894003924870491,-0.008749463524586276,0.009013605999351304,0.019599514503830573,-0.03080428901091059,-0.024226587743773176,0.0039455387528213315,-0.02953989697817283,0.9743589743589762,20,0.03853955375253548,-0.12474645030425957,-0.04665314401622722,0.01894003924870491,-0.03283720960708714,0.003898661022890604,0.019599514503830573,-0.09190924069717243,-0.050551805039117825,0.0039455387528213315,-0.1074568227297199,0.3089430894308944,60,0.19979716024340766,-0.12474645030425957,0.026369168356997985,0.414987484970498,-0.03283720960708714,0.3229176563477738,-0.21519032472709032,-0.09190924069717243,-0.2965484879907758,0.0039455387528213315,-0.25367058977849766,1.601626016260163,000708.SZ,中信特钢,0.1269977772900688,4,subjective/semi-quantitative,low_value,1
2014-12-11,4.47810861,3183.012,10,0.04045734388742317,-0.12313104661389607,-0.09762532981530325,0.08551491480396556,-0.012477175706532062,0.047881377764205535,-0.04505757091654239,-0.110653870907364,-0.1455067075795088,-0.013719285912104029,-0.1563470878421792,0.32857142857143,20,0.04045734388742317,-0.14775725593667544,-0.09058927000879491,0.1592017246557662,-0.012477175706532062,0.10385257737011355,-0.11874438076834304,-0.13528008023014337,-0.19444184737890846,-0.013719285912104029,-0.2180757667775416,0.2738095238095247,60,0.04045734388742317,-0.15567282321899734,0.006156552330695009,0.16422401172223045,-0.012477175706532062,0.16420264830921139,-0.12376666783480728,-0.14319564751246527,-0.15804609597851638,-0.013719285912104029,-0.2180757667775416,0.2598870056497184,000708.SZ,中信特钢,0.4839058308155278,4,subjective/semi-quantitative,low_value,1
2025-09-26,12.686052,4550.0487,10,0.07724625439025479,-0.015060240963855498,0.039046032603366365,0.03874600287245267,-0.013007025617110424,-0.002599664482712205,0.03850025151780212,-0.0020532153467450742,0.04164569708607857,0.05579247186924552,-0.004028195875930729,5.129151291512892,20,0.1628147511928848,-0.015060240963855498,0.13989461812075188,0.0465456996097644,-0.013007025617110424,0.022714943688404876,0.1162690515831204,-0.0020532153467450742,0.117179674432347,0.11457706290057756,-0.004028195875930729,10.810899479207496,60,0.24379922138108845,-0.015060240963855498,0.2277551282305954,0.0465456996097644,-0.028183522519220627,0.0196313063638196,0.19725352177132405,0.01312328155536513,0.2081238218667758,0.22369699068080595,-0.004028195875930729,16.18826829970419,000708.SZ,中信特钢,0.0034301485403008,2,subjective/semi-quantitative,high_value,0
2012-07-04,7.42689795,2464.919,10,0.02767295597484276,-0.037735849056603765,-0.020125786163522008,0.004994890298626542,-0.03702839728202023,-0.020521566834447613,0.02267806567621622,-0.000707451774583534,0.0003957806709256051,0.025872680294572348,-0.011098983100673365,0.7333333333333333,20,0.02767295597484276,-0.09056603773584904,-0.07798742138364778,0.004994890298626542,-0.054936490813694006,-0.04311216717466171,0.02267806567621622,-0.03562954692215503,-0.03487525420898607,0.025872680294572348,-0.03645209444711872,0.3055555555555556,60,0.06163522012578615,-0.13710691823899368,-0.1182389937106918,0.004994890298626542,-0.11847853823999899,-0.11360535579465281,0.05664032982715961,-0.018628379998994693,-0.004633637916038991,0.09670274448531124,-0.04257260163805354,0.44954128440366975,000768.SZ,中航西飞,0.0169540731551005,2,subjective/semi-quantitative,low_value,1
2014-08-11,11.95942385,2365.349,10,0.017391304347825987,-0.04901185770750982,-0.037154150197628466,0.006111148925591836,-0.013624205138438428,-0.009506419560073476,0.01128015542223415,-0.03538765256907139,-0.02764773063755499,0.012245572527474602,-0.044588275409014,0.35483870967741776,20,0.17707509881422934,-0.06324110671936756,0.1446640316205534,0.03785657000298892,-0.023552549750586516,0.03376880113674563,0.13921852881124042,-0.03968855696878104,0.11089523048380778,0.12056799750145109,-0.044588275409014,2.800000000000003,60,0.38577075098814206,-0.06324110671936756,0.23715415019762842,0.10020677709716397,-0.023552549750586516,0.08170591316545672,0.2855639738909781,-0.03968855696878104,0.1554482370321717,0.3301680947669692,-0.044588275409014,6.1,000768.SZ,中航西飞,0.2190763215365385,4,subjective/semi-quantitative,high_value,0
2014-11-06,15.47634533,2506.067,10,0.05558949297495408,-0.12156383628588874,-0.08368967623701895,0.043102997645314334,-0.0066430785769096,0.012382749543408123,0.012486495329639746,-0.11492075770897914,-0.09607242578042707,0.02420192993080872,-0.12574559574957866,0.45728643216080345,20,0.05558949297495408,-0.12156383628588874,-0.025656689065363447,0.2389493177955737,-0.0066430785769096,0.23873423974698205,-0.18335982482061963,-0.11492075770897914,-0.2643909288123455,0.02420192993080872,-0.21621428825029254,0.45728643216080345,60,0.6902871105681123,-0.12156383628588874,0.5699450213805743,0.472328154035786,-0.0066430785769096,0.33833612588969086,0.21795895653232633,-0.11492075770897914,0.23160889549088348,0.17305734412341,-0.22694041072939752,5.678391959798998,000768.SZ,中航西飞,0.0728995624609898,4,subjective/semi-quantitative,low_value,1
2015-05-20,32.20063054,4754.919,10,0.42395772166764534,0.002055196711685303,0.3587786259541985,0.099249850523216,-0.018801161491920237,0.08174082460710697,0.32470787114442934,0.02085635820360554,0.27703780134709155,0.31169588268480175,0.012491937462436153,,20,0.42395772166764534,0.002055196711685303,0.27000370347406255,0.13154945436504817,-0.018801161491920237,0.0807399663380175,0.29240826730259717,0.02085635820360554,0.18926373713604505,0.31169588268480175,0.012491937462436153,,60,0.42395772166764534,-0.33204161100877627,0.12169928583019596,0.13154945436504817,-0.25596503326344777,-0.14289538896456488,0.29240826730259717,-0.0760765777453285,0.26459467479476084,0.41184156259357363,-0.03668054176802482,1.2768210598051808,000768.SZ,中航西飞,0.060392343461092,4,subjective/semi-quantitative,low_value,1
2023-04-27,24.88085433,3988.4185,10,0.06144151240645934,-0.031114612051988955,-0.010634107916502433,0.02618371166415967,-0.016394167262036352,-0.002560689155363338,0.03525780074229967,-0.014720444789952603,-0.008073418761139095,0.014204602404595867,-0.010604420633232081,1.974683544303802,20,0.06144151240645934,-0.03702244978337921,-0.02402520677432063,0.02618371166415967,-0.04993079337085615,-0.03777572488945191,0.03525780074229967,0.012908343587476945,0.013750518115131283,0.03332660225968875,-0.010604420633232081,1.6595744680851126,60,0.06770915691462909,-0.10752264671130352,0.011951012053531995,0.02618371166415967,-0.0528137405841439,-0.02158065910084417,0.04152544525046942,-0.05470890612715962,0.033531671154376164,0.09800749798541775,-0.06496909993677746,0.629719961195031,000768.SZ,中航西飞,0.0721615208111225,2,subjective/semi-quantitative,neutral,0
2011-05-31,2.17535094,3001.556,10,0.02614379084967311,-0.02614379084967311,0.013071895424836555,0.003748056008283651,-0.026589542224099705,-0.012805691448035561,0.02239573484138946,0.00044575137442659507,0.025877586872872116,0.02621326586741546,-0.007430781027718436,1.0,20,0.051656998387579645,-0.02614379084967311,0.03203653199975176,0.018146254809172424,-0.0463586219947254,-0.00046209366075466995,0.03351074357840722,0.020214831145052292,0.03249862566050643,0.05702032916455524,-0.007430781027718436,1.9758801883249284,60,0.09482202444080112,-0.19948497137661847,-0.0817621730496505,0.046158059353215375,-0.10144538366100786,-0.0638135686957032,0.04866396508758575,-0.09803958771561061,-0.017948604353947295,0.05702032916455524,-0.10748320026307312,0.47533417573488024,000725.SZ,京东方A,-0.0149710897677743,2,subjective/semi-quantitative,neutral,0
2013-03-06,2.11699744,2650.202,10,0.06048387096774199,-0.06854838709677424,0.004032258064516014,0.003308049726020723,-0.059749407780991914,-0.015103754355328514,0.05717582124172127,-0.00879897931578233,0.019136012419844528,0.028384457335506763,-0.00799515687343022,0.8823529411764708,20,0.06048387096774199,-0.06854838709677424,-0.02016129032258074,0.003308049726020723,-0.06613646808809293,-0.06288388583209892,0.05717582124172127,-0.002411919008681318,0.04272259550951818,0.06588304092156072,-0.00799515687343022,0.8823529411764708,60,0.1370967741935485,-0.06854838709677424,0.02016129032258074,0.004160814911466915,-0.08813856453206204,-0.03383251540825949,0.13293595928208157,0.019590177435287792,0.05399380573084023,0.13046112957620304,-0.00799515687343022,2.0,000725.SZ,京东方A,0.4002741149239509,4,subjective/semi-quantitative,low_value,1
2013-10-29,1.84383648,2372.053,10,0.02777777777777768,-0.04166666666666663,-0.02314814814814814,0.015091568358717167,-0.03248241080616654,-0.013512767210513421,0.012686209419060512,-0.00918425586050009,-0.009635380937634719,0.013177715531312195,-0.00976736506805953,0.6666666666666649,20,0.02777777777777768,-0.04629629629629628,-0.00925925925925919,0.026716940978974923,-0.039226357927078404,0.006476668101429661,0.0010608367988027556,-0.007069938369217876,-0.01573592736068885,0.013177715531312195,-0.04149070893625939,0.5999999999999981,60,0.04629629629629628,-0.07870370370370372,-0.02777777777777779,0.04830709937762778,-0.09088962177489279,-0.05407003975037661,-0.0020108030813315025,0.012185918071189072,0.026292261972598818,0.05259909767950366,-0.04149070893625939,0.5882352941176467,000725.SZ,京东方A,-0.1646845246389645,2,subjective/semi-quantitative,low_value,1
2016-05-03,2.08151856,3213.54,10,0.020576131687242594,-0.06584362139917699,-0.053497942386831365,0.002907074441270474,-0.0555515101725822,-0.039680539218431954,0.01766905724597212,-0.010292111226594791,-0.013817403168399411,0.01812482265938975,-0.015134375920864196,0.3124999999999967,20,0.020576131687242594,-0.07818930041152272,-0.024691358024691468,0.002907074441270474,-0.057909968446012816,-0.013685841781960084,0.01766905724597212,-0.020279331965509906,-0.011005516242731384,0.01812482265938975,-0.015134375920864196,0.2631578947368392,60,0.020576131687242594,-0.07818930041152272,-0.03283260659467768,0.027213291261350525,-0.057909968446012816,0.0023637483896263856,-0.0066371595741079314,-0.020279331965509906,-0.03519635498430407,0.01812482265938975,-0.03511335584596875,0.2631578947368392,000725.SZ,京东方A,0.0877314346131647,2,subjective/semi-quantitative,low_value,1
2019-11-07,3.2655768,3991.874,10,0.032608695652173836,-0.03532608695652173,-0.0027173913043476716,0.007555849708683171,-0.030952379759481397,-0.025621049161371312,0.025052845943490665,-0.004373707197040333,0.02290365785702364,0.04424044955184425,-0.010574951831095802,0.9230769230769211,20,0.11684782608695654,-0.03532608695652173,0.09782608695652195,0.007555849708683171,-0.04685643885553492,-0.028185007843433918,0.10929197637827337,0.011530351899013191,0.12601109479995587,0.1383349225102477,-0.010574951831095802,3.3076923076923093,60,0.3940217391304348,-0.03532608695652173,0.2907608695652175,0.05802613008326407,-0.08817061861170972,-0.01900586040541352,0.33599560904717074,0.05284453165518799,0.30976672997063104,0.3157681758411399,-0.010574951831095802,11.153846153846157,000725.SZ,京东方A,0.263988251652363,2,subjective/semi-quantitative,high_value,0
2023-05-29,3.74063444,3833.9416,10,0.051150895140664954,-0.01534526854219942,0.02848953077596117,0.00884301419719069,-0.01464977974625381,0.00273629624405336,0.04230788094347426,-0.0006954887959456091,0.02575323453190781,0.03813070761778836,0.006671854870902383,3.3333333333333477,20,0.06225307597820229,-0.01534526854219942,0.03887831391511232,0.03496954674531283,-0.01464977974625381,0.0017884988128145096,0.02728352923288946,-0.0006954887959456091,0.03708981510229781,0.04613143811243181,0.006671854870902383,4.0568254512462,60,0.15055773266098682,-0.01534526854219942,-0.007871210211067847,0.06010015906345556,-0.03623182471011033,-0.035813717141648715,0.09045757359753126,0.020886556167910908,0.027942506930580868,0.12522093910848997,0.006671854870902383,9.811345578407686,000725.SZ,京东方A,-0.0195071186194699,2,subjective/semi-quantitative,neutral,0
2025-01-07,4.33523344,3796.1055,10,0.02031602708803626,-0.06546275395033851,0.015801354401806078,0.01648062731660116,-0.024234890205237947,0.00961748823893327,0.0038353997714350996,-0.04122786374510057,0.006183866162872809,0.006124959437518562,-0.04238342391312755,0.31034482758620946,20,0.0338600451467268,-0.06546275395033851,0.02708803611738153,0.03282769670126395,-0.024234890205237947,0.03260083261648017,0.0010323484454628495,-0.04122786374510057,-0.005512796499098638,0.018332500833602827,-0.04238342391312755,0.5172413793103446,60,0.05643340857787815,-0.1783295711060947,-0.1444695259593679,0.06037595635843096,-0.07428376266149606,-0.01606657138480483,-0.0039425477805528075,-0.10404580844459865,-0.12840295457456308,0.018332500833602827,-0.13304915967821807,0.3164556962025321,000725.SZ,京东方A,0.3460538581733166,2,subjective/semi-quantitative,low_value,1
2025-11-10,4.02369548,4695.0507,10,0.0024630541871921707,-0.06650246305418717,-0.059113300492610765,0.0025722405936958737,-0.05819711382456427,-0.05260920824561055,-0.00010918640650370293,-0.008305349229622894,-0.006504092247000215,0.005599437610154023,-0.012031730692640852,0.03703703703703784,20,0.0714285714285714,-0.06650246305418717,0.036945812807881895,0.0025722405936958737,-0.05819711382456427,-0.015611375613047151,0.06885633083487552,-0.008305349229622894,0.052557188420929046,0.07455435535260335,-0.01655746325476437,1.074074074074074,60,0.1650246305418719,-0.06650246305418717,0.08128078817734008,0.03022421035836742,-0.05819711382456427,0.0007736870658288098,0.13480042018350447,-0.008305349229622894,0.08050710111151127,0.12180375888010064,-0.01655746325476437,2.481481481481482,000725.SZ,京东方A,0.2776819711893342,2,subjective/semi-quantitative,neutral,0
2025-01-14,16.49,3820.5395,10,0.023650697392359143,-0.02910855063674933,-0.01091570648878104,0.011443148277880733,-0.011583023811165938,-0.006662593070952405,0.012207549114478411,-0.017525526825583393,-0.004253113417828636,0.020381975526035934,-0.01772288008773326,0.8125000000000108,20,0.03153426318981212,-0.02910855063674933,-0.003638568829593569,0.03792231437471072,-0.011583023811165938,0.031309897463434044,-0.006388051184898602,-0.017525526825583393,-0.034948466293027614,0.020381975526035934,-0.03388745359565093,1.083333333333345,60,0.06973923590054598,-0.10006064281382654,-0.00545785324439052,0.05359439419485135,-0.0802041177692312,-0.012646747926568946,0.016144841705694635,-0.01985652504459534,0.007188894682178426,0.03899835618453551,-0.03794293749806077,0.6969696969696991,000792.SZ,盐湖股份,0.0365785545134838,2,subjective/semi-quantitative,low_value,1
2019-11-18,3.98456155,3907.929,10,0.07744874715261951,-0.006833712984054663,0.02505694760820054,0.01000785838227869,-0.026382260271361146,-0.018391071076265697,0.06744088877034082,0.019548547287306484,0.04344801868446624,0.08570643359620123,0.0036233060519867966,11.333333333333334,20,0.09794988610478361,-0.006833712984054663,0.09794988610478361,0.02038343071227744,-0.026382260271361146,0.02037319511178426,0.07756645539250617,0.019548547287306484,0.07757669099299935,0.08570643359620123,0.0036233060519867966,14.33333333333335,60,0.27334851936218696,-0.10478359908883828,0.04328018223234609,0.08075325831149938,-0.06858389699505807,0.036689765858079815,0.19259526105068758,-0.036199702093780206,0.0065904163742662725,0.17043339822536607,-0.01847677330807551,2.6086956521739144,000807.SZ,云铝股份,-0.0916009815935386,2,subjective/semi-quantitative,high_value,0
2017-11-07,14.2159473,4054.246,10,0.04413407821229054,-0.034078212290502785,0.024581005586592264,0.040948921205077315,-0.0039084949457925955,0.0403169911248602,0.003185157007213224,-0.03016971734471019,-0.015735985538267938,0.022803527213719033,-0.041842866321912364,1.2950819672131162,20,0.04413407821229054,-0.034078212290502785,-0.016201117318435765,0.050907863015712485,-0.01774140000384783,-0.003471915616368615,-0.006773784803421945,-0.016336812286654956,-0.01272920170206715,0.022803527213719033,-0.041842866321912364,1.2950819672131162,60,0.1385474860335194,-0.08212290502793296,0.04972067039106132,0.08610503654686963,-0.024370992781395096,0.054671571483328796,0.05244244948664978,-0.05775191224653786,-0.004950901092267479,0.04014635218775475,-0.06971017159977988,1.687074829931971,000776.SZ,广发证券,0.0300076492982265,2,subjective/semi-quantitative,low_value,1
2020-04-30,11.3919132,3912.5772,10,0.018234865061998562,-0.021152443471918247,-0.006564551422319376,0.02185771567651118,-0.011907675585289379,0.011162028956259284,-0.0036228506145126183,-0.009244767886628869,-0.01772658037857866,-0.004958233121458933,-0.01791133012776902,0.8620689655172448,20,0.018234865061998562,-0.0495988329686361,-0.01094091903719907,0.02185771567651118,-0.02872725425072764,0.0181441787270038,-0.0036228506145126183,-0.020871578717908457,-0.029085097764202872,-0.004958233121458933,-0.028566777055650694,0.3676470588235293,60,0.37709700948212976,-0.0495988329686361,0.12910284463894972,0.24676831935737908,-0.02872725425072764,0.19004695932900684,0.13032869012475068,-0.020871578717908457,-0.060944114690057116,0.11278100818887826,-0.05121152086672254,7.602941176470577,000776.SZ,广发证券,0.0440842430512281,2,subjective/semi-quantitative,low_value,1
2020-11-03,13.41032068,4777.5608,10,0.17542748575047495,-0.008233058898036716,0.06459784673844204,0.04609902609716654,-0.00146572702957537,0.024536621281721738,0.12932845965330841,-0.006767331868461346,0.040061225456720306,0.0926707983112145,-0.006870019295433738,21.307692307692346,20,0.17542748575047495,-0.008233058898036716,0.10196326789107046,0.061744604066577224,-0.00146572702957537,0.06060362434320021,0.11368288168389773,-0.006767331868461346,0.04135964354787025,0.0926707983112145,-0.006870019295433738,21.307692307692346,60,0.17542748575047495,-0.024699176694110148,0.04116529449018369,0.1837587707936652,-0.00146572702957537,0.1570765148608888,-0.00833128504319025,-0.023233449664534778,-0.11591122037070511,0.0926707983112145,-0.11210240391348703,7.1025641025641155,000776.SZ,广发证券,0.0817484614797214,2,subjective/semi-quantitative,high_value,0
2023-03-17,14.1110416,3958.8194,10,0.015974440894568565,-0.027476038338658193,0.007667731629392938,0.026459428788289774,-0.0060127269256081695,0.023266103020511686,-0.01048498789372121,-0.021463311413050024,-0.015598371391118748,-0.0007676858173440992,-0.02600014916508475,0.5813953488372038,20,0.08626198083067105,-0.027476038338658193,0.08434504792332254,0.0481366237621248,-0.0060127269256081695,0.0481366237621248,0.03812535706854625,-0.021463311413050024,0.03620842416119774,0.034545519486985476,-0.02600014916508475,3.1395348837209296,60,0.091373801916933,-0.059424920127795544,-0.03578274760383382,0.05326042405470699,-0.04573186642462135,-0.008416650681261073,0.03811337786222602,-0.013693053703174196,-0.027366096922572747,0.034545519486985476,-0.051183519780709674,1.5376344086021518,000776.SZ,广发证券,0.0625712786798411,2,subjective/semi-quantitative,neutral,0
2024-12-24,15.64424361,3983.6882,10,0.030358227079538613,-0.08014571948998184,-0.06314511232544018,0.006043244047061691,-0.0633833491285789,-0.04881729950652269,0.024314983032476922,-0.016762370361402934,-0.014327812818917485,0.02216516993830786,-0.024852127640678345,0.3787878787878793,20,0.030358227079538613,-0.09471766848816032,-0.060109289617486406,0.006043244047061691,-0.07018142132710081,-0.04685898861261284,0.024314983032476922,-0.02453624716105951,-0.013250301004873566,0.02216516993830786,-0.024852127640678345,0.32051282051282104,60,0.030358227079538613,-0.09471766848816032,-0.02003642987249543,0.010445295392345288,-0.07018142132710081,-0.012871614801580056,0.019912931687193325,-0.02453624716105951,-0.007164815070915376,0.02216516993830786,-0.05371082605631383,0.32051282051282104,000776.SZ,广发证券,0.0421505714710923,2,subjective/semi-quantitative,low_value,1
2025-08-29,21.27059824,4496.7591,10,0.007312614259597616,-0.0831809872029251,-0.03747714808043878,0.015101409368360352,-0.03763872963530557,0.005612686701406577,-0.007788795108762736,-0.04554225756761954,-0.04308983478184536,-0.015498563212974825,-0.0633908602703942,0.08791208791208556,20,0.007312614259597616,-0.08500914076782462,-0.046617915904936136,0.026060880157000144,-0.03763872963530557,0.01185066818455982,-0.018748265897402527,-0.04737041113251905,-0.058468584089495956,-0.015498563212974825,-0.07555813065976225,0.08602150537634173,60,0.12659963436928678,-0.08500914076782462,-0.02866195078864897,0.05894796543581782,-0.03763872963530557,0.017729768979618976,0.06765166893346897,-0.04737041113251905,-0.04639171976826795,0.09445717871201387,-0.07555813065976225,1.4892473118279521,000776.SZ,广发证券,-0.08803109828127,4,subjective/semi-quantitative,low_value,1
2025-10-27,22.85787515,4716.0186,10,0.02947458351131993,-0.06322084579239651,0.008116189662537243,0.009714825976301134,-0.03334463099869889,-0.004446102057358403,0.019759757535018796,-0.02987621479369762,0.012562291719895646,0.014937728982679976,-0.032625736310652576,0.46621621621621523,20,0.02947458351131993,-0.10807347287483982,-0.09611277231952164,0.009714825976301134,-0.062384465574415016,-0.05682140439395211,0.019759757535018796,-0.0456890073004248,-0.03929136792556953,0.014937728982679976,-0.04556885790191034,0.27272727272727254,60,0.02947458351131993,-0.12088850918410943,-0.035882101665954735,0.025643728377152675,-0.062384465574415016,0.0014950322715010511,0.0038308551341672548,-0.05850404360969441,-0.037377133937455786,0.014937728982679976,-0.0879215322890915,0.24381625441696084,000776.SZ,广发证券,0.1997348392440363,4,subjective/semi-quantitative,low_value,1
2014-10-17,13.35689445,2441.732,10,0.00443704936217415,-0.06821963394342767,-0.01885745978924014,0.028855337113163904,-0.032784924799281856,0.027272853859473534,-0.024418287750989753,-0.035434709144145815,-0.04613031364871367,-0.015217959336027764,-0.04995919602343213,0.06504065040650396,20,0.016638935108153063,-0.06821963394342767,0.010537992235163607,0.06789729585392656,-0.032784924799281856,0.057074650289220985,-0.0512583607457735,-0.035434709144145815,-0.04653665805405738,-0.015217959336027764,-0.0706940855303021,0.24390243902438985,60,0.3838047698280642,-0.06821963394342767,0.273987798114254,0.5111212041288726,-0.032784924799281856,0.43915876107615404,-0.1273164343008084,-0.035434709144145815,-0.16517096296190004,-0.015217959336027764,-0.19861187028208915,5.626016260162595,000858.SZ,五粮液,0.0494750921931748,2,subjective/semi-quantitative,low_value,1
2021-10-13,24.71270432,4940.1089,10,0.11385350318471321,-0.006767515923566947,0.06170382165605104,0.012644599798194767,-0.019264878958437648,-0.008490602302309691,0.10120890338651845,0.012497363034870701,0.07019442395836073,0.10182144340305599,0.061033629219966024,16.82352941176451,20,0.19108280254777066,-0.006767515923566947,0.06608280254777066,0.012644599798194767,-0.03767386585344312,-0.024071615101440402,0.1784382027495759,0.030906349929876176,0.09015441764921106,0.1367474434065501,0.061033629219966024,28.23529411764677,60,0.19108280254777066,-0.177547770700637,-0.10628980891719741,0.04124040666390982,-0.03767386585344312,-0.02467093387354291,0.14984239588386083,-0.13987390484719386,-0.0816188750436545,0.1367474434065501,-0.16184716155917345,1.0762331838565018,000938.SZ,紫光股份,0.0070894082608115,2,subjective/semi-quantitative,high_value,0
2021-11-05,27.53617014,4842.3458,10,0.00643086816720273,-0.07681314755269741,-0.03679885673454797,0.015080686720060354,-0.018245268646448154,0.009853013801699229,-0.008649818552857624,-0.05856787890624926,-0.0466518705362472,-0.02303820251553279,-0.07428548457061634,0.08372093023256016,20,0.00643086816720273,-0.11182565201857808,-0.08288674526616646,0.019235036869940325,-0.018245268646448154,0.012116379627411078,-0.012804168702737595,-0.09358038337212993,-0.09500312489357754,-0.02303820251553279,-0.11209845639631699,0.057507987220448684,60,0.00643086816720273,-0.2618792425866381,-0.25544837441943546,0.06226222010001847,-0.05834211592241101,-0.043007234221067,-0.05583135193281574,-0.20353712666422707,-0.21244114019836846,-0.02303820251553279,-0.26267453399403273,0.024556616643929663,000938.SZ,紫光股份,0.0839838183922427,4,subjective/semi-quantitative,low_value,1
2023-03-09,27.30482667,4019.8505,10,0.1445128576602681,-0.04454907642158634,0.13219847881202473,0.004785998882296694,-0.02110386941006892,0.004785998882296694,0.13972685877797142,-0.02344520701151742,0.12741247992972804,0.1268055885247794,-0.02168063944182763,3.2439024390243953,20,0.2875769648678015,-0.04454907642158634,0.23723288663527708,0.02772792172246219,-0.02110386941006892,0.025729663329519425,0.2598490431453393,-0.02344520701151742,0.21150322330575766,0.22170926046982964,-0.02168063944182763,6.455284552845534,60,0.2875769648678015,-0.07062658457080773,0.12749003984063734,0.03726937108730799,-0.059641123469641455,-0.05734260515409706,0.2503075937804935,-0.010985461101166272,0.1848326449947344,0.25028885257253064,-0.02168063944182763,4.071794871794869,000938.SZ,紫光股份,0.5534453346864425,4,subjective/semi-quantitative,high_value,0
2025-12-22,24.77122739,4611.6235,10,0.03584373741441804,-0.028997180829641533,0.02295610149013294,0.04141259580275802,-0.0020554800278035357,0.03578832920770747,-0.005568858388339981,-0.026941700801837998,-0.01283222771757453,-0.0059597291026435295,-0.014659613264777605,1.2361111111111123,20,0.139750302053967,-0.028997180829641533,0.07088199758356817,0.04886162107552794,-0.0020554800278035357,0.024166261621314078,0.09088868097843905,-0.026941700801837998,0.04671573596225409,0.0913503740646242,-0.014659613264777605,4.81944444444445,60,0.139750302053967,-0.06443817962142573,0.02295610149013294,0.04886162107552794,-0.04712639702699062,-0.029076354563636775,0.09088868097843905,-0.01731178259443511,0.052032456053769716,0.0913503740646242,-0.049292661175484254,2.1687499999999993,000938.SZ,紫光股份,0.0149225982054717,2,subjective/semi-quantitative,high_value,0
2013-11-05,3.5558292,2383.769,10,0.009195402298850741,-0.06896551724137923,-0.0356321839080459,0.01921201257336591,-0.043948469839149684,0.011911389064964029,-0.01001661027451517,-0.025017047402229542,-0.04754357297300993,0.0011902593516901483,-0.04903984964860031,0.1333333333333359,20,0.009195402298850741,-0.07011494252873551,-0.05517241379310345,0.03401923592428635,-0.043948469839149684,0.024757012948821933,-0.02482383362543561,-0.02616647268958583,-0.07992942674192538,0.0011902593516901483,-0.08244495262460605,0.13114754098360915,60,0.011494252873563315,-0.08735632183908038,-0.037931034482758585,0.043154768771638485,-0.09535781361365125,-0.06543754868865226,-0.03166051589807517,0.008001491774570879,0.027506514205893673,0.06214595025992509,-0.08749151289592061,0.1315789473684223,000975.SZ,山金国际,0.0126211986489492,2,subjective/semi-quantitative,low_value,1
2017-11-01,6.0199524,3996.622,10,0.006442376521116566,-0.09019327129563359,-0.07444523979957063,0.035285548645831444,-0.008406098950563767,0.01927803029658537,-0.028843172124714878,-0.08178717234506983,-0.093723270096156,-0.0029910034691610354,-0.10738298117647538,0.0714285714285701,20,0.006442376521116566,-0.12526843235504648,-0.06156048675733716,0.06606003770183921,-0.008406098950563767,0.014294571765856245,-0.05961766118072265,-0.11686233340448271,-0.07585505852319341,-0.0029910034691610354,-0.16628621966018675,0.05142857142857055,60,0.10737294201861136,-0.12526843235504648,0.08303507516105935,0.10038402430852877,-0.010304201898503229,0.09219210623371432,0.006988917710082587,-0.11496423045654325,-0.009157031072654975,0.0014701899583884348,-0.16628621966018675,0.8571428571428579,000975.SZ,山金国际,-0.2181379936446846,2,subjective/semi-quantitative,low_value,1
2021-07-23,9.03234861,5089.2282,10,0.007007007007007182,-0.13313313313313302,-0.1191191191191191,-0.004307332887921844,-0.08357402798326075,-0.032944779328228924,0.011314339894929026,-0.04955910514987227,-0.08617433979089018,0.0185829467341756,-0.0930698813492703,0.052631578947369785,20,0.007007007007007182,-0.16916916916916913,-0.12112112112112106,-0.004307332887921844,-0.08357402798326075,-0.06287012242838708,0.011314339894929026,-0.08559514118590839,-0.05825099869273398,0.0185829467341756,-0.12824284813038667,0.04142011834319631,60,0.041041041041041115,-0.16916916916916913,-0.07507507507507516,-0.004307332887921844,-0.08357402798326075,-0.02478367937991066,0.04534837392896296,-0.08559514118590839,-0.0502913956951645,0.048731649227647056,-0.12824284813038667,0.24260355029585848,000975.SZ,山金国际,0.309993879625568,2,subjective/semi-quantitative,low_value,1
2022-01-11,7.92929903,4797.7735,10,0.06613454960091225,-0.012542759407069504,0.03876852907639683,0.01152403297071003,-0.024912868437828584,-0.024870369557879246,0.05461051663020222,0.01237010903075908,0.06363889863427608,0.06526198840396469,-0.002098962373548674,5.272727272727298,20,0.06613454960091225,-0.10718358038768527,0.03420752565564422,0.01152403297071003,-0.05738132489997705,-0.04120056938911354,0.05461051663020222,-0.049802255487708225,0.07540809504475776,0.07864845622270811,-0.04083173598624512,0.6170212765957452,60,0.24629418472063835,-0.12086659064994298,0.20638540478905343,0.01152403297071003,-0.17818942474045518,-0.12635133776115115,0.23477015174992832,0.0573228340905122,0.3327367425502046,0.40233431327484204,-0.04083173598624512,2.0377358490566024,000975.SZ,山金国际,0.0795695633543386,2,subjective/semi-quantitative,low_value,1
2014-09-24,11.91285966,2441.864,10,0.021432765707574797,-0.036406341749853244,-0.013799177921315353,0.01894003924870491,-0.008749463524586276,0.009013605999351304,0.002492726458869887,-0.027656878225266968,-0.022812783920666657,0.00406775628111844,-0.023311855167276296,0.5887096774193522,20,0.021432765707574797,-0.17762771579565473,-0.15296535525543165,0.01894003924870491,-0.03283720960708714,0.003898661022890604,0.002492726458869887,-0.1447905061885676,-0.15686401627832225,0.00406775628111844,-0.15625483165650467,0.12066115702479299,60,0.021432765707574797,-0.17762771579565473,-0.1054022313564299,0.414987484970498,-0.03283720960708714,0.3229176563477738,-0.3935547192629232,-0.1447905061885676,-0.4283198877042037,0.00406775628111844,-0.38100812339628054,0.12066115702479299,000895.SZ,双汇发展,0.0568450482536404,2,subjective/semi-quantitative,low_value,1
2017-05-09,12.95301152,3352.532,10,0.04101213985487129,-0.04361901625175113,0.04101213985487129,0.024528923213857468,-0.011823899070911303,0.021375485752261225,0.01648321664101382,-0.03179511718083983,0.019636654102610063,0.01922569552190434,-0.049510383052075,0.940235323469149,20,0.12124051905421296,-0.04361901625175113,0.11977292675178597,0.06256166980658184,-0.011823899070911303,0.06217569287929248,0.058678849247631115,-0.03179511718083983,0.05759723387249349,0.05422571261856102,-0.049510383052075,2.779533549185572,60,0.1877713700975694,-0.04361901625175113,0.03318498090859401,0.1288038413951007,-0.011823899070911303,0.11194345050248589,0.058967528702468686,-0.03179511718083983,-0.07875846959389188,0.06480878616818475,-0.07715349674477001,4.304805248560164,000895.SZ,双汇发展,0.0881757001894941,2,subjective/semi-quantitative,high_value,0
2019-06-11,17.43170286,3719.275,10,0.01288763592428488,-0.03826016915022168,-0.004430124848973205,0.03678405065503365,-0.0216426588515235,0.022056449173561976,-0.023896414730748772,-0.01661751029869818,-0.02648657402253518,-0.006335933713608521,-0.03253766438436123,0.33684210526314956,20,0.07128473620620213,-0.03826016915022168,0.00483286347160683,0.059998252347567727,-0.0216426588515235,0.019857095804961977,0.0112864838586344,-0.01661751029869818,-0.015024232333355148,0.012493843626608214,-0.03253766438436123,1.8631578947368324,60,0.07128473620620213,-0.1474023358840113,-0.10632299637535247,0.059998252347567727,-0.03855939665660646,0.036118598382749445,0.0112864838586344,-0.10884293922740484,-0.14244159475810192,0.012493843626608214,-0.14262880517993815,0.4836065573770488,000895.SZ,双汇发展,0.0733388630542844,2,subjective/semi-quantitative,low_value,1
2019-12-27,20.1486054,4022.027,10,0.10801393728222997,-0.017073170731707332,0.08710801393728218,0.04524111847086054,-0.005104888654402395,0.04524111847086054,0.06277281881136942,-0.011968282077304937,0.04186689546642164,0.0583273425420181,-0.006910320973846029,6.326530612244892,20,0.10801393728222997,-0.08257839721254367,0.020905923344947563,0.05009414407213075,-0.09500657255657408,-0.05877384711738631,0.05791979321009921,0.012428175344030401,0.07967977046233388,0.09578509995166917,-0.006910320973846029,1.3080168776371288,60,0.3857142857142857,-0.08257839721254367,0.36933797909407673,0.05009414407213075,-0.12899973073278725,-0.08350811667848079,0.3356201416421549,0.04642133352024358,0.4528460957725575,0.49410813561312494,-0.006910320973846029,4.67088607594936,000895.SZ,双汇发展,0.0705707753930568,2,subjective/semi-quantitative,neutral,0
2025-01-08,24.0606992,3789.2153,10,0.003062787136294043,-0.055513016845329166,-0.03713629402756502,0.018328966422150872,-0.022460587024442646,0.002058816768738314,-0.015266179285856829,-0.03305242982088652,-0.039195110796303334,-0.015951671040996818,-0.052181035889246274,0.05517241379310381,20,0.013782542113323082,-0.055513016845329166,-0.025267993874425687,0.03958141412550509,-0.022460587024442646,0.03059327349385499,-0.025798872012182006,-0.03305242982088652,-0.055861267368280676,0.001821229648899081,-0.07440914134806154,0.24827586206896513,60,0.06393568147013795,-0.055513016845329166,0.05206738131699851,0.06230411346644793,-0.07260046690933597,-0.010212826914321682,0.0016315680036900204,0.017087450064006804,0.06228020823132019,0.08877054047369581,-0.07440914134806154,1.1517241379310386,000895.SZ,双汇发展,-0.0169755809442087,4,subjective/semi-quantitative,low_value,1
2025-02-13,23.4527336,3905.1398,10,0.05891594658287502,-0.00824823252160245,0.058130400628436885,0.023252893532774488,-0.0011042882510888807,0.016126464921947248,0.035663053050100535,-0.007143944270513569,0.04200393570648964,0.04133731101051108,-0.002934041970362844,7.142857142857189,20,0.0801256873527103,-0.00824823252160245,0.03574234092694417,0.023252893532774488,-0.012653682718349879,0.001648980658771837,0.05687279381993582,0.004405450196747429,0.034093360268172335,0.07489369634967047,-0.002934041970362844,9.714285714285811,60,0.09976433621366865,-0.00824823252160245,0.0008976480251325913,0.030769500236585756,-0.10013042298767383,0.009748946759857269,0.06899483597708289,0.09188219046607138,-0.008851298734724677,0.15116728325211337,-0.008765841017341236,12.095238095238207,000895.SZ,双汇发展,-0.0302019611442412,2,subjective/semi-quantitative,high_value,0
2025-03-11,24.8160504,3941.4157,10,0.0033407572383072903,-0.04528582034149975,-0.02487008166295468,0.02128253053845608,-0.011173624746052546,-0.0023140416272254827,-0.01794177330014879,-0.0341121955954472,-0.022556040035729197,-0.012407288845278419,-0.05195508246253666,0.07377049180327717,20,0.03155159613956937,-0.04528582034149975,0.02709725315515965,0.02128253053845608,-0.10841261935400515,-0.0646015085391779,0.010269065601113292,0.0631267990125054,0.09169876169433755,0.09803176136314962,-0.05195508246253666,0.6967213114754071,60,0.039346696362286604,-0.07509184459103135,-0.05485231848175176,0.02128253053845608,-0.10841261935400515,-0.0192698527080003,0.018064165823830525,0.03332077476297379,-0.03558246577375146,0.09803176136314962,-0.05451917775474113,0.5239809539448442,000895.SZ,双汇发展,0.0331798551303877,4,subjective/semi-quantitative,low_value,1
2025-03-25,24.1988732,3932.2951,10,0.057860677578987385,-0.01979444232965366,0.05329272934906748,0.005261583750415966,-0.10634466370542739,-0.06243193701306904,0.05259909382857142,0.08655022137577373,0.11572466636213652,0.12343068298791837,0.00024582768821979073,2.923076923076911,20,0.06585458698134761,-0.01979444232965366,0.02283974114960019,0.005261583750415966,-0.10634466370542739,-0.036979091421699195,0.06059300323093164,0.08655022137577373,0.059818832571299385,0.12343068298791837,0.00024582768821979073,3.3269230769230695,60,0.06585458698134761,-0.05776851626298041,-0.038970880677204445,0.007178428699311068,-0.10634466370542739,-0.007186871605846634,0.05867615828203654,0.04857614744244698,-0.03178400907135781,0.12343068298791837,-0.03680489593936209,1.1399736611125144,000895.SZ,双汇发展,0.000931182894552,2,subjective/semi-quantitative,high_value,0
2025-03-18,6.5967412,4007.7229,10,0.03676470588235281,-0.044117647058823595,0.022058823529411686,0.004385557694120967,-0.033764784486472466,-0.0299518711735286,0.03237914818823184,-0.01035286257235113,0.052010694702940286,0.05371920134241104,-0.018925366957313172,0.8333333333333292,20,0.15441176470588225,-0.06470588235294117,0.08235294117647052,0.004385557694120967,-0.12316380456343434,-0.05861246045728363,0.15002620701176128,0.058457922210493174,0.14096540163375415,0.18998584347717618,-0.018925366957313172,2.386363636363635,60,0.15441176470588225,-0.06470588235294117,0.002941176470588225,0.004385557694120967,-0.12316380456343434,-0.034269909229502904,0.15002620701176128,0.058457922210493174,0.03721108570009113,0.18998584347717618,-0.018925366957313172,2.386363636363635,001391.SZ,国货航,0.0838326362788245,2,subjective/semi-quantitative,high_value,0
2018-05-15,6.34973856,3924.097,10,0.05593607305936077,-0.0273972602739726,0.006849315068493178,0.00340536943913472,-0.0317976339524737,-0.03060270936217946,0.05253070362022605,0.004400373678501102,0.03745202443067264,0.0697904994268026,-0.012974170431327758,2.0416666666666683,20,0.05593607305936077,-0.06278538812785384,-0.03881278538812771,0.00340536943913472,-0.05148343682635781,-0.025010594794165453,0.05253070362022605,-0.011301951301496027,-0.01380219059396226,0.0697904994268026,-0.01763406401678791,0.8909090909090922,60,0.05593607305936077,-0.19863013698630128,-0.023303759454310513,0.00340536943913472,-0.1698255675127297,-0.15534529345222614,0.05253070362022605,-0.028804569473571573,0.13204153399791563,0.17419660506765533,-0.11405414891828469,0.2816091954022992,001965.SZ,招商公路,0.1028544817565675,2,subjective/semi-quantitative,low_value,1
2017-04-10,14.90431275,3505.139,10,0.0228013029315961,-0.07622149837133563,-0.0742671009771988,0.005123334623819531,-0.028860481709855224,-0.021077623455161176,0.01767796830777657,-0.047361016661480404,-0.05318947752203762,0.018607664107656685,-0.054334724383125144,0.2991452991452988,20,0.0228013029315961,-0.08664495114006521,-0.06905537459283395,0.005123334623819531,-0.05065391129995134,-0.04353807366840512,0.01767796830777657,-0.03599103984011387,-0.025517300924428832,0.018607664107656685,-0.054334724383125144,0.26315789473684204,60,0.0228013029315961,-0.15718802398319243,-0.027273552079749575,0.048897632875614994,-0.05484718295051927,0.04420851783623991,-0.026096329944018892,-0.10234084103267316,-0.07148206991598949,0.018607664107656685,-0.14297454512757024,0.14505750726934621,000988.SZ,华工科技,0.2709976955625481,2,subjective/semi-quantitative,low_value,1
2017-10-18,17.01790992,3944.162,10,0.038879359634076405,-0.04802744425385941,0.03259005145797578,0.022609872515378493,-0.00861146169959548,0.013300670712815599,0.016269487118697912,-0.03941598255426393,0.01928938074516018,0.019036186694311397,-0.04840721899069622,0.8095238095238041,20,0.15151515151515138,-0.04802744425385941,0.1017724413950829,0.04905554082210628,-0.00861146169959548,0.03283511174236753,0.1024596106930451,-0.03941598255426393,0.06893732965271537,0.0914731341476207,-0.04840721899069622,3.154761904761898,60,0.15151515151515138,-0.08404802744425399,-0.019439679817038313,0.0802393512234032,-0.00861146169959548,0.06628125315339495,0.07127580029174818,-0.07543656574465851,-0.08572093297043326,0.0914731341476207,-0.08906906677852344,1.8027210884353697,000988.SZ,华工科技,0.2369105403575292,4,subjective/semi-quantitative,high_value,0
2017-11-09,18.2439,4075.899,10,0.07413333333333338,-0.05813333333333326,-0.05599999999999994,0.045324970025017786,-0.004951791003653394,0.00650089710270052,0.0288083633083156,-0.053181542329679865,-0.06250089710270046,0.0521320660753819,-0.06209720953316056,1.2752293577981677,20,0.07413333333333338,-0.14560000000000006,-0.1061333333333333,0.045324970025017786,-0.029418295203095024,-0.025722668790369885,0.0288083633083156,-0.11618170479690504,-0.08041066454296342,0.0521320660753819,-0.12190267003616173,0.5091575091575092,60,0.07413333333333338,-0.2234666666666667,-0.2069333333333333,0.08033516041491717,-0.029553970792701167,0.047923905867147454,-0.006201827081583788,-0.19391269587396553,-0.25485723920048076,0.0521320660753819,-0.24320204718451266,0.33174224343675435,000988.SZ,华工科技,0.9883892878943966,4,subjective/semi-quantitative,low_value,1
2024-07-09,30.26111865,3439.8111,10,0.02331691297208538,-0.07192118226600985,-0.07093596059113305,0.030678196253276724,-0.004698746393370312,1.9419671039466735e-05,-0.007361283281191344,-0.06722243587263954,-0.07095538026217252,0.00645733731817133,-0.0709540023587878,0.32420091324200906,20,0.02331691297208538,-0.10344827586206895,-0.07126436781609191,0.030678196253276724,-0.03523042297293588,-0.028150441168121043,-0.007361283281191344,-0.06821785288913307,-0.04311392664797087,0.00645733731817133,-0.07813380949198401,0.22539682539682537,60,0.2614121510673235,-0.10344827586206895,0.15041050903119868,0.2937825277672952,-0.08547571115169661,0.1622114656237954,-0.03237037669997167,-0.01797256471037234,-0.011800956592596723,0.03182937446695444,-0.07813380949198401,2.5269841269841278,000988.SZ,华工科技,-0.0574165323244531,2,subjective/semi-quantitative,low_value,1
2026-04-27,118.59268981,4770.9469,10,0.2669416617560403,-0.03712433706540952,0.15666301877262412,0.054406767763439,-0.00709146437995356,0.030109368855058882,0.21253489399260128,-0.030032872685455958,0.12655364991756524,0.1968150496749661,-0.024333229062138195,7.190476190476201,20,0.479922552403401,-0.03712433706540952,0.39430928529337494,0.054406767763439,-0.00709146437995356,0.030028923608435232,0.425515784639962,-0.030032872685455958,0.3642803616849397,0.4031223377421964,-0.024333229062138195,12.927437641723367,60,0.5823909576606643,-0.19666212013038753,-0.08771779969462179,0.061480143491012385,-0.05845001125457927,-0.02552013312074375,0.5209108141696519,-0.13821210887580826,-0.06219766657387804,0.49149571531518355,-0.07385435948025043,2.9613784152969442,000988.SZ,华工科技,0.3044376459514317,4,subjective/semi-quantitative,high_value,0
2026-06-15,160.98,4891.7126,10,0.1657348738973785,-0.011802708410982632,0.14678842092185374,0.035274517149678886,-0.01319856771634531,0.017932410828878087,0.13046035674769962,0.0013958593053626789,0.12885601009297565,0.12658601761982524,0.004575925984721119,14.042105263158009,20,0.1657348738973785,-0.11479686917629517,-0.007081625046589601,0.035274517149678886,-0.049608024805054995,-0.019463653690529492,0.13046035674769962,-0.06518884437124017,0.01238202864393989,0.12658601761982524,-0.06052288636729897,1.4437229437229435,44,0.1657348738973785,-0.4394955895142253,-0.2939495589514225,0.035274517149678886,-0.08453139704078272,-0.030789727916558207,0.13046035674769962,-0.3549641924734426,-0.2631598310348643,0.12658601761982524,-0.39155306516031474,0.37710247349823317,000988.SZ,华工科技,0.3747933384358621,4,subjective/semi-quantitative,neutral,0
2016-10-13,11.731536,3302.646,10,0.10312499999999991,-0.011249999999999982,0.06000000000000005,0.024277503553211455,-0.009418205887037234,0.013034700055652326,0.07884749644678846,-0.001831794112962748,0.04696529994434773,0.08612247839374487,0.024007198758079662,9.166666666666673,20,0.10312499999999991,-0.011249999999999982,0.04875000000000007,0.03039078363227543,-0.009418205887037234,0.02663500720331502,0.07273421636772448,-0.001831794112962748,0.02211499279668505,0.08612247839374487,0.009079296541978144,9.166666666666673,60,0.27812499999999996,-0.011249999999999982,0.04437500000000005,0.08510539730870326,-0.010778630225582897,0.013631797050001726,0.1930196026912967,-0.0004713697744170853,0.030743202949998327,0.1614728217330763,-0.016135775570451094,24.722222222222257,001979.SZ,招商蛇口,0.6347449420060224,2,subjective/semi-quantitative,high_value,0
2017-08-01,14.7186004,3770.382,10,-0.0005102040816327147,-0.052551020408163285,-0.031632653061224425,0.0037049296331246317,-0.033229524223274964,-0.017060870755270963,-0.0042151337147573464,-0.01932149618488832,-0.014571782305953462,-0.006050876076064804,-0.022371465355247033,-0.009708737864078838,20,-0.0005102040816327147,-0.052551020408163285,-0.018877551020408223,0.025610137116079956,-0.033229524223274964,0.017015517260585256,-0.02612034119771267,-0.01932149618488832,-0.03589306828099348,0.0014259100259512714,-0.035292547332684165,-0.009708737864078838,60,0.05714285714285716,-0.09693877551020402,-0.07295918367346932,0.06974280059686255,-0.033229524223274964,0.06268197758211236,-0.012599943454005391,-0.06370925128692906,-0.13564116125558168,0.010599710564205944,-0.12764040805905252,0.5894736842105268,001979.SZ,招商蛇口,0.0437384305840303,2,subjective/semi-quantitative,low_value,1
2020-09-02,14.00678452,4843.887,10,-0.005369928400954627,-0.0751789976133651,-0.06861575178997614,0.0068384543239758955,-0.05901388698786736,-0.03850804116611306,-0.012208382724930522,-0.016165110625497747,-0.030107710623863082,0.019995196573970198,-0.031313533459373044,-0.0714285714285711,20,-0.005369928400954627,-0.10501193317422441,-0.09606205250596656,0.0068384543239758955,-0.05969732572209052,-0.05295162748429094,-0.012208382724930522,-0.04531460745213389,-0.043110425021675614,0.019995196573970198,-0.04552082688992798,-0.05113636363636334,60,-0.005369928400954627,-0.18198090692124103,-0.1390214797136038,0.050934590340361074,-0.05969732572209052,0.04400872687575097,-0.0563045187413157,-0.1222835811991505,-0.18303020658935476,0.019995196573970198,-0.17531482436653756,-0.02950819672131133,001979.SZ,招商蛇口,0.0164989196245106,2,subjective/semi-quantitative,low_value,1
2020-09-18,13.36327473,4737.0887,10,0.01000625390869292,-0.061913696060037604,-0.014383989993746127,0.018192165158317453,-0.03849807583294784,0.01816919746510126,-0.008185911249624533,-0.023415620227089762,-0.03255318745884739,0.01216763528070608,-0.0393104129439662,0.16161616161616119,20,0.01000625390869292,-0.061913696060037604,-0.05065666041275807,0.023752204597730975,-0.03849807583294784,-0.009679531649892992,-0.013745950689038056,-0.023415620227089762,-0.04097712876286508,0.01216763528070608,-0.05551616941280191,0.16161616161616119,60,0.01000625390869292,-0.17573483427141978,-0.16823014383989998,0.07462805161321961,-0.03849807583294784,0.06538845261647719,-0.0646217977045267,-0.13723675843847194,-0.23361859645637717,0.01216763528070608,-0.21928020327481068,0.0569395017793593,001979.SZ,招商蛇口,0.0278718303455147,2,subjective/semi-quantitative,low_value,1
2013-03-20,0.85215918,2610.174,10,0.029197080291970767,-0.06082725060827254,-0.048661800486618056,0.012043258418787284,-0.0518153195917207,-0.048512857763505446,0.017153821873183484,-0.009011931016551844,-0.0001489427231126106,0.03418638810252106,-0.00015653676912807946,0.47999999999999915,20,0.029197080291970767,-0.08759124087591241,-0.038929440389294356,0.012043258418787284,-0.07415482645984517,-0.029249774152987462,0.017153821873183484,-0.013436414416067244,-0.009679666236306894,0.03418638810252106,-0.009971325247811413,0.3333333333333329,60,0.07542579075425793,-0.14355231143552316,-0.14111922141119226,0.019559998682080026,-0.17081198418189747,-0.16817422899776024,0.0558657920721779,0.027259672746374308,0.02705500758656798,0.04992069344304917,-0.021680493947102808,0.5254237288135593,002027.SZ,分众传媒,-0.0529259648521179,2,subjective/semi-quantitative,low_value,1
2016-09-27,5.9965924,3240.755,10,0.1629526462395543,-0.011142061281337101,0.09192200557103059,0.024863959170008165,-0.003937045534142536,0.024863959170008165,0.13808868706954613,-0.007205015747194565,0.06705804640102242,0.10562602166224266,-0.01085786142554046,14.624999999999927,20,0.1629526462395543,-0.011142061281337101,0.15459610027855142,0.04383885853759373,-0.003937045534142536,0.036502913672894044,0.11911378770196057,-0.007205015747194565,0.11809318660565737,0.11393425435456717,-0.01085786142554046,14.624999999999927,60,0.3767409470752088,-0.04526462395543174,-0.024373259052924756,0.10582842578349805,-0.003937045534142536,0.02333715445937745,0.27091252129171073,-0.0413275784212892,-0.04771041351230221,0.27582735417674575,-0.05138902343539664,8.323076923076924,002027.SZ,分众传媒,0.0670524248989905,2,subjective/semi-quantitative,high_value,0
2022-09-13,4.5742215,4111.1145,10,0.008771929824561209,-0.11754385964912284,-0.04210526315789476,-0.005365017199107314,-0.06888351078521404,-0.05322632098911373,0.014136947023668522,-0.0486603488639088,0.011121057831218972,0.011746268488195932,-0.038590469476945,0.07462686567164012,20,0.008771929824561209,-0.11754385964912284,-0.0052631578947368585,-0.005365017199107314,-0.10935939633887592,-0.06636832907475565,0.014136947023668522,-0.008184463310246914,0.06110517118001879,0.06544890569046635,-0.038590469476945,0.07462686567164012,60,0.2087719298245614,-0.256140350877193,0.1578947368421051,-0.005365017199107314,-0.1496342658420241,-0.040240474936905635,0.2141369470236687,-0.1065060850351689,0.19813521177901072,0.23748378429659045,-0.07909236575299561,0.8150684931506849,002027.SZ,分众传媒,0.017017624356953,2,subjective/semi-quantitative,low_value,1
2023-02-28,5.35496508,4069.4587,10,0.05351681957186538,-0.03975535168195732,-0.022935779816513957,0.016659168945491354,-0.03010675596732315,-0.020829084713404278,0.03685765062637403,-0.009648595714634167,-0.0021066951031096792,0.023031219310200468,-0.021740226226497072,1.34615384615384,20,0.0688073394495412,-0.03975535168195732,0.03822629969418956,0.016659168945491354,-0.03303697368890868,-0.01718754388636501,0.05214817050404985,-0.006718377993048641,0.05541384358055457,0.0563829276235257,-0.021740226226497072,1.730769230769223,60,0.11620795107033643,-0.0902140672782874,-0.013761467889908285,0.024624675512740835,-0.0623887889561332,-0.05787430647717351,0.0915832755575956,-0.0278252783221542,0.044112838587265224,0.12307388020368482,-0.06100776382983597,1.2881355932203402,002027.SZ,分众传媒,0.0659169833262083,2,subjective/semi-quantitative,high_value,0
2025-02-24,5.9802393,3969.7169,10,0.03369065849923447,-0.030627871362940318,0.004594180704440953,0.0010618893251557182,-0.02871527186233358,-0.01030680550545049,0.03262876917407875,-0.0019125995006067376,0.014900986209891443,0.034139507308192485,-0.014916648296549151,1.100000000000004,20,0.09035222052067393,-0.030627871362940318,0.0811638591117918,0.014001527413705528,-0.02871527186233358,-0.008783573458349125,0.0763506931069684,-0.0019125995006067376,0.08994743257014093,0.09074449349469216,-0.014916648296549151,2.9499999999999997,60,0.15313935681470126,-0.030627871362940318,0.14548238897396626,0.014001527413705528,-0.11476899020179498,-0.0220274649811929,0.13913782940099573,0.08414111883885467,0.16750985395515916,0.19076589519031706,-0.014916648296549151,4.999999999999989,002027.SZ,分众传媒,0.0895286615727818,2,subjective/semi-quantitative,high_value,0
2021-12-27,22.00195964,4919.3238,10,0.1349957007738607,0.010318142734307756,0.05760963026655208,0.008563961575369206,-0.02815523141615528,-0.02470874147377733,0.1264317391984915,0.038473374150463036,0.08231837174032941,0.10439115675985966,0.04594977888818086,,20,0.1349957007738607,-0.06706792777300086,-0.06147893379191738,0.008563961575369206,-0.04900604428600541,-0.04896459549989374,0.1264317391984915,-0.018061883486995445,-0.012514338292023641,0.10439115675985966,-0.013391637243487242,2.0128205128205128,60,0.1349957007738607,-0.3383490971625107,-0.2785898538263112,0.008563961575369206,-0.19849532978495954,-0.15961130674097923,0.1264317391984915,-0.13985376737755117,-0.11897854708533195,0.10439115675985966,-0.17781758619885202,0.39898348157560354,002050.SZ,三花智控,0.0775234270073668,2,subjective/semi-quantitative,high_value,0
2026-01-16,57.07639704,4731.8728,10,0.057605290636964845,-0.1420118343195267,-0.11347024016707286,0.008260386881067339,-0.018259620165614,-0.005395897370698455,0.04934490375589751,-0.12375221415391269,-0.1080743427963744,0.018587776007201517,-0.13264326027877582,0.4056372549019606,20,0.057605290636964845,-0.14584058475461192,-0.0692655760529064,0.008260386881067339,-0.03247426684842414,-0.015103364570577593,0.04934490375589751,-0.11336631790618779,-0.054162211482328804,0.018587776007201517,-0.13264326027877582,0.3949880668257756,60,0.057605290636964845,-0.28402366863905326,-0.19752871562826313,0.009500044041758526,-0.07134141475654221,0.007634228882906546,0.04810524659520632,-0.21268225388251105,-0.20516294451116968,0.018587776007201517,-0.22538005286021412,0.2028186274509804,002050.SZ,三花智控,0.7794389902531382,4,subjective/semi-quantitative,low_value,1
2013-04-18,3.09446046,2464.851,10,0.023679417122040025,-0.02732240437158473,0.0,0.031483444638235714,-0.016947880419546646,0.026406058621799122,-0.0078040275161956885,-0.010374523952038084,-0.026406058621799122,0.016967270961915304,-0.02572671741362842,0.8666666666666639,20,0.26593806921675767,-0.02732240437158473,0.22040072859744986,0.06603441749622996,-0.016947880419546646,0.06085641687874843,0.1999036517205277,-0.010374523952038084,0.15954431171870143,0.1613068589242448,-0.02572671741362842,9.73333333333332,60,0.2969034608378869,-0.09471766848816021,-0.014571948998178597,0.07967134727413527,-0.1791913588285864,-0.1113142335987044,0.2172321135637516,0.08447369034042618,0.09674228460052581,0.18823518626974156,-0.02572671741362842,3.1346153846153855,002202.SZ,金风科技,-0.0230650349367213,2,subjective/semi-quantitative,high_value,0
2024-04-26,7.16336702,3584.2686,10,0.09690444145356669,-0.008075370121130576,0.06191117092866749,0.025530285313996925,-0.001536966286510899,0.01165852916268606,0.07137415613956977,-0.006538403834619677,0.05025264176598143,0.05835278400035837,0.021183943497845137,11.999999999999973,20,0.09690444145356669,-0.008075370121130576,0.06864064602960984,0.03313370543714278,-0.001536966286510899,0.00816169301597558,0.06377073601642391,-0.006538403834619677,0.06047895301363426,0.06527669889831755,0.021183943497845137,11.999999999999973,60,0.09690444145356669,-0.13055181695827722,0.048452220726783235,0.03313370543714278,-0.05593037865521566,-0.0516135983782019,0.06377073601642391,-0.07462143830306156,0.10006581910498513,0.10551165530617745,-0.07741695597034459,0.7422680412371141,002202.SZ,金风科技,0.0124604665299707,2,subjective/semi-quantitative,high_value,0
2015-12-30,11.48071914,3765.175,10,0.01946030098598861,-0.2462376751427089,-0.17721847431240256,0.0019765349552145484,-0.184091310496856,-0.14437682179447175,0.01748376603077406,-0.06214636464585288,-0.03284165251793081,0.03661940233684202,-0.08037874418024216,0.07903055848261338,20,0.01946030098598861,-0.31759211209133364,-0.285158277114686,0.0019765349552145484,-0.2459075607375487,-0.24206550824330886,0.01748376603077406,-0.07168455135378493,-0.04309276887137714,0.03661940233684202,-0.08037874418024216,0.061274509803921656,60,0.01946030098598861,-0.31759211209133364,-0.07239231966787751,0.0019765349552145484,-0.250708134416063,-0.14530187839874642,0.01748376603077406,-0.06688397767527066,0.0729095587308689,0.12323451823532072,-0.08037874418024216,0.061274509803921656,002179.SZ,中航光电,0.0606038410312036,2,subjective/semi-quantitative,low_value,1
2022-09-01,44.97577641,4043.7395,10,0.08839156335533738,-0.004186121397520615,0.050233456770246265,0.020864796063148727,-0.027463910570896033,-0.027463910570896033,0.06752676729218865,0.02327778917337542,0.0776973673411423,0.07989150036247183,0.01191527958475791,21.115384615384198,20,0.08839156335533738,-0.06923200772822413,-0.0661729190146515,0.020864796063148727,-0.05995927779225152,-0.059067652602251,0.06752676729218865,-0.009272729935972612,-0.007105266412400502,0.10034772311982731,-0.007551304227185862,1.2767441860465125,60,0.1093221703429399,-0.07905329254548377,-0.04475929801964251,0.020864796063148727,-0.13546584788659122,-0.04273067045985535,0.08845737427979117,0.05641255534110745,-0.002028627559787166,0.2483175554307353,-0.01099675108365239,1.3828920570264769,002179.SZ,中航光电,-0.0650142953867242,2,subjective/semi-quantitative,neutral,0
2024-12-20,37.781157,3927.7441,10,0.04884910485933491,-0.07723785166240404,-0.07007672634271112,0.02037263578347681,-0.04701716692795743,-0.04042381477958301,0.028476469075858102,-0.030220684734446612,-0.029652911563128104,0.004278055255756419,-0.032922351883781675,0.6324503311258266,20,0.04884910485933491,-0.0831202046035806,-0.041687979539641984,0.02037263578347681,-0.05693772157916288,-0.024967945340430897,0.028476469075858102,-0.026182483024417724,-0.016720034199211087,0.013290215283667361,-0.032922351883781675,0.5876923076923058,60,0.11662404092071621,-0.09386189258312017,0.07058823529411762,0.024837386936689798,-0.05693772157916288,0.0011586803732961393,0.09178665398402641,-0.036924171003957285,0.06942955492082148,0.0888803107960685,-0.081154751013776,1.2425068119891023,002179.SZ,中航光电,0.0075249954406078,2,subjective/semi-quantitative,low_value,1
2025-06-23,37.57902265,3857.9016,10,0.061433447098976135,-0.011026516145970056,0.023890784982935287,0.04042254473260787,0.0011628082997243716,0.02780604875977133,0.021010902366368267,-0.012189324445694427,-0.003915263776836042,0.038550247836651064,-0.003809341053752746,5.571428571428582,20,0.061433447098976135,-0.011026516145970056,0.029929115253347405,0.05915534496784458,0.0011628082997243716,0.059023174670914225,0.002278102131131554,-0.012189324445694427,-0.02909405941756682,0.038550247836651064,-0.027472542729395588,5.571428571428582,60,0.12864268836965076,-0.015489629824100737,0.02126542399579945,0.18377962258031677,0.0011628082997243716,0.17500552632031874,-0.05513693421066601,-0.01665243812382511,-0.1537401023245193,0.038550247836651064,-0.13084202489325836,8.305084745762748,002179.SZ,中航光电,-0.0010018396489122,2,subjective/semi-quantitative,low_value,1
2010-12-21,5.0909037,3249.509,10,0.05954323001631323,-0.030179445350734024,0.029363784665578985,0.004290186609730906,-0.06902242769599964,-0.022725587157936822,0.055253043406582325,0.03884298234526562,0.052089371823515807,0.08640042242167612,-0.01166473647994426,1.9729729729729781,20,0.11337683523654163,-0.030179445350734024,0.018760195758564358,0.004290186609730906,-0.09290911334604712,-0.06298120731470502,0.10908664862681072,0.0627296679953131,0.08174140307326938,0.13869728021924455,-0.01166473647994426,3.7567567567567663,60,0.13784665579119082,-0.030179445350734024,0.08075040783034271,0.032613542538272755,-0.10166058933826627,0.004744409078417666,0.10523311325291806,0.07148114398753225,0.07600599875192504,0.13869728021924455,-0.01166473647994426,4.567567567567576,002142.SZ,宁波银行,0.0226194682886942,2,subjective/semi-quantitative,high_value,0
2013-05-16,4.50370529,2552.709,10,0.052732502396931835,-0.007670182166826467,0.02684563758389258,0.04251170031523377,-0.0019324568527003816,0.03197152515229895,0.010220802081698066,-0.005737725314126085,-0.005125887568406373,0.013469551531329005,-0.010661956777084591,6.874999999999984,20,0.052732502396931835,-0.09875359539789075,-0.07957813998082464,0.04251170031523377,-0.06953593221945775,-0.052479150580814315,0.010220802081698066,-0.029217663178432995,-0.02709898940001032,0.013469551531329005,-0.02868521619750064,0.5339805825242706,60,0.052732502396931835,-0.2799616490891659,-0.164717591900868,0.04251170031523377,-0.2074415846067843,-0.07585706008793003,0.010220802081698066,-0.07252006448238157,-0.08886053181293796,0.013469551531329005,-0.0992040770791418,0.18835616438356131,002142.SZ,宁波银行,0.0130002280457891,2,subjective/semi-quantitative,low_value,1
2016-09-29,9.1590252,3244.387,10,0.03012820512820502,-0.0064102564102563875,0.028846153846153744,0.027164761787049407,-0.0016493100237425784,0.022875507761558556,0.002963443341155614,-0.004760946386513809,0.005970646084595188,0.005837119023077708,-0.017485624363686947,4.7,20,0.1134615384615385,-0.0064102564102563875,0.08653846153846145,0.04267031029282253,-0.0016493100237425784,0.037202097037128956,0.07079122816871597,-0.004760946386513809,0.0493363645013325,0.0481806994188525,-0.017485624363686947,17.70000000000007,60,0.20128205128205123,-0.0064102564102563875,0.054487179487179516,0.10459048196161547,-0.0016493100237425784,0.01645241458555957,0.09669156932043577,-0.004760946386513809,0.038034764901619944,0.09197144209041497,-0.017485624363686947,31.400000000000105,002142.SZ,宁波银行,0.1006264503698716,2,subjective/semi-quantitative,high_value,0
2024-12-23,22.4171556,3933.5718,10,0.029069767441860517,-0.02491694352159468,0.025332225913621276,0.018860924313114147,-0.04842903846321045,-0.03494694058972048,0.01020884312874637,0.02351209494161577,0.06027916650334175,0.06246202311422855,-0.014793581406992384,1.166666666666669,20,0.09136212624584705,-0.02491694352159468,0.06395348837209291,0.018860924313114147,-0.058334895526757635,-0.025665554140895552,0.0725012019327329,0.033417952005162954,0.08961904251298847,0.10596899022023143,-0.014793581406992384,3.666666666666662,60,0.11046511627906974,-0.02491694352159468,0.08803986710963452,0.023319060808804748,-0.058334895526757635,-0.0036138148031262807,0.087146055470265,0.033417952005162954,0.0916536819127608,0.12894843405486411,-0.014793581406992384,4.433333333333333,002142.SZ,宁波银行,-0.0383630234879037,2,subjective/semi-quantitative,high_value,0
2014-12-09,9.574656,3106.913,10,0.1049679487179489,-0.0064102564102562765,0.0024038461538462563,0.11210291372819259,-0.015681803771138814,0.0701696507111722,-0.007134965010243688,0.009271547360882537,-0.06776580455732595,0.053151358642539615,-0.0788491351183408,16.37500000000037,20,0.1049679487179489,-0.021634615384615308,0.05128205128205132,0.18549376825163755,-0.015681803771138814,0.14559339125363335,-0.08052581953368865,-0.005952811613476494,-0.09431133997158203,0.053151358642539615,-0.12356981202709894,4.851851851851878,60,0.21474358974358987,-0.021634615384615308,0.15865384615384626,0.18759456734063695,-0.015681803771138814,0.15640315644499858,0.027149022402952916,-0.005952811613476494,0.002250689708847675,0.07241470925219184,-0.12356981202709894,9.925925925925966,002028.SZ,思源电气,0.1071971603688827,4,subjective/semi-quantitative,low_value,1
2015-01-16,10.426248,3635.146,10,0.11552612214863878,-0.028697571743929395,0.034584253127299514,-0.002019176121124233,-0.08513138124300923,-0.05522639255754802,0.11754529826976301,0.056433809499079834,0.08981064568484753,0.1522604534369134,0.0698978852382175,4.025641025641023,20,0.11552612214863878,-0.028697571743929395,0.04488594554819736,-0.002019176121124233,-0.09606519242968514,-0.04547767820054549,0.11754529826976301,0.06736762068575575,0.09036362374874285,0.1522604534369134,0.0698978852382175,4.025641025641023,60,0.6033848417954379,-0.028697571743929395,0.38410596026490085,0.2850014827464975,-0.09606519242968514,0.24394425973537226,0.31838335904894044,0.06736762068575575,0.1401617005295286,0.24335838103937335,0.0698978852382175,21.025641025641004,002028.SZ,思源电气,0.2667899094728828,4,subjective/semi-quantitative,high_value,0
2015-03-10,11.35456,3520.611,10,0.10472972972972983,-0.03040540540540526,0.07770270270270285,0.13328567115196766,-0.002383961193099693,0.12851036368403101,-0.02855594142223783,-0.02802144421230557,-0.05080766098132816,-0.011044444183296198,-0.04502188248893535,3.4444444444444637,20,0.32094594594594605,-0.03040540540540526,0.24459459459459465,0.2227366215693809,-0.002383961193099693,0.22018678007879888,0.09820932437656515,-0.02802144421230557,0.024407814515795767,0.061719382835347725,-0.04502188248893535,10.555555555555609,60,0.6881152418059353,-0.03040540540540526,0.6161360722035907,0.48464116029859605,-0.002383961193099693,0.471737718254019,0.20347408150733926,-0.02802144421230557,0.14439835394957168,0.12338679722439028,-0.07278410705645866,22.631345730506425,002028.SZ,思源电气,0.0969448204844856,4,subjective/semi-quantitative,high_value,0
2015-03-30,12.934992,4088.178,10,0.29240806642941886,-0.01542111506524324,0.2236061684460262,0.09446139576114354,-0.01232994258077802,0.08561417824762052,0.19794667066827532,-0.003091172484465221,0.1379919901984057,0.12710960575436658,-0.0058366559634531745,18.961538461538392,20,0.29240806642941886,-0.01542111506524324,0.13255346427736492,0.18367595540115933,-0.01232994258077802,0.1598959242968383,0.10873211102825953,-0.003091172484465221,-0.02734246001947338,0.12710960575436658,-0.02357320122152262,18.961538461538392,60,0.5879591730709999,-0.01542111506524324,0.2446166491637567,0.31609386871119627,-0.01232994258077802,0.15125026356484472,0.2718653043598036,-0.003091172484465221,0.09336638559891197,0.2079017104773231,-0.054858642650561396,38.1268909922193,002028.SZ,思源电气,0.058734611813108,4,subjective/semi-quantitative,high_value,0
2015-06-12,19.5918723,5335.115,10,0.04840613931523019,-0.33451397087760726,-0.32703659976387245,0.005123975771843758,-0.25007689618686757,-0.21434701969873182,0.04328216354338643,-0.08443707469073969,-0.11268958006514063,0.040724569965864266,-0.1434342933720285,0.14470588235294107,20,0.04840613931523019,-0.47855175127902394,-0.26564344746162927,0.005123975771843758,-0.3368791488093509,-0.21054897598271072,0.04328216354338643,-0.14167260246967306,-0.05509447147891855,0.040724569965864266,-0.21318029114956272,0.10115131578947363,60,0.04840613931523019,-0.5584415584415583,-0.48406139315230223,0.005123975771843758,-0.44668334234594753,-0.3628431627059585,0.04328216354338643,-0.11175821609561076,-0.12121823044634372,0.040724569965864266,-0.251227522803507,0.0866807610993657,002028.SZ,思源电气,0.2484454402928856,4,subjective/semi-quantitative,low_value,1
2016-12-08,11.63513925,3470.143,10,0.06618240516545604,-0.053268765133171914,0.06376109765940274,0.0108883120954959,-0.05212321221344485,-0.03875085263056888,0.05529409306996014,-0.0011455529197270664,0.10251195028997162,0.10664451622194648,-0.020729850673722905,1.2424242424242429,20,0.12590799031476996,-0.053268765133171914,0.09604519774011289,0.0108883120954959,-0.05852640654866392,-0.035294222745287485,0.11501967821927406,0.005257641415492009,0.13133942048540037,0.15911500185766858,-0.020729850673722905,2.3636363636363633,60,0.33575464083938655,-0.053268765133171914,0.25585149313962874,0.0108883120954959,-0.05934510479827493,-0.012175578931473474,0.32486632874389065,0.006076339665103014,0.2680270720711022,0.2969453033484104,-0.020729850673722905,6.303030303030302,002028.SZ,思源电气,0.2513111044749055,4,subjective/semi-quantitative,high_value,0
2016-12-28,12.4896975,3301.889,10,0.048872180451127845,-0.026315789473684292,-0.008270676691729317,0.02166123694648725,-0.004177305778601315,0.004765453956810717,0.027210943504640595,-0.022138483695082978,-0.013036130648540034,0.02745140347133046,-0.014571227299758793,1.8571428571428523,20,0.048872180451127845,-0.0518796992481203,0.03458646616541339,0.028467340967549104,-0.011412255227235102,0.026067502572012513,0.02040483948357874,-0.0404674440208852,0.008518963593400875,0.02745140347133046,-0.026230416952581326,0.9420289855072468,60,0.26992481203007523,-0.0518796992481203,0.16390977443609023,0.061810072961265394,-0.011412255227235102,0.04084601269152288,0.20811473906880984,-0.0404674440208852,0.12306376174456735,0.20175566469823147,-0.026230416952581326,5.202898550724639,002028.SZ,思源电气,0.2153021201483853,4,subjective/semi-quantitative,low_value,1
2017-01-23,12.5272605,3364.081,10,0.07421289355322336,-0.002998500749625266,0.05397301349325323,0.02243168342260482,-0.004949643008001381,0.02146024426879145,0.05178121013061854,0.001951142258376115,0.03251276922446178,0.04019560903719488,0.011437824358008664,24.749999999999343,20,0.11169415292353824,-0.002998500749625266,0.09820089955022482,0.03831090868501685,-0.004949643008001381,0.02441736688266416,0.07338324423852138,0.001951142258376115,0.07378353266756066,0.07202487487310605,0.0011176024649124372,37.24999999999903,60,0.32308845577211387,-0.002998500749625266,0.28110944527736126,0.04837398386067404,-0.004949643008001381,0.02410821855954115,0.27471447191143983,0.001951142258376115,0.2570012267178201,0.26494025855161496,0.0011176024649124372,107.74999999999716,002028.SZ,思源电气,-0.0185474712024198,3,subjective/semi-quantitative,high_value,0
2017-02-23,13.45694475,3473.323,10,0.15491974877878567,-0.023028611304954594,0.10118632240055825,0.0001523037160666707,-0.017416174654646177,-0.01335291880426892,0.154767445062719,-0.005612436650308417,0.11453924120482717,0.1223920376033587,0.006825023869543312,6.727272727272737,20,0.1786461967899513,-0.023028611304954594,0.12491277041172366,0.005413835684155988,-0.0174573456024677,-0.0032663244967426897,0.17323236110579532,-0.005571265702486894,0.12817909490846635,0.1732871959535196,0.006825023869543312,7.75757575757578,60,0.23237962316817873,-0.023028611304954594,0.09002093510118625,0.015400813572478134,-0.04618948482476293,-0.01414466780083512,0.2169788095957006,0.023160873519808334,0.10416560290202137,0.22458414671919402,0.006825023869543312,10.090909090909115,002028.SZ,思源电气,0.4583165786457806,4,subjective/semi-quantitative,high_value,0
2017-04-06,15.137889,3514.047,10,0.06575682382133996,-0.032258064516129004,0.04962779156327546,0.0036334175382402023,-0.02718603365293637,-0.014939754647561698,0.06212340628309976,-0.005072030863192634,0.06456754621083716,0.06554679931046858,-0.009027838731971882,2.0384615384615405,20,0.09553349875930528,-0.032258064516129004,0.053349875930521096,0.0036334175382402023,-0.041971550181315265,-0.03742038737671971,0.09190008122106508,0.009713485665186261,0.0907702633072408,0.10136730361374924,-0.009027838731971882,2.961538461538466,60,0.09709736278288195,-0.05707196029776673,-0.0027522265488931774,0.04623870995464774,-0.0572431159856428,0.030146722568024753,0.05085865282823421,0.00017115568787606783,-0.03289894911691793,0.10136730361374924,-0.051996772997377816,1.701314660934845,002028.SZ,思源电气,0.0511941147255216,4,subjective/semi-quantitative,high_value,0
2023-04-17,44.13579984,4149.3836,10,0.06241699867197892,-0.024568393094289487,-0.0002213368747232547,0.004888485123428987,-0.05397129347115559,-0.028711854936718795,0.05752851354854993,0.029402900376866103,0.02849051806199554,0.04849124998199894,0.02581161825161682,2.5405405405405497,20,0.06241699867197892,-0.045595396193005566,0.029880478087649376,0.004888485123428987,-0.05455072893236479,-0.04658848605850763,0.05752851354854993,0.008955332739359223,0.076468964146157,0.0802056226802077,-0.0044251085637720955,1.3689320388349608,60,0.18427397916167476,-0.045595396193005566,0.15575336404733897,0.004888485123428987,-0.0895574947565706,-0.06801219824554183,0.17938549403824577,0.04396209856356503,0.2237655622928808,0.24919739966702603,-0.0044251085637720955,4.041504067244903,002028.SZ,思源电气,-0.2276701904714618,2,subjective/semi-quantitative,neutral,0
2024-04-11,63.12585818,3504.2447,10,0.08210001557875057,-0.02632808848730328,0.006231500233681242,0.028121751885648694,-0.009754912378122538,0.007430017658298871,0.05397826369310188,-0.016573176109180743,-0.0011985174246176289,0.040724297015640065,-0.006637048332311268,3.1183431952662763,20,0.17697460663654763,-0.02632808848730328,0.1286804798255179,0.04894957820725243,-0.009754912378122538,0.04360446061315293,0.1280250284292952,-0.016573176109180743,0.08507601921236496,0.09297000242229392,-0.03211782788953743,6.721893491124265,60,0.1877239445396479,-0.03625931854222597,0.002597402153844186,0.056726632132738875,-0.03408326479027002,-0.021482232676274027,0.13099731240690904,-0.002176053751955953,0.024079634830118213,0.14890163546429025,-0.03211782788953743,5.1772606901321945,002028.SZ,思源电气,-0.0018789689615894,4,subjective/semi-quantitative,high_value,0
2024-05-06,67.23656214,3657.8767,10,0.10501682024279635,-0.0118473014480035,0.02530349568524204,0.01234377309656165,-0.009260755016701316,0.009045028773113195,0.0926730471462347,-0.0025865464313021835,0.016258466912128844,0.07113614659015188,-0.001186379524905412,8.864197530864189,20,0.10501682024279635,-0.0118473014480035,0.07064501974550219,0.01234377309656165,-0.024605914135924833,-0.018898504698094287,0.0926730471462347,0.012758612687921334,0.08954352444359648,0.09126835997333993,-0.003727560281721054,8.864197530864189,60,0.11510896592072539,-0.12239414982081953,-0.05384498351450073,0.01234377309656165,-0.08340149901717575,-0.07886941623811428,0.10276519282416374,-0.03899265080364378,0.025024432723613543,0.12595045417070927,-0.060172172577972916,0.9404776787880844,002028.SZ,思源电气,0.0944476958709025,4,subjective/semi-quantitative,high_value,0
2024-05-24,69.36075366,3601.4754,10,0.08095845739401675,-0.014320147454983778,0.03431164043669366,0.010410983232038706,-0.013713851828614398,-0.007597191973045203,0.07054747416197804,-0.0006062956263693797,0.04190883240973886,0.0746384293476865,0.005877238064536439,5.653465346534622,20,0.08095845739401675,-0.032752020416843886,-0.0028247634240022856,0.010410983232038706,-0.03616823260822499,-0.03461503582670589,0.07054747416197804,0.003416212191381107,0.0317902724027036,0.0746384293476865,0.005877238064536439,2.471861471861473,60,0.08095845739401675,-0.1492710622890887,-0.0518778567147421,0.010410983232038706,-0.08427221243826899,-0.06789098156827611,0.07054747416197804,-0.06499884985081972,0.01601312485353401,0.0746384293476865,-0.10300218222130575,0.5423586872935022,002028.SZ,思源电气,0.0302832246165958,4,subjective/semi-quantitative,high_value,0
2024-06-17,71.48494518,3536.1986,10,0.010317787866281458,-0.14895426684861024,-0.10758494897960269,0.004386037594155567,-0.027021163347556332,-0.01640629007658123,0.005931750272125891,-0.12193310350105391,-0.09117865890302146,0.0022906083629643526,-0.09269951401999155,0.06926815917779615,20,0.010317787866281458,-0.14895426684861024,-0.11865366279070844,0.004386037594155567,-0.04281150951193757,-0.016953770639465793,0.005931750272125891,-0.10614275733667267,-0.10169989215124264,0.0022906083629643526,-0.12061560509979063,0.06926815917779615,60,0.010317787866281458,-0.17455066753679227,-0.09208874964405467,0.004386037594155567,-0.10046689685358734,-0.09706666362008065,0.005931750272125891,-0.07408377068320493,0.004977913976025983,0.01609032835673907,-0.145431664659594,0.05911056091553844,002028.SZ,思源电气,0.1614348372493395,3,subjective/semi-quantitative,low_value,1
2025-12-15,154.36612564,4552.0596,10,0.047606760418010596,-0.0697974454909045,0.0038704683266674866,0.02725610183135574,-0.01489207215125199,0.019180878035955473,0.020350658586654857,-0.05490537333965251,-0.015310409709287987,0.015120186694035587,-0.06994720818214928,0.6820702402957479,20,0.08805315443168626,-0.0697974454909045,0.044187846729454305,0.06258602150112447,-0.01489207215125199,0.04171100923195303,0.025467132930561798,-0.05490537333965251,0.002476837497501272,0.015120186694035587,-0.08119483821420004,1.2615526802218102,60,0.5425106437878984,-0.0697974454909045,0.3617597729325248,0.06258602150112447,-0.01489207215125199,0.006852173025151176,0.4799246222867739,-0.05490537333965251,0.35490759990737364,0.4712919642880724,-0.08119483821420004,7.77264325323474,002028.SZ,思源电气,-0.0368642497213185,4,subjective/semi-quantitative,neutral,0
2026-01-07,153.67903606,4776.6658,10,0.3250178189593729,-0.021577139895030073,0.2761614721700254,0.012621586379352623,-0.019196946958273675,-0.011220504478249183,0.31239623258002025,-0.002380192936756398,0.2873819766482746,0.3368310604103726,-0.0011729901609458526,15.063063063063108,20,0.3250178189593729,-0.021577139895030073,0.30778202552970924,0.012621586379352623,-0.04154720223466324,-0.016325739179826937,0.31239623258002025,0.019970062339633166,0.3241077647095362,0.3368310604103726,-0.0011729901609458526,15.063063063063108,60,0.5494071146245061,-0.021577139895030073,0.362858809045552,0.012621586379352623,-0.08004987495671145,-0.02933014488893071,0.5367855282451535,0.05847273506168138,0.3921889539344827,0.5507905882890927,-0.0011729901609458526,25.462462462462536,002028.SZ,思源电气,-0.1324500975393366,4,subjective/semi-quantitative,high_value,0
2026-02-02,186.27098092,4605.9799,10,0.22217470330375289,-0.01047792152250615,0.19790441569549877,0.027379016569307968,-0.006029379329249851,0.022050487020145226,0.19479568673444492,-0.0044485421932563,0.17585392867535354,0.1720599235641158,-0.0031161997455050328,21.204081632653065,20,0.27830642574575015,-0.01047792152250615,0.2181652945578958,0.03486311349296156,-0.012377583323800456,0.01493195834397798,0.2434433122527886,0.0018996618012943056,0.20323333621391781,0.23372897433919726,-0.0031161997455050328,26.561224489795922,60,0.27830642574575015,-0.01047792152250615,0.04864749278306424,0.07694727456366013,-0.045958863172633646,0.07508862554958151,0.20135915118209002,0.035480941650127495,-0.026441132766517272,0.23372897433919726,-0.024594374954902576,26.561224489795922,002028.SZ,思源电气,0.1476377785409207,4,subjective/semi-quantitative,high_value,0
2013-12-09,13.28451592,2450.872,10,0.07619285535848119,-0.019235573320010024,0.036472645515863045,0.006441788881671462,-0.0780526277994118,-0.067841160207469,0.06975106647680973,0.058817054479401776,0.10431380572333204,0.1314555289150361,-0.0007490827515120868,3.961038961038957,20,0.08818386210342233,-0.019235573320010024,0.03247564326754926,0.006441788881671462,-0.09475199031201953,-0.0868552090847664,0.08174207322175087,0.0755164169920095,0.11933085235231566,0.15033440614505778,-0.0007490827515120868,4.584415584415571,60,0.08818386210342233,-0.3175118661004247,-0.25380964276792406,0.006441788881671462,-0.1477608785770942,-0.13962826292029928,0.08174207322175087,-0.1697509875233305,-0.11418137984762478,0.15033440614505778,-0.2169429258146922,0.2777340676632569,002236.SZ,大华股份,-0.0268853850476267,2,subjective/semi-quantitative,high_value,0
2025-12-19,18.29834892,4568.1781,10,0.04175588865096369,0.001605995717344877,0.03854389721627416,0.04870994412411367,0.0042665149154321735,0.04870994412411367,-0.006954055473149978,-0.0026605191980872966,-0.01016604690783951,0.007947707546329452,-0.009693859550774286,,20,0.12205567451820132,0.001605995717344877,0.07601713062098514,0.0588367603268356,0.0042665149154321735,0.03298910346774786,0.06321891419136572,-0.0026605191980872966,0.04302802715323728,0.05843220635180346,-0.009693859550774286,,60,0.14561027837259122,-0.12473233404710904,-0.09368308351177734,0.0588367603268356,-0.03806414640444966,-0.006723139800525635,0.08677351804575562,-0.08666818764265938,-0.08695994371125171,0.0894860971992093,-0.0916581787313876,1.1673819742489302,002236.SZ,大华股份,0.0102425807710338,2,subjective/semi-quantitative,low_value,1
2013-05-15,10.04442907,2506.925,10,0.0764219493861189,-0.04535204209471311,0.05637684790779263,0.061551103443461486,-0.00764362715278688,0.05410453045065178,0.014870845942657418,-0.03770841494192623,0.002272317457140849,0.0021556851256196996,-0.051257533703995994,1.6850828729281797,20,0.22876472062139808,-0.04535204209471311,0.17790027562014554,0.061551103443461486,-0.052542856288081974,-0.04112049622545555,0.1672136171779366,0.007190814193368866,0.2190207718456011,0.2358752465686369,-0.051257533703995994,5.044198895027622,60,0.5860686544725633,-0.04535204209471311,0.28288649461287907,0.061551103443461486,-0.1929670811851173,-0.06148209459796372,0.5245175510291018,0.1476150390904042,0.3443685892108428,0.7469010833272425,-0.051257533703995994,12.922651933701657,002230.SZ,科大讯飞,0.0264800591073877,4,subjective/semi-quantitative,high_value,0
2013-05-29,10.61070232,2642.561,10,0.1631878557874764,-0.028225806451612767,0.1150379506641368,0.0018474502575343,-0.10117344500278325,-0.09033736591132624,0.1613404055299421,0.07294763855117048,0.20537531657546304,0.23321681941436134,0.03119227796227597,5.78151260504205,20,0.18263757115749524,-0.060958254269449674,0.16650853889943074,0.0018474502575343,-0.23439004813890774,-0.16243485013212566,0.18079012089996094,0.17343179386945806,0.3289433890315564,0.4014198389969508,0.03119227796227597,2.996108949416344,60,0.5014231499051234,-0.060958254269449674,0.15962998102466797,0.0018474502575343,-0.23439004813890774,-0.11615436691906078,0.4995756996475891,0.17343179386945806,0.27578434794372875,0.7431434149957139,0.03119227796227597,8.225680933852146,002230.SZ,科大讯飞,0.1283238682957879,4,subjective/semi-quantitative,high_value,0
2013-07-18,14.86404362,2245.328,10,0.07179139857771766,-0.10006772773450734,-0.035387741280054286,0.013990828956838453,-0.038085749609856445,1.6033292240535957e-05,0.057800569620879205,-0.061981978124650894,-0.03540377457229482,0.05729225333731658,-0.06213393011081392,0.7174280879864641,20,0.07179139857771766,-0.15543515069420932,-0.11581442600745007,0.06291775633671337,-0.038085749609856445,0.03395851296558905,0.008873642241004287,-0.11734940108435288,-0.14977293897303912,0.05729225333731658,-0.17536586712134583,0.46187363834422696,60,0.07179139857771766,-0.25969358935452325,-0.1701910707928883,0.1256186178589498,-0.038085749609856445,0.1006507735172768,-0.05382721928123213,-0.2216078397446668,-0.2708418443101651,0.05729225333731658,-0.3200818244464253,0.2764465567138468,002230.SZ,科大讯飞,0.0939893884787987,4,subjective/semi-quantitative,low_value,1
2021-01-05,41.9919276,5368.5049,10,0.13544600938967144,-0.023474178403755874,0.09624413145539923,0.051450935622690874,-0.005043210447661095,0.012856186458915175,0.08399507376698057,-0.01843096795609478,0.08338794499648405,0.08232950157318952,-0.022897455955617985,5.770000000000002,20,0.27769953051643204,-0.023474178403755874,0.15821596244131464,0.05345521804404063,-0.014977987633018608,0.02469711818648057,0.2242443124723914,-0.008496190770737266,0.13351884425483407,0.1727008342286418,-0.022897455955617985,11.830000000000002,60,0.3551643192488265,-0.023474178403755874,0.12652582159624415,0.10476050790230262,-0.09031255610849864,-0.049317660117996764,0.2504038113465239,0.06683837770474277,0.1758434817142409,0.2833248913441673,-0.022897455955617985,15.130000000000006,002230.SZ,科大讯飞,0.0855842903122752,4,subjective/semi-quantitative,high_value,0
2020-08-14,105.38395749,4704.6288,10,0.10058855002675227,-0.03493082626308952,0.08254987388213708,0.03100342369200293,-0.008890308200298458,0.0296806413292372,0.06958512633474934,-0.026040518062791063,0.05286923255289988,0.05134527195213634,-0.021943851060240216,2.8796498905908083,20,0.14392723381487427,-0.03493082626308952,0.041045631735840526,0.041784954426159926,-0.03116046052347443,-0.01644044690624702,0.10214227938871434,-0.003770365739615089,0.057486078642087546,0.10705143705561038,-0.021943851060240216,4.1203501094091886,60,0.4140487655736451,-0.05052358021860426,0.3746847053428113,0.062315840943710565,-0.031864129216740866,0.04241414327948667,0.35173292462993455,-0.018659451001863392,0.3322705620633246,0.3342415987074463,-0.031010420009366935,8.195158850226933,002304.SZ,洋河股份,0.0212827190668483,2,subjective/semi-quantitative,high_value,0
2020-09-03,119.26277418,4817.0952,10,0.0034445495069566068,-0.11691206267729293,-0.10880724030798317,-0.005769472855757463,-0.053780294813355556,-0.03827638698110003,0.00921402236271407,-0.06313176786393737,-0.07053085332688314,0.0016067966016835022,-0.07333796568172346,0.02946273830155953,20,0.0034445495069566068,-0.16101580440362007,-0.14804808861272456,-0.005769472855757463,-0.0544675347084691,-0.028223232955827737,0.00921402236271407,-0.10654826969515097,-0.11982485565689682,0.0016067966016835022,-0.12330491911364061,0.02139261744966424,60,0.3509388085911118,-0.16101580440362007,0.3297311900580846,0.056779695780145856,-0.0544675347084691,0.051653764285165105,0.29415911281096596,-0.10654826969515097,0.2780774257729195,0.2644191797876896,-0.12330491911364061,2.179530201342284,002304.SZ,洋河股份,0.1464919098069793,4,subjective/semi-quantitative,low_value,1
2025-01-14,72.5805396,3820.5395,10,0.009705113848450964,-0.014634162350592339,-0.01181517035731705,0.011443148277880733,-0.011583023811165938,-0.006662593070952405,-0.001738034429429769,-0.0030511385394264012,-0.005152577286364646,0.005496662585390721,-0.005507208792909335,0.6631820541514039,20,0.01816865357115649,-0.015531114348452668,-0.0009236103832989118,0.03792231437471072,-0.011583023811165938,0.031309897463434044,-0.01975366080355423,-0.00394809053728673,-0.032233507846732956,0.005496662585390721,-0.0333570857613783,1.169822922137367,60,0.029316485544563342,-0.07485808220692802,-0.05973803424299695,0.05359439419485135,-0.0802041177692312,-0.012646747926568946,-0.024277908650288005,0.005346035562303175,-0.047091286316428005,0.005496662585390721,-0.05264648151851514,0.39162752611701473,002304.SZ,洋河股份,0.0087696257293439,2,subjective/semi-quantitative,low_value,1
2012-06-25,8.63399142,2456.518,10,0.13749633538551742,-0.03840515977719139,0.10231603635297581,0.01385253435960987,-0.016920291241505292,-0.01647942331381247,0.12364380102590755,-0.021484868535686097,0.11879545966678828,0.12078594234098317,0.0009463363559054638,3.5801526717557293,20,0.13749633538551742,-0.03840515977719139,-0.00791556728232179,0.01385253435960987,-0.04030542418170757,-0.03707972015674221,0.12364380102590755,0.0019002644045161832,0.029164152874420424,0.12078594234098317,0.0009463363559054638,3.5801526717557293,60,0.23131046613896222,-0.03840515977719139,0.10647455565805974,0.01385253435960987,-0.10973092808601448,-0.08052576858789562,0.21745793177935235,0.07132576830882309,0.18700032424595536,0.2732240629804841,0.0009463363559054638,6.022900763358788,002241.SZ,歌尔股份,0.0058672403787867,4,subjective/semi-quantitative,high_value,0
2013-05-21,18.15481722,2614.853,10,0.03767254341985593,-0.14690371308513794,-0.13274443861352192,0.017735605022538348,-0.022485776447089045,-0.018810617652311623,0.019936938397317583,-0.1244179366380489,-0.1139338209612103,0.019512832708862726,-0.11611807364710902,0.25644377959339143,20,0.03767254341985593,-0.1668784038575961,-0.11681525483295407,0.017735605022538348,-0.13204872319782412,-0.11375744640329699,0.019936938397317583,-0.03482968065977199,-0.003057808429657083,0.05241477793713378,-0.11611807364710902,0.2257484644448265,60,0.1436142577699826,-0.1994953039797115,0.04424649228167765,0.017735605022538348,-0.2262773471395907,-0.11882465285811483,0.12587865274744425,0.0267820431598792,0.16307114513979248,0.2485544913804878,-0.11611807364710902,0.719887911670282,002241.SZ,歌尔股份,0.0459730989513008,4,subjective/semi-quantitative,low_value,1
2013-08-22,19.7843654,2303.932,10,0.054060324825986106,-0.05986078886310908,-0.02088167053364265,0.02462355659802462,-0.022575319063236066,0.01640803634829524,0.029436768227961485,-0.03728546979987302,-0.03728970688193789,0.02099198940025948,-0.05282597316395399,0.9031007751937984,20,0.054060324825986106,-0.1670533642691414,-0.06078886310904874,0.09698680342996235,-0.022575319063236066,0.07307333723391163,-0.04292647860397625,-0.14447804520590535,-0.13386220034296037,0.02099198940025948,-0.22570745322830155,0.3236111111111115,60,0.054060324825986106,-0.2470997679814385,-0.15568445475638049,0.09698680342996235,-0.022575319063236066,0.0367619356821296,-0.04292647860397625,-0.22452444891820245,-0.19244639043851008,0.02099198940025948,-0.22570745322830155,0.2187793427230048,002241.SZ,歌尔股份,0.0891197263702383,4,subjective/semi-quantitative,low_value,1
2014-11-18,11.922269,2541.416,10,0.04250386398763517,-0.026275115919629055,0.025115919629057126,0.15860842931656993,-0.007310884955473829,0.15051609024260482,-0.11610456532893476,-0.018964230964155226,-0.1254001706135477,0.0016525941945189082,-0.10899471261380189,1.617647058823527,20,0.08578052550231852,-0.026275115919629055,0.018547140649149974,0.3330470100133154,-0.007310884955473829,0.29982734034884473,-0.24726648451099686,-0.018964230964155226,-0.28128019969969476,0.0016525941945189082,-0.2163981253265571,3.264705882352946,60,0.20865533230293676,-0.07071097372488411,0.10896445131375576,0.4518492840211914,-0.007310884955473829,0.35470698224926567,-0.24319395171825464,-0.06340008876941028,-0.2457425309355099,0.0016525941945189082,-0.31832283679594076,2.950819672131148,002241.SZ,歌尔股份,0.0180244871672966,2,subjective/semi-quantitative,low_value,1
2015-06-10,19.71228325,5309.112,10,0.043585478612681916,-0.1449860837404514,-0.11898429067064054,0.01004687789596459,-0.16081427553233008,-0.11350222033364532,0.033538600716717326,0.015828191791878665,-0.005482070336995215,0.017074811218827257,-0.02889172135091267,0.30061835928134306,20,0.043585478612681916,-0.3253588825130138,-0.3253588825130138,0.01004687789596459,-0.33363131160163884,-0.2658610328808283,0.033538600716717326,0.008272429088625022,-0.05949784963218552,0.029605145035427327,-0.08815085823694391,0.13396123774471894,60,0.043585478612681916,-0.5408692394880232,-0.44646633311744843,0.01004687789596459,-0.4439733047635839,-0.3877535452256422,0.033538600716717326,-0.09689593472443936,-0.05871278789180623,0.029605145035427327,-0.1872220906745704,0.08058413278214735,002241.SZ,歌尔股份,0.2181072676554236,4,subjective/semi-quantitative,low_value,1
2017-08-10,18.34667901,3715.92,10,0.07407407407407418,-0.016742770167427534,0.025875190258751957,0.015214536373226561,-0.019060151994660823,0.00503912893711389,0.05885953770084762,0.002317381827233289,0.020836061321638066,0.06962281710025686,0.0048758406997355674,4.4242424242424745,20,0.14408929477422627,-0.016742770167427534,0.0857432775240996,0.0406418868005769,-0.019060151994660823,0.0306656225107107,0.10344740797364937,0.002317381827233289,0.055077655013388904,0.09766017807784122,0.0048758406997355674,8.60606060606069,60,0.1466260781329276,-0.029426686960933535,0.06900050735667174,0.10043946048354102,-0.019060151994660823,0.09687479816573008,0.046186617649386585,-0.010366534966272711,-0.027874290809058344,0.09766017807784122,-0.04640652862901118,4.982758620689661,002241.SZ,歌尔股份,0.1863271588089189,4,subjective/semi-quantitative,high_value,0
2017-08-28,20.05940805,3842.711,10,0.04640371229698381,-0.02088167053364265,0.0009280742459398805,0.005876580362145445,-0.010884242921208487,-0.004441135437975863,0.04052713193483837,-0.009997427612434162,0.005369209683915743,0.038194267647872815,-0.0036312994230531803,2.2222222222222294,20,0.04640371229698381,-0.11229698375870067,-0.10162412993039438,0.005876580362145445,-0.010884242921208487,-0.006485004987364262,0.04052713193483837,-0.10141274083749219,-0.09513912494303012,0.038194267647872815,-0.09576012986278093,0.41322314049586834,60,0.07656612529002338,-0.11693735498839897,-0.051044083526682105,0.10875863420382137,-0.010884242921208487,0.053929634573091745,-0.03219250891379799,-0.10605311206719048,-0.10497371809977385,0.038194267647872815,-0.09960220744935677,0.6547619047619069,002241.SZ,歌尔股份,0.0703808870675977,4,subjective/semi-quantitative,low_value,1
2017-10-24,19.75223382,3959.395,10,0.06503298774740807,-0.043355325164938674,0.006597549481621057,0.026474246696780668,-0.001362329345771185,0.02395593266142937,0.0385587410506274,-0.04199299581916749,-0.017358383179808312,0.031032602921901686,-0.033855487061111855,1.5000000000000013,20,0.09330819981149863,-0.043355325164938674,0.014608859566446641,0.06588582346545357,-0.001362329345771185,0.06523875491078823,0.027422376346045052,-0.04199299581916749,-0.05062989534434159,0.031032602921901686,-0.05046794434448154,2.1521739130434825,60,0.09330819981149863,-0.27285579641847313,-0.23704052780395857,0.08181780297242391,-0.001362329345771185,0.0729204840638531,0.011490396839074712,-0.27149346707270194,-0.30996101186781166,0.031032602921901686,-0.30858857505633175,0.3419689119170986,002241.SZ,歌尔股份,0.172907474695673,2,subjective/semi-quantitative,neutral,0
2017-11-07,19.88255016,4054.246,10,0.08614232209737827,-0.04681647940074918,0.007958801498127333,0.040948921205077315,-0.0039084949457925955,0.0403169911248602,0.04519340089230095,-0.04290798445495658,-0.03235818962673287,0.04832592714716499,-0.03409363340753602,1.8399999999999952,20,0.08614232209737827,-0.1685393258426966,-0.15074906367041208,0.050907863015712485,-0.01774140000384783,-0.003471915616368615,0.03523445908166578,-0.15079792583884877,-0.14727714805404346,0.04832592714716499,-0.14779026337741075,0.5111111111111112,60,0.08614232209737827,-0.35486891385767794,-0.3445692883895132,0.08610503654686963,-0.024370992781395096,0.054671571483328796,3.728555050863669e-05,-0.33049792107628284,-0.39924085987284197,0.04832592714716499,-0.3785451989678028,0.2427440633245382,002241.SZ,歌尔股份,0.0803261275456179,4,subjective/semi-quantitative,low_value,1
2019-11-11,19.0711808,3902.978,10,0.06474103585657365,-0.1060756972111554,-0.07768924302788849,0.011289072088031205,-0.01780051027702434,-0.00634694840708816,0.05345196376854244,-0.08827518693413106,-0.07134229462080033,0.051017554128667264,-0.07179799277668641,0.610328638497652,20,0.06474103585657365,-0.1060756972111554,0.02290836653386452,0.011289072088031205,-0.025147208106220398,-0.0019298084693277762,0.05345196376854244,-0.080928489104935,0.024838175003192298,0.051017554128667264,-0.07179799277668641,0.610328638497652,60,0.2559760956175299,-0.1060756972111554,0.16683266932270913,0.08212421386951174,-0.06740237838901475,0.020869705132849692,0.17385188174801813,-0.038673318822140645,0.14596296418985943,0.14615948112340504,-0.07179799277668641,2.413145539906103,002241.SZ,歌尔股份,-0.0955400959388153,4,subjective/semi-quantitative,low_value,1
2020-01-20,21.9489536,4185.83,10,0.09130246646473394,-0.13933362180874087,-0.005192557334487202,-0.004971534916611398,-0.13042144568699643,-0.05575142803219435,0.09627400138134534,-0.008912176121744442,0.05055887069770715,0.06805667175942554,-0.03331564653899177,0.6552795031055902,20,0.19125919515361312,-0.13933362180874087,0.18563392470791862,-0.0003327894348312821,-0.13042144568699643,-0.014806143584426446,0.1915919845884444,-0.008912176121744442,0.20044006829234506,0.20345241394582514,-0.03331564653899177,1.3726708074534153,60,0.19125919515361312,-0.35871916919082647,-0.1977498918217222,0.007172054287919005,-0.16308435841876046,-0.08276652420189057,0.1840871408656941,-0.19563481077206601,-0.11498336761983163,0.20345241394582514,-0.22405425469634033,0.5331724969843183,002241.SZ,歌尔股份,0.3041696073267053,4,subjective/semi-quantitative,neutral,0
2020-09-01,40.06913673,4842.1223,10,0.05432451751250911,-0.10483678818203479,-0.013581129378127166,0.007205394213194438,-0.05867094682841867,-0.031729826402773775,0.04711912329931467,-0.04616584135361612,0.01814869702464661,0.059189304230230944,-0.042996291112540996,0.5181818181818199,20,0.05432451751250911,-0.10483678818203479,-0.031689301882296794,0.007205394213194438,-0.059354634640269244,-0.05169695940972008,0.04711912329931467,-0.045482153541765546,0.020007657527423284,0.059189304230230944,-0.042996291112540996,0.5181818181818199,60,0.19680724326900179,-0.14224446032880622,-0.11627352871098406,0.05131760096187565,-0.059354634640269244,0.04647185388109665,0.14548964230712613,-0.08288982568853698,-0.1627453825920807,0.1696832489709883,-0.15551816514557915,1.3835845896147418,002241.SZ,歌尔股份,-0.0415604500958869,3,subjective/semi-quantitative,low_value,1
2020-10-20,41.51074732,4793.4672,10,0.1195952161913525,-0.04898804047838079,0.07221711131554742,0.0019953197969102554,-0.03216154269293836,-0.0033183496071486074,0.11759989639444224,-0.01682649778544243,0.07553546092269603,0.11771662258227167,-0.021258712763742915,2.441314553990617,20,0.15524379024839008,-0.15869365225390986,-0.08716651333946646,0.04262770380487835,-0.03216154269293836,0.021136850586982225,0.11261608644351173,-0.1265321095609715,-0.10830336392644868,0.11771662258227167,-0.11901233034430914,0.9782608695652174,60,0.15524379024839008,-0.17525298988040483,-0.010809567617295346,0.17758592360869807,-0.03216154269293836,0.16366105519612195,-0.022342133360307992,-0.14309144718746647,-0.1744706228134173,0.11771662258227167,-0.23324122436710137,0.8858267716535432,002241.SZ,歌尔股份,0.4392373139108356,4,subjective/semi-quantitative,low_value,1
2021-12-30,52.18297425,4921.5109,10,0.048852157943066965,-0.127823691460055,-0.11258034894398539,0.008115759735490835,-0.04014378998937107,-0.039577114418257175,0.04073639820757613,-0.08767990147068394,-0.07300323452572821,0.04689409365227504,-0.08417792712995698,0.38218390804597674,20,0.048852157943066965,-0.14214876033057844,-0.13553719008264464,0.008115759735490835,-0.07348917991830528,-0.07268883626774048,0.04073639820757613,-0.06865958041227316,-0.06284835381490417,0.04689409365227504,-0.08417792712995698,0.3436692506459945,60,0.048852157943066965,-0.38842975206611574,-0.35684113865932054,0.008115759735490835,-0.1988515152938095,-0.13112901974879299,0.04073639820757613,-0.18957823677230623,-0.22571211891052756,0.04689409365227504,-0.2636583005157924,0.12576832151300218,002241.SZ,歌尔股份,0.1160553192566626,4,subjective/semi-quantitative,low_value,1
2012-06-27,7.9564245,2447.195,10,0.07826086956521738,-0.01449275362318836,0.07826086956521738,0.01771497571709646,-0.018405153655511763,-0.00883583040991831,0.060545893848120924,0.003912400032323404,0.0870966999751357,0.087873132067674,0.009434138672587356,5.400000000000017,20,0.11246376811594194,-0.01449275362318836,0.09333333333333349,0.01771497571709646,-0.038571507378856285,-0.035596672925533146,0.09474879239884548,0.024078753755667925,0.12893000625886664,0.13368888580048544,0.009434138672587356,7.760000000000019,60,0.11246376811594194,-0.13043478260869557,-0.060869565217391286,0.01771497571709646,-0.10633929866643244,-0.08211809847601037,0.09474879239884548,-0.02409548394226313,0.021248533258619084,0.13368888580048544,0.00784261246426321,0.8622222222222221,002311.SZ,海大集团,0.033325370281892,2,subjective/semi-quantitative,high_value,0
2012-10-18,20.78780549,2336.077,10,0.04639750167298673,-0.04082087887575281,0.0325674771358464,0.005058908589057554,-0.04641585016247329,-0.0163492042428397,0.041338593083929176,0.005594971286720485,0.0489166813786861,0.04972972277324561,0.005791216775891783,1.1366120218579219,20,0.061788980593352694,-0.04082087887575281,-0.0040151684140085075,0.005058908589057554,-0.06102581378952843,-0.06098001050479085,0.05673007200429514,0.02020493491377562,0.05696484209078234,0.0634196172214827,0.005791216775891783,1.5136612021857943,60,0.32567477135846534,-0.08498773142984617,0.30292215034575065,0.11529286063772703,-0.10014310315969888,0.11120309818554786,0.2103819107207383,0.015155371729852707,0.1917190521602028,0.17253286323018302,-0.034239158430640404,3.8320209973753245,002353.SZ,杰瑞股份,0.1745731471739885,2,subjective/semi-quantitative,high_value,0
2013-05-10,39.21536271,2540.836,10,0.11327894052264398,-0.026486933900910503,0.10795790469433597,0.03511914976015795,-0.02399367767144356,0.02219426991746043,0.07815979076248603,-0.0024932562294669447,0.08576363477687554,0.08390150219077319,-0.02600762287476366,4.276785714285713,20,0.15100592320901685,-0.026486933900910503,0.06315464090731093,0.04738322347447843,-0.025640773351762958,-0.02230604415239701,0.10362269973453841,-0.0008461605491475455,0.08546068505970794,0.10280961549040768,-0.02600762287476366,5.7011477347261375,60,0.15100592320901685,-0.050589650914897755,0.10785090734151215,0.04738322347447843,-0.2037380610161379,-0.10241235561838691,0.10362269973453841,0.15314841010124014,0.21026326295989906,0.30577819398840966,-0.02600762287476366,2.984917280078489,002353.SZ,杰瑞股份,0.0427223800505917,4,subjective/semi-quantitative,high_value,0
2013-08-01,43.5777447,2245.364,10,0.022607489597781028,-0.03606102635228836,-0.0324549237170596,0.06290071453893442,-0.0009548563172832036,0.03394193547237778,-0.040293224941153394,-0.03510617003500516,-0.06639685918943738,-0.010593368563789785,-0.07460095074524209,0.6269230769230838,20,0.022607489597781028,-0.10374479889042987,-0.09819694868238549,0.07914841424374841,-0.0009548563172832036,0.032487828254127216,-0.05654092464596738,-0.10278994257314666,-0.1306847769365127,-0.010593368563789785,-0.1265727046463032,0.2179144385026756,60,0.09514563106796126,-0.12621359223300965,0.056310679611650594,0.12560057077605236,-0.0009548563172832036,0.06016396450642314,-0.0304549397080911,-0.12525873591572645,-0.003853284894772546,-0.0036346122145044513,-0.20512595379551812,0.7538461538461549,002353.SZ,杰瑞股份,0.3263506699707155,4,subjective/semi-quantitative,low_value,1
2017-11-07,15.08626464,4054.246,10,0.020681265206812682,-0.11435523114355228,-0.10340632603406319,0.040948921205077315,-0.0039084949457925955,0.0403169911248602,-0.020267655998264633,-0.11044673619775969,-0.1437233171589234,-0.004550355977069875,-0.13815338823171597,0.18085106382978755,20,0.020681265206812682,-0.23965936739659355,-0.23114355231143546,0.050907863015712485,-0.01774140000384783,-0.003471915616368615,-0.030226597808899802,-0.22191796739274572,-0.22767163669506685,-0.004550355977069875,-0.22846484736642958,0.086294416243655,60,0.02615571776155723,-0.25912408759124084,-0.10279805352798055,0.08610503654686963,-0.024370992781395096,0.054671571483328796,-0.0599493187853124,-0.23475309480984574,-0.15746962501130934,-0.004550355977069875,-0.24098930414331576,0.10093896713615044,002353.SZ,杰瑞股份,0.5972301152816808,2,subjective/semi-quantitative,low_value,1
2012-11-01,5.66694,2297.884,10,0.004999999999999893,-0.038000000000000034,-0.034500000000000086,0.008854668033721591,-0.04541917694713915,-0.045372612368596466,-0.0038546680337216976,0.007419176947139117,0.01087261236859638,0.011389378211296819,-0.014565020770384574,0.13157894736841813,20,0.05349999999999988,-0.052000000000000046,-0.0465000000000001,0.008854668033721591,-0.07981560426897105,-0.07929381987950657,0.04464533196627829,0.027815604268971006,0.03279381987950647,0.07060312707205973,-0.014565020770384574,1.0288461538461506,60,0.060499999999999776,-0.18399999999999994,0.022499999999999964,0.16869737549850217,-0.08518663257153092,0.1644913320254635,-0.10819737549850239,-0.09881336742846902,-0.14199133202546355,0.07060312707205973,-0.12809139078232368,0.32880434782608586,002352.SZ,顺丰控股,-0.0588717948717948,2,subjective/semi-quantitative,neutral,0
2019-12-04,34.44111,3849.819,10,0.025263157894736876,-0.05236842105263173,0.0050000000000001155,0.0564483680921104,0.0025983039722128343,0.0475250914393639,-0.031185210197373525,-0.054966725024844565,-0.04252509143936378,-0.006309914458691002,-0.06047426077805351,0.4824120603015068,20,0.025263157894736876,-0.05236842105263173,-0.013684210526315743,0.08385744888266178,0.0025983039722128343,0.07855460217740107,-0.0585942909879249,-0.054966725024844565,-0.09223881270371681,-0.006309914458691002,-0.08552076317462631,0.4824120603015068,60,0.34236842105263166,-0.05236842105263173,0.26078947368421046,0.09706638156235381,-0.05452490104080221,0.07498742148656845,0.24530203949027785,0.002156479988170479,0.185802052197642,0.2586584575004911,-0.10037262429418103,6.537688442211038,002352.SZ,顺丰控股,-0.0130087076367413,2,subjective/semi-quantitative,low_value,1
2024-12-23,39.35696415,3933.5718,10,0.0273062730627307,-0.044034440344403514,-0.010086100861008696,0.018860924313114147,-0.04842903846321045,-0.03494694058972048,0.008445348749616555,0.004394598118806936,0.02486083972871178,0.025761111771308798,-0.02079969005600857,0.6201117318435762,20,0.0273062730627307,-0.04674046740467419,-0.039114391143911575,0.018860924313114147,-0.058334895526757635,-0.025665554140895552,0.008445348749616555,0.011594428122083444,-0.013448837003016023,0.0349595756990555,-0.02079969005600857,0.5842105263157893,60,0.09348093480934794,-0.0546125461254614,0.03763837638376377,0.023319060808804748,-0.058334895526757635,-0.0036138148031262807,0.07016187400054319,0.003722349401296232,0.04125219118689005,0.07983808530866754,-0.027247926392602984,1.7117117117117042,002352.SZ,顺丰控股,0.0082998794148772,2,subjective/semi-quantitative,low_value,1
2025-08-07,46.05193096,4114.666,10,0.030348047538200307,-0.025891341256366718,0.02270797962648552,0.04709524418263822,-0.004192393744717249,0.04214308038611159,-0.01674719664443791,-0.02169894751164947,-0.019435100759626067,0.012148146899018553,-0.03642871860793617,1.1721311475409826,20,0.05263157894736836,-0.11735993208828521,-0.11460101867572159,0.10553170050740435,-0.004192393744717249,0.06089011842030434,-0.052900121560035984,-0.11316753834356796,-0.17549113709602593,0.012148146899018553,-0.18675163490585445,0.44846292947558725,60,0.05263157894736836,-0.1532136245519986,-0.14205475695866454,0.1572832156972157,-0.004192393744717249,0.1371018692647228,-0.10465163674984734,-0.14902123080728136,-0.2791566262233873,0.012148146899018553,-0.24690616256702025,0.34351761536393866,002352.SZ,顺丰控股,0.0049257899235558,2,subjective/semi-quantitative,low_value,1
2014-10-16,6.57213063,2444.395,10,0.05593308938839514,-0.018295870360690025,0.054887611082069965,0.01226520263705333,-0.03383863900883455,0.010035202984787661,0.04366788675134181,0.015542768648144523,0.044852408097282304,0.048157808055404816,0.029349319460088452,3.057142857142853,20,0.0611604809200208,-0.02456874019864097,0.000522739153162588,0.06673389529924578,-0.03383863900883455,0.05537362005731472,-0.0055734143792249835,0.009269898810193578,-0.05485088090415213,0.048157808055404816,-0.05197295049043704,2.4893617021276455,60,0.43910088865656016,-0.02456874019864097,0.422373235755358,0.5094749416522288,-0.03383863900883455,0.4374010747035566,-0.07037405299566868,0.009269898810193578,-0.01502783894819859,0.048157808055404816,-0.19110507667631482,17.87234042553184,002415.SZ,海康威视,0.0328009135262984,3,subjective/semi-quantitative,low_value,1
2010-12-07,16.23747114,3200.339,10,0.06727653897465236,-0.03640175338288543,0.0529826567562417,0.0257575838059656,-0.031014214431658638,0.015363997376528049,0.041518955168686755,-0.005387538951226789,0.03761865937971365,0.060742409864446234,0.007588660137074266,1.848167539267022,20,0.06727653897465236,-0.0992948351438917,0.01467505241090139,0.0257575838059656,-0.05471889071751468,-0.007710745642883543,0.041518955168686755,-0.04457594442637702,0.022385798053784933,0.060742409864446234,-0.028686000668189493,0.6775431861804243,60,0.06727653897465236,-0.2811130169620736,-0.16571374118543925,0.048478614296797895,-0.08785850498962766,0.04328260224932423,0.01879792467785446,-0.19325451197244592,-0.20899634343476348,0.060742409864446234,-0.20492442164578062,0.2393220338983057,002371.SZ,北方华创,0.0883239928222155,4,subjective/semi-quantitative,low_value,1
2012-11-01,10.60097728,2297.884,10,0.004112405757368043,-0.04386566141192605,-0.03701165181631261,0.008854668033721591,-0.04541917694713915,-0.045372612368596466,-0.004742262276353548,0.0015535155352131014,0.008360960552283858,0.008758349760977335,-0.028762311672696272,0.09374999999999944,20,0.004112405757368043,-0.20150788211103499,-0.20150788211103499,0.008854668033721591,-0.07981560426897105,-0.07929381987950657,-0.004742262276353548,-0.12169227784206393,-0.12221406223152842,0.019241071395371012,-0.1327394828777343,0.020408163265306034,60,0.18917066483893064,-0.20973269362577107,0.16004112405757365,0.16869737549850217,-0.08518663257153092,0.1644913320254635,0.02047328934042847,-0.12454606105424015,-0.004450207967889863,0.0379391002825018,-0.1327394828777343,0.9019607843137248,002371.SZ,北方华创,-0.0184684267509083,2,subjective/semi-quantitative,low_value,1
2013-08-06,13.47011292,2293.641,10,0.10870740941049228,-0.026500811249323908,0.010275824770145991,0.05643428941146422,-0.015393429050143514,0.008207038503410091,0.05227311999902806,-0.011107382199180393,0.0020687862667359003,0.07225318881752019,-0.014787293242793043,4.102040816326543,20,0.10870740941049228,-0.03677663601947001,-0.0037858301784748916,0.05643428941146422,-0.018189856215510614,0.02653466693349138,0.05227311999902806,-0.018586779803959397,-0.03032049711196627,0.07225318881752019,-0.04038925971727769,2.955882352941178,60,0.10870740941049228,-0.10654407787993514,-0.0405624661979449,0.10190871195623008,-0.018189856215510614,0.02045263404342701,0.006798697454262204,-0.08835422166442453,-0.06101510024137191,0.07225318881752019,-0.14912099975858162,1.0203045685279195,002371.SZ,北方华创,0.0113975063639087,2,subjective/semi-quantitative,high_value,0
2025-06-19,312.70714748,3843.0912,10,0.058881858532439324,-0.007224478232127796,0.04850069828023362,0.033443078321950814,-0.004165474917691259,0.03251975909392946,0.02543878021048851,-0.003059003314436537,0.015980939186304166,0.031462695596274015,0.005274712508757551,8.15032679738549,20,0.09112189861865061,-0.007224478232127796,0.01792461977658677,0.057987356636241216,-0.004165474917691259,0.04980360601382561,0.03313454198240939,-0.003059003314436537,-0.03187898623723884,0.03339492088981855,-0.030366619103439185,12.612938359122559,60,0.2862081424465175,-0.007224478232127796,0.20591798018981433,0.18365489218678954,-0.004165474917691259,0.18343132216066071,0.10255325025972795,-0.003059003314436537,0.022486658029153617,0.09184624623927617,-0.039698057317465896,39.616444710668304,002371.SZ,北方华创,0.0974158954890202,2,subjective/semi-quantitative,neutral,0
2016-09-05,11.12451652,3319.68,10,0.1923076923076923,-0.016073478760045945,0.10447761194029859,0.011349587912087955,-0.026612504819741645,-0.01597864854443798,0.18095810439560434,0.0105390260596957,0.12045626048473657,0.17680179687164088,0.02449150467282535,11.964285714285698,20,0.1951779563719862,-0.016073478760045945,0.18828932261768094,0.011349587912087955,-0.03170154954694426,-0.005925269905532993,0.18382836845989825,0.015628070786898318,0.19421459252321394,0.19537222569248658,0.02449150467282535,12.142857142857126,60,0.3002296211251434,-0.016073478760045945,0.10103329506314584,0.07953748554077511,-0.03170154954694426,0.0470126638712165,0.2206921355843683,0.015628070786898318,0.05402063119192935,0.2665448412367972,-0.019370772762152932,18.6785714285714,002384.SZ,东山精密,0.032511514462013,2,subjective/semi-quantitative,high_value,0
2017-12-21,19.30492886,4067.848,10,0.08007941760423543,-0.11879549966909331,0.0397088021178027,0.020510353385868818,-0.021537923737563358,0.017429854802834432,0.05956906421836661,-0.09725757593152995,0.022278947314968267,0.021897280888504733,-0.10119968208864316,0.6740947075208898,20,0.08007941760423543,-0.14791528788881525,-0.10324288550628735,0.061143631718785896,-0.021537923737563358,0.05347962854069288,0.01893578588544953,-0.1263773641512519,-0.15672251404698023,0.021897280888504733,-0.17120132911280617,0.5413870246085003,60,0.08007941760423543,-0.15056254136333558,-0.13997352746525482,0.08247333725350625,-0.07588828294469208,-0.0400489398817262,-0.002393919649270826,-0.0746742584186435,-0.09992458758352862,0.021897280888504733,-0.20306409706688955,0.5318681318681305,002384.SZ,东山精密,0.1073072834337562,2,subjective/semi-quantitative,low_value,1
2023-03-28,25.846938,3999.5147,10,0.06944444444444442,-0.05626780626780625,0.0516381766381766,0.03319915288722397,-0.003905198798244247,0.02444619093411493,0.03624529155722045,-0.052362607469562006,0.027191985704061672,0.033683173992070214,-0.07315138943245258,1.2341772151898733,20,0.14031339031339018,-0.05626780626780625,0.09188034188034178,0.042543436582443306,-0.018521922172207494,-0.010071821963799743,0.09776995373094688,-0.03774588409559876,0.10195216384414152,0.10298945530209291,-0.07315138943245258,2.4936708860759476,60,0.20930027069357293,-0.05626780626780625,0.0741260817819116,0.042543436582443306,-0.05544160145229626,-0.03968383964184452,0.16675683411112963,-0.0008262048155099899,0.11380992142375612,0.24614102756130962,-0.07315138943245258,3.7197162032123603,002422.SZ,科伦药业,-0.0523587244152216,2,subjective/semi-quantitative,high_value,0
2016-09-06,14.44316886,3342.626,10,0.00971463266545225,-0.12325440194292647,-0.09411050394656961,0.004407014126019515,-0.03329448164407267,-0.015408544060867113,0.005307618539432735,-0.0899599202988538,-0.0787019598857025,-0.003033301918902054,-0.08698272371265414,0.0788177339901471,20,0.00971463266545225,-0.15664845173041897,-0.11475409836065564,0.004407014126019515,-0.038348591795791864,-0.011960656082971921,0.005307618539432735,-0.1182998599346271,-0.10279344227768372,-0.003033301918902054,-0.11988189791377024,0.06201550387596842,60,0.00971463266545225,-0.15664845173041897,-0.07194899817850642,0.07212682483771737,-0.038348591795791864,0.038148748917766984,-0.062412192172265124,-0.1182998599346271,-0.1100977470962734,-0.003033301918902054,-0.1649457634582706,0.06201550387596842,002460.SZ,赣锋锂业,0.5391478554736958,2,subjective/semi-quantitative,low_value,1
2021-09-15,117.11557935,4867.3187,10,-0.0049586776859504855,-0.28610783156237696,-0.23927587563951203,0.014335017758339896,-0.020974299463891732,0.012865851582720467,-0.019293695444290382,-0.2651335320984852,-0.2521417272222325,-0.08879913764409819,-0.25518275586151395,-0.017331499312242347,20,-0.0049586776859504855,-0.29712711530893354,-0.24155844155844164,0.025181893267026023,-0.020974299463891732,0.018985134464279074,-0.03014057095297651,-0.2761528158450418,-0.2605435760227207,-0.08879913764409819,-0.2831098062412859,-0.016688741721854545,60,-0.0049586776859504855,-0.30224321133412047,-0.15891381345926803,0.05681203903907095,-0.023282387487796874,0.017964962927124573,-0.061770716725021435,-0.2789608238463236,-0.1768787763863926,-0.03612806056265783,-0.30134692036598665,-0.016406250000000237,002466.SZ,天齐锂业,-0.0960994264012965,4,subjective/semi-quantitative,low_value,1
2019-02-11,4.05515776,3306.472,10,0.099609375,-0.009765625,0.09570312499999978,0.12793424532250697,-0.0023708048941591953,0.12793424532250697,-0.028324870322506968,-0.007394820105840805,-0.03223112032250719,0.017729082915137084,-0.02857535397667743,10.2,20,0.177734375,-0.009765625,0.17578125,0.17544591334812454,-0.0023708048941591953,0.12807669322468174,0.002288461651875462,-0.007394820105840805,0.04770455677531826,0.04228839852984789,-0.02857535397667743,18.2,60,0.9082031249999998,-0.009765625,0.3493605486756697,0.24788293988275112,-0.0023708048941591953,0.12822700449300628,0.6603201851172487,-0.007394820105840805,0.2211335441826634,0.5887603642460817,-0.02857535397667743,92.99999999999997,002532.SZ,天山铝业,-0.0136299346602124,2,subjective/semi-quantitative,low_value,1
2023-04-03,21.55450596,4090.5676,10,0.17074255224544244,-0.057358826144953245,0.025789239662072028,0.01933721862951243,-0.00757674802880659,0.01747053391808029,0.15140533361593,-0.049782078116146655,0.008318705743991739,0.14325616211485648,-0.021188066264393624,2.9767441860465156,20,0.17830146731880836,-0.12220538410336168,-0.09401931845530465,0.01933721862951243,-0.04036887203624251,-0.018014663784067575,0.15896424868929593,-0.08183651206711917,-0.07600465467123707,0.15285427145892805,-0.07739897111307181,1.4590311926682415,60,0.17830146731880836,-0.24255541044189166,0.0008290294397450548,0.01933721862951243,-0.07646674754867755,-0.04682829346225692,0.15896424868929593,-0.1660886628932141,0.047657322902001975,0.15285427145892805,-0.16098603942838097,0.7350958158136965,002463.SZ,沪电股份,1.2798394298096358,4,subjective/semi-quantitative,neutral,0
2024-07-04,36.54346605,3445.8128,10,0.12463146609488063,-0.07719110158134546,-0.028678638434735948,0.022342101695135508,-0.017703863657364205,0.021799849370807367,0.10228936439974512,-0.05948723792398125,-0.050478487805543315,0.11103372730788985,-0.05153433370945448,1.6145833333333326,20,0.12463146609488063,-0.14205306888233715,-0.08630393996247654,0.028883025798731587,-0.02699174487946654,-0.00770390080389749,0.09574844029614904,-0.11506132400287061,-0.07860003915857905,0.11103372730788985,-0.10450059622336338,0.8773584905660372,60,0.12463146609488063,-0.20503886357544898,0.0763870276065397,0.17205925986461024,-0.08706857203618257,0.1660106724311894,-0.04742779376972961,-0.11797029153926641,-0.08962364482464968,0.11103372730788985,-0.17100022049023567,0.6078431372549014,002463.SZ,沪电股份,0.0088877990351794,4,subjective/semi-quantitative,low_value,1
2025-09-05,63.8427111,4460.3249,10,0.21577798565637663,-0.09354536950420966,0.18334892422825066,0.02544841520401353,-0.010679378984252863,0.009325464160693908,0.1903295704523631,-0.0828659905199568,0.17402346006755676,0.17241560452679772,-0.06903355085510798,2.306666666666663,20,0.31665107577174934,-0.09354536950420966,0.0991580916744621,0.059641395181772694,-0.010679378984252863,0.02996499201212921,0.25700968058997664,-0.0828659905199568,0.06919309966233289,0.23101736265147865,-0.06903355085510798,3.384999999999996,60,0.31665107577174934,-0.09354536950420966,0.11100717181166209,0.06759799045132331,-0.010679378984252863,0.036192341055693245,0.24905308532042603,-0.0828659905199568,0.07481483075596884,0.23101736265147865,-0.07427438897533944,3.384999999999996,002463.SZ,沪电股份,0.3246187385713905,4,subjective/semi-quantitative,high_value,0
2016-12-06,4.0076592,3459.153,10,0.1368846931894807,-0.014834794335805812,0.04045853000674304,0.01409998343525154,-0.04911173342144737,-0.04338894521288883,0.12278470975422917,0.034276939085641556,0.08384747521963187,0.11304838056359379,-0.013249615754193478,9.227272727272714,20,0.1368846931894807,-0.014834794335805812,0.0714767363452462,0.01409998343525154,-0.05553527120656421,-0.02626105292249281,0.12278470975422917,0.040700476870758395,0.09773778926773902,0.11304838056359379,-0.013249615754193478,9.227272727272714,60,0.1368846931894807,-0.055967633175994624,0.05866486850977748,0.01409998343525154,-0.056356570524634164,-0.003012876273469134,0.12278470975422917,0.00038893734863953977,0.06167774478324661,0.1350999221789222,-0.013249615754193478,2.4457831325301185,002493.SZ,荣盛石化,0.0410097455851543,4,subjective/semi-quantitative,high_value,0
2017-04-25,4.026576,3440.974,10,0.003355704697986406,-0.12147651006711413,-0.11543624161073829,0.00743713843812821,-0.032951135347143,-0.03001272314176162,-0.004081433740141804,-0.08852537471997113,-0.08542351846897667,-0.03205647191471028,-0.10152336642096882,0.027624309392263773,20,0.003355704697986406,-0.12147651006711413,-0.043099064813379995,0.00743713843812821,-0.037222600345134915,-0.00488437285489518,-0.004081433740141804,-0.08425390972197921,-0.038214691958484814,-0.009141148905475904,-0.10152336642096882,0.027624309392263773,60,0.11333696917678937,-0.12147651006711413,0.09606805633371862,0.09030001389141562,-0.037222600345134915,0.08358767023522984,0.02303695528537375,-0.08425390972197921,0.012480386098488783,0.01151765237027802,-0.10228530653247436,0.9329949396321332,002493.SZ,荣盛石化,0.0265342638061524,2,subjective/semi-quantitative,low_value,1
2024-07-11,9.43626762,3468.169,10,0.02494802494802495,-0.10395010395010407,-0.08004158004158002,0.022250732302837584,-0.02432692870503128,-0.019865640918882543,0.0026972926451873658,-0.07962317524507279,-0.060175939122697475,0.007087003894573396,-0.07713102765593338,0.23999999999999974,20,0.02494802494802495,-0.10395010395010407,-0.03846153846153855,0.022250732302837584,-0.043118977189404495,-0.036108995841898084,0.0026972926451873658,-0.06083112676069957,-0.002352542619640463,0.007087003894573396,-0.07713102765593338,0.23999999999999974,60,0.18399168399168397,-0.16839916839916846,-0.016632016632016633,0.2832037596783781,-0.09295342874006418,0.14219993316357993,-0.0992120756866941,-0.07544573965910428,-0.15883194979559656,0.007087003894573396,-0.13905792250895666,1.0925925925925921,002493.SZ,荣盛石化,-0.0227360315797368,2,subjective/semi-quantitative,low_value,1
2019-10-17,21.9248442,3925.221,10,0.15986394557823136,-0.041836734693877387,0.08197278911564632,0.003902710191349801,-0.019409862527485777,-0.009800722048516453,0.15596123538688156,-0.02242687216639161,0.09177351116416277,0.16141949816181111,-0.0023248496902187332,3.8211382113821304,20,0.217687074829932,-0.041836734693877387,0.1969387755102041,0.026856322230009555,-0.019409862527485777,-0.004933225415842846,0.19083075259992244,-0.02242687216639161,0.20187200092604696,0.20468515547817767,-0.0023248496902187332,5.203252032520346,60,0.38027210884353746,-0.041836734693877387,0.35136054421768703,0.06515709561321503,-0.03067139404380026,0.06062410243907301,0.3151150132303224,-0.011165340650077127,0.290736441778614,0.28112957760447865,-0.0023248496902187332,9.08943089430898,002475.SZ,立讯精密,0.0961510525893094,4,subjective/semi-quantitative,high_value,0
2019-11-13,26.24269617,3899.981,10,0.01733447001989208,-0.11111111111111105,-0.017334470019891968,0.012066212630266637,-0.017045724068912138,-0.00624695351079918,0.005268257389625441,-0.09406538704219891,-0.011087516509092787,-0.0015044073554150161,-0.07268549807673741,0.1560102301790288,20,0.06734867860187554,-0.11111111111111105,0.01705029838022165,0.012066212630266637,-0.024398067580329252,0.0007097470474854983,0.05528246597160891,-0.0867130435307818,0.016340551332736153,0.05930724493883521,-0.07268549807673741,0.6061381074168802,60,0.35066780335322534,-0.11111111111111105,0.2605853935777209,0.0829557887589707,-0.06668570949448227,0.02250087885043528,0.26771201459425464,-0.04442540161662878,0.23808451472728565,0.3045160863917218,-0.07268549807673741,3.15601023017903,002475.SZ,立讯精密,0.1706081766727133,4,subjective/semi-quantitative,low_value,1
2019-12-13,27.3687681,3968.221,10,0.029972752043596618,-0.04713896457765665,-0.03596730245231605,0.02492653508965348,-0.003706698795253538,0.013559224650038448,0.005046216953943139,-0.04343226578240311,-0.0495265271023545,0.008815176592058327,-0.05006808616935354,0.6358381502890152,20,0.1416893732970026,-0.06784741144414175,0.13024523160762946,0.059413777609664375,-0.003706698795253538,0.059413777609664375,0.08227559568733822,-0.06414071264888821,0.07083145399796509,0.06685910217042945,-0.06778711568087448,2.0883534136546147,60,0.4068119891008173,-0.06784741144414175,0.026158038147138907,0.06433260647529448,-0.0881790605916355,-0.06515231888546524,0.3424793826255228,0.020331649147493747,0.09131035703260415,0.3382497512389566,-0.06778711568087448,5.995983935742965,002475.SZ,立讯精密,0.1356131521512002,4,subjective/semi-quantitative,high_value,0
2020-01-09,29.79989028,4164.369,10,0.18943943943943942,-0.01401401401401392,0.12987987987987992,0.014200950972404147,-0.04609966119717046,-0.038533568951262476,0.17523848846703527,0.03208564718315654,0.1684134488311424,0.19045412285304253,-0.005472756150302516,13.517857142857231,20,0.18943943943943942,-0.01401401401401392,0.11011011011011007,0.014200950972404147,-0.1259400884023486,-0.04241578976310689,0.17523848846703527,0.11192607438833468,0.15252589987321696,0.2266762018695443,-0.005472756150302516,13.517857142857231,60,0.292042042042042,-0.15165165165165162,-0.018268268268268217,0.014200950972404147,-0.1587713288615874,-0.09872141493705278,0.27784109106963784,0.007119677209935782,0.08045314666878456,0.2898259487115442,-0.005472756150302516,1.9257425742574257,002475.SZ,立讯精密,0.0973802271555333,4,subjective/semi-quantitative,high_value,0
2020-02-17,34.42349688,4077.424,10,0.11850086655112646,-0.03379549393414205,0.05264298093587505,0.026245246999085703,-0.03663048042097172,-0.0019026718830319478,0.09225561955204076,0.0028349864868296715,0.054545652818907,0.09327007114684505,-0.0018407956588550878,3.5064102564102613,20,0.11850086655112646,-0.16247833622183716,-0.16247833622183716,0.03394962113334299,-0.08753352606940057,-0.08573653365458189,0.08455124541778347,-0.07494481015243659,-0.07674180256725527,0.09327007114684505,-0.0839383890882297,0.7293333333333326,60,0.11850086655112646,-0.26559792027729634,0.044844020797226936,0.03394962113334299,-0.14083337911387184,-0.04037061144487297,0.08455124541778347,-0.1247645411634245,0.08521463224209991,0.10074577798454132,-0.1392714846353167,0.44616639477977144,002475.SZ,立讯精密,0.1754827532762262,4,subjective/semi-quantitative,low_value,1
2020-09-01,55.39353846,4842.1223,10,0.03823890545518327,-0.11752324153657256,-0.02666198912471507,0.007205394213194438,-0.05867094682841867,-0.031729826402773775,0.03103351124198883,-0.058852294708153896,0.005067837278058707,0.026972420050745516,-0.04885817290112726,0.32537313432835785,20,0.03823890545518327,-0.11752324153657256,-0.0019294860550780335,0.007205394213194438,-0.059354634640269244,-0.05169695940972008,0.03103351124198883,-0.05816860689630332,0.049767473354642044,0.054567140835071415,-0.04885817290112726,0.32537313432835785,60,0.12050517453078413,-0.1366426942641642,-0.0948956323452026,0.05131760096187565,-0.059354634640269244,0.04647185388109665,0.06918757356890848,-0.07728805962389496,-0.14136748622629924,0.11476719321990791,-0.13508962109396772,0.8818998716302956,002475.SZ,立讯精密,0.1192822400689362,4,subjective/semi-quantitative,low_value,1
2020-09-18,54.1206822,4737.0887,10,0.1131059245960504,-0.029084380610412852,0.1131059245960504,0.018192165158317453,-0.03849807583294784,0.01816919746510126,0.09491375943773295,0.00941369522253499,0.09493672713094914,0.11623538954127532,-0.006401198694505061,3.8888888888889035,20,0.14685816876122093,-0.029084380610412852,0.032315978456014305,0.023752204597730975,-0.03849807583294784,-0.009679531649892992,0.12310596416348996,0.00941369522253499,0.0419955101059073,0.11623538954127532,-0.006401198694505061,5.049382716049399,60,0.14685816876122093,-0.12387791741472176,-0.04991023339317757,0.07462805161321961,-0.03849807583294784,0.06538845261647719,0.07223011714800132,-0.08537984158177392,-0.11529868600965476,0.11623538954127532,-0.14157924508688058,1.1855072463768122,002475.SZ,立讯精密,0.0217847655715538,4,subjective/semi-quantitative,high_value,0
2020-12-16,50.84623518,4953.867,10,0.11255493980508313,-0.031148480794955136,0.07166061532581702,0.032266409251600736,-0.000705650757277132,0.032266409251600736,0.0802885305534824,-0.030442830037678004,0.03939420607421629,0.06193757339799122,-0.02531352749073945,3.6134969325153325,20,0.2088668068029811,-0.031148480794955136,0.1431301356774317,0.139457215948672,-0.000705650757277132,0.10428000993970965,0.06940959085430909,-0.030442830037678004,0.03885012573772206,0.06193757339799122,-0.029169344409804898,6.705521472392629,60,0.2088668068029811,-0.2969615899101854,-0.2627555895279954,0.19722879116455871,-0.007258571939860459,0.037930186660239285,0.011638015638422372,-0.28970301797032494,-0.30068577618823467,0.06193757339799122,-0.2896974960866636,0.7033462033462032,002475.SZ,立讯精密,0.1999246416847138,2,subjective/semi-quantitative,high_value,0
2020-10-28,16.84142604,4737.2718,10,0.06481481481481466,-0.033224400871459725,-0.031590413943355156,0.054995767817248575,-0.012247323448909997,0.03538456459264161,0.009819046997566083,-0.020977077422549728,-0.06697497853599677,0.04300252960054807,-0.0646860894264415,1.950819672131141,20,0.06481481481481466,-0.0582788671023966,-0.05283224400871467,0.061719004596696214,-0.012247323448909997,0.036609299048452115,0.0030958102181184444,-0.046031543653486606,-0.08944154305716678,0.04300252960054807,-0.08628279057429733,1.112149532710276,60,0.06481481481481466,-0.09368191721132912,0.00435729847494537,0.1915549156373082,-0.012247323448909997,0.17472028942903362,-0.12674010082249354,-0.08143459376241913,-0.17036299095408824,0.04300252960054807,-0.20492284460304355,0.6918604651162763,002558.SZ,巨人网络,-9.71275651231781e-05,2,subjective/semi-quantitative,low_value,1
2013-03-20,1.2213894,2610.174,10,0.010389610389610393,-0.08701298701298699,-0.08571428571428585,0.012043258418787284,-0.0518153195917207,-0.048512857763505446,-0.0016536480291768907,-0.03519766742126629,-0.03720142795078041,-0.0005172528490642314,-0.0390981930279557,0.11940298507462695,20,0.010389610389610393,-0.11298701298701308,-0.05324675324675332,0.012043258418787284,-0.07415482645984517,-0.029249774152987462,-0.0016536480291768907,-0.03883218652716791,-0.023996979093765858,-0.0003423411050829106,-0.048437734932693766,0.0919540229885057,60,0.036363636363636154,-0.14299535430715227,-0.12456514687289733,0.019559998682080026,-0.17081198418189747,-0.16817422899776024,0.016803637681556127,0.027816629874745202,0.04360908212486292,0.05242574063595051,-0.06207762619263624,0.2542994248996895,002602.SZ,世纪华通,-0.4005256648113791,2,subjective/semi-quantitative,low_value,1
2017-09-14,10.4658137,3829.955,10,0.011145510835913308,-0.04055727554179556,-0.03529411764705881,0.008460412720253885,-0.005632703256304494,-0.0019365762783113416,0.0026850981156594234,-0.03492457228549106,-0.03335754136874747,-0.00035001211078444783,-0.03342226613651489,0.27480916030534414,20,0.02879256965944288,-0.04055727554179556,0.017337461300309664,0.03067085644609402,-0.005632703256304494,0.026447830326988164,-0.00187828678665114,-0.03492457228549106,-0.0091103690266785,-0.00035001211078444783,-0.04552956117861584,0.7099236641221431,60,0.14458204334365332,-0.04055727554179556,-0.00030831429762601115,0.1124514517794597,-0.005632703256304494,0.05122671154099723,0.03213059156419362,-0.03492457228549106,-0.05153502583862324,0.054514630134112174,-0.07119956385201365,3.5648854961832175,002602.SZ,世纪华通,0.0014999925422245,2,subjective/semi-quantitative,low_value,1
2014-11-10,14.73112004,2565.73,10,0.0023635582294800894,-0.09217877094972071,-0.057799742157284006,0.03973177224415658,-0.016718049054265327,0.03255525717826879,-0.03736821401467649,-0.07546072189545538,-0.0903549993355528,-0.03837216076243477,-0.08750621209606912,0.025641025641026414,20,0.0023635582294800894,-0.10399656209712083,-0.09840996991834983,0.2748344525729518,-0.016718049054265327,0.26781890534078023,-0.2724708943434717,-0.0872785130428555,-0.36622887525913006,-0.03837216076243477,-0.28886528960592406,0.022727272727273408,60,0.0023635582294800894,-0.2737430167597765,-0.1776966050709068,0.43809091369707653,-0.016718049054265327,0.3258480042716887,-0.43572735546759644,-0.2570249677055112,-0.5035446093425955,-0.03837216076243477,-0.43465284052750697,0.00863422291993747,002594.SZ,比亚迪,0.002006147262873,2,subjective/semi-quantitative,low_value,1
2016-06-15,18.71934764,3116.368,10,0.04497801826175185,-0.031112614135948458,0.02130537707135627,0.013383528517812993,-0.026441999147725714,0.011238082280398132,0.03159448974393886,-0.004670614988222743,0.010067294790958137,0.02431544923423279,0.0031184951033151886,1.4456521739130523,20,0.06679066621575935,-0.031112614135948458,0.03026716266486318,0.05924300339369415,-0.026441999147725714,0.05342757979802126,0.007547662822065204,-0.004670614988222743,-0.023160417133158084,0.026565960989237025,-0.021985770618990985,2.1467391304347965,60,0.08522150828542463,-0.031112614135948458,-0.002874535001690881,0.09701036591314005,-0.026441999147725714,0.07202262377228874,-0.011788857627715421,-0.004670614988222743,-0.07489715877397962,0.026565960989237025,-0.08061006030854578,2.739130434782628,002594.SZ,比亚迪,0.1392029389857368,2,subjective/semi-quantitative,low_value,1
2017-04-05,15.7533636,3503.893,10,0.10182186234817814,-0.007894736842105288,0.037651821862348056,0.006541866432565158,-0.02436689704851147,-0.01655786863354558,0.09527999591561298,0.016472160206406183,0.054209690495893637,0.07077480161013039,-0.0012747920993164685,12.897435897435857,20,0.10182186234817814,-0.017611336032388625,-0.013967611336032415,0.006541866432565158,-0.032140250858117,-0.02839898364476312,0.09527999591561298,0.014528914825728378,0.014431372308730706,0.0812753648393012,-0.0012747920993164685,5.781609195402312,60,0.10182186234817814,-0.057287449392712575,0.012753036437247012,0.04927062555848605,-0.05451108238750446,0.04193992225219212,0.05255123678969209,-0.0027763670052081135,-0.029186885814945107,0.0812753648393012,-0.03378781141867371,1.7773851590106,002594.SZ,比亚迪,0.1499143414702858,2,subjective/semi-quantitative,high_value,0
2020-09-07,30.5545974,4669.3677,10,0.2594469073253114,-0.10439096474561949,0.11642389698121192,0.017906535824968373,-0.023844192009123688,0.004724494068008456,0.24154037150034302,-0.0805467727364958,0.11169940291320346,0.23345264827043377,-0.07557376168507157,2.485338725985847,20,0.3920202659911338,-0.10439096474561949,0.3646822883681655,0.0378105583760302,-0.024553174512257803,0.036371798262964106,0.3542097076151036,-0.07983779023336168,0.3283104901052014,0.3167883289138842,-0.07557376168507157,3.755308392315476,60,1.0989022588135953,-0.10439096474561949,0.8785096052353811,0.09021364926990016,-0.024553174512257803,0.07292441329904276,1.008688609543695,-0.07983779023336168,0.8055851919363384,0.9211199799963732,-0.07557376168507157,10.526794742163814,002594.SZ,比亚迪,0.2290710853961942,4,subjective/semi-quantitative,high_value,0
2020-09-30,37.4885624,4587.3953,10,0.24741913282863037,0.025464556090846635,0.2370096352374398,0.05715873232027757,0.014755606520327591,0.041546277906331586,0.1902604005083528,0.010708949570519044,0.1954633573311082,0.18766651225908038,0.014623501138259165,,20,0.5900722642807983,0.025464556090846635,0.5900722642807983,0.06489881087858285,0.011315048432822161,0.06489881087858285,0.5251734534022154,0.014149507658024474,0.5251734534022154,0.4931674709721263,0.014623501138259165,,60,0.7106847900894699,0.025464556090846635,0.6715416379903649,0.13694535982107325,0.011315048432822161,0.13600162166098917,0.5737394302683967,0.014149507658024474,0.5355400163293758,0.5382975854945959,0.014623501138259165,,002594.SZ,比亚迪,0.3539071286502459,4,subjective/semi-quantitative,low_value,1
2020-11-05,59.6095233,4885.1118,10,0.07585348698804295,-0.13693664448412057,-0.1255748525672239,0.023068028862717194,-0.012149977816270141,0.008777137915246813,0.05278545812532576,-0.12478666666785043,-0.1343519904824707,0.030224415813912442,-0.13318302470665067,0.5539312524693787,20,0.07585348698804295,-0.13693664448412057,-0.07433858139912353,0.04206589499139013,-0.012149977816270141,0.035198477954997864,0.03378759199665282,-0.12478666666785043,-0.10953705935412139,0.030224415813912442,-0.13318302470665067,0.5539312524693787,60,0.42265865930855395,-0.13693664448412057,0.33636314451117255,0.15769704595092393,-0.012149977816270141,0.09556645151908305,0.26496161335763,-0.12478666666785043,0.2407966929920895,0.2287594353928335,-0.13318302470665067,3.0865270644014227,002594.SZ,比亚迪,0.4620571693748265,4,subjective/semi-quantitative,low_value,1
2020-12-30,59.98686,5113.7105,10,0.3434408602150538,-0.00935483870967746,0.20403225806451597,0.10384025454706514,0.0017148800269393139,0.06976261170826925,0.2396006056679887,-0.011069718736616774,0.13426964635624672,0.18669985462509886,0.025063754922741266,36.71264367816077,20,0.41370967741935494,-0.00935483870967746,0.313763440860215,0.10594440181938336,0.0017148800269393139,0.05151488337089094,0.3077652755999716,-0.011069718736616774,0.2622485574893241,0.27816822100821725,0.025063754922741266,44.2241379310343,60,0.4697311827956989,-0.16344086021505377,-0.09102150537634413,0.15980601561234242,-0.044986707792707414,-0.0005736930160595843,0.3099251671833565,-0.11845415242234636,-0.09044781236028454,0.3368975006415611,-0.10408848445009689,2.8740131578947365,002594.SZ,比亚迪,0.6180627763193879,4,subjective/semi-quantitative,high_value,0
2025-01-14,90.6744762,3820.5395,10,0.04028230184581982,-0.020883098081795115,0.023525153818313438,0.011443148277880733,-0.011583023811165938,-0.006662593070952405,0.02883915356793909,-0.009300074270629177,0.030187746889265843,0.03202596272326974,-0.007576463074727813,1.928942807625656,20,0.3155266015200868,-0.020883098081795115,0.2975027144408251,0.03792231437471072,-0.011583023811165938,0.031309897463434044,0.2776042871453761,-0.009300074270629177,0.26619281697739106,0.25885687692090387,-0.007576463074727813,15.109185441941099,60,0.46000723850886716,-0.020883098081795115,0.2655808903365908,0.05359439419485135,-0.0802041177692312,-0.012646747926568946,0.4064128443140158,0.05932101968743608,0.27822763826315977,0.39141508029827277,-0.007576463074727813,22.027729636048562,002594.SZ,比亚迪,0.1022429886848536,2,subjective/semi-quantitative,high_value,0
2026-06-12,91.2572328,4777.3206,10,0.0032751091703058233,-0.15283842794759817,-0.1305676855895196,0.06006396137617398,0.005413704075041714,0.03131470808134584,-0.05678885220586816,-0.15825213202263988,-0.16188239367086543,-0.03170101222157462,-0.16222880152872643,0.0214285714285724,20,0.0032751091703058233,-0.15283842794759817,-0.05043668122270739,0.06006396137617398,-0.022412353903985438,-0.01715137141936851,-0.05678885220586816,-0.13042607404361273,-0.03328530980333888,-0.018179591244874893,-0.1652289884823479,0.0214285714285724,45,0.0584366524863551,-0.15283842794759817,-0.015091765964658999,0.06006396137617398,-0.06261068181189255,-0.007582179014738899,-0.0016273088898188792,-0.09022774613570561,-0.0075095869499200996,0.10275568668508606,-0.1652289884823479,0.3823426691250093,002594.SZ,比亚迪,0.1333138487041425,2,subjective/semi-quantitative,low_value,1
2016-10-10,3.08921662,3293.869,10,0.17368961973278507,-0.00411099691675243,0.12435765673175725,0.027006842105742557,-0.0067786545245120955,0.022377635540454133,0.14668277762704252,0.002667657607759666,0.10198002119130312,0.15066035462455263,0.008448442264735956,42.249999999998764,20,0.17368961973278507,-0.00411099691675243,0.1284686536485098,0.027006842105742557,-0.0067786545245120955,0.019042348071523163,0.14668277762704252,0.002667657607759666,0.10942630557698663,0.15066035462455263,0.008448442264735956,42.249999999998764,60,0.3874614594039054,-0.00411099691675243,0.25693730729701936,0.08799682076002413,-0.008142703914454485,0.014681215312448481,0.2994646386438813,0.004031706997702056,0.24225609198457088,0.3164359637728693,0.008448442264735956,94.2499999999973,002648.SZ,卫星化学,-0.0827607913669064,2,subjective/semi-quantitative,high_value,0
2017-03-16,4.3496678,3481.507,10,0.010948905109489093,-0.07664233576642321,-0.07445255474452561,0.007029139967261289,-0.016987183998193878,-0.01285334195795107,0.003919765142227805,-0.05965515176822933,-0.06159921278657454,-0.022088546321589186,-0.062401277748083794,0.14285714285714368,20,0.010948905109489093,-0.11227657431677884,-0.096805875611926,0.01301390461084817,-0.016987183998193878,-0.0004495179817245454,-0.002064999501359077,-0.09528939031858497,-0.09635635763020145,-0.022088546321589186,-0.09639969102474977,0.09751727086540497,60,0.17798320138379298,-0.14100787191150543,0.13157110526923477,0.035094859783421306,-0.04843161309168709,0.013581762150700838,0.14288834160037167,-0.09257625881981835,0.11798934311853393,0.12741262316553392,-0.11426211195719915,1.2622217396167268,002648.SZ,卫星化学,-0.4521186131386865,4,subjective/semi-quantitative,low_value,1
2024-07-15,17.25305328,3476.2467,10,0.009911894273127775,-0.09416299559471364,-0.06607929515418509,0.019875344290150476,-0.026594084936491957,-0.024596844637062132,-0.009963450017022701,-0.06756891065822168,-0.04148245051712296,-0.0041103221711416005,-0.06520373695161052,0.10526315789473709,20,0.009911894273127775,-0.111784140969163,-0.09966960352422904,0.019875344290150476,-0.045342466632186884,-0.04325993319173804,-0.009963450017022701,-0.06644167433697612,-0.056409670332491,-0.0041103221711416005,-0.07303447413147612,0.08866995073891644,60,0.13105726872246692,-0.19328193832599116,-0.0022026431718061845,0.28022199920391144,-0.0950611186484549,0.10222010422908134,-0.14916473048144452,-0.09822081967753626,-0.10442274740088753,-0.0041103221711416005,-0.13375729052484997,0.678062678062678,002648.SZ,卫星化学,-0.0547030880845124,2,subjective/semi-quantitative,low_value,1
2024-12-23,16.87303008,3933.5718,10,0.0855855855855856,0.0028153153153154253,0.06981981981981988,0.018860924313114147,-0.04842903846321045,-0.03494694058972048,0.06672466127247145,0.051244353778525875,0.10476676040954036,0.10856062201757144,0.012586796951002732,,20,0.15371621621621623,0.0028153153153154253,0.11599099099099086,0.018860924313114147,-0.058334895526757635,-0.025665554140895552,0.13485529190310208,0.06115021084207306,0.1416565451318864,0.17936491037245572,0.012586796951002732,,60,0.2573198198198199,0.0028153153153154253,0.2173423423423424,0.023319060808804748,-0.058334895526757635,-0.0036138148031262807,0.23400075901101514,0.06115021084207306,0.22095615714546868,0.24362518470368988,0.012586796951002732,,002648.SZ,卫星化学,-0.0266478319309774,2,subjective/semi-quantitative,low_value,1
2016-09-06,9.98856312,3342.626,10,0.028354080221300038,-0.12171507607192256,-0.10563623789764864,0.004407014126019515,-0.03329448164407267,-0.015408544060867113,0.023947066095280523,-0.08842059442784989,-0.09022769383678153,0.0042048219857484526,-0.0916397286331514,0.2329545454545446,20,0.028354080221300038,-0.2064315352697096,-0.17410096818810528,0.004407014126019515,-0.038348591795791864,-0.011960656082971921,0.023947066095280523,-0.16808294347391772,-0.16214031210513336,0.0042048219857484526,-0.17171498759056292,0.1373534338358454,60,0.07123098201936373,-0.2064315352697096,-0.14730290456431527,0.07212682483771737,-0.038348591795791864,0.038148748917766984,-0.0008958428183536427,-0.16808294347391772,-0.18545165348208226,0.050336466387327805,-0.20870156310285637,0.34505862646566143,002709.SZ,天赐材料,1.1378427321547666,2,subjective/semi-quantitative,low_value,1
2023-03-09,42.25400032,4019.8505,10,-0.0036396724294813776,-0.12647861692447693,-0.06869881710646042,0.004785998882296694,-0.02110386941006892,0.004785998882296694,-0.008425671311778071,-0.10537474751440801,-0.07348481598875711,-0.010453732466931487,-0.09822884957601741,-0.0287769784172664,20,-0.0036396724294813776,-0.12647861692447693,-0.06483166515013661,0.02772792172246219,-0.02110386941006892,0.025729663329519425,-0.03136759415194357,-0.10537474751440801,-0.09056132847965603,-0.010453732466931487,-0.09822884957601741,-0.0287769784172664,60,0.09868129238467316,-0.12647861692447693,-0.06999209394619521,0.03726937108730799,-0.059641123469641455,-0.05734260515409706,0.06141192129736517,-0.06683749345483547,-0.012649488792098151,0.08085658332245327,-0.09822884957601741,0.780221153458674,002709.SZ,天赐材料,0.0241854868067196,2,subjective/semi-quantitative,low_value,1
2020-06-18,46.55551398,4044.3842,10,0.225488836499792,-0.003882956594092324,0.22008043267230626,0.15669329832709766,-0.00022047855888673862,0.15471099407420286,0.06879553817269435,-0.0036624780352055852,0.0653694385981034,0.10449518539914071,0.01901464462190061,58.0714285714291,20,0.37304118707530165,-0.003882956594092324,0.34488975176813197,0.206135979860667,-0.00022047855888673862,0.1572354080505014,0.16690520721463464,-0.0036624780352055852,0.18765434371763057,0.1659810896708973,0.01901464462190061,96.07142857142945,60,0.37304118707530165,-0.003882956594092324,0.08348356677298585,0.21185605957020615,-0.00022047855888673862,0.15000219316453656,0.1611851275050955,-0.0036624780352055852,-0.0665186263915507,0.1659810896708973,-0.05784217350795395,96.07142857142945,002714.SZ,牧原股份,0.1088849825871304,2,subjective/semi-quantitative,high_value,0
2023-08-22,12.7851,3758.2271,10,0.00807017543859656,-0.09789473684210537,-0.021403508771929758,0.040796204146364534,-0.016815428742983585,0.016521167653758884,-0.03272602870776797,-0.08107930809912178,-0.03792467642568864,0.004890093717564659,-0.08424762895139781,0.08243727598566371,20,0.03824561403508775,-0.1105263157894737,-0.08105263157894738,0.040796204146364534,-0.017858526963418386,-0.01003797774753945,-0.002550590111276785,-0.09266778882605531,-0.07101465383140793,0.009887395044317904,-0.08424762895139781,0.34603174603174625,60,0.03824561403508775,-0.15578947368421048,-0.05964912280701751,0.040796204146364534,-0.08184218031954493,-0.05689142627916233,-0.002550590111276785,-0.07394729336466555,-0.00275769652785518,0.0104398472660312,-0.11037064176378408,0.24549549549549576,002837.SZ,英维克,0.0110164757398847,2,subjective/semi-quantitative,low_value,1
2025-02-17,25.8921289,3947.3983,10,0.1908864203128542,-0.0453411924733621,-0.01337565177964184,0.0122985562414617,-0.018952001879313785,-0.01492742700932903,0.1785878640713925,-0.026389190594048317,0.0015517752296871912,0.14316249153554583,-0.019970911249963197,4.209999999999995,20,0.1908864203128542,-0.0453411924733621,0.10315121287689855,0.01882999746947256,-0.02322362554597035,0.012511861293551307,0.17205642284338163,-0.022117566927391752,0.09063935158334724,0.14316249153554583,-0.019970911249963197,4.209999999999995,60,0.1908864203128542,-0.36159600997506236,-0.2573112672863296,0.019734694621518223,-0.10976389182718138,-0.014772489515435971,0.17115172569133597,-0.251832118147881,-0.2425387777708936,0.14316249153554583,-0.285807345656344,0.527899686520376,002837.SZ,英维克,0.771102907974103,4,subjective/semi-quantitative,high_value,0
2025-09-18,59.94998016,4498.109,10,0.15253586065573765,-0.05071721311475419,-0.01985143442622961,0.05074041113721339,-0.008532674508332283,0.02639444708876537,0.10179544951852426,-0.042184538606421906,-0.04624588151499498,0.06953456200619712,-0.04891917258215084,3.007575757575751,20,0.15253586065573765,-0.13550204918032782,-0.052254098360655754,0.05074041113721339,-0.008532674508332283,0.036142854697384985,0.10179544951852426,-0.12696937467199554,-0.08839695305804074,0.06953456200619712,-0.12207058522879888,1.1257088846880907,60,0.2735655737704916,-0.1744364754098361,0.16713627049180313,0.0586301710340944,-0.01696195001054901,0.015577457104752224,0.21493540273639722,-0.15747452539928708,0.1515588133870509,0.1913315084897509,-0.18342149447059664,1.5682819383259898,002837.SZ,英维克,0.6503674405265418,4,subjective/semi-quantitative,neutral,0
2017-10-24,10.5890008,3959.395,10,0.00955882352941173,-0.05735294117647072,-0.038235294117647145,0.026474246696780668,-0.001362329345771185,0.02395593266142937,-0.016915423167368937,-0.05599061183069953,-0.062191226779076514,-0.00514598498822616,-0.06073623365551617,0.16666666666666569,20,0.00955882352941173,-0.11617647058823544,-0.06617647058823539,0.06588582346545357,-0.001362329345771185,0.06523875491078823,-0.056326999936041844,-0.11481414124246425,-0.13141522549902362,-0.00514598498822616,-0.13373502776862134,0.08227848101265783,60,0.00955882352941173,-0.2330882352941177,-0.09705882352941175,0.08181780297242391,-0.001362329345771185,0.0729204840638531,-0.07225897944301218,-0.23172590594834652,-0.16997930759326485,-0.00514598498822616,-0.24551126244678978,0.04100946372239732,002736.SZ,国信证券,0.1854753319933542,2,subjective/semi-quantitative,low_value,1
2020-12-17,10.8595308,5017.4784,10,0.0531835205992508,-0.04569288389513104,0.02172284644194744,0.03948983616949908,-0.011267153636376315,0.038626992395223825,0.013693684429751718,-0.03442573025875473,-0.016904145953276384,0.01376929413399286,-0.03696382981144286,1.1639344262295064,20,0.0531835205992508,-0.04569288389513104,-0.005992509363295873,0.12501122077575855,-0.011267153636376315,0.08781359178347437,-0.07182770017650775,-0.03442573025875473,-0.09380610114677024,0.01376929413399286,-0.10385223292615908,1.1639344262295064,60,0.0531835205992508,-0.13857677902621723,-0.13108614232209737,0.18205037016203196,-0.01984450994348086,-0.002070302883615871,-0.12886684956278116,-0.11873226908273637,-0.1290158394384815,0.01376929413399286,-0.2247255687267673,0.3837837837837828,002736.SZ,国信证券,0.0060237507993057,2,subjective/semi-quantitative,low_value,1
2021-11-11,9.3867318,4898.6529,10,0.008857395925597977,-0.023914968999114272,-0.00797165633303809,0.007519536646493297,-0.014103142519038325,-0.00045140981513502876,0.0013378592791046806,-0.009811826480075947,-0.007520246517903062,0.0015560734583324187,-0.009839512276451856,0.3703703703703745,20,0.026572187776793488,-0.031000885739592476,0.01240035429583708,0.04406278713888856,-0.018052656884508078,0.0367523896212365,-0.01749059936209507,-0.012948228855084398,-0.024352035325399424,0.0033887484949688407,-0.023488767008577716,0.8571428571428551,60,0.05845881310894585,-0.031000885739592476,0.001771479185119551,0.0500521480099152,-0.07679294852672658,-0.06068149878510476,0.008406665099030652,0.0457920627871341,0.06245297797022431,0.06648754164795956,-0.039362897611092684,1.885714285714287,002736.SZ,国信证券,0.0074491635135546,2,subjective/semi-quantitative,low_value,1
2022-08-05,7.91624315,4156.9111,10,0.03314917127071815,-0.011049723756906049,0.016574585635359185,0.015847223675291122,-0.015483997240162362,-0.0014042397971898435,0.017301947595427025,0.004434273483256312,0.017978825432549028,0.01974306075432053,-0.007586693475485462,3.0,20,0.03314917127071815,-0.011049723756906049,0.015469613259668558,0.015847223675291122,-0.036565636440962224,-0.032066598681891545,0.017301947595427025,0.025515912684056175,0.0475362119415601,0.04911103581798759,-0.007586693475485462,3.0,60,0.044198895027624197,-0.06850828729281766,-0.015469613259668447,0.015847223675291122,-0.15900272680837468,-0.09180230002994305,0.028351671352333074,0.09049443951555702,0.0763326867702746,0.12845115573200894,-0.007586693475485462,0.6451612903225792,002736.SZ,国信证券,-0.0011358768066244,2,subjective/semi-quantitative,low_value,1
2022-09-23,7.80252916,3856.0212,10,0.0033632286995515237,-0.05493273542600896,-0.01681614349775784,0.0096725090619314,-0.05043947891157863,-0.003514347898294856,-0.0063092803623798765,-0.004493256514430333,-0.013301795599462984,0.003348954777957047,-0.03198821352475534,0.06122448979591754,20,0.011210762331838486,-0.05493273542600896,-0.034753363228699485,0.0096725090619314,-0.08364111172417832,-0.0816104693615275,0.001538253269907086,0.028708376298169358,0.04685710613282801,0.05102094979267946,-0.03198821352475534,0.2040816326530598,60,0.05269058295964113,-0.05493273542600896,-0.01681614349775784,0.038199115710255915,-0.09337871378922924,-0.007210126334367684,0.014491467249385215,0.03844597836322028,-0.009606017163390157,0.06202604310777793,-0.03198821352475534,0.9591836734693856,002736.SZ,国信证券,0.0056912872917924,2,subjective/semi-quantitative,low_value,1
2026-03-12,117.47460064,4687.5601,10,0.006729475100942128,-0.11650403768506057,-0.11490578734858681,0.007104058249834733,-0.06256256853112141,-0.0448049295410633,-0.00037458314889260436,-0.05394146915393916,-0.07010085780752351,-0.004171395658734256,-0.07338904897597787,0.057761732851985575,20,0.006729475100942128,-0.1399843076751064,-0.09239955344273809,0.007104058249834733,-0.06256256853112141,-0.010878708520451807,-0.00037458314889260436,-0.07742173914398498,-0.08152084492228628,-0.004171395658734256,-0.08532934284729454,0.04807306770813741,60,0.006729475100942128,-0.23762243487461665,-0.23753731009065904,0.07316356327890072,-0.06256256853112141,0.0130202277299869,-0.0664340881779586,-0.17505986634349524,-0.25055753782064594,-0.004171395658734256,-0.24733715177840476,0.02832003259495674,002920.SZ,德赛西威,0.076676081058778,2,subjective/semi-quantitative,low_value,1
2023-03-22,28.87552954,3999.4427,10,0.10171646535282908,-0.04386522568340745,0.01684678957406227,0.025932513047380423,-0.003887266593418204,0.024302710975206754,0.07578395230544865,-0.039977959089989246,-0.007455921401144483,0.055365338831667055,-0.057084525675314635,2.31884057971015,20,0.10171646535282908,-0.09917355371900816,0.013986013986013957,0.042562204979208706,-0.003887266593418204,0.028398081562713617,0.05915426037362037,-0.09528628712558995,-0.014412067576699661,0.055365338831667055,-0.12306270942063513,1.0256410256410275,60,0.10171646535282908,-0.2879847425301971,-0.1765633791386393,0.042562204979208706,-0.05542459703198144,-0.01880386984916671,0.05915426037362037,-0.2325601454982157,-0.15775950928947258,0.055365338831667055,-0.2723120443446725,0.35320088300220776,002938.SZ,鹏鼎控股,0.2113827527138842,4,subjective/semi-quantitative,neutral,0
2020-09-18,2.53779448,4737.0887,10,0.0,-0.04054054054054057,-0.010135135135135198,0.018192165158317453,-0.03849807583294784,0.01816919746510126,-0.018192165158317453,-0.0020424647075927282,-0.02830433260023646,0.0045967664676092035,-0.02779924267077094,0.0,20,0.0,-0.04391891891891886,-0.04054054054054057,0.023752204597730975,-0.03849807583294784,-0.009679531649892992,-0.023752204597730975,-0.005420843085971017,-0.03086100889064758,0.0045967664676092035,-0.04502069809246789,0.0,60,0.0,-0.10135135135135143,-0.060810810810810856,0.07462805161321961,-0.03849807583294784,0.06538845261647719,-0.07462805161321961,-0.06285327551840358,-0.12619926342728804,0.0045967664676092035,-0.12286389491011085,0.0,003816.SZ,中国广核,-0.0945901058514595,2,subjective/semi-quantitative,low_value,1
2025-09-11,3.66390375,4548.0345,10,0.002666666666666817,-0.04799999999999993,-0.03199999999999992,0.014492875988517673,-0.020458485967949414,0.009993987512627811,-0.011826209321850856,-0.027541514032050518,-0.04199398751262773,-0.002046607104342457,-0.04157845297282292,0.055555555555558765,20,0.07466666666666666,-0.04799999999999993,0.05600000000000005,0.039206035046567944,-0.020458485967949414,-0.00743178179497106,0.035460631620098715,-0.027541514032050518,0.06343178179497111,0.06390672261266017,-0.05394111806780599,1.5555555555555576,60,0.1200000000000001,-0.04799999999999993,0.026666666666666616,0.047009186056086394,-0.02775313160003512,0.007237302179655902,0.07299081394391371,-0.020246868399964812,0.019429364487010714,0.07813200429565126,-0.05394111806780599,2.5000000000000058,003816.SZ,中国广核,0.0023411219662284,4,subjective/semi-quantitative,neutral,0
2024-12-06,27.62050944,3973.1405,10,0.07758620689655182,-0.09267241379310343,-0.062140804597701105,0.031521638864772106,-0.018472188436326364,-0.01142582297303607,0.04606456803177972,-0.07420022535677706,-0.050714981624665034,8.452740152598004e-05,-0.0655669390719511,0.8372093023255827,20,0.07758620689655182,-0.1954022988505747,-0.19037356321839083,0.031521638864772106,-0.05790578007498093,-0.051387762401052695,0.04606456803177972,-0.13749651877559377,-0.13898580081733813,8.452740152598004e-05,-0.14651487226132365,0.3970588235294123,60,0.07758620689655182,-0.22916666666666663,-0.1602011494252873,0.031521638864772106,-0.06771298422494743,-0.007984817048377724,0.04606456803177972,-0.1614536824417192,-0.15221633237690957,8.452740152598004e-05,-0.16340656799964726,0.338557993730408,300059.SZ,东方财富,0.0890436210724028,4,subjective/semi-quantitative,low_value,1
2025-08-29,28.76651967,4496.7591,10,0.004842615012106366,-0.10411622276029064,-0.06779661016949157,0.015101409368360352,-0.03763872963530557,0.005612686701406577,-0.010258794356253986,-0.06647749312498508,-0.07340929687089814,-0.013522424869210847,-0.08361153706717195,0.04651162790697506,20,0.004842615012106366,-0.11103424420615704,-0.09858180560359742,0.026060880157000144,-0.03763872963530557,0.01185066818455982,-0.021218265144893778,-0.07339551457085147,-0.11043247378815724,-0.013522424869210847,-0.10913910249848702,0.04361370716510749,60,0.004842615012106366,-0.20961604980975446,-0.20131442407471467,0.05894796543581782,-0.03763872963530557,0.017729768979618976,-0.05410535042371145,-0.1719773201744489,-0.21904419305433365,-0.013522424869210847,-0.21522824597530288,0.02310231023102228,300059.SZ,东方财富,0.8370197966432513,4,subjective/semi-quantitative,low_value,1
2019-04-10,14.76060474,4085.847,10,0.03637611530542206,-0.088538091969801,-0.03912148249828418,0.009849365382502029,-0.03484222488017785,-0.013646864407795944,0.026526749922920034,-0.05369586708962315,-0.025474618090488232,0.012009372681617503,-0.06218643532141044,0.41085271317829397,20,0.03637611530542206,-0.18496911461908028,-0.10089224433768018,0.009849365382502029,-0.12262451335059787,-0.10208948107944338,0.026526749922920034,-0.0623446012684824,0.0011972367417631968,0.012009372681617503,-0.08518182958262954,0.1966604823747679,60,0.1386410432395333,-0.22512010981468766,0.08853809196980089,0.009849365382502029,-0.1296159645723397,-0.07164193862374202,0.12879167785703127,-0.09550414524234796,0.1601800305935429,0.1725412179392094,-0.09291507376204189,0.6158536585365856,300014.SZ,亿纬锂能,0.8565712277546069,4,subjective/semi-quantitative,low_value,1
2019-04-24,14.183148,4030.088,10,0.00821428571428573,-0.1517857142857142,-0.06428571428571417,-0.001867204884856144,-0.1104854286060255,-0.08966628024003453,0.010081490599141874,-0.041300285679688686,0.025380565954320367,0.0278805073385755,-0.06092835415452469,0.054117647058823666,20,0.0128571428571429,-0.1935714285714285,-0.09785714285714286,-0.001867204884856144,-0.11757361129583277,-0.09748943447388747,0.014724347741999044,-0.07599781727559574,-0.000367708383255394,0.0592834635842483,-0.06886662054900672,0.06642066420664232,60,0.18500000000000005,-0.1935714285714285,0.11178571428571438,-0.001867204884856144,-0.11757361129583277,-0.05959547285319833,0.1868672048848562,-0.07599781727559574,0.1713811871389127,0.20362739499312,-0.06886662054900672,0.9557195571955726,300014.SZ,亿纬锂能,-0.2432548895565886,3,subjective/semi-quantitative,low_value,1
2019-07-23,15.76862133,3789.913,10,0.05364600064246705,-0.09893992932862183,-0.04625762929649857,0.026601138337476238,-0.05647913289830131,-0.040524676951687266,0.027044862304990813,-0.042460796430320524,-0.005732952344811304,0.027353163845165618,-0.041335422337430816,0.5422077922077924,20,0.11243173787343408,-0.09893992932862183,0.03694185672984274,0.026601138337476238,-0.05647913289830131,-0.0005754749515358704,0.08583059953595784,-0.042460796430320524,0.03751733168137861,0.11326125860543557,-0.041335422337430816,1.1363636363636382,60,0.4487632508833921,-0.09893992932862183,0.06103437198843564,0.05153838623736218,-0.05647913289830131,0.021417642040859386,0.3972248646460299,-0.042460796430320524,0.03961672994757626,0.34907094429359997,-0.051149289235538076,4.535714285714287,300014.SZ,亿纬锂能,-0.3257738415671574,4,subjective/semi-quantitative,neutral,0
2019-08-23,17.728935,3820.863,10,0.21142857142857152,-0.04228571428571437,0.1657142857142857,0.039033066613485046,-0.01771824846899761,0.03340711247694572,0.17239550481508648,-0.02456746581671676,0.13230717323733998,0.1829755130200501,-0.0038056369788845856,4.999999999999992,20,0.2885714285714285,-0.10285714285714287,-0.10285714285714287,0.043020647429651504,-0.01771824846899761,0.018267600801180395,0.24555078114177697,-0.08513889438814526,-0.12112474365832326,0.20970114166153464,-0.11895178002621454,2.8055555555555545,60,0.2885714285714285,-0.1657142857142857,0.19514285714285706,0.05490251809604274,-0.01771824846899761,0.01500786602398474,0.23366891047538574,-0.1479960372452881,0.18013499111887232,0.20970114166153464,-0.1491731454648203,1.7413793103448272,300014.SZ,亿纬锂能,0.5081677892961974,4,subjective/semi-quantitative,high_value,0
2019-11-19,20.4136023,3947.039,10,0.1985111662531016,-0.021091811414392092,0.1965260545905707,-0.0009657872648333177,-0.03602954011855475,-0.0243098687395793,0.19947695351793493,0.014937728704162656,0.22083592333015,0.22633817464656403,0.05522498709936441,9.411764705882332,20,0.4228287841191065,-0.021091811414392092,0.398014888337469,0.030426859222824953,-0.03602954011855475,0.0240078702034614,0.39240192489628156,0.014937728704162656,0.3740070181340076,0.37619915817575444,0.05522498709936441,20.047058823529373,60,1.0694789081885854,-0.021091811414392092,0.9640198511166251,0.07004440543911516,-0.07781301375537464,0.050067151604025195,0.9994345027494702,0.056721202340982546,0.9139526995125999,0.9081330194361339,0.05522498709936441,50.70588235294109,300014.SZ,亿纬锂能,0.0535632076049209,3,subjective/semi-quantitative,high_value,0
2019-12-24,27.47984925,3992.958,10,-0.016221198156682104,-0.12423963133640559,-0.06746543778801839,0.04500347862411758,-0.00415807028273274,0.029892375527115433,-0.06122467678079968,-0.12008156105367285,-0.09735781331513382,-0.03894372642003063,-0.14605674274738234,-0.13056379821958514,20,0.1817511520737325,-0.12423963133640559,0.15576036866359444,0.057738899332274274,-0.00415807028273274,0.034804523363381135,0.12401225274145822,-0.12008156105367285,0.1209558453002133,0.11688762715017487,-0.14605674274738234,1.4629080118694338,60,0.5716129032258064,-0.12423963133640559,0.019170506912442375,0.057738899332274274,-0.12265879080120556,-0.07385772652755174,0.5138740038935321,-0.0015808405352000232,0.09302823343999411,0.47514454036540954,-0.14605674274738234,4.600890207715131,300014.SZ,亿纬锂能,-0.0375812916260884,4,subjective/semi-quantitative,neutral,0
2020-01-20,30.53935689,4185.83,10,0.11129540553989048,-0.09985072151268859,0.09603582683695477,-0.004971534916611398,-0.13042144568699643,-0.05575142803219435,0.11626694045650188,0.03057072417430784,0.15178725486914912,0.1754565847069962,0.009115056757330153,1.114617940199336,20,0.4141648697959861,-0.09985072151268859,0.3708741084757008,-0.0003327894348312821,-0.13042144568699643,-0.014806143584426446,0.4144976592308174,0.03057072417430784,0.38568025206012724,0.39147650946925916,0.009115056757330153,4.1478405315614655,60,0.4141648697959861,-0.16321114612705256,0.06054071985403886,0.007172054287919005,-0.16308435841876046,-0.08276652420189057,0.4069928155080671,-0.00012678770829210873,0.14330724405592943,0.39147650946925916,0.009115056757330153,2.5376016260162606,300014.SZ,亿纬锂能,0.4852747189325246,4,subjective/semi-quantitative,high_value,0
2020-02-17,39.01885323,4077.424,10,0.10684149032844359,-0.14176294950019463,-0.10035051278722562,0.026245246999085703,-0.03663048042097172,-0.0019026718830319478,0.08059624332935789,-0.10513246907922291,-0.09844784090419367,0.06087826968089738,-0.10592793821447422,0.7536630036630051,20,0.10684149032844359,-0.22121251460469948,-0.22121251460469948,0.03394962113334299,-0.08753352606940057,-0.08573653365458189,0.0728918691951006,-0.13367898853529891,-0.1354759809501176,0.06087826968089738,-0.14818045994078188,0.48298122065727755,60,0.10684149032844359,-0.3450603660911332,-0.14007529533947816,0.03394962113334299,-0.14083337911387184,-0.04037061144487297,0.0728918691951006,-0.20422698697726138,-0.09970468389460518,0.06087826968089738,-0.22756861999884492,0.309631301730625,300014.SZ,亿纬锂能,0.472728339934989,4,subjective/semi-quantitative,low_value,1
2021-02-02,107.9066768,5501.0915,10,0.025223613595706684,-0.18890876565295167,-0.1636851520572451,0.07813371219148046,-0.01627251609975966,0.01428381985647742,-0.05291009859577378,-0.172636249553192,-0.17796897191372252,0.005767559373216491,-0.17569134582111867,0.13352272727272763,20,0.025223613595706684,-0.37164579606440074,-0.336314847942755,0.07813371219148046,-0.10601214322648533,-0.09636125848842925,-0.05291009859577378,-0.2656336528379154,-0.23995358945432577,0.005767559373216491,-0.28324130598633124,0.0678700361010832,60,0.025223613595706684,-0.4074239713774598,-0.201252236135957,0.07813371219148046,-0.11223772591312109,-0.0924670131373021,-0.05291009859577378,-0.2951862454643387,-0.1087852229986549,0.005767559373216491,-0.3160393617802104,0.06190998902305175,300014.SZ,亿纬锂能,0.1548592110786867,4,subjective/semi-quantitative,low_value,1
2025-09-23,73.56214602,4519.7781,10,0.2795014225714674,-0.026283701395474868,0.10052838368784722,0.045702863156047435,-0.00639677421331819,0.019140275935227935,0.23379855941541994,-0.019886927182156677,0.08138810775261929,0.20077161923480413,0.02379127143763493,10.634020618556704,20,0.2795014225714674,-0.026283701395474868,0.13250237095244555,0.05045816297928418,-0.00639677421331819,0.05045816297928418,0.2290432595921832,-0.019886927182156677,0.08204420797316136,0.20077161923480413,-0.0016191095324860072,10.634020618556704,60,0.2795014225714674,-0.09687034277198214,-0.036444926161766644,0.053554797302991286,-0.021674913642331428,0.025284537751975034,0.2259466252684761,-0.07519542912965071,-0.06172946391374168,0.20077161923480413,-0.08365272652338707,2.8853146853146856,300014.SZ,亿纬锂能,0.4746046848740253,4,subjective/semi-quantitative,high_value,0
2025-11-05,85.3623873,4627.257,10,0.04962054874489219,-0.09200233508464672,-0.07764156450671333,0.017260873990789793,-0.01609013720223451,-0.008420712314012313,0.0323596747541024,-0.07591219788241221,-0.06922085219270102,0.008845423147299414,-0.07044653334460993,0.5393401015228453,20,0.04962054874489219,-0.1957968476357268,-0.19182720373613538,0.017260873990789793,-0.04439880905685589,-0.02079166988131409,0.0323596747541024,-0.1513980385788709,-0.1710355338548213,0.008845423147299414,-0.1746671556951428,0.2534287418008358,60,0.04962054874489219,-0.3043782837127845,-0.25522475189725624,0.04531797131648396,-0.04439880905685589,0.017090708382957898,0.004302577428408227,-0.25997947465592863,-0.27231546028021414,0.008845423147299414,-0.3100633545266551,0.1630226313770624,300014.SZ,亿纬锂能,0.3516571182240186,4,subjective/semi-quantitative,low_value,1
2017-01-20,43.56257295,3354.889,10,0.05535585909417673,-0.021998562185478243,-0.007620416966211407,0.020101112138136257,-0.0022233224407723906,0.0174664497096626,0.03525474695604047,-0.019775239744705853,-0.02508686667587401,0.04364581038129178,-0.024656210220034946,2.516339869281021,20,0.05535585909417673,-0.04816678648454353,-0.01121495327102806,0.04115575805935756,-0.0022233224407723906,0.03545959344705585,0.014200101034819168,-0.04594346404377114,-0.04667454671808391,0.04364581038129178,-0.055099343668840395,1.14925373134328,60,0.05535585909417673,-0.18415460857208166,-0.1767232610166568,0.05124640487360388,-0.0022233224407723906,0.02565956727629448,0.00410945422057285,-0.18193128613130927,-0.2023828282929513,0.04364581038129178,-0.19731969042163966,0.3005944815793702,300033.SZ,同花顺,0.0131635059056783,2,subjective/semi-quantitative,low_value,1
2023-03-13,80.6586973,4008.686,10,0.7552862515670709,-0.03276222315085664,0.629669870455495,0.007584405463535893,-0.018377568110847342,0.0009457213660535313,0.747701846103535,-0.014384655040009298,0.6287241490894415,0.628130113020896,-0.017645391409599087,23.053571428571452,20,1.0280851069485348,-0.03276222315085664,0.6421707433154888,0.030835341056894894,-0.018377568110847342,0.022815930207554347,0.9972497658916399,-0.014384655040009298,0.6193548131079345,0.952427955015942,-0.017645391409599087,31.380199756732726,60,1.0280851069485348,-0.03276222315085664,0.40512844087304645,0.04015824636801191,-0.05760261591953075,-0.04290268681557996,0.9879268605805229,0.024840392768674113,0.4480311276886264,0.952427955015942,-0.017645391409599087,31.380199756732726,300033.SZ,同花顺,-0.1024071634157433,2,subjective/semi-quantitative,high_value,0
2023-04-12,136.7634,4097.2876,10,0.08499999999999996,-0.13849999999999996,-0.12539999999999996,0.0176653940523972,-0.04194277209146835,-0.03369431523430266,0.06733460594760277,-0.0965572279085316,-0.09170568476569729,0.04598392830259579,-0.09490338948790666,0.6137184115523465,20,0.08499999999999996,-0.17154999999999998,-0.13714999999999988,0.0176653940523972,-0.042529574931474134,-0.024015985599839196,0.06733460594760277,-0.12902042506852585,-0.11313401440016069,0.04598392830259579,-0.13160163005466996,0.49548236665695117,60,0.1140000000000001,-0.24399999999999988,-0.21075,0.0176653940523972,-0.07798144313813837,-0.061955792412521804,0.0963346059476029,-0.1660185568618615,-0.1487942075874782,0.10674357366272669,-0.1779353683402538,0.467213114754099,300033.SZ,同花顺,0.1145250869869537,4,subjective/semi-quantitative,low_value,1
2014-10-28,7.0647874,2416.653,10,0.020147420147420103,-0.10122850122850124,-0.09385749385749387,0.07685008977292163,-0.00039310567135608654,0.058741987368480464,-0.05670266962550152,-0.10083539555714516,-0.15259948122597433,-0.005448024262457274,-0.14413283221652773,0.19902912621359176,20,0.020147420147420103,-0.16167076167076166,-0.057002457002456985,0.11148063044218604,-0.00039310567135608654,0.1112729051295327,-0.09133321029476593,-0.16127765599940558,-0.16827536213198968,-0.005448024262457274,-0.1829086394625692,0.12462006079027328,60,0.3503685503685503,-0.16167076167076166,0.33660933660933656,0.5268029791616755,-0.00039310567135608654,0.47626200368857274,-0.1764344287931252,-0.16127765599940558,-0.13965266707923618,-0.005448024262457274,-0.2399435680068409,2.167173252279635,300251.SZ,光线传媒,0.0613590607004349,2,subjective/semi-quantitative,low_value,1
2019-03-21,8.56750752,3836.891,10,-0.0010834236186347823,-0.09750812567713962,-0.028169014084507005,0.06130536416072285,-0.03892318025192798,0.05872958079862056,-0.062388787779357635,-0.05858494542521164,-0.08689859488312757,-0.015458464060318589,-0.08207817790221583,-0.01111111111111006,20,-0.0010834236186347823,-0.09750812567713962,-0.06825568797399784,0.0744644557273062,-0.03892318025192798,0.07394424287789247,-0.07554787934594098,-0.05858494542521164,-0.1421999308518903,-0.015458464060318589,-0.13240904431949962,-0.01111111111111006,60,-0.0010834236186347823,-0.28941180316582893,-0.25120813666936825,0.0753732644477001,-0.07314124899560615,-0.0021822355652011405,-0.07645668806633488,-0.21627055417022278,-0.2490259011041671,-0.015458464060318589,-0.2495705227749926,-0.0037435363961779945,300251.SZ,光线传媒,0.6706590293761786,4,subjective/semi-quantitative,low_value,1
2020-09-02,16.045806,4843.887,10,0.0562060889929743,-0.0983606557377048,-0.050351288056206034,0.0068384543239758955,-0.05901388698786736,-0.03850804116611306,0.049367634668998406,-0.039346768749837446,-0.011843246890092973,0.03981871188625008,-0.03382435071635026,0.5714285714285727,20,0.0562060889929743,-0.13290398126463687,-0.024590163934426146,0.0068384543239758955,-0.05969732572209052,-0.05295162748429094,0.049367634668998406,-0.07320665554254635,0.028361463549864796,0.03981871188625008,-0.0756383565250246,0.42290748898678504,60,0.0562060889929743,-0.32552693208430905,-0.2107728337236533,0.050934590340361074,-0.05969732572209052,0.04400872687575097,0.005271498652613227,-0.26582960636221853,-0.25478156059940427,0.03981871188625008,-0.3183052447676804,0.17266187050359735,300251.SZ,光线传媒,0.0992294895904945,4,subjective/semi-quantitative,low_value,1
2023-03-17,7.26947234,3958.8194,10,0.28647214854111414,0.11803713527851456,0.17904509283819636,0.026459428788289774,-0.0060127269256081695,0.023266103020511686,0.26001271975282436,0.12404986220412273,0.15577898981768468,0.2576516762985801,0.11157202351098894,,20,0.6100795755968169,0.11803713527851456,0.42307692307692313,0.0481366237621248,-0.0060127269256081695,0.0481366237621248,0.5619429518346921,0.12404986220412273,0.37494029931479833,0.5069721154878699,0.11157202351098894,,60,0.6100795755968169,0.06233421750663126,0.2298635171641632,0.05326042405470699,-0.04573186642462135,-0.008416650681261073,0.5568191515421099,0.10806608393125261,0.23828016784542427,0.5242230732427438,0.11157202351098894,,300251.SZ,光线传媒,0.0161869736097493,2,subjective/semi-quantitative,low_value,1
2017-10-30,17.94063144,4009.721,10,0.06198060941828243,-0.10110803324099726,0.03704986149584499,0.03190346660029464,-0.011645448648422208,0.029516268089475606,0.03007714281798779,-0.08946258459257506,0.007533593406369388,0.007317605014974582,-0.08646749083391392,0.6130136986301356,20,0.06198060941828243,-0.10110803324099726,-0.0377423822714682,0.0625774212220751,-0.011645448648422208,0.010032119441726772,-0.000596811803792674,-0.08946258459257506,-0.04777450171319497,0.021826521747823513,-0.08646749083391392,0.6130136986301356,60,0.21087257617728516,-0.10110803324099726,0.1644736842105261,0.09323616281531799,-0.01353735085308927,0.09299674466128693,0.11763641336196717,-0.087570682387908,0.07147693954923917,0.11710155765344465,-0.08646749083391392,2.085616438356162,300122.SZ,智飞生物,0.0257553288579539,4,subjective/semi-quantitative,low_value,1
2018-01-03,18.25123794,4111.392,10,0.19026548672566368,-0.001361470388019037,0.16337644656228734,0.04182330461313355,-0.001339449023590955,0.03325491706945005,0.14844218211253013,-2.2021364428082002e-05,0.13012152949283728,0.12593361748704957,0.004254400451998208,139.7500000000024,20,0.19026548672566368,-0.06364874063989101,-0.0537780803267528,0.07100879702057128,-0.001339449023590955,0.040012239163767394,0.1192566897050924,-0.062309291616300055,-0.09379031949052019,0.12593361748704957,-0.09018193821058618,2.989304812834227,60,0.19026548672566368,-0.18720217835262076,0.08917631041524854,0.07100879702057128,-0.08567560573158672,-0.06239492609802222,0.1192566897050924,-0.10152657262103404,0.15157123651327076,0.21972876292502552,-0.19184900558546747,1.0163636363636366,300122.SZ,智飞生物,0.0417153133939888,3,subjective/semi-quantitative,high_value,0
2019-11-04,30.79616355,3978.121,10,0.014943705220061387,-0.057727737973387816,-0.025588536335721557,0.013201458678607336,-0.02760222728267947,-0.017644511064394464,0.0017422465414540511,-0.030125510690708346,-0.007944025271327093,-0.003427917385351975,-0.017000033210610055,0.2588652482269504,20,0.014943705220061387,-0.10849539406345954,-0.10235414534288634,0.013201458678607336,-0.04356126925249382,-0.035711080683568985,0.0017422465414540511,-0.06493412481096572,-0.06664306465931735,-0.003427917385351975,-0.06911109660635695,0.13773584905660358,60,0.3203684749232345,-0.1218014329580348,0.3199590583418628,0.06168389548734177,-0.08501827873008394,-0.03760418549360367,0.25868457943589274,-0.036783154227950865,0.35756324383546645,0.37153449593799115,-0.07655021902296921,2.630252100840337,300122.SZ,智飞生物,0.0326041857057823,2,subjective/semi-quantitative,low_value,1
2019-11-18,30.0081348,3907.929,10,0.018277310924369683,-0.08508403361344541,-0.07878151260504196,0.01000785838227869,-0.026382260271361146,-0.018391071076265697,0.008269452542090994,-0.05870177334208426,-0.06039044152877626,0.0004914251847392137,-0.06152189507382555,0.214814814814814,20,0.04810924369747904,-0.09873949579831931,0.03214285714285725,0.02038343071227744,-0.026382260271361146,0.02037319511178426,0.027725812985201603,-0.07235723552695816,0.011769662031072992,0.03430615570864748,-0.06902166597280668,0.4872340425531921,60,0.4388655462184874,-0.09873949579831931,0.27100840336134446,0.08075325831149938,-0.06858389699505807,0.036689765858079815,0.358112287906988,-0.03015559880326124,0.23431863750326465,0.382716122081074,-0.06902166597280668,4.444680851063831,300122.SZ,智飞生物,-0.0496804661998386,2,subjective/semi-quantitative,low_value,1
2021-04-19,118.263849,5087.0165,10,0.2298930481283421,-0.03475935828876997,0.10037433155080211,0.018496126364048626,-0.009751924335216877,-0.005089839987741374,0.21139692176429348,-0.025007433953553093,0.10546417153854348,0.19703258104604449,-0.0007801570002431424,6.613846153846166,20,0.2363101604278075,-0.03475935828876997,0.1341711229946525,0.02352620637263514,-0.03166911292699748,0.019539055947626727,0.21278395405517236,-0.0030902453617724923,0.11463206704702578,0.19703258104604449,-0.0007801570002431424,6.798461538461555,60,0.2363101604278075,-0.11497326203208547,-0.00267379679144375,0.05729486035675335,-0.03166911292699748,0.0015247050997377887,0.17901530007105415,-0.08330414910508799,-0.004198501891181539,0.19703258104604449,-0.09029506030564938,2.055348837209304,300122.SZ,智飞生物,0.2143474057272043,4,subjective/semi-quantitative,high_value,0
2021-05-14,136.604232,5110.5901,10,0.07032407407407404,-0.13837962962962957,-0.1298611111111111,0.052417880275704265,-0.0035613695569128856,0.04118868777991014,0.017906193798369774,-0.1348182600727167,-0.17104979889102123,0.017822380794513704,-0.16428318987574164,0.5081967213114753,20,0.07032407407407404,-0.20856481481481481,-0.10509259259259252,0.052417880275704265,-0.0035613695569128856,0.022328713077576,0.017906193798369774,-0.20500344525790193,-0.12742130567016852,0.017822380794513704,-0.20454682925474443,0.3371809100998888,60,0.07032407407407404,-0.3302777777777778,-0.2285646717006542,0.052417880275704265,-0.08740462280471306,-0.02446437643277244,0.017906193798369774,-0.24287315497306472,-0.20410029526788176,0.017822380794513704,-0.2618084606258273,0.21292402579198194,300122.SZ,智飞生物,-0.0956344497705218,4,subjective/semi-quantitative,low_value,1
2017-04-05,6.95081408,3503.893,10,0.008687258687258614,-0.05308880308880304,-0.03957528957528955,0.006541866432565158,-0.02436689704851147,-0.01655786863354558,0.0021453922546934567,-0.028721906040291567,-0.02301742094174397,-0.0009733127822073584,-0.02816194563553509,0.16363636363636241,20,0.008687258687258614,-0.08494208494208488,-0.05888030888030893,0.006541866432565158,-0.032140250858117,-0.02839898364476312,0.0021453922546934567,-0.05280183408396788,-0.03048132523554581,-0.0009733127822073584,-0.05658631414614479,0.10227272727272649,60,0.10354898458167372,-0.16312741312741308,0.10063980448172205,0.04927062555848605,-0.05451108238750446,0.04193992225219212,0.05427835902318767,-0.10861633073990862,0.05869988222952993,0.05633710828801708,-0.1164561783932141,0.634773656962213,300274.SZ,阳光电源,-0.0189634618773813,2,subjective/semi-quantitative,low_value,1
2020-04-27,6.6166188,3822.769,10,0.1549586776859504,-0.029958677685950508,0.10227272727272729,0.04586418902109979,-0.014274731222315595,0.02679960520763891,0.10909448866485061,-0.015683946463634912,0.07547312206508838,0.11182638878068452,0.023926536926502484,5.1724137931034315,20,0.20351239669421473,-0.029958677685950508,0.14049586776859502,0.04586418902109979,-0.014274731222315595,0.008858343258512313,0.15764820767311494,-0.015683946463634912,0.1316375245100827,0.14693565629152983,0.023926536926502484,6.7931034482758355,60,1.1863803186001887,-0.029958677685950508,1.1054800980827246,0.2760586109178975,-0.014274731222315595,0.18459943564468584,0.9103217076822911,-0.015683946463634912,0.9208806624380388,0.7773772591212444,0.023926536926502484,39.600556841551,300274.SZ,阳光电源,-0.0080414246331154,2,subjective/semi-quantitative,high_value,0
2021-10-25,23.43589848,4979.5235,10,0.08401084010840121,-0.031014754591990323,0.051490514905149,0.004629177872139678,-0.036474273090587817,-0.026376820995020922,0.07938166223626153,0.005459518498597493,0.07786733590016992,0.08386322563094395,0.010137311610677768,2.7087378640776776,20,0.17916290274013846,-0.031014754591990323,0.14152363745859686,0.004629177872139678,-0.045291000233255274,-0.013480105074310855,0.17453372486799879,0.01427624564126495,0.15500374253290772,0.1571217603721855,0.010137311610677768,5.7766990291262195,60,0.3236976814212589,-0.031014754591990323,0.1915085817524842,0.03299863932763847,-0.051326336746879586,-0.033371928056971756,0.2906990420936204,0.020311582154889263,0.22488050980945595,0.3415276853967677,0.010137311610677768,10.436893203883516,300308.SZ,中际旭创,0.0467091895724198,2,subjective/semi-quantitative,high_value,0
2014-11-17,7.83598805,2567.101,10,0.197678916827853,-0.005802707930367523,0.16557059961315268,0.11227879230306859,-0.017243185990734378,0.0984421727076572,0.0854001245247844,0.011440478060366854,0.06712842690549548,0.08303162089500127,0.01659469534503133,34.066666666666556,20,0.26112185686653766,-0.005802707930367523,0.21121856866537714,0.31970927517070824,-0.017243185990734378,0.2532533780322628,-0.05858741830417058,0.011440478060366854,-0.04203480936688564,0.08303162089500127,-0.1451847449258633,44.999999999999844,60,0.47698259187620895,-0.005802707930367523,0.26731141199226305,0.43732287899852795,-0.017243185990734378,0.33774401552568434,0.039659712877681,0.011440478060366854,-0.07043260353342129,0.08303162089500127,-0.18051373161496143,82.19999999999975,300124.SZ,汇川技术,-0.0089522835121186,2,subjective/semi-quantitative,low_value,1
2015-05-14,16.091254,4700.778,10,0.24045801526717558,-0.03721374045801529,0.12118320610687028,0.11191041142551295,-0.028871178345371895,0.02834190425499772,0.12854760384166264,-0.008342562112643392,0.09284130185187256,0.09779329748936405,-0.007820183122608126,6.461538461538458,20,0.4646946564885497,-0.03721374045801529,0.23912213740458022,0.14458202450743252,-0.028871178345371895,0.12887483731416371,0.32011263198111717,-0.008342562112643392,0.1102473000904165,0.2766833436159013,-0.007820183122608126,12.487179487179482,60,0.4646946564885497,-0.348091603053435,-0.12309160305343514,0.14458202450743252,-0.24739564387001478,-0.16887268447903736,0.32011263198111717,-0.10069595918342023,0.04578108142560222,0.2766833436159013,-0.1330521815198933,1.3349780701754392,300124.SZ,汇川技术,0.0125653698116116,4,subjective/semi-quantitative,high_value,0
2017-09-28,18.10323268,3822.538,10,0.0588235294117645,-0.010442046641141789,0.02784545770971092,0.032670702030954235,0.0006969191673176223,0.02843948183118128,0.026152827380810262,-0.011138965808459411,-0.0005940241214703601,0.021096731895831944,-0.010310311652233839,5.633333333333246,20,0.08458057779324735,-0.010442046641141789,0.048729550991994275,0.055146868389535975,0.0006969191673176223,0.04567541251388474,0.029433709403711372,-0.011138965808459411,0.003054138478109536,0.029954012806156838,-0.010310311652233839,8.099999999999891,60,0.08806126000696124,-0.1089453532892447,-0.002088409328228402,0.11460997902440728,0.0006969191673176223,0.051368750291036935,-0.026548719017446043,-0.10964227245656233,-0.05345715961926534,0.029954012806156838,-0.15536529461766613,0.8083067092651745,300124.SZ,汇川技术,-0.0044484893044316,4,subjective/semi-quantitative,neutral,0
2017-10-24,19.3130554,3959.395,10,0.016639477977161476,-0.06949429037520394,-0.0659053833605221,0.026474246696780668,-0.001362329345771185,0.02395593266142937,-0.009834768719619191,-0.06813196102943275,-0.08986131602195147,-0.005040038554409154,-0.08775896809190531,0.23943661971830943,20,0.019902120717781413,-0.1226753670473083,-0.07765089722675367,0.06588582346545357,-0.001362329345771185,0.06523875491078823,-0.04598370274767216,-0.12131303770153712,-0.1428896521375419,-0.005040038554409154,-0.1341386158537845,0.1622340425531916,60,0.019902120717781413,-0.16476345840130502,-0.14159869494290378,0.08181780297242391,-0.001362329345771185,0.0729204840638531,-0.0619156822546425,-0.16340112905553383,-0.21451917900675688,-0.005040038554409154,-0.19993949429899238,0.12079207920792089,300124.SZ,汇川技术,0.1841343243455563,4,subjective/semi-quantitative,low_value,1
2017-11-08,18.2418582,4048.005,10,0.07979274611398957,-0.0711571675302245,-0.030051813471502542,0.05252809717379292,-0.0023727737490443213,0.04435789975555848,0.027264648940196645,-0.06878439378118018,-0.07440971322706103,0.049026136771949336,-0.0712492463019404,1.1213592233009704,20,0.07979274611398957,-0.11571675302245243,-0.07910189982728844,0.05252809717379292,-0.020552593190966917,-0.007950583064991301,0.027264648940196645,-0.09516415983148552,-0.07115131676229713,0.049026136771949336,-0.11234294525169441,0.6895522388059699,60,0.07979274611398957,-0.11571675302245243,-0.050086355785837644,0.08777953584543496,-0.02286681958149761,0.04888630325308396,-0.007986789731445398,-0.09284993344095482,-0.0989726590389216,0.049026136771949336,-0.13400187222037396,0.6895522388059699,300124.SZ,汇川技术,-0.0602166450806541,2,subjective/semi-quantitative,low_value,1
2020-01-13,20.30320974,4203.988,10,0.01547694251421361,-0.1683512318382817,-0.12665824384080848,0.004642972339597318,-0.1341773573092978,-0.09951289109293371,0.010833970174616292,-0.034173874528983905,-0.027145352747874774,0.004921804290145548,-0.049206928934298455,0.09193245778611688,20,0.01547694251421361,-0.1683512318382817,-0.03316487681617186,0.004642972339597318,-0.1341773573092978,-0.03484263037858337,0.010833970174616292,-0.034173874528983905,0.0016777535624115103,0.004921804290145548,-0.049206928934298455,0.09193245778611688,60,0.02305748578648137,-0.2684775742261529,-0.0729627289955781,0.004642972339597318,-0.16669919133927125,-0.09672380130485636,0.01841451344688405,-0.10177838288688168,0.023761072309278264,0.04293735751957706,-0.11979752057266335,0.08588235294117647,300124.SZ,汇川技术,-0.0680372164789489,4,subjective/semi-quantitative,low_value,1
2020-08-27,37.7791439,4731.3451,10,-0.007836456558773408,-0.131175468483816,-0.12265758091993184,0.03590234836177997,-0.03663116858670912,-0.031569796081879486,-0.043738804920553376,-0.09454429989710689,-0.09108778483805235,-0.036787380313557216,-0.0940571498798004,-0.05974025974025962,20,-0.007836456558773408,-0.1402044293015332,-0.08006814310051102,0.03590234836177997,-0.03663116858670912,-0.03556692577761855,-0.043738804920553376,-0.10357326071482409,-0.04450121732289247,-0.036787380313557216,-0.09867315734999083,-0.05589307411907644,60,0.48006814310051094,-0.1402044293015332,0.3253833049403747,0.06304896254555614,-0.03733086390168405,0.05271648859433253,0.4170191805549548,-0.10287356539984915,0.2726668163460422,0.3595194403501152,-0.09867315734999083,3.4240583232077757,300124.SZ,汇川技术,0.0440602480948485,4,subjective/semi-quantitative,low_value,1
2020-11-16,53.18685608,4904.1716,10,0.04065827686350443,-0.07901742497579867,-0.06824782187802514,0.03079427318571004,-0.00790702348180472,0.011435223840862374,0.009864003677794386,-0.07111040149399395,-0.07968304571888751,0.0009542931585500014,-0.0787821541514998,0.5145482388973974,20,0.0636495643756052,-0.07901742497579867,0.018756050338818886,0.038015961757945194,-0.011177606427964282,0.006252554457923276,0.025633602617660012,-0.06783981854783439,0.01250349588089561,0.013725636158442578,-0.0787821541514998,0.8055130168453312,60,0.3552758954501454,-0.07901742497579867,0.3552758954501454,0.1594721114571116,-0.011177606427964282,0.1594721114571116,0.19580378399303378,-0.06783981854783439,0.19580378399303378,0.1717190854913233,-0.0787821541514998,4.496171516079634,300124.SZ,汇川技术,0.1478362716313346,4,subjective/semi-quantitative,low_value,1
2021-02-02,67.43609366,5501.0915,10,0.12521473563657204,-0.07615957243748794,-0.07320099255583123,0.07813371219148046,-0.01627251609975966,0.01428381985647742,0.047081023445091574,-0.059887056337728284,-0.08748481241230865,0.03894467756639641,-0.08625279305420441,1.644110275689228,20,0.12521473563657204,-0.22332506203473945,-0.22027104409238396,0.07813371219148046,-0.10601214322648533,-0.09636125848842925,0.047081023445091574,-0.11731291880825412,-0.12390978560395471,0.03894467756639641,-0.16933682804728578,0.5606837606837615,60,0.12521473563657204,-0.2823057835464784,-0.2090093529299485,0.07813371219148046,-0.11223772591312109,-0.0924670131373021,0.047081023445091574,-0.1700680576333573,-0.11654233979264639,0.03894467756639641,-0.1950983855416124,0.4435429344151459,300124.SZ,汇川技术,0.028984230540524,4,subjective/semi-quantitative,low_value,1
2023-01-12,65.01158267,4017.8692,10,0.09657134301542158,-0.016020362329689952,0.07396316813894299,0.06229247084499434,0.002493162296074658,0.040638480715101455,0.034278872170427244,-0.01851352462576461,0.03332468742384154,0.03694214384465866,-0.027078697744584934,6.028037383177622,20,0.12322203922742925,-0.016020362329689952,0.10315915556221,0.06229247084499434,0.002493162296074658,0.0188205230772569,0.06092956838243491,-0.01851352462576461,0.0843386324849531,0.0869541597862411,-0.027078697744584934,7.691588785046787,60,0.15885611618505768,-0.016020362329689952,0.025752358137445697,0.06229247084499434,-0.020621154118207752,0.01844997841144247,0.09656364534006334,0.0046007917885178,0.0073023797260032275,0.12490642549793707,-0.027078697744584934,9.915887850467367,300124.SZ,汇川技术,-0.0727870273040832,2,subjective/semi-quantitative,high_value,0
2024-05-06,61.66298725,3657.8767,10,0.03574265289912626,-0.05162827640984913,-0.030182684670373328,0.01234377309656165,-0.009260755016701316,0.009045028773113195,0.02339887980256461,-0.04236752139314781,-0.03922771344348652,0.020742987001921565,-0.04530886062265871,0.6923076923076912,20,0.03574265289912626,-0.11246352405672666,-0.10541958377146254,0.01234377309656165,-0.024605914135924833,-0.018898504698094287,0.02339887980256461,-0.08785760992080183,-0.08652107907336826,0.020742987001921565,-0.08818769463473697,0.31781551573199546,60,0.03574265289912626,-0.30505125503792396,-0.2826387177666291,0.01234377309656165,-0.08340149901717575,-0.07886941623811428,0.02339887980256461,-0.2216497560207482,-0.2037693015285148,0.020742987001921565,-0.24270183725665972,0.11716933567338621,300124.SZ,汇川技术,-0.0401216767510898,2,subjective/semi-quantitative,low_value,1
2016-12-05,15.45634388,3469.407,10,0.009428403064230872,-0.08780200353565115,-0.07189157336476137,0.011102761941738093,-0.04162325146631696,-0.04047492842436762,-0.0016743588775072205,-0.046178752069334195,-0.031416644940393756,0.0035553314566794114,-0.05611978294651565,0.10738255033556907,20,0.009428403064230872,-0.08780200353565115,-0.061873895109015975,0.011102761941738093,-0.05832668234081517,-0.03665756136423326,-0.0016743588775072205,-0.02947532119483598,-0.025216333744782715,0.0035553314566794114,-0.05611978294651565,0.10738255033556907,60,0.11549793753682969,-0.08780200353565115,0.10901591043017089,0.011102761941738093,-0.05914555426907253,-0.004453210591896628,0.1043951755950916,-0.02865644926657862,0.11346912102206752,0.11520572612815716,-0.05611978294651565,1.3154362416107381,300408.SZ,三环集团,0.0807217821497112,2,subjective/semi-quantitative,low_value,1
2023-03-29,29.00716472,4006.144,10,0.15978695073235705,-0.012649800266311573,0.0958721704394141,0.03148943223209155,-0.005553519793597084,0.01568455851811623,0.1282975185002655,-0.007096280472714489,0.08018761192129786,0.09948630289130578,-0.009079426173026484,12.631578947368448,20,0.15978695073235705,-0.04027962716378164,-0.025632490013315468,0.04081825316314158,-0.020146055658508466,-0.00442457884689107,0.11896869756921546,-0.020133571505273173,-0.021207911166424398,0.09948630289130578,-0.021302164271854607,3.966942148760334,60,0.15978695073235705,-0.06191744340878813,-0.02363515312916109,0.04081825316314158,-0.05700464087162116,-0.04600446214614351,0.11896869756921546,-0.0049128025371669715,0.02236930901698242,0.09948630289130578,-0.047061524768165164,2.580645161290332,300408.SZ,三环集团,-0.0102021556389676,2,subjective/semi-quantitative,high_value,0
2025-09-17,31.7179137,4551.023,10,0.08878504672897192,-0.04953271028037387,0.055140186915887845,0.038523624248877564,-0.021101717130412312,0.0348183254622092,0.05026142248009435,-0.02843099314996156,0.020321861453678647,0.03766977803186222,-0.03916573891166153,1.7924528301886768,20,0.08878504672897192,-0.15264797507788164,-0.09875389408099688,0.038523624248877564,-0.021101717130412312,0.01215588231481135,0.05026142248009435,-0.13154625794746932,-0.11090977639580823,0.03766977803186222,-0.141031548730143,0.5816326530612241,60,0.08878504672897192,-0.19199989027021036,-0.10635500436461554,0.04632165119798337,-0.028391572620046213,0.0003888356529948567,0.042463395530988546,-0.16360831765016415,-0.10674384001761039,0.03766977803186222,-0.1768606558545177,0.462422382658764,300433.SZ,蓝思科技,0.4465157418145182,4,subjective/semi-quantitative,low_value,1
2020-09-21,14.82028752,4691.4281,10,0.0693034651732587,-0.0374518725936297,0.05040252012600632,0.032930484429677165,-0.02913999683806301,0.03149848976690062,0.03637298074358153,-0.008311875755566689,0.018904030359105706,0.06285676545791219,0.01832676494114671,1.8504672897196262,20,0.0693034651732587,-0.07805390269513479,-0.06475323766188312,0.033716151378297754,-0.02913999683806301,0.0016734989501383524,0.03558731379496094,-0.04891390585707178,-0.06642673661202148,0.06285676545791219,-0.06716514347671476,0.8878923766816144,60,0.609730486524326,-0.07805390269513479,0.29541477073853684,0.08508716141253458,-0.02913999683806301,0.05826468916788907,0.5246433251117915,-0.04891390585707178,0.23715008157064776,0.4122449916263571,-0.12050450633677146,7.811659192825107,300442.SZ,润泽科技,0.0617568194248024,4,subjective/semi-quantitative,low_value,1
2020-12-02,20.14770624,5067.1447,10,0.014160659114315077,-0.07003089598352219,-0.034500514933058724,0.001034468188761073,-0.04298081323787728,-0.02235533159335268,0.013126190925554004,-0.02705008274564491,-0.012145183339706045,0.007123772218985636,-0.05269762629514263,0.20220588235294015,20,0.014160659114315077,-0.09809474768280135,-0.08908341915550977,0.009189751380101807,-0.04298081323787728,0.009189751380101807,0.00497090773421327,-0.05511393444492407,-0.09827317053561158,0.007123772218985636,-0.09737828827653039,0.14435695538057663,60,0.39907312049433563,-0.17610710607621016,0.37306900102986607,0.17046434454496628,-0.04298081323787728,0.04214624066291228,0.22860877594936935,-0.13312629283833288,0.3309227603669538,0.3175396575402438,-0.23823747095955305,2.266081871345028,300442.SZ,润泽科技,0.1500846896544367,4,subjective/semi-quantitative,low_value,1
2022-08-04,24.79039344,4101.5367,10,0.045616237706633145,-0.004603473530027102,0.008579200669596165,0.02956206633479619,-0.0021921539797509215,0.0191545037253964,0.016054171371836956,-0.002411319550276181,-0.010575303055800234,0.02829897257413516,-0.014141991986103553,9.909090909091114,20,0.045616237706633145,-0.047917974471646696,-0.041849759363883576,0.02956206633479619,-0.014728284645118439,-0.01409159644969149,0.016054171371836956,-0.03318968982652826,-0.027758162914192086,0.02829897257413516,-0.028154910551764667,0.9519650655021844,60,0.045616237706633145,-0.1630048127223268,-0.019669386901025265,0.02956206633479619,-0.14764851427514958,-0.08152117717244856,0.016054171371836956,-0.01535629844717723,0.06185179027142329,0.13006881188243957,-0.08572773023063429,0.2798459563543002,300442.SZ,润泽科技,0.0150446395074116,4,subjective/semi-quantitative,low_value,1
2025-01-21,54.54451275,3832.6145,10,0.20524886877828052,-0.010497737556561137,0.06769230769230772,0.022989110958067993,-0.012907820496948053,0.022764407951804122,0.18225975782021253,0.002410082940386915,0.044927899740503596,0.13326913553769204,0.005219248206855376,19.551724137930936,20,0.3538461538461539,-0.010497737556561137,0.24036199095022615,0.042616104489507034,-0.012907820496948053,0.03322191678813513,0.3112300493566469,0.002410082940386915,0.20714007416209101,0.23753999153529803,-0.01889326061479779,33.70689655172398,60,0.3538461538461539,-0.18371040723981902,-0.1563800904977376,0.05027494938507382,-0.08310201821759011,-0.012591169813713443,0.3035712044610801,-0.1006083890222289,-0.14378892068402416,0.23753999153529803,-0.14562247803363948,1.9261083743842367,300442.SZ,润泽科技,-0.2807258154659796,4,subjective/semi-quantitative,high_value,0
2025-02-17,59.39181696,3947.3983,10,0.24335106382978733,-0.08942819148936165,0.031582446808510634,0.0122985562414617,-0.018952001879313785,-0.01492742700932903,0.23105250758832563,-0.07047618961004787,0.046509873817839664,0.17057571089781876,-0.07198173248713413,2.7211895910780695,20,0.24335106382978733,-0.08942819148936165,0.07962101063829796,0.01882999746947256,-0.02322362554597035,0.012511861293551307,0.22452106636031477,-0.0662045659433913,0.06710914934474665,0.17057571089781876,-0.07198173248713413,2.7211895910780695,60,0.24335106382978733,-0.27310505319148937,-0.2586436170212766,0.019734694621518223,-0.10976389182718138,-0.014772489515435971,0.2236163692082691,-0.16334116136430799,-0.2438711275058406,0.17057571089781876,-0.2565580028750777,0.8910529519172249,300442.SZ,润泽科技,0.6050933494223593,4,subjective/semi-quantitative,high_value,0
2025-11-24,17.42320426,4448.0478,10,0.02202145680406553,-0.041219649915301915,-0.035573122529644174,0.04329490344056097,0.004340128718940406,0.039052345615530504,-0.02127344663649544,-0.04555977863424232,-0.07462546814517468,0.0031624824234786075,-0.07182070129582052,0.5342465753424688,20,0.02202145680406553,-0.06549971767363072,-0.0383963862224731,0.04329490344056097,0.004340128718940406,0.036774717214144825,-0.02127344663649544,-0.06983984639257113,-0.07517110343661793,0.0031624824234786075,-0.09001164819747265,0.3362068965517246,60,0.02202145680406553,-0.14511575381140596,-0.11744776962168257,0.0874332105873501,0.004340128718940406,0.0626850502820584,-0.06541175378328457,-0.14945588253034636,-0.18013281990374097,0.0031624824234786075,-0.18817282782652145,0.15175097276264615,300498.SZ,温氏股份,0.0494574100388699,2,subjective/semi-quantitative,low_value,1
2016-12-07,11.84071431,3475.747,10,0.006418485237484006,-0.11895592640136932,-0.05305947796320054,0.00925844142280785,-0.05365148844262824,-0.039476693786975825,-0.002839956185323844,-0.06530443795874108,-0.013582784176224716,0.0033292791917589604,-0.08359163104116674,0.05395683453237452,20,0.006418485237484006,-0.11895592640136932,-0.03679931536157455,0.00925844142280785,-0.06004435880977532,-0.031060373496689997,-0.002839956185323844,-0.058911567591593994,-0.00573894186488455,0.026684551384011046,-0.08359163104116674,0.05395683453237452,60,0.04022250748823297,-0.13436029097133062,-0.007702182284980652,0.00925844142280785,-0.060861737059688115,-0.014041010464800774,0.030964066065425122,-0.0734985539116425,0.006338828179820122,0.034814144489137,-0.09649592002144602,0.29936305732484253,300476.SZ,胜宏科技,0.499157420691538,2,subjective/semi-quantitative,low_value,1
2021-11-30,29.37790864,4832.026,10,0.07591623036649198,-0.013416230366492199,0.019960732984293017,0.06453090277246032,-0.0016764396549190375,0.045047212080398635,0.011385327594031658,-0.011739790711573161,-0.02508647909610562,0.034638462602395226,-0.024005115564267543,5.658536585365819,20,0.07591623036649198,-0.0379581151832461,0.028795811518324443,0.06453090277246032,-0.0016764396549190375,0.02564936529728934,0.011385327594031658,-0.03628167552832706,0.003146446221035104,0.034638462602395226,-0.048426860457613574,1.9999999999999942,60,0.07591623036649198,-0.17539267015706805,-0.0706806282722513,0.06453090277246032,-0.07109847918864665,-0.05244700670070901,0.011385327594031658,-0.10429419096842141,-0.01823362157154229,0.034638462602395226,-0.12208003144769397,0.4328358208955214,300476.SZ,胜宏科技,0.1283424032772846,4,subjective/semi-quantitative,low_value,1
2021-12-22,29.52210649,4914.4544,10,0.06349723217193093,-0.08238358840768478,-0.06317160534027999,0.010266042960944022,-0.026049972098632024,-0.019579508154557335,0.05323118921098691,-0.05633361630905276,-0.043592097185722656,0.031116965924598228,-0.04702300758251077,0.7707509881422921,20,0.06349723217193093,-0.1019211983067404,-0.06935851514164759,0.010266042960944022,-0.03876556469829073,-0.018505675828429546,0.05323118921098691,-0.06315563360844967,-0.050852839313218046,0.031116965924598228,-0.06353387350264228,0.623003194888179,60,0.06349723217193093,-0.22696190166069674,-0.18300227938782154,0.010266042960944022,-0.19770117309461654,-0.1349383361864137,0.05323118921098691,-0.029260728566080196,-0.04806394320140783,0.031116965924598228,-0.11146506469760586,0.2797704447632711,300476.SZ,胜宏科技,0.0718319372880596,2,subjective/semi-quantitative,low_value,1
2019-10-22,32.6183958,3895.88,10,0.20922832140015912,-0.061256961018297584,0.1849907186422699,0.03458987443145056,-0.012024754355883682,0.02744745731388032,0.17463844696870856,-0.0492322066624139,0.15754326132838958,0.1536446665581488,-0.029715336703407647,3.415584415584413,20,0.4095995757093609,-0.061256961018297584,0.36833731105807455,0.03458987443145056,-0.012024754355883682,0.013131564627247183,0.37500970127791033,-0.0492322066624139,0.35520574643082736,0.35060179628448873,-0.029715336703407647,6.686580086580081,60,0.5822858658180852,-0.061256961018297584,0.4094404667197029,0.0840957627031631,-0.023371099725864264,0.06952318859923823,0.49819010311492207,-0.03788586129243332,0.3399172781204647,0.49678654875990325,-0.029715336703407647,9.505627705627694,300661.SZ,圣邦股份,0.2730051477959632,4,subjective/semi-quantitative,high_value,0
2020-02-24,60.5486,4132.838,10,0.05428571428571427,-0.2525428571428572,-0.2434857142857143,0.02008619742656248,-0.049547550617759506,-0.03283591081963522,0.03419951685915179,-0.20299530652509767,-0.2106498034660791,0.033566319584879656,-0.21780151457504682,0.21495644303654252,20,0.05428571428571427,-0.3511428571428572,-0.3353142857142857,0.02008619742656248,-0.15235327394879739,-0.145791390806995,0.03419951685915179,-0.19878958319405982,-0.18952289490729068,0.033566319584879656,-0.24259295457399876,0.15459723352318952,60,0.1685714285714286,-0.3511428571428572,0.07717762260399086,0.02008619742656248,-0.15235327394879739,-0.07471234052725995,0.14848523114486611,-0.19878958319405982,0.1518899631312508,0.1801119640863098,-0.24259295457399876,0.48006509357200977,300661.SZ,圣邦股份,-0.2473195846037456,4,subjective/semi-quantitative,low_value,1
2025-11-24,32.64876174,4448.0478,10,0.025732031943212164,-0.01212658976634129,0.023070097604259265,0.04329490344056097,0.004340128718940406,0.039052345615530504,-0.01756287149734881,-0.016466718485281695,-0.01598224801127124,-0.005624010648957789,-0.02282623761283764,2.121951219512208,20,0.08488612836438936,-0.01212658976634129,0.07542147293700108,0.04329490344056097,0.004340128718940406,0.036774717214144825,0.041591224923828385,-0.016466718485281695,0.03864675572285625,0.05174877850011228,-0.02282623761283764,7.0000000000000275,60,0.1671103223898256,-0.01212658976634129,0.11209701271813088,0.0874332105873501,0.004340128718940406,0.0626850502820584,0.0796771118024755,-0.016466718485281695,0.04941196243607249,0.08774565717850291,-0.02282623761283764,13.78048780487809,300628.SZ,亿联网络,-0.0457205006929024,2,subjective/semi-quantitative,neutral,0
2019-11-04,35.80646769,3978.121,10,0.12798512798512807,0.0,0.042042042042042205,0.013201458678607336,-0.02760222728267947,-0.017644511064394464,0.11478366930652073,0.02760222728267947,0.05968655310643667,0.0849358570884986,0.044283497330005694,,20,0.28128128128128127,0.0,0.2455312455312455,0.013201458678607336,-0.04356126925249382,-0.035711080683568985,0.26807982260267393,0.04356126925249382,0.2812423262148145,0.2987562344187491,0.044283497330005694,,60,1.3421993421993426,0.0,1.3421993421993426,0.06168389548734177,-0.08501827873008394,-0.03760418549360367,1.2805154467120008,0.08501827873008394,1.3798035276929461,1.433717298947974,0.044283497330005694,,300750.SZ,宁德时代,0.0297276655278232,2,subjective/semi-quantitative,low_value,1
2019-12-31,162.8683487,4096.582,10,0.051236943375481125,-0.032160527762506996,0.03595382078064868,0.030983146437688625,0.001317683864255459,0.017124519904642366,0.0202537969377925,-0.033478211626762455,0.018829300876006316,0.02677012759909747,-0.03671915695680461,1.59316239316239,20,0.264376030786146,-0.032160527762506996,0.21957119296316652,0.030983146437688625,-0.11147683605503333,-0.04804175773852448,0.2333928843484574,0.07931630829252634,0.267612950701691,0.2940771800092601,-0.03671915695680461,8.220512820512782,60,0.5147883452446398,-0.032160527762506996,0.3969213853765805,0.030983146437688625,-0.14485134192358418,-0.08837889733441207,0.48380519880695116,0.11269081416107718,0.48530028271099257,0.6363800261775256,-0.03671915695680461,16.006837606837543,300760.SZ,迈瑞医疗,-0.0041515533340701,2,subjective/semi-quantitative,high_value,0
2023-04-17,42.27099383,4149.3836,10,0.027190332326283873,-0.057866604694399304,0.009993028119916314,0.004888485123428987,-0.05397129347115559,-0.028711854936718795,0.022301847202854885,-0.0038953112232437137,0.03870488305663511,0.03984902240736554,-0.01108701700871273,0.4698795180722868,20,0.027190332326283873,-0.057866604694399304,-0.04345805252149659,0.004888485123428987,-0.05455072893236479,-0.04658848605850763,0.022301847202854885,-0.0033158757620345147,0.0031304335370110348,0.03984902240736554,-0.01108701700871273,0.4698795180722868,60,0.027190332326283873,-0.08418986987418087,-0.06719161421712905,0.004888485123428987,-0.0895574947565706,-0.06801219824554183,0.022301847202854885,0.005367624882389732,0.0008205840284127852,0.03984902240736554,-0.01108701700871273,0.3229644180103732,300999.SZ,金龙鱼,0.0990685070243794,2,subjective/semi-quantitative,low_value,1
