ts_code,signal_date,entry_date,entry_price,exit_date,exit_price,stock_ret,hs300_ret,excess_ret,mfe,mae,hs300_mfe,hs300_mae,excess_mfe
600036.SH,2011-01-04,2011-01-05,6.69175953,2011-02-01,6.5423669,-0.022324865280985318,-0.02930368960005758,0.006978824319072263,0.043110084680523464,-0.03849114703618162,0.012528937622173553,-0.07918128333997343,0.03058114705834991
600036.SH,2011-05-27,2011-05-30,7.10387713,2011-06-27,6.99246726,-0.015682966915279373,0.027029924828560148,-0.04271289174383952,0.010152284263959421,-0.06538096331066467,0.033636217582845074,-0.031850029172268535,-0.023483933318885652
600036.SH,2014-09-24,2014-09-25,6.6312864,2014-10-29,6.46316928,-0.025352112676056304,-0.0008310837552267802,-0.024521028920829524,0.0009389671361501595,-0.04882629107981218,0.014139428871417614,-0.03739387785962711,-0.013200461735267455
600036.SH,2015-03-09,2015-03-10,9.02228544,2015-04-07,9.75079296,0.08074534161490687,0.20898956760622545,-0.12824422599131857,0.1325051759834368,-0.01794340924775706,0.2091107491117139,-0.003307659125222684,-0.0766055731282771
600036.SH,2017-09-12,2017-09-13,18.37331464,2017-10-17,18.78330918,0.022314674735249618,0.020210666061103666,0.002104008674145952,0.03366111951588513,-0.04992435703479581,0.029167662830014596,-0.0070829495334304715,0.004493456685870534
600036.SH,2017-10-25,2017-10-26,18.52619396,2017-11-22,21.4725954,0.15903975993998487,0.06218996911343,0.09684979082655487,0.1875468867216803,-0.01462865716429107,0.07049966997877166,-0.004969288051121068,0.11704721674290863
600036.SH,2017-12-05,2017-12-06,20.3954911,2018-01-03,20.82633282,0.021124361158432636,0.020925360362720413,0.00019900079571222307,0.038500851788756396,-0.05110732538330498,0.028042600139106755,-0.01780005229539794,0.010458251649649641
600036.SH,2018-01-02,2018-01-03,20.66650444,2018-01-30,22.63308842,0.09515803631472752,0.04024040318126043,0.05491763313346709,0.1886348352387357,-0.014458641560188279,0.07622633485357322,-0.0006672434778782765,0.11240850038516248
600036.SH,2018-01-31,2018-02-01,23.6615493,2018-03-07,21.38225762,-0.09632892804698967,-0.05605000722580189,-0.04027892082118778,0.03113069016152714,-0.1600587371512483,0.0025830487832825266,-0.1209435540936622,0.028547641378244615
600036.SH,2019-09-04,2019-09-05,25.8122058,2019-10-10,25.8711546,0.002283756779903001,-0.00884296768040993,0.011126724460312931,0.040251213245789286,-0.03311447330859263,0.019449208126044892,-0.026639922971609664,0.020802005119744393
600036.SH,2021-12-06,2021-12-07,40.73516496,2022-01-04,37.6658104,-0.07534901510805125,-0.002648805643338359,-0.0727002094647129,0.03652706062344624,-0.09141327213616357,0.043200651509490484,-0.011791431865747715,-0.006673590886044245
600036.SH,2025-09-23,2025-09-24,39.3776485,2025-10-29,38.68498143,-0.017590361445783076,0.05618619801778579,-0.07377655946356887,0.023855421686747036,-0.04337349397590362,0.05618619801778579,-0.0009787630137741976,-0.03233077633103876
600039.SH,2024-05-06,2024-05-07,6.16015162,2024-06-03,6.85116726,0.11217510259917929,-0.018663491095312068,0.13083859369449136,0.12995896032831755,-0.004103967168262557,0.01258627049210026,-0.02437226768920231,0.11737268983621729
600039.SH,2025-01-24,2025-01-27,6.44221506,2025-03-03,6.73297794,0.04513399153737652,0.013426261816066987,0.03170772972130953,0.057827926657263884,-0.02961918194640334,0.041435900076878474,-0.013499184171376744,0.01639202658038541
600015.SH,2012-03-22,2012-03-23,3.0354611,2012-04-24,3.16974878,0.044239631336405516,0.011469999732072855,0.03276963160433266,0.06728110599078341,-0.03133640552995398,0.025227087666925385,-0.05653456823152958,0.04205401832385802
600015.SH,2014-09-24,2014-09-25,3.5208445,2014-10-29,3.45871195,-0.01764705882352935,-0.0008310837552267802,-0.01681597506830257,0.021176470588235352,-0.03764705882352937,0.014139428871417614,-0.03739387785962711,0.007037041716817738
600015.SH,2015-03-09,2015-03-10,4.90847145,2015-04-07,5.67891507,0.15696202531645564,0.20898956760622545,-0.0520275422897698,0.17130801687763708,-0.016033755274261652,0.2091107491117139,-0.003307659125222684,-0.03780273223407682
600015.SH,2016-12-05,2016-12-06,6.15009564,2017-01-03,5.90112536,-0.040482342807924176,-0.03577794049001781,-0.004704402317906364,0.042204995693367886,-0.09043927648578809,0.012025992414840037,-0.05746684738111196,0.03017900327852785
600015.SH,2017-01-13,2017-01-16,5.78458608,2017-02-17,6.1447984,0.06227106227106227,0.0323736003579802,0.02989746191308207,0.07783882783882778,-0.0009157509157509125,0.04327050879697403,-0.015069922885227571,0.03456831904185376
600015.SH,2017-02-10,2017-02-13,6.16069012,2017-03-10,6.02825912,-0.021496130696474602,0.003211959787141394,-0.024708090483615996,0.03439380911435941,-0.023215821152192673,0.022255442552453042,-0.0011958148237137811,0.012138366561906366
600015.SH,2020-10-12,2020-10-13,4.37109883,2020-11-09,4.39214746,0.0048154093097914075,0.03499986255684684,-0.03018445324705543,0.028892455858748,-0.03049759229534521,0.03841817662116265,-0.03606911418812475,-0.009525720762414647
600015.SH,2021-11-11,2021-11-12,4.12318959,2021-12-09,4.19694969,0.017889087656529634,0.035848204937257044,-0.01795911728072741,0.08765652951699465,-0.01073345259391778,0.043152226825071915,-0.018909044346941295,0.04450430269192274
600015.SH,2022-08-09,2022-08-10,4.02977792,2022-09-06,4.0927432,0.015625,-0.023360342750787133,0.03898534275078713,0.0234375,-0.013671874999999889,0.017733388145412254,-0.04012034010064225,0.005704111854587746
600015.SH,2025-02-26,2025-02-27,6.54176764,2025-03-26,6.91325306,0.056786703601108046,-0.010529217721452877,0.06731592132256092,0.07340720221606656,-0.020775623268698085,0.016216730683564995,-0.026593388366533466,0.05719047153250156
600015.SH,2026-07-02,2026-07-03,6.29256694,2026-07-30,7.03,0.11719113471997478,-0.054013673940411566,0.17120480866038634,0.11878031129852373,-0.003034901365705611,0.020166550410616546,-0.06888233343565864,0.09861376088790719
600085.SH,2014-11-11,2014-11-12,16.1327038,2014-12-09,18.6636616,0.15688367129135528,0.22059768138876246,-0.06371401009740718,0.20064034151547494,-0.011205976520811234,0.3309589876337855,-0.008865786675037346,-0.13031864611831057
600085.SH,2017-12-05,2017-12-06,29.14279291,2018-01-03,28.6939006,-0.015403201449713078,0.020925360362720413,-0.03632856181243349,0.004228329809724984,-0.0404711567502265,0.028042600139106755,-0.01780005229539794,-0.02381427032938177
600085.SH,2025-03-03,2025-03-04,35.2995171,2025-03-31,35.30916705,0.0002733734281026301,0.005512605697593154,-0.0052392322694905236,0.024876981957353772,-0.013121924548933905,0.04120676444936966,-0.0026561086917390453,-0.016329782492015887
600085.SH,2025-09-08,2025-09-09,34.93737844,2025-10-14,33.62637068,-0.03752450294035292,0.020303596142637437,-0.05782809908299036,0.0016802016241947992,-0.05908709045085425,0.062401030943824765,-0.008102880389251887,-0.060720829319629965
600089.SH,2025-01-14,2025-01-15,11.8560684,2025-02-19,11.87534656,0.001626016260162677,0.03415320062782623,-0.03252718436766355,0.020325203252032686,-0.038211382113821135,0.040783847855687894,-0.00885797567282387,-0.020458644603655207
600188.SH,2019-06-10,2019-06-11,2.9578827,2019-07-08,3.0193224,0.02077151335311589,0.051213496085581234,-0.030441982732465345,0.09594460929772519,-0.001978239366963397,0.08981338888515711,0.0,0.006131220412568084
600188.SH,2019-11-25,2019-11-26,3.21998124,2019-12-23,3.12270084,-0.030211480362537846,0.018919545059708165,-0.04913102542224601,0.001007049345417954,-0.07351460221550854,0.04461382933420732,-0.022757545138815782,-0.04360677998878937
600188.SH,2024-12-03,2024-12-04,13.74621825,2024-12-31,13.20568899,-0.03932203389830502,-0.0033481926886906876,-0.03597384120961433,0.037288135593220195,-0.06644067796610176,0.03805609237791052,-0.012254434377794166,-0.0007679567846903268
600188.SH,2024-12-25,2024-12-26,13.26160581,2025-01-23,12.3017004,-0.07238229093464521,-0.04470110329131416,-0.02768118764333105,0.01194659170765977,-0.08643710470836263,0.006379058639234936,-0.06972453719069005,0.005567533068424835
600031.SH,2014-11-24,2014-11-25,5.3400576,2014-12-22,8.08518096,0.5140625000000001,0.28089514109924774,0.23316735890075235,0.6187500000000001,-0.012499999999999956,0.3038098777963725,-0.002355396147670774,0.31494012220362766
600031.SH,2014-12-18,2014-12-19,7.24245312,2015-01-19,6.7585104,-0.06682027649769595,0.0028472971749109455,-0.0696675736726069,0.21198156682027647,-0.06682027649769595,0.10285778847564986,-0.04696695300046716,0.10912377834462661
600031.SH,2016-10-28,2016-10-31,5.01837414,2016-11-25,5.54706573,0.10535117056856191,0.056683369313342835,0.04866780125521908,0.1705685618729098,-0.02842809364548493,0.056684869730759146,-0.004524658760067024,0.11388369214215066
600031.SH,2016-11-25,2016-11-28,5.55545766,2016-12-23,5.13586116,-0.07552870090634445,-0.06530014765413605,-0.010228553252208394,0.03474320241691853,-0.07703927492447127,0.012729058192685105,-0.07048033515369456,0.022014144224233423
600031.SH,2017-01-09,2017-01-10,5.6225931,2017-02-13,6.20163627,0.10298507462686568,0.022202265026078027,0.08078280960078765,0.13432835820895517,-0.05970149253731327,0.02317440986375985,-0.02898348097460801,0.11115394834519532
600031.SH,2017-01-23,2017-01-24,5.66455275,2017-02-27,6.10093311,0.07703703703703701,0.024704910920964496,0.05233212611607252,0.12592592592592577,-0.005925925925926001,0.03860235250600841,-0.004670342005098305,0.08732357341991737
600031.SH,2017-02-22,2017-02-23,6.26877171,2017-03-22,6.30233943,0.0053547523427042165,-0.010759341593898797,0.016114093936603013,0.04953145917001334,-0.052208835341365445,0.0015449134555998167,-0.02147223256051345,0.04798654571441352
600031.SH,2018-03-29,2018-03-30,6.64640976,2018-05-02,7.16868784,0.07858048162230657,-0.03341255438849888,0.11199303601080546,0.13307984790874516,-0.010139416983523386,0.016683420027911344,-0.04767645347179805,0.11639642788083382
600031.SH,2019-03-29,2019-04-01,11.16435054,2019-04-29,10.5469671,-0.055299539170506895,-0.00021429474088396905,-0.055085244429622926,0.07987711213517668,-0.09062980030721957,0.05765476963443539,-0.006592126616406402,0.022222342500741288
600031.SH,2019-06-28,2019-07-01,11.4044441,2019-07-26,12.81023835,0.12326723141200735,-0.0104538445184571,0.13372107593046445,0.12326723141200735,-0.06992481203007517,0.011051639370958766,-0.03935982864752963,0.11221559204104858
600031.SH,2019-09-02,2019-09-03,12.00577287,2019-10-08,12.72279645,0.05972323379461053,-0.003867539121196528,0.06359077291580706,0.10196649672250557,-0.024034959941733325,0.034434076497847244,-0.010130875966463004,0.06753242022465833
600031.SH,2019-09-20,2019-09-23,12.8539593,2019-10-25,12.30307533,-0.042857142857142816,-0.007233544406187287,-0.03562359845095553,0.03061224489795933,-0.06190476190476191,0.01493585652650764,-0.030601869720790265,0.01567638837145169
600031.SH,2020-07-01,2020-07-02,16.94624022,2020-07-29,19.0806147,0.12594973588778746,0.10369372327457027,0.02225601261321719,0.18627450980392157,-0.0020639834881320818,0.15065058611957127,-0.0003046651796666522,0.0356239236843503
600031.SH,2020-11-20,2020-11-23,25.9040278,2020-12-18,28.1131746,0.08528198074277848,0.009156967647046876,0.07612501309573161,0.1292984869325997,-0.01031636863823937,0.02745120407027124,-0.021241679977028194,0.10184728286232847
600031.SH,2020-12-11,2020-12-14,27.71232135,2021-01-11,37.3060758,0.3461909353905497,0.10961912478253333,0.23657181060801635,0.4162648666023787,-0.01703632272581168,0.13297597880099765,-0.0032561815978255915,0.28328888780138106
600031.SH,2020-12-30,2020-12-31,30.7320825,2021-01-28,35.9520826,0.16985507246376796,0.049714748514679385,0.12014032394908858,0.4173913043478261,-0.00666666666666671,0.1040510866621458,0.0,0.3133402176856803
600031.SH,2023-04-17,2023-04-18,16.22068056,2023-05-18,15.00599826,-0.0748847926267282,-0.04426794637790732,-0.030616846248820884,0.002880184331797153,-0.10599078341013835,0.007334316299378418,-0.052249568816900016,-0.004454131967581265
600031.SH,2024-05-16,2024-05-17,16.02665467,2024-06-14,14.80836448,-0.0760164997053624,-0.02666663881683118,-0.049349860888531216,0.009428403064231095,-0.08898055391867998,0.01771782709830938,-0.03711302046773268,-0.008289424034078285
600031.SH,2024-07-10,2024-07-11,14.9420544,2024-08-07,14.6547072,-0.019230769230769162,-0.031745522123419856,0.012514752892650693,0.05641025641025643,-0.02564102564102566,0.027323353320134247,-0.03837073428384363,0.029086903090122185
600031.SH,2024-12-23,2024-12-24,15.62210944,2025-01-21,15.52632704,-0.006131207847945963,-0.02600488007168178,0.019873672223735817,0.02820355610055203,-0.0662170447578172,0.01850609139824222,-0.058662843891328253,0.00969746470230981
600031.SH,2025-12-03,2025-12-04,20.21612541,2025-12-31,20.92928613,0.03527682508574226,0.021250020182634666,0.014026804903107593,0.05977462028417446,-0.003429691327780593,0.031438721418852955,-0.010881064859620149,0.028335898865321507
600050.SH,2011-05-27,2011-05-30,4.34069316,2011-06-27,4.06842746,-0.06272401433691766,0.027029924828560148,-0.0897539391654778,0.04838709677419373,-0.10035842293906805,0.033636217582845074,-0.031850029172268535,0.014750879191348654
600050.SH,2017-03-16,2017-03-17,6.3772181,2017-04-17,6.21903645,-0.024804177545691974,-0.001540465112008671,-0.023263712433683303,0.03916449086161866,-0.04699738903394257,0.011908262992886387,-0.01806008129547121,0.027256227868732275
600050.SH,2019-11-19,2019-11-20,4.9305789,2019-12-17,4.95586392,0.005128205128204888,0.02580242194808613,-0.02067421681988124,0.013675213675213627,-0.07521367521367528,0.03223266010749892,-0.0343402026428542,-0.018557446432285296
600050.SH,2019-12-05,2019-12-06,4.73672708,2020-01-03,5.09071736,0.07473309608540935,0.06689887255222438,0.00783422353318497,0.092526690391459,-0.010676156583629748,0.0740264366709582,-0.0016365264044964078,0.018500253720500792
600050.SH,2020-10-09,2020-10-12,4.20605415,2020-11-06,4.1633964,-0.010141987829614618,0.03836817752862309,-0.04851016535823771,0.0344827586206895,-0.05476673427991885,0.04089978715623355,-0.014002925238932429,-0.006417028535544045
600050.SH,2024-06-14,2024-06-17,4.1886585,2024-07-12,4.44928614,0.06222222222222218,-0.01392474349601347,0.07614696571823565,0.06888888888888878,-0.013333333333333308,0.008596491801002415,-0.038798910615028825,0.06029239708788636
600104.SH,2019-11-26,2019-11-27,19.11287464,2019-12-24,19.27609304,0.00853970964987183,0.02820419788800055,-0.01966448823812872,0.0367207514944492,-0.036293766011955664,0.04730510072412808,-0.020239844735155388,-0.01058434922967888
600104.SH,2022-09-06,2022-09-07,14.19034162,2022-10-12,13.24001315,-0.06697009102730822,-0.061600237318550355,-0.005369853708757866,0.022106631989596837,-0.09297789336801043,0.023653545664962472,-0.09204638920038921,-0.0015469136753656354
600104.SH,2024-06-03,2024-06-04,13.52047144,2024-07-02,12.98229625,-0.03980446927374304,-0.03125854537394057,-0.008545923899802466,0.019553072625698276,-0.041201117318435676,0.011496283397135265,-0.039947425790158975,0.00805678922856301
600016.SH,2011-06-13,2011-06-14,2.08213334,2011-07-11,2.07850593,-0.0017421602787456303,0.05616362837577671,-0.05790578865452234,0.060975609756097615,-0.013937282229965153,0.06528816974849483,-0.028920277305179987,-0.0043125599923972135
600016.SH,2014-09-24,2014-09-25,3.0976848,2014-10-29,3.0731,-0.007936507936507908,-0.0008310837552267802,-0.007105424181281128,0.02063492063492056,-0.031746031746031855,0.014139428871417614,-0.03739387785962711,0.0064954917635029474
600016.SH,2016-05-31,2016-06-01,4.6054632,2016-06-30,4.59031469,-0.0032892478654482638,-0.006001017345937387,0.0027117694804891235,0.02126577626328663,-0.023026315789473784,0.009072595259571381,-0.04380670175060397,0.012193181003715248
600016.SH,2020-10-12,2020-10-13,3.94592433,2020-11-09,3.83570298,-0.027932960893854664,0.03499986255684684,-0.0629328234507015,0.026070763500931182,-0.046554934823091254,0.03841817662116265,-0.03606911418812475,-0.012347413120231465
600016.SH,2025-04-01,2025-04-02,3.71224436,2025-04-30,3.74993212,0.010152284263959421,-0.029308791450642246,0.03946107571460167,0.027918781725888353,-0.058375634517766506,0.004138792371501054,-0.09533000579932416,0.0237799893543873
600010.SH,2014-11-24,2014-11-25,2.16621042,2014-12-22,3.11172246,0.4364820846905537,0.28089514109924774,0.15558694359130598,0.5732899022801303,-0.013029315960912058,0.3038098777963725,-0.002355396147670774,0.26948002448375785
600010.SH,2014-12-18,2014-12-19,3.08349822,2015-01-19,2.74480734,-0.10983981693363853,0.0028472971749109455,-0.11268711410854948,0.10526315789473695,-0.12128146453089239,0.10285778847564986,-0.04696695300046716,0.002405369419087089
600010.SH,2015-02-02,2015-02-03,3.75382392,2015-03-09,3.6338709,-0.03195488721804518,0.04401461133529416,-0.07596949855333934,0.04323308270676707,-0.13721804511278202,0.06494979345464591,-0.030297745205840054,-0.021716710747878842
600010.SH,2015-03-06,2015-03-09,3.61270272,2015-04-03,4.21246782,0.16601562499999978,0.2089581226867525,-0.042942497686752734,0.302734375,-0.02148437500000011,0.20896392029906408,-0.009337054627422292,0.09377045470093592
600010.SH,2015-05-22,2015-05-25,4.8686814,2015-06-19,4.233636,-0.13043478260869568,-0.06305335706824056,-0.06738142554045512,0.07826086956521738,-0.13333333333333341,0.08715021488712127,-0.06353041253882008,-0.008889345321903885
600010.SH,2015-06-11,2015-06-12,5.05919502,2015-07-10,3.88788906,-0.23152022315202225,-0.22943483151000954,-0.0020853916420127128,0.023709902370990354,-0.45327754532775455,0.006224858226574037,-0.33615285222501057,0.017485044144416317
600010.SH,2021-01-18,2021-01-19,1.15075712,2021-02-22,1.30948224,0.13793103448275867,0.012914241827994388,0.12501679265476429,0.13793103448275867,-0.03448275862068961,0.07328003468712896,-0.043046477459428356,0.06465099979562972
600010.SH,2021-02-18,2021-02-19,1.18051808,2021-03-18,1.74597632,0.47899159663865554,-0.1032872700655193,0.5822788667041748,0.8823529411764708,-0.01680672268907557,0.009394422512669198,-0.1423277909092493,0.8729585186638016
600010.SH,2025-12-17,2025-12-18,2.34,2026-01-16,2.5,0.06837606837606836,0.03906342295664622,0.029312645419422134,0.15811965811965822,-0.004273504273504147,0.0621382119741094,-0.0021601330247738026,0.09598144614554882
600030.SH,2017-11-07,2017-11-08,13.6766376,2017-12-05,15.0427401,0.09988584474885842,-0.0027947721987918728,0.1026806169476503,0.13869863013698636,-0.006849315068493067,0.05162195763388966,-0.017073952737916565,0.0870766725030967
600030.SH,2019-10-25,2019-10-28,17.92822818,2019-11-22,17.46498747,-0.025838621940163287,-0.014081498967216666,-0.011757122972946621,0.04714415231187652,-0.02901178603807808,0.032178381360016495,-0.01830456580849793,0.014965770951860025
600030.SH,2019-12-02,2019-12-03,17.48124153,2019-12-30,20.85395898,0.19293351929335212,0.06591982893608384,0.12701369035726828,0.19293351929335212,-0.001394700139469962,0.06645701517701297,-0.004592067506317132,0.12647650411633915
600030.SH,2020-10-29,2020-10-30,24.23996832,2020-11-26,24.1904316,-0.002043596730245234,0.02996324107459536,-0.03200683780484059,0.04393732970027253,-0.059264305177111676,0.053005412404124375,-0.01947058170081417,-0.009068082703851843
600030.SH,2023-03-17,2023-03-20,18.44037216,2023-04-17,19.92218778,0.08035714285714302,0.04712011179352271,0.033237031063620304,0.08035714285714302,-0.007440476190476164,0.04712011179352271,-0.006976723352039249,0.033237031063620304
600023.SH,2017-05-08,2017-05-09,3.73571885,2017-06-07,3.91393663,0.047706422018348515,0.05722285479737632,-0.009516432779027806,0.06605504587155964,-0.005504587155963359,0.05818707484417818,-0.008887099196493331,0.00786797102738146
600023.SH,2018-12-03,2018-12-04,3.3876495,2019-01-02,3.4319325,0.013071895424836555,-0.08804451039669214,0.1011164058215287,0.03267973856209139,-0.017429193899782147,0.003596799732696887,-0.09143708610085055,0.0290829388293945
600023.SH,2020-11-02,2020-11-03,2.96652882,2020-11-30,3.05568679,0.030054644808743092,0.045766335126380175,-0.015711690317637084,0.04644808743169393,-0.010928961748634003,0.06578248802247222,-0.0018973370195850547,-0.01933440059077829
600023.SH,2023-04-10,2023-04-11,3.23386125,2023-05-11,4.04448247,0.2506666666666668,-0.02868256594087648,0.2793492326075433,0.32000000000000006,-0.01866666666666661,0.01488657848441366,-0.044558822863647984,0.3051134215155864
600023.SH,2023-08-14,2023-08-15,4.09622425,2023-09-11,3.76852631,-0.07999999999999996,-0.023540844827015128,-0.05645915517298483,0.02947368421052632,-0.09894736842105256,0.01378363204612354,-0.042332762504502464,0.01569005216440278
600023.SH,2025-09-08,2025-09-09,4.8373435,2025-10-14,4.9124867,0.015533980582524087,0.020303596142637437,-0.004769615560113349,0.01941747572815533,-0.04660194174757282,0.062401030943824765,-0.008102880389251887,-0.04298355521566943
600011.SH,2010-11-19,2010-11-22,3.67882602,2010-12-17,3.75167406,0.01980198019801982,0.02459997173001205,-0.0047979915319922295,0.047854785478548045,-0.051155115511551164,0.0427407276821945,-0.02788151381020676,0.005114057796353544
600011.SH,2012-03-09,2012-03-12,3.43044224,2012-04-11,3.19081576,-0.06985294117647056,-0.05377166109138365,-0.016081280085086913,0.022058823529411686,-0.08823529411764708,0.015962118364715394,-0.08767919412535763,0.006096705164696292
600011.SH,2017-08-17,2017-08-18,5.68553096,2017-09-14,5.61305252,-0.012747875354107707,0.033115657173130364,-0.04586353252723807,0.03399433427762033,-0.022662889518413554,0.04309275842154259,-0.001828339477701224,-0.009098424143922257
600011.SH,2024-11-29,2024-12-02,6.3366017,2024-12-27,6.27268785,-0.01008645533141217,0.01824379034018153,-0.0283302456715937,0.050432276657060404,-0.02737752161383289,0.04825878201640332,-0.002546229279979384,0.002173494640657081
600011.SH,2025-10-09,2025-10-10,6.8689255,2025-11-06,7.83531226,0.14068965517241394,0.002971451020721494,0.13771820415169245,0.17103448275862076,-0.020689655172413723,0.017594963118161555,-0.040310346944671394,0.1534395196404592
600111.SH,2014-10-28,2014-10-29,13.4870589,2014-11-25,14.52648708,0.07706855791962197,0.10799017911035214,-0.030921621190730164,0.0851063829787233,-0.003782505910165379,0.10819729079759854,-0.0033459676963528695,-0.02309090781887524
600111.SH,2025-09-11,2025-09-12,50.510206,2025-10-17,52.85372,0.04639684106614039,-0.006679589723210588,0.05307643078935098,0.21796643632773938,-0.11056268509378075,0.039993570377793164,-0.019716165845965805,0.1779728659499462
600111.SH,2025-10-24,2025-10-27,51.158412,2025-11-21,43.978284,-0.14035087719298234,-0.05229928216729951,-0.08805159502568283,0.08187134502923987,-0.14054580896686153,0.013289407272901066,-0.05238986854845751,0.0685819377563388
600196.SH,2023-02-14,2023-02-15,32.33632765,2023-03-14,30.33838764,-0.06178623718887266,-0.03910411908090239,-0.022682118107970273,0.007613469985358723,-0.07086383601756951,0.005075075333601742,-0.04820863388341046,0.002538394651756981
600196.SH,2023-03-15,2023-03-16,30.43307674,2023-04-13,32.07119817,0.05382700684505304,0.027988102257285874,0.025838904587767164,0.06720597386434357,-0.02582451773490979,0.04398442906897837,-0.005856228147558706,0.0232215447953652
600009.SH,2010-12-30,2010-12-31,10.00378962,2011-01-28,11.12707926,0.11228641171684317,-0.010530284097407194,0.12281669581425037,0.13425549227013844,-0.006509357200976229,0.04589265809355525,-0.04883949544045019,0.0883628341765832
600009.SH,2019-10-17,2019-10-18,76.76514092,2019-11-14,72.66895836,-0.05335993018326879,-0.007511779558923681,-0.04584815062434511,0.009225782321406584,-0.09612267797032781,0.024195390630578295,-0.021950902813652085,-0.014969608309171711
600009.SH,2023-03-30,2023-03-31,54.3329798,2023-04-28,51.9160323,-0.04448398576512458,-0.0040460232174693855,-0.04043796254765519,0.025622775800711706,-0.09234875444839852,0.03070458992758751,-0.029667326815102868,-0.0050818141268758055
600009.SH,2025-01-14,2025-01-15,32.258265,2025-02-19,31.674405,-0.018099547511312264,0.03415320062782623,-0.052252748139138494,0.01840120663650069,-0.023227752639517374,0.040783847855687894,-0.00885797567282387,-0.022382641219187205
600009.SH,2025-12-18,2025-12-19,32.65824735,2026-01-19,31.3629914,-0.039660914320315044,0.03794530808915009,-0.07760622240946513,0.03421132303966079,-0.05267938237965497,0.060416459263832545,-0.003184655216415311,-0.026205136224171754
600025.SH,2019-03-19,2019-03-20,3.03378984,2019-04-17,3.38073921,0.11436170212765973,0.06846563765003588,0.045896064477623844,0.23670212765957466,-0.013297872340425454,0.07771031818128349,-0.036019851856112006,0.15899180947829117
600025.SH,2019-04-16,2019-04-17,3.34846485,2019-05-17,3.07413279,-0.08192771084337347,-0.10585321158021976,0.023925500736846295,0.01927710843373487,-0.10843373493975905,0.011118879353799738,-0.1215215365338983,0.008158229079935131
600025.SH,2019-07-10,2019-07-11,3.52054935,2019-08-07,3.7630575,0.06888361045130642,-0.048540467686147615,0.11742407813745404,0.15676959619952502,-0.0071258907363420665,0.022212267664341034,-0.06051282320748985,0.13455732853518398
600025.SH,2019-08-02,2019-08-05,3.9804786,2019-08-30,3.8132316,-0.04201680672268915,0.020184947464148006,-0.062201754186837155,0.04201680672268915,-0.06302521008403361,0.03324715411223633,-0.039884717279976556,0.008769652610452816
600025.SH,2019-08-16,2019-08-19,3.8801304,2019-09-16,3.75469515,-0.032327586206896575,0.059335916107829956,-0.09166350231472653,0.06896551724137945,-0.0474137931034484,0.06670308674921044,-0.004107296668071081,0.0022624304921690097
600025.SH,2020-12-25,2020-12-28,4.00234689,2021-01-25,3.76691472,-0.05882352941176472,0.11560312636477854,-0.17442665577654326,0.008714596949891185,-0.08278867102396514,0.12146404901010999,-0.0017123730443762142,-0.1127494520602188
600025.SH,2022-09-02,2022-09-05,6.84742165,2022-10-10,6.27756911,-0.08322147651006717,-0.0721794146885707,-0.011042061821496474,0.045637583892617295,-0.08456375838926178,0.02935017638616655,-0.07348160230791645,0.016287407506450746
600025.SH,2025-09-02,2025-09-03,9.0935586,2025-09-30,9.2402289,0.016129032258064502,0.030958500613195383,-0.014829468355130881,0.031182795698924792,-0.023655913978494536,0.03248595728897352,-0.03861784409562785,-0.0013031615900487292
600025.SH,2026-05-19,2026-05-20,9.6802398,2026-06-16,9.32823108,-0.036363636363636376,0.011309250064327259,-0.047672886427963634,0.03535353535353525,-0.07070707070707072,0.03359267157829571,-0.03148175705758949,0.0017608637752395406
600066.SH,2025-12-11,2025-12-12,31.65170949,2026-01-12,29.80370977,-0.05838546321120042,0.05071096986830237,-0.10909643307950279,0.03574620196604106,-0.06761989871909435,0.05349404303274752,-0.01633511471103566,-0.01774784106670646
600027.SH,2022-09-19,2022-09-20,5.55667516,2022-10-24,5.43531252,-0.021840873634945357,-0.07914378142371425,0.0573029077887689,0.08112324492979717,-0.09828393135725422,0.00301778159712085,-0.08253630513852139,0.07810546333267632
600027.SH,2024-03-25,2024-03-26,5.88365181,2024-04-24,6.10753506,0.03805175038051756,-0.0014347480966385717,0.03948649847715613,0.1674277016742769,-0.01522070015220689,0.02158073915259373,-0.01605495000994983,0.14584696252168317
600219.SH,2013-04-09,2013-04-10,1.6265064,2013-05-10,1.5932602,-0.020440251572327095,0.02124290188361333,-0.041683153455940425,0.04088050314465419,-0.05031446540880502,0.029752200978784504,-0.028684669997877665,0.011128302165869686
600219.SH,2016-10-10,2016-10-11,2.00723166,2016-11-07,2.1236922,0.058020477815699634,0.018115683768862967,0.03990479404683667,0.0853242320819112,-0.017064846416382173,0.02607293530494248,-0.007681838545503972,0.05925129677696872
600219.SH,2017-12-18,2017-12-19,2.46099384,2018-01-16,2.48880168,0.011299435028248483,0.06840494422356436,-0.05710550919531587,0.0847457627118644,-0.016949152542372947,0.06952340834000892,-0.0014019689283742975,0.015222354371855484
600219.SH,2026-03-12,2026-03-13,7.4374254,2026-04-10,6.0745464,-0.18324607329842935,-0.006959941996057095,-0.17628613130237225,0.015706806282722585,-0.25654450261780104,0.01109407009575114,-0.058848566561090165,0.0046127361869714445
600150.SH,2010-09-27,2010-09-28,26.34328872,2010-11-01,32.90859432,0.24922118380062308,0.19736317701280037,0.05185800678782271,0.24922118380062308,-0.031152647975077996,0.20661043338196805,-0.014865528302355102,0.04261075041865503
600150.SH,2025-12-09,2025-12-10,33.94783844,2026-01-08,35.48058384,0.045150014564520946,0.03301160380563295,0.012138410758887996,0.05534517914360637,-0.05388872706087955,0.04717331399438396,-0.02223688439410454,0.008171865149222413
600118.SH,2016-10-10,2016-10-11,31.61231714,2016-11-07,30.65054105,-0.030424093423478737,0.018115683768862967,-0.048539777192341704,0.01628764597418564,-0.037185003073140654,0.02607293530494248,-0.007681838545503972,-0.009785289330756841
600118.SH,2017-11-22,2017-11-23,25.7526984,2017-12-20,25.4600541,-0.011363636363636354,-0.04340673920070781,0.03204310283707146,0.022727272727272707,-0.06060606060606066,0.00019248213666100966,-0.06121881302840615,0.022534790590611697
600183.SH,2016-12-07,2016-12-08,6.35344825,2017-01-05,6.46159205,0.017021276595744705,-0.032746789239035845,0.04976806583478055,0.042553191489361764,-0.09617021276595739,0.007501851768349166,-0.06168032863395356,0.0350513397210126
600029.SH,2017-08-01,2017-08-02,8.01698078,2017-08-29,8.26199853,0.030562347188263894,0.017606316873896688,0.012956030314367206,0.059902200488997526,-0.04034229828850866,0.026205929473357648,-0.032667912710415914,0.03369627101563988
600029.SH,2021-01-26,2021-01-27,5.65,2021-03-02,6.14,0.08672566371681412,-0.028359462402612223,0.11508512611942634,0.17699115044247793,-0.008849557522124019,0.07721741704176988,-0.039535844826668054,0.09977373340070805
600048.SH,2017-11-29,2017-11-30,9.338368,2017-12-27,9.8052864,0.050000000000000044,-0.010610288673128965,0.06061028867312901,0.07307692307692304,-0.08615384615384603,0.013119703005124661,-0.019476654613313937,0.05995722007179838
600048.SH,2017-12-14,2017-12-15,8.98638336,2018-01-12,11.2778752,0.2549960031974421,0.05132714779864589,0.2036688553987962,0.3061550759392486,-0.050359712230215736,0.051922111731290244,-0.01264005976015814,0.2542329642079584
600048.SH,2017-12-29,2018-01-02,10.2722048,2018-01-29,12.19734528,0.18741258741258737,0.0634849926134824,0.12392759479910498,0.28671328671328666,0.0,0.08853166512080479,0.0,0.19818162159248187
600048.SH,2020-11-05,2020-11-06,12.99487208,2020-12-03,14.04389492,0.08072590738423013,0.03255264613217479,0.048173261252055344,0.12703379224030042,-0.017521902377972465,0.039402510949429814,-0.014674793183110268,0.08763128129087061
600048.SH,2025-02-07,2025-02-10,8.1690252,2025-03-07,8.5580264,0.04761904761904745,0.011778038765170473,0.03584100885387698,0.06547619047619047,-0.02857142857142858,0.025100239159962623,-0.010871161590602751,0.04037595131622784
600018.SH,2010-12-30,2010-12-31,2.33811318,2011-01-28,2.62040506,0.1207349081364828,-0.010530284097407194,0.13126519223389,0.162729658792651,-0.026246719160105014,0.04589265809355525,-0.04883949544045019,0.11683700069909575
600018.SH,2016-10-10,2016-10-11,3.8846808,2016-11-07,3.83238702,-0.013461538461538414,0.018115683768862967,-0.03157722223040138,0.02115384615384608,-0.01538461538461533,0.02607293530494248,-0.007681838545503972,-0.004919089151096401
600018.SH,2020-10-09,2020-10-12,3.50292645,2020-11-06,3.7430798,0.0685579196217494,0.03836817752862309,0.030189742093126304,0.0685579196217494,-0.023640661938534313,0.04089978715623355,-0.014002925238932429,0.02765813246551585
600018.SH,2020-11-05,2020-11-06,3.55261335,2020-12-03,3.8424536,0.0815850815850816,0.03255264613217479,0.04903243545290681,0.15850815850815825,-0.004662004662004615,0.039402510949429814,-0.014674793183110268,0.11910564755872843
600018.SH,2023-04-12,2023-04-13,4.89707025,2023-05-15,5.00295285,0.021621621621621623,-0.020213691565791447,0.04183531318741307,0.07927927927927936,-0.009009009009009028,0.02163007277599327,-0.03879940719173636,0.05764920650328609
600018.SH,2024-05-20,2024-05-21,5.32877185,2024-06-18,5.3007748,-0.005253940455341444,-0.03712274665840798,0.031868806203066535,0.03677758318739044,-0.038528896672504365,0.002605337531014662,-0.04854687038500094,0.03417224565637578
600018.SH,2024-07-09,2024-07-10,5.7673923,2024-08-06,5.62740705,-0.024271844660194053,-0.024198996007392948,-7.28486528011052e-05,0.017799352750808906,-0.03883495145631066,0.03486883289435139,-0.03130776432508553,-0.01706948014354248
600018.SH,2025-09-08,2025-09-09,5.401116,2025-10-14,5.3818263,-0.0035714285714285587,0.020303596142637437,-0.023875024714065995,0.014285714285714235,-0.03214285714285725,0.062401030943824765,-0.008102880389251887,-0.04811531665811053
600018.SH,2025-10-09,2025-10-10,5.3239572,2025-11-06,5.41076085,0.016304347826086918,0.002971451020721494,0.013332896805365424,0.034420289855072506,-0.016304347826086807,0.017594963118161555,-0.040310346944671394,0.01682532673691095
600061.SH,2017-10-24,2017-10-25,9.10099288,2017-11-21,8.66952988,-0.047408343868520775,0.06556950870681022,-0.112977852575331,0.015802781289506962,-0.10429835651074593,0.06621677817453842,-0.0010522550090117377,-0.050413996885031453
600061.SH,2020-04-28,2020-04-29,6.7905508,2020-05-29,6.9419696,0.022298456260720467,0.00768979705217987,0.014608659208540598,0.07289879931389365,-0.006003430531732468,0.04184576809957807,-0.009728669358427089,0.031053031214315574
600026.SH,2013-05-06,2013-05-07,3.44735008,2013-06-03,3.48829248,0.01187648456057011,0.033047626305686695,-0.021171141745116584,0.12589073634204273,-0.01187648456057011,0.05630984645331116,-0.01567538473995822,0.06958088988873157
600026.SH,2017-11-07,2017-11-08,5.3276414,2017-12-05,5.19015388,-0.02580645161290318,-0.0027947721987918728,-0.023011679414111308,0.01774193548387104,-0.06129032258064526,0.05162195763388966,-0.017073952737916565,-0.03388002215001862
600026.SH,2022-08-01,2022-08-02,12.27314285,2022-08-29,13.95786947,0.13726937269372708,-0.013236249167999148,0.15050562186172622,0.2693726937269374,-0.14686346863468625,0.018919637248208554,-0.02079861711405806,0.25045305647872884
600026.SH,2024-05-20,2024-05-21,15.99727648,2024-06-18,14.67027128,-0.08295194508009152,-0.03712274665840798,-0.04582919842168354,0.06578947368421062,-0.097254004576659,0.002605337531014662,-0.04854687038500094,0.06318413615319596
600026.SH,2025-09-01,2025-09-02,10.41809985,2025-09-29,11.76299955,0.12909260991580918,0.021687388992280177,0.107405220923529,0.22731524789522917,-0.027128157156220745,0.02777239665750164,-0.043006797814445386,0.19954285123772753
600026.SH,2025-10-10,2025-10-13,11.9871495,2025-11-07,12.3574842,0.030894308943089532,0.04184678318509638,-0.010952474242006849,0.11788617886178865,-0.03252032520325199,0.06033753711784007,0.0,0.05754864174394858
600019.SH,2011-05-03,2011-05-04,3.47849321,2011-05-31,3.15192059,-0.09388335704125172,-0.0599114770405319,-0.03397188000071982,0.0,-0.11664295874822184,0.00018854663741785238,-0.07845137438597072,-0.00018854663741785238
600019.SH,2014-10-29,2014-10-30,2.4669578,2014-11-26,2.7417002,0.11136890951276102,0.11127217581409443,9.673369866658454e-05,0.1461716937354991,-0.004640371229698292,0.11141174708542967,-0.002694296881153413,0.03475994665006943
600019.SH,2021-06-23,2021-06-24,5.73202959,2021-07-21,5.86212906,0.022696929238985364,-0.0024281673776633816,0.025125096616648745,0.09746328437917229,-0.021361815754339153,0.020182703838552474,-0.029118673951052387,0.07728058054061981
600000.SH,2015-03-09,2015-03-10,6.44452984,2015-04-07,7.52011827,0.16689944134078205,0.20898956760622545,-0.042090126265443395,0.17807262569832383,-0.017458100558659262,0.2091107491117139,-0.003307659125222684,-0.031038123413390073
600000.SH,2019-08-09,2019-08-12,8.28933391,2019-09-06,8.55271963,0.031774051191526986,0.08241558215131817,-0.05064153095979118,0.036187113857016895,-0.0220653133274491,0.08830834246652697,-0.009801895135402416,-0.05212122860951007
600000.SH,2020-10-12,2020-10-13,7.39059638,2020-11-09,7.27487723,-0.01565762004175353,0.03499986255684684,-0.05065748259860037,0.03653444676409179,-0.03757828810020869,0.03841817662116265,-0.03606911418812475,-0.0018837298570708594
600000.SH,2021-03-30,2021-03-31,8.49378561,2021-04-28,7.90747525,-0.06902815622161673,0.006545955419102967,-0.0755741116407197,0.0027247956403271267,-0.07538601271571288,0.018718097035053338,-0.0365018159735242,-0.01599330139472621
600000.SH,2024-07-29,2024-07-30,7.91471828,2024-08-26,8.22982416,0.03981264637002346,-0.016702570094211167,0.05651521646423463,0.06206088992974235,-0.040983606557376984,0.02000976546410227,-0.024467850387789203,0.04205112446564008
600000.SH,2025-08-22,2025-08-25,13.2729293,2025-09-19,12.23210247,-0.07841726618705036,0.01938891093352413,-0.09780617712057449,0.02517985611510798,-0.09640287769784173,0.035672615336792335,-0.020104103614153823,-0.010492759221684356
600028.SH,2011-01-04,2011-01-05,2.70795975,2011-02-01,2.9970303,0.10674846625766876,-0.02930368960005758,0.13605215585772634,0.1165644171779141,-0.01840490797546024,0.012528937622173553,-0.07918128333997343,0.10403547955574055
600028.SH,2012-03-13,2012-03-14,2.59201342,2012-04-13,2.48929162,-0.039630118890356614,-0.04231659228606677,0.002686473395710154,0.019815059445178473,-0.0647291941875825,0.004185973148758126,-0.09825401979977544,0.015629086296420347
600028.SH,2013-05-17,2013-05-20,2.43304712,2013-06-19,2.25132804,-0.07468785890180363,-0.07561593453749893,0.0009280756356953024,0.02356406480117812,-0.08689248895434454,0.024672419893952968,-0.08886853325047328,-0.0011083550927748487
600028.SH,2014-10-28,2014-10-29,2.6162091,2014-11-25,2.6676081,0.01964636542239684,0.10799017911035214,-0.0883438136879553,0.06679764243614938,-0.005893909626718985,0.10819729079759854,-0.0033459676963528695,-0.04139964836144916
600028.SH,2017-03-16,2017-03-17,3.08621928,2017-04-17,3.2011317,0.037234042553191404,-0.001540465112008671,0.038774507665200075,0.06914893617021267,-0.019503546099290725,0.011908262992886387,-0.01806008129547121,0.057240673177326284
600028.SH,2021-04-29,2021-04-30,3.0255372,2021-06-01,3.1746834,0.04929577464788726,0.03594090686955509,0.013354867778332169,0.06572769953051649,-0.0023474178403755097,0.04307707088554791,-0.04469057477939309,0.022650628644968585
600028.SH,2023-03-28,2023-03-29,4.723824,2023-04-26,5.4914454,0.1625000000000001,-0.013544050285522191,0.17604405028552228,0.17321428571428577,-0.02857142857142847,0.03888665730547736,-0.02196451129593968,0.1343276284088084
600028.SH,2023-04-17,2023-04-18,5.3396082,2023-05-18,5.5589286,0.041074249605055346,-0.04426794637790732,0.08534219598296267,0.10426540284360186,-0.02211690363349139,0.007334316299378418,-0.052249568816900016,0.09693108654422344
600028.SH,2023-07-13,2023-07-14,5.78340525,2023-08-10,5.392047,-0.06766917293233088,0.018212682450993167,-0.08588185538332405,0.012030075187969835,-0.1082706766917294,0.04091550094218266,-0.02709583839157237,-0.028885425754212823
600028.SH,2025-10-09,2025-10-10,5.22180978,2025-11-06,5.42716185,0.0393258426966292,0.002971451020721494,0.036354391675907705,0.054307116104868935,-0.013108614232209659,0.017594963118161555,-0.040310346944671394,0.03671215298670738
600115.SH,2017-10-18,2017-10-19,6.56076927,2017-11-15,6.68825806,0.019431988041853643,0.0337731751875292,-0.01434118714567556,0.05979073243647237,-0.005979073243647215,0.05000833632992885,-0.0077110417417930455,0.009782396106543523
600115.SH,2021-07-07,2021-07-08,4.98,2021-08-04,4.4,-0.11646586345381527,-0.03310377828328259,-0.08336208517053267,0.02409638554216853,-0.1506024096385542,0.004253016836529122,-0.09426673615171133,0.019843368705639408
600115.SH,2022-09-06,2022-09-07,4.91,2022-10-12,4.86,-0.010183299389001976,-0.061600237318550355,0.05141693792954838,0.06109979633401208,-0.03258655804480659,0.023653545664962472,-0.09204638920038921,0.03744625066904961
600115.SH,2023-04-03,2023-04-04,5.4,2023-05-05,5.08,-0.059259259259259345,-0.01770863483205365,-0.041550624427205696,0.040740740740740744,-0.06666666666666676,0.019654888037864415,-0.04006980961893358,0.02108585270287633
600115.SH,2024-07-11,2024-07-12,3.91,2024-08-08,3.99,0.020460358056265893,-0.03382109092472951,0.054281448980995406,0.0613810741687979,-0.020460358056266004,0.024677160671735532,-0.0408477112601765,0.03670391349706237
600176.SH,2016-11-10,2016-11-11,5.582739,2016-12-08,5.3245495,-0.0462478184991274,0.02426099810268645,-0.07050881660181385,0.04537521815008727,-0.05846422338568946,0.05778453506370229,-0.0014920535970445181,-0.01240931691361502
600176.SH,2017-09-11,2017-09-12,6.17947831,2017-10-16,7.1186633,0.15198451113262323,0.02118968478504213,0.1307948263475811,0.22071636011616635,-0.0058083252662149976,0.030055774139524427,-0.006226120375487754,0.19066058597664193
600176.SH,2019-06-11,2019-06-12,6.93040608,2019-07-09,6.84825687,-0.0118534482758621,0.02327196877791282,-0.03512541705377492,0.06573275862068972,-0.024784482758620663,0.06354753331860397,-0.018366742984566642,0.002185225302085758
600176.SH,2023-03-20,2023-03-21,13.4565744,2023-04-18,14.60220168,0.08513513513513526,0.054170764675460115,0.03096437045967515,0.09121621621621645,-0.041216216216216184,0.05610478083028769,0.0,0.03511143538592876
600176.SH,2025-01-27,2025-02-05,10.8112928,2025-03-04,10.97539278,0.015178571428571486,0.010539444458056213,0.004639126970515273,0.05446428571428563,-0.0357142857142857,0.03933878010449621,-0.01548568239320014,0.015125505609789425
600160.SH,2014-09-19,2014-09-22,3.9405814,2014-10-24,4.0261032,0.02170283806343898,-0.011829741010512818,0.033532579073951796,0.18196994991652748,-0.02170283806343909,0.02843229891300303,-0.018690329455393728,0.15353765100352446
600160.SH,2014-11-12,2014-11-13,4.6576488,2014-12-10,4.2826686,-0.08050847457627108,0.240301702979415,-0.3208101775556861,0.012711864406779627,-0.1313559322033898,0.30432022311636797,-0.028703055260494437,-0.29160835870958834
600160.SH,2015-01-13,2015-01-14,4.7102776,2015-02-10,4.5129196,-0.04189944134078216,-0.032917133492311845,-0.008982307848470317,0.06564245810055858,-0.10754189944134096,0.03952729947171463,-0.06726603909782469,0.02611515862884395
600160.SH,2015-03-16,2015-03-17,5.361559,2015-04-14,6.118098,0.14110429447852768,0.1885994524313459,-0.04749515795281822,0.2024539877300615,-0.01717791411042935,0.19828594888912887,-0.004593513429840268,0.004168038840932642
600160.SH,2015-04-13,2015-04-14,6.1904626,2015-05-12,6.1904626,0.0,0.07113854615144066,-0.07113854615144066,0.10308182784272057,-0.09564293304994687,0.0918186892701156,-0.021771944209167393,0.01126313857260497
600160.SH,2015-06-01,2015-06-02,7.75985707,2015-06-30,7.31510906,-0.057313943541488444,-0.12143802177530494,0.0641240782338165,0.22070145423438836,-0.19760479041916157,0.05679405853782726,-0.2141598406056483,0.1639073956965611
600160.SH,2015-12-14,2015-12-15,13.59468544,2016-01-12,11.43068766,-0.1591796874999999,-0.13270114059006455,-0.02647854690993534,0.18896484375,-0.1591796874999999,0.059053922480871046,-0.1438022725495114,0.12991092126912895
600160.SH,2016-11-28,2016-11-29,7.47107442,2016-12-26,7.01503038,-0.06104129263913827,-0.057715744145964365,-0.003325548493173902,0.007181328545780907,-0.10682226211849188,0.016398078108262215,-0.07341471016911705,-0.009216749562481308
600160.SH,2019-06-11,2019-06-12,6.55937425,2019-07-09,7.2474205,0.10489510489510478,0.02327196877791282,0.08162313611719196,0.11888111888111874,-0.015384615384615441,0.06354753331860397,-0.018366742984566642,0.055333585562514775
600160.SH,2021-02-18,2021-02-19,9.20264815,2021-03-18,8.5953668,-0.0659898477157359,-0.1032872700655193,0.03729742234978339,0.035532994923857864,-0.17664974619289342,0.009394422512669198,-0.1423277909092493,0.026138572411188665
600160.SH,2021-04-08,2021-04-09,8.65142354,2021-05-11,8.5953668,-0.00647948164146861,-0.015094522159051826,0.008615040517583217,0.01295896328293722,-0.08639308855291583,0.015894848870074085,-0.03916416613180185,-0.002935885587136866
600160.SH,2025-02-18,2025-02-19,24.618486,2025-03-18,24.686925,0.0027799841143762993,0.025984915698938682,-0.023204931584562383,0.04924543288324057,-0.08578236695790309,0.02957019754212009,-0.012926742146455172,0.01967523534112048
600276.SH,2016-05-31,2016-06-01,13.6939833,2016-06-30,14.41806093,0.05287560340459896,-0.006001017345937387,0.058876620750536346,0.08411275045150668,-0.010478061558611529,0.009072595259571381,-0.04380670175060397,0.0750401551919353
600221.SH,2019-06-11,2019-06-12,2.02,2019-07-09,1.99,-0.014851485148514865,0.02327196877791282,-0.038123453926427686,0.02970297029702973,-0.01980198019801982,0.06354753331860397,-0.018366742984566642,-0.03384456302157424
600221.SH,2023-03-24,2023-03-27,1.76,2023-04-24,1.68,-0.045454545454545525,-0.010106099893848475,-0.03534844556069705,0.03977272727272729,-0.051136363636363646,0.03637931502446201,-0.013768737466143488,0.0033934122482652818
600406.SH,2025-09-08,2025-09-09,21.62974792,2025-10-14,23.05739995,0.06600409932100582,0.020303596142637437,0.04570050317836838,0.08639091805005195,-0.00990099009900991,0.062401030943824765,-0.008102880389251887,0.02398988710622718
600372.SH,2017-10-26,2017-10-27,15.17184448,2017-11-23,13.5987488,-0.10368519675203003,0.02751197041091258,-0.1311971671629426,0.004996876951905094,-0.14241099312929417,0.06714651001502059,-0.008086054211428162,-0.062149633063115495
600372.SH,2024-07-11,2024-07-12,11.6551786,2024-08-08,12.32683296,0.057627118644068,-0.03382109092472951,0.09144820956879751,0.1093220338983052,-0.005084745762711784,0.024677160671735532,-0.0408477112601765,0.08464487322656966
600372.SH,2025-12-01,2025-12-02,12.2431848,2025-12-29,13.1588575,0.07479040094208167,0.014755824797768158,0.06003457614431351,0.09267647418014957,-0.010551948051948035,0.022795987794859807,-0.01916918833350556,0.06988048638528976
600233.SH,2014-09-23,2014-09-24,5.20954035,2014-10-28,5.38679442,0.03402489626556027,0.010551894084641855,0.023473002180918412,0.10207468879668058,-0.028215767634854894,0.0404337341135117,-0.012435712855003667,0.06164095468316888
600233.SH,2014-10-16,2014-10-17,5.43867366,2014-11-13,5.67645351,0.043720190779014345,0.05588030887082707,-0.012160118091812722,0.1558028616852145,-0.06915739268680454,0.06724603822329667,-0.033374781333828984,0.08855682346191784
600233.SH,2014-11-19,2014-11-20,5.62457427,2014-12-17,5.17495419,-0.07993850883935427,0.32894043768141157,-0.40887894652076584,0.05687932359723291,-0.12836279784780935,0.33970808057640434,-0.002350540576879112,-0.2828287569791714
600233.SH,2016-09-07,2016-09-08,20.14232885,2016-10-14,27.67721299,0.3740820734341255,-0.009634488593196822,0.3837165620273223,0.4850971922246221,-0.07041036717062632,0.002079983031796351,-0.03701818569637938,0.48301720919282576
600233.SH,2016-10-17,2016-10-18,28.82571727,2016-11-14,33.08910437,0.14790220344099025,0.04814615295532931,0.09975605048566094,0.2031391488077272,-0.021430727437367847,0.05498091625795487,0.0,0.14815823254977234
600233.SH,2018-01-02,2018-01-03,14.89577862,2018-01-30,14.54508342,-0.023543260741612726,0.04024040318126043,-0.06378366392287316,0.05297233666862855,-0.03590347263095928,0.07622633485357322,-0.0006672434778782765,-0.02325399818494467
600362.SH,2014-10-28,2014-10-29,10.9283157,2014-11-25,12.71703105,0.16367713004484297,0.10799017911035214,0.05568695093449083,0.177877428998505,-0.008221225710015045,0.10819729079759854,-0.0033459676963528695,0.06968013820090646
600362.SH,2023-03-17,2023-03-20,16.91159795,2023-04-17,19.2890905,0.14058355437665782,0.04712011179352271,0.0934634425831351,0.14429708222811666,-0.002122015915119402,0.04712011179352271,-0.006976723352039249,0.09717697043459395
600362.SH,2023-05-04,2023-05-05,18.49061187,2023-06-01,16.5975895,-0.10237748665696245,-0.05562427138276527,-0.04675321527419718,0.025715672003881584,-0.12032993692382332,0.01531978435832304,-0.06194129009028959,0.010395887645558544
600362.SH,2024-12-23,2024-12-24,19.55965935,2025-01-21,19.88170701,0.016464891041162222,-0.02600488007168178,0.042469771112844,0.040193704600484326,-0.0266343825665859,0.01850609139824222,-0.058662843891328253,0.021687613202242106
600362.SH,2025-09-12,2025-09-15,29.79159625,2025-10-20,36.28626175,0.2180032733224222,0.0007350790204985191,0.21726819430192368,0.41505728314238954,-0.08445171849427169,0.04221898293994841,-0.01761852214783055,0.37283830020244113
600362.SH,2025-10-24,2025-10-27,39.2995525,2025-11-21,34.78449225,-0.11488833746898253,-0.05229928216729951,-0.06258905530168302,0.12034739454094301,-0.11910669975186094,0.013289407272901066,-0.05238986854845751,0.10705798726804194
600362.SH,2026-01-13,2026-01-14,56.7793152,2026-02-10,54.8078112,-0.0347222222222221,-0.009102930145120758,-0.02561929207710134,0.22743055555555536,-0.09704861111111118,0.010572235358314419,-0.03974391737593308,0.21685832019724094
600346.SH,2012-11-01,2012-11-02,1.56819546,2012-11-29,1.39149738,-0.11267605633802824,-0.07929942930452105,-0.03337662703350719,0.05946791862284817,-0.12519561815336477,0.008848521561879652,-0.07982121051500124,0.05061939706096852
600346.SH,2013-11-04,2013-11-05,1.47739228,2013-12-02,1.43321776,-0.029900332225913595,0.021929253820635042,-0.05182958604654864,0.054817275747508276,-0.03986710963455142,0.04139577604986133,-0.037128139782093283,0.013421499697646944
600346.SH,2024-07-11,2024-07-12,13.475587,2024-08-08,12.95364525,-0.038732394366197354,-0.03382109092472951,-0.00491130344146784,0.03943661971830981,-0.07464788732394378,0.024677160671735532,-0.0408477112601765,0.014759459046574275
600415.SH,2017-03-15,2017-03-16,6.48067446,2017-04-14,6.42997818,-0.007822685788787531,0.004099624769855037,-0.011922310558642568,0.057366362451108266,-0.026075619295958363,0.015709036367862028,-0.014371870382162144,0.04165732608324624
600415.SH,2023-02-13,2023-02-14,4.59600812,2023-03-13,4.70500436,0.02371541501976293,-0.034341729123803066,0.058057144143566,0.09288537549407128,-0.035573122529644174,0.004011637948789781,-0.04543319152052383,0.0888737375452815
600438.SH,2014-09-24,2014-09-25,3.87595841,2014-10-29,3.77174443,-0.026887280248190315,-0.0008310837552267802,-0.026056196492963535,0.02585315408479838,-0.07135470527404342,0.014139428871417614,-0.03739387785962711,0.011713725213380766
600438.SH,2014-10-27,2014-10-28,3.72364567,2014-11-24,3.81182673,0.023681377825619077,0.11634427586904339,-0.09266289804342431,0.04305705059203446,-0.04413347685683522,0.12410314539084033,0.0,-0.08104609479880587
600426.SH,2023-04-17,2023-04-18,23.9281326,2023-05-18,20.54181208,-0.14152046783625738,-0.04426794637790732,-0.09725252145835006,0.017251461988304184,-0.14678362573099413,0.007334316299378418,-0.052249568816900016,0.009917145688925766
600426.SH,2024-07-11,2024-07-12,19.3783128,2024-08-08,17.44782179,-0.09962121212121211,-0.03382109092472951,-0.0658001211964826,0.026515151515151603,-0.13257575757575746,0.024677160671735532,-0.0408477112601765,0.0018379908434160708
600426.SH,2025-11-27,2025-11-28,21.3962954,2025-12-25,24.07654308,0.12526690391459083,0.029045457459222268,0.09622144645536856,0.13558718861209962,-0.035943060498220714,0.030955643727319737,-0.006035069688173467,0.10463154488477988
600426.SH,2025-12-15,2025-12-16,21.3582237,2026-01-14,25.34813786,0.1868092691622103,0.04392105657452472,0.14288821258768558,0.2078431372549021,-0.012477718360071388,0.06484035633320429,-0.012802111366740587,0.14300278092169783
600426.SH,2026-01-06,2026-01-07,25.31006616,2026-02-03,27.89132742,0.1019855595667869,-0.028523659959013403,0.1305092195258003,0.17900120336943437,-0.05204572803850782,0.008343121704730727,-0.04559679637001435,0.17065808166470364
600426.SH,2026-02-03,2026-02-04,27.9826995,2026-03-11,30.60203246,0.09360544217687083,0.012162048221038502,0.08144339395583233,0.19999999999999996,-0.056326530612244796,0.025514724491057628,-0.021299225633503283,0.17448527550894233
600436.SH,2020-08-21,2020-08-24,197.32560056,2020-09-18,231.77551188,0.1745840946244832,-0.0019624964459933336,0.17654659107047654,0.4135012982017503,-0.004711991537647897,0.03261585324551519,-0.039687544474463765,0.3808854449562351
600460.SH,2014-06-24,2014-06-25,5.626283,2014-07-22,5.55778912,-0.012173913043478257,0.023799496294110378,-0.035973409337588635,0.055652173913043335,-0.029565217391304355,0.026084569174581684,-0.0073263339941711525,0.02956760473846165
600460.SH,2015-06-12,2015-06-15,13.1358324,2015-07-13,7.93051374,-0.39626865671641787,-0.2133356393913053,-0.18293301732511258,0.0,-0.558955223880597,0.0015760138094520482,-0.33921988250310886,-0.0015760138094520482
600460.SH,2021-04-22,2021-04-23,29.40856849,2021-05-25,37.89733346,0.28864937689457726,0.0451286183613695,0.24352075853320776,0.32805658470865606,-0.036375884136072734,0.04628466096396333,-0.03201349199126713,0.28177192374469273
600460.SH,2021-06-04,2021-06-07,40.10619529,2021-07-05,62.48905476,0.5580898239824035,-0.03767311592650335,0.5957629399089068,0.5580898239824035,-0.0004939491232403004,0.006461798727455337,-0.044823386792086306,0.5516280252549481
600460.SH,2021-07-02,2021-07-05,58.34690048,2021-07-30,69.05902674,0.18359374999999978,-0.05175811077451997,0.23535186077451975,0.2700407608695652,-0.08016304347826086,0.019202828061854582,-0.08078353910074954,0.2508379328077106
600519.SH,2011-01-31,2011-02-01,95.62427,2011-03-07,95.2911967,-0.003483146067415732,0.08140670337179312,-0.08488984943920885,0.06067415730337089,-0.0196629213483146,0.08236535643181297,-0.01918084458112923,-0.021691199128442085
600519.SH,2014-11-10,2014-11-11,109.3005652,2014-12-08,122.52572108,0.12099805573558009,0.26157037710427766,-0.14057232136869757,0.1598185353208037,-0.02994167206740106,0.26855134775395006,-0.021564218336838192,-0.10873281243314636
600519.SH,2016-09-22,2016-09-23,240.62065432,2016-10-27,256.70145692,0.06683051646353788,0.01622462737817787,0.05060588908536001,0.07167867483671131,-0.031849707090431556,0.027502833143849603,-0.023642589221630428,0.044175841692861706
600519.SH,2022-09-09,2022-09-13,1642.4714,2022-10-17,1501.3761175,-0.08590425531914891,-0.06459134375643771,-0.0213129115627112,0.011797872340425508,-0.0973404255319148,0.003915114748075821,-0.10955385517694105,0.007882757592349687
600519.SH,2024-04-15,2024-04-16,1513.48738966,2024-05-16,1548.937103,0.02342253631063529,0.030281514192312287,-0.0068589778816769975,0.0674336081273379,-0.01453626260139651,0.04030505097182746,-0.010673738757030371,0.027128557155510435
600482.SH,2017-12-27,2017-12-28,23.7054225,2018-01-25,23.61022,-0.004016064257028051,0.09318364125993583,-0.09719970551696389,0.025301204819277112,-0.0590361445783133,0.10138299628073866,-0.0031960955643091093,-0.07608179146146155
600482.SH,2025-09-11,2025-09-12,22.09388022,2025-10-17,21.58949889,-0.022829006266785967,-0.006679589723210588,-0.01614941654357538,0.045658012533572156,-0.05863921217546997,0.039993570377793164,-0.019716165845965805,0.005664442155778993
600489.SH,2015-04-02,2015-04-03,10.30394592,2015-05-04,12.57498696,0.22040498442367595,0.16641256597360288,0.053992418450073076,0.3551401869158879,-0.032710280373831835,0.17891953364361424,-0.002993905481363579,0.17622065327227365
600489.SH,2015-06-15,2015-06-16,13.22500224,2015-07-14,8.45676936,-0.3605468485727834,-0.20384706828080568,-0.15669978029197773,0.059466019417475646,-0.5141856399413358,0.007604804934110643,-0.31504171132602676,0.051861214483365004
600489.SH,2017-04-07,2017-04-10,10.4168511,2017-05-08,9.1308201,-0.1234567901234569,-0.045645354685093675,-0.07781143543836322,0.09958847736625498,-0.12921810699588487,0.0010333971688838428,-0.051111818290305866,0.09855508019737114
600489.SH,2017-10-24,2017-10-25,8.80567296,2017-11-21,8.44450278,-0.041015625,0.06556950870681022,-0.10658513370681022,0.0302734375,-0.060546875,0.06621677817453842,-0.0010522550090117377,-0.035943340674538415
600489.SH,2017-11-22,2017-11-23,8.5132971,2017-12-20,8.26391769,-0.02929292929292948,-0.04340673920070781,0.01411380990777833,0.00808080808080791,-0.07474747474747478,0.00019248213666100966,-0.06121881302840615,0.007888325944146901
600489.SH,2019-02-12,2019-02-13,7.1269605,2019-03-12,7.57617498,0.06303030303030299,0.12510474779786196,-0.06207444476755897,0.11515151515151523,-0.0036363636363636598,0.1644207120962773,-0.0025873492523021957,-0.04926919694476206
600547.SH,2017-11-02,2017-11-03,14.7344918,2017-11-30,14.74917734,0.0009966777408636496,0.003444087678707408,-0.0024474099378437586,0.058471760797342176,-0.030564784053156213,0.06720103878693973,-0.007344798763835647,-0.00872927798959755
600547.SH,2018-05-30,2018-05-31,13.713966,2018-06-28,11.6101748,-0.1534050179211469,-0.08688833500698134,-0.06651668291416557,0.03405017921146958,-0.15734767025089602,0.02948607671575587,-0.08864279817939102,0.004564102495713707
600547.SH,2019-04-22,2019-04-23,14.8346772,2019-05-23,14.4316144,-0.02717031146454596,-0.1088273477376196,0.08165703627307364,0.06660039761431413,-0.05997349237905891,0.00981145193226518,-0.11028248020017761,0.05678894568204895
600549.SH,2024-07-09,2024-07-10,16.2621144,2024-08-06,15.95235984,-0.019047619047619202,-0.024198996007392948,0.005151376959773746,0.05357142857142838,-0.0547619047619049,0.03486883289435139,-0.03130776432508553,0.018702595677076994
600515.SH,2023-03-17,2023-03-20,4.14,2023-04-17,4.68,0.13043478260869557,0.04712011179352271,0.08331467081517285,0.20772946859903385,-0.02415458937198056,0.04712011179352271,-0.006976723352039249,0.16060935680551114
600522.SH,2025-09-05,2025-09-08,16.3004848,2025-10-13,18.80519344,0.153658536585366,0.028386925026548937,0.12527161155881705,0.23353658536585375,-0.06402439024390238,0.05801785931865178,-0.0121951724551832,0.17551872604720198
600522.SH,2026-05-06,2026-05-07,35.8809452,2026-06-03,44.70706136,0.24598337950138505,0.008784876653767038,0.237198502847618,0.31301939058171757,-0.030470914127423865,0.027517177427240025,-0.024973670799998682,0.28550221315447755
600522.SH,2026-06-16,2026-06-17,52.3305198,2026-07-15,40.7,-0.22225118046696712,-0.015004708519939514,-0.2072464719470276,0.2934472934472936,-0.24026590693257355,0.042093987177647785,-0.04334768565606473,0.2513533062696458
600584.SH,2013-10-21,2013-10-22,6.224544,2013-11-18,6.1661889,-0.009375000000000022,-0.016739972189106056,0.007364972189106034,0.012499999999999956,-0.171875,0.001666629558486843,-0.07742075210858812,0.010833370441513113
600600.SH,2010-11-24,2010-11-25,28.58286366,2010-12-22,28.20459582,-0.013234077750206796,0.005468477609980038,-0.018702555360186834,0.038047973531844415,-0.0667218086572926,0.026519051959605466,-0.043004535696919755,0.011528921572238948
600600.SH,2010-12-31,2011-01-04,27.4244184,2011-01-31,25.611885,-0.06609195402298851,-0.025050727969737174,-0.041041226053251334,0.013218390804597746,-0.13074712643678166,0.017221365356417273,-0.07491387415914208,-0.004002974551819527
600600.SH,2012-06-29,2012-07-02,30.3294636,2012-07-27,28.6757332,-0.054525540636333636,-0.0503071502640946,-0.004218390372239034,0.03498694516971268,-0.07661729434608278,0.006873535755363314,-0.053466583385384125,0.028113409414349366
600600.SH,2023-02-09,2023-02-10,90.2516072,2023-03-09,99.197056,0.09911678115799805,-0.025277790400064726,0.12439457155806277,0.14504416094210026,-0.010304219823356164,0.0106209148345775,-0.02987525564980431,0.13442324610752276
600660.SH,2017-08-01,2017-08-02,17.91798528,2017-08-29,17.38741888,-0.029610829103214997,0.017606316873896688,-0.047217145977111685,0.014805414551607443,-0.0693739424703892,0.026205929473357648,-0.032667912710415914,-0.011400514921750204
600660.SH,2025-08-05,2025-08-06,54.03147876,2025-09-02,64.28449836,0.1897601145721446,0.0951179904791899,0.0946421240929547,0.20175438596491224,-0.014500537056928109,0.10937037967472807,-0.0013673937427463034,0.09238400629018417
600585.SH,2020-09-14,2020-09-15,44.26338588,2020-10-20,40.69714152,-0.08056872037914686,0.03097572545828675,-0.11154444583743361,0.02894380501015581,-0.09123222748815163,0.04304980600704522,-0.020373884448026347,-0.014106000996889412
600674.SH,2011-04-28,2011-04-29,3.02349776,2011-05-27,2.73712265,-0.09471649484536093,-0.06258782382911576,-0.03212867101624517,0.06314432989690721,-0.09922680412371132,0.01610074535977013,-0.06298040148578465,0.047043584537137084
600674.SH,2013-03-19,2013-03-20,3.12020025,2013-04-18,3.15545675,0.011299435028248705,-0.02458163300841154,0.035881068036660246,0.09830508474576272,-0.012429378531073398,0.04536701691513301,-0.043669330201252965,0.05293806783062971
600674.SH,2019-10-30,2019-10-31,8.03685231,2019-11-27,7.81565454,-0.02752293577981657,-0.007996449321564958,-0.019526486458251613,0.03669724770642202,-0.07033639143730896,0.031682484573924974,-0.018776208713956577,0.0050147631324970465
600570.SH,2019-04-16,2019-04-17,28.28570584,2019-05-17,25.72770888,-0.09043426296198787,-0.10585321158021976,0.015418948618231898,0.01421590404264772,-0.18924922256774768,0.011118879353799738,-0.1215215365338983,0.0030970246888479824
600570.SH,2019-11-20,2019-11-21,31.4012508,2019-12-18,32.58597162,0.03772845953002624,0.03549662745706228,0.0022318320729639574,0.08146214099216698,-0.07088772845953006,0.04431744039538432,-0.023034818755185205,0.037144700596782654
600570.SH,2020-02-12,2020-02-13,40.2149178,2020-03-11,38.36199804,-0.04607543323139651,0.0106761752438298,-0.05675160847522631,0.09887869520897041,-0.07563710499490317,0.057697745162605285,-0.01450346536205982,0.04118095004636513
600570.SH,2020-03-03,2020-03-04,42.2646078,2020-03-31,36.0335502,-0.1474296799224054,-0.09619811111882093,-0.05123156880358448,0.02609117361784663,-0.19010669253152268,0.03367709542162434,-0.14105983598377736,-0.0075859218037777065
600570.SH,2020-06-08,2020-06-09,45.8380296,2020-07-08,64.5266655,0.4077102803738317,0.1853337154669752,0.22237656490685653,0.4278037383177571,-0.007242990654205528,0.19262351140378686,-0.024906436557526668,0.23518022691397023
600690.SH,2013-02-28,2013-03-01,4.82535616,2013-03-28,4.70087808,-0.025796661608497806,-0.06457717185372491,0.03878051024522711,0.02427921092564489,-0.09711684370257978,0.003372953939641432,-0.06736476183846207,0.020906256986003457
600690.SH,2016-09-19,2016-09-20,8.4519938,2016-10-24,8.3146287,-0.016252390057361454,0.031523295652080785,-0.04777568570944224,0.03632887189292533,-0.03824091778202676,0.03619391269854644,-0.01538412057592442,0.00013495919437889192
600690.SH,2024-12-02,2024-12-03,27.25505136,2024-12-30,26.97801088,-0.010164738871363488,0.013264614716170575,-0.023429353587534063,0.0813179109709079,-0.01857693655800907,0.038431314600433364,-0.011897397711720603,0.04288659637047454
600690.SH,2025-01-07,2025-01-08,27.1308608,2025-02-12,25.54504288,-0.058450704225352146,0.03665462394687902,-0.09510532817223116,0.04401408450704225,-0.07042253521126773,0.036882378656220904,-0.02040422493977534,0.007131705850821346
600690.SH,2026-01-29,2026-01-30,25.38,2026-03-06,24.86,-0.02048857368006307,-0.013262952720903942,-0.007225620959159129,0.04373522458628831,-0.048463356973995286,0.009205368275496228,-0.031177974716080525,0.034529856310792084
600741.SH,2022-08-11,2022-08-12,16.74428448,2022-09-08,15.24516312,-0.08953033268101762,-0.035297864828533365,-0.054232467852484256,0.018101761252446114,-0.10616438356164382,0.008927729432573583,-0.04842543531410681,0.00917403181987253
600795.SH,2021-07-22,2021-07-23,1.97816448,2021-08-19,2.16904,0.0964912280701753,-0.055056886587610876,0.15154811465778617,0.10087719298245612,-0.030701754385965008,0.0,-0.09358398134515777,0.10087719298245612
600893.SH,2019-06-19,2019-06-20,21.63878039,2019-07-17,23.13481898,0.06913691821057388,0.023043387889186695,0.04609353032138719,0.1048350655219159,-0.008133755083596927,0.06009345133466759,-0.00047217742900462767,0.04474161418724831
600893.SH,2025-01-09,2025-01-10,38.7751145,2025-02-14,38.327135,-0.011553273427471145,0.042371061703576185,-0.05392433513104733,0.02156611039794587,-0.04852374839537876,0.04317211644638341,-0.019790320593375932,-0.021606006048437543
600809.SH,2012-06-29,2012-07-02,20.8838597,2012-07-27,19.2601816,-0.07774798927613935,-0.0503071502640946,-0.02744083901204475,0.11528150134048265,-0.08873994638069693,0.006873535755363314,-0.053466583385384125,0.10840796558511934
600809.SH,2019-12-26,2019-12-27,53.349514,2020-02-03,51.47180075,-0.035196445275958776,-0.08460344307680467,0.0494069978008459,0.1497895229186157,-0.035196445275958776,0.04821300268412565,-0.09662778014243367,0.10157652023449004
600809.SH,2025-10-31,2025-11-03,180.71847988,2025-11-28,184.9252193,0.023277859700863823,-0.023738851604609423,0.04701671130547325,0.07215083210448703,-0.020328628607541588,0.015182071218560633,-0.04635160843769226,0.056968760885926395
600845.SH,2010-10-08,2010-10-11,2.7497544,2010-11-05,2.97455184,0.08175182481751819,0.14714315317276094,-0.06539132835524275,0.13138686131386845,-0.05291970802919699,0.15811413311924838,0.0,-0.026727271805379926
600845.SH,2011-05-06,2011-05-09,2.47076472,2011-06-03,2.3127475,-0.06395478238818308,-0.04475347539871921,-0.019201306989463873,0.026807473598700282,-0.08000127183295702,0.012279848764978007,-0.06501186721513885,0.014527624833722275
600803.SH,2017-03-02,2017-03-03,10.32915818,2017-03-30,9.89468884,-0.042062415196743475,0.003531734363351857,-0.04559414956009533,0.04409769335142477,-0.09905020352781546,0.023744234104202233,-0.003496694419275692,0.02035345924722254
600803.SH,2020-11-24,2020-11-25,11.90633577,2020-12-22,10.46895117,-0.12072434607645877,-0.005602908026616005,-0.11512143804984276,0.03219315895372232,-0.12474849094567408,0.019600794480536976,-0.028720043592839417,0.012592364473185347
600803.SH,2021-01-21,2021-01-22,12.1379144,2021-02-25,12.22575457,0.007236842105263097,-0.01668721243194682,0.023924054537209916,0.19802631578947372,-0.006578947368421129,0.06625460077423706,-0.049310465899572775,0.13177171501523666
600803.SH,2021-03-22,2021-03-23,14.03845626,2021-04-20,13.71105199,-0.023321956769055796,0.005201081924386397,-0.028523038693442193,0.07451649601820254,-0.0989761092150171,0.024537126607395487,-0.034289011851779794,0.04997936941080705
600803.SH,2025-09-08,2025-09-09,17.2676965,2025-10-14,17.32369984,0.00324324324324321,0.020303596142637437,-0.017060352899394227,0.044324324324324316,-0.031351351351351364,0.062401030943824765,-0.008102880389251887,-0.01807670661950045
600886.SH,2016-11-10,2016-11-11,5.02880835,2016-12-08,5.25145788,0.04427480916030535,0.02426099810268645,0.020013811057618902,0.1190839694656487,-0.003053435114503955,0.05778453506370229,-0.0014920535970445181,0.06129943440194641
600886.SH,2017-09-08,2017-09-11,5.88646458,2017-10-13,5.96526598,0.01338688085676032,0.024203428011394967,-0.010816547154634648,0.01740294511378848,-0.025435073627844695,0.02581587538417418,-0.005213745271451686,-0.008412930270385699
600886.SH,2023-05-22,2023-05-23,11.51802496,2023-06-19,10.98313216,-0.04643962848297212,-0.009406374310631627,-0.03703325417234049,0.02089783281733748,-0.07507739938080493,0.0009335133562919928,-0.04799600305889162,0.019964319461045488
600886.SH,2023-07-31,2023-08-01,11.33972736,2023-08-28,11.63167866,0.02574588354124252,-0.0639940091536354,0.08973989269487792,0.0739029672755731,0.0,0.012236906815256132,-0.07835815730142137,0.061666060460316974
600886.SH,2024-03-26,2024-03-27,13.44287119,2024-04-25,14.21649614,0.057549085985104886,-0.0023859162358051966,0.05993500222091008,0.10088016249153697,-0.011509817197021044,0.018104207267454875,-0.019403404232327337,0.0827759552240821
600886.SH,2024-04-30,2024-05-06,14.63516376,2024-05-31,16.12780484,0.10199004975124382,-0.020285390300648687,0.1222754400518925,0.1181592039800996,-0.045398009950248785,0.013404365048794498,-0.020285390300648687,0.1047548389313051
600886.SH,2024-06-28,2024-07-01,16.61018275,2024-07-26,16.04589161,-0.03397260273972591,-0.014160430107178712,-0.019812172632547198,0.05260273972602758,-0.04767123287671238,0.025178734206380282,-0.021532337789403888,0.0274240055196473
600886.SH,2024-07-19,2024-07-22,16.8377195,2024-08-16,15.89450496,-0.05601795064943316,-0.05447861593535519,-0.0015393347140779667,0.011891891891891992,-0.09999999999999998,0.0005048042601838443,-0.06794879563120193,0.011387087631708148
600886.SH,2026-05-19,2026-05-20,13.22078894,2026-06-16,13.10490182,-0.00876552227903582,0.011309250064327259,-0.02007477234336308,0.0774287801314828,-0.044558071585098724,0.03359267157829571,-0.03148175705758949,0.04383610855318709
600875.SH,2017-04-10,2017-04-11,8.98869147,2017-05-09,8.23747518,-0.08357348703170009,-0.04318047484623255,-0.040393012185467536,0.024975984630163373,-0.1104707012487991,0.005499126812410049,-0.05029897292362151,0.019476857817753324
600875.SH,2025-09-25,2025-09-26,18.55864692,2025-10-31,20.47140387,0.10306553911205074,0.013929341301613052,0.08913619781043769,0.16807610993657507,-0.01004228329809742,0.04040270189028217,-0.018800461673500468,0.1276734080462929
600918.SH,2022-08-05,2022-08-08,7.02766418,2022-09-02,7.11563216,0.012517385257301727,-0.02860811724726553,0.04112550250456726,0.04589707927677322,-0.006954102920723293,0.019476903939153134,-0.03312323032571485,0.02642017533762009
600919.SH,2020-11-09,2020-11-10,4.13339667,2020-12-07,4.10633679,-0.006546644844517058,0.005369426341279571,-0.011916071185796628,0.05891980360065485,-0.02782324058919794,0.019056644089819663,-0.033962119565458804,0.03986315951083519
600919.SH,2023-03-22,2023-03-23,5.57433536,2023-04-20,5.91481323,0.061079545454545414,0.03186819604892399,0.029211349405621423,0.07102272727272729,-0.01562500000000011,0.04608011334089723,-0.0005260922699108495,0.02494261393183006
600919.SH,2025-08-20,2025-08-21,10.66978356,2025-09-17,9.7774707,-0.08362989323843417,0.06223825797353899,-0.14586815121197316,0.011565836298932375,-0.08718861209964424,0.0659452897078574,-0.0025018607164569717,-0.05437945340892503
600919.SH,2025-09-23,2025-09-24,9.66355842,2025-10-29,9.98630988,0.03339882121807469,0.05618619801778579,-0.0227873767997111,0.09724950884086447,-0.03143418467583492,0.05618619801778579,-0.0009787630137741976,0.04106331082307868
600930.SH,2025-11-28,2025-12-01,6.50649482,2025-12-26,6.28895244,-0.033434650455927084,0.02600736250673208,-0.05944201296265916,0.045592705167173175,-0.042553191489361764,0.0301691203472374,-0.01209857437708517,0.015423584819935776
600989.SH,2024-12-23,2024-12-24,14.77449195,2025-01-21,15.7670202,0.06717850287907856,-0.02600488007168178,0.09318338295076034,0.11196417146513116,-0.0038387715930902067,0.01850609139824222,-0.058662843891328253,0.09345808006688894
600989.SH,2025-12-18,2025-12-19,17.82754896,2026-01-19,20.93356551,0.17422566371681403,0.03794530808915009,0.13628035562766394,0.19081858407079633,-0.006637168141592986,0.060416459263832545,-0.003184655216415311,0.13040212480696378
600941.SH,2024-05-10,2024-05-13,90.3844046,2024-06-07,92.511152,0.023530026108065982,-0.019810171220303596,0.04334019732836958,0.03376532636914664,-0.04006346687822282,0.015544205572636915,-0.025851556561054423,0.018221120796509727
600941.SH,2025-03-05,2025-03-06,101.4985434,2025-04-02,100.89873668,-0.00590951061865197,-0.009939611550002558,0.004030100931350589,0.0026777469990766356,-0.03416435826408126,0.025976640005064944,-0.012993812711668551,-0.023298893005988308
600999.SH,2022-08-05,2022-08-08,12.3499042,2022-09-02,12.0567314,-0.023738872403560762,-0.02860811724726553,0.0048692448437047675,0.034866468842730036,-0.04080118694362023,0.019476903939153134,-0.03312323032571485,0.015389564903576902
600999.SH,2023-03-17,2023-03-20,12.7163702,2023-04-17,13.29355415,0.04538904899135443,0.04712011179352271,-0.0017310628021682817,0.04755043227665712,-0.016570605187319787,0.04712011179352271,-0.006976723352039249,0.0004303204831344054
600999.SH,2024-07-09,2024-07-10,12.789907,2024-08-06,13.86942912,0.08440421967102663,-0.024198996007392948,0.10860321567841957,0.1279872230501755,-0.0007256894049346707,0.03486883289435139,-0.03130776432508553,0.09311839015582413
600999.SH,2025-10-27,2025-10-28,17.01557591,2025-11-24,16.00775284,-0.05922944220816562,-0.05314907886210607,-0.006080363346059547,0.020126509488211708,-0.06843013225991945,0.013646214530484535,-0.05873380017322005,0.006480294957727173
600926.SH,2021-12-07,2021-12-08,11.7511233,2022-01-05,10.85103726,-0.07659574468085106,-0.013433309981652042,-0.06316243469919902,0.024822695035461084,-0.10425531914893615,0.04244389638338619,-0.016703551892856106,-0.01762120134792511
600926.SH,2025-09-09,2025-09-10,15.32281575,2025-10-15,15.43795275,0.007514088916718675,0.037849651346220536,-0.03033556242950186,0.016280525986224204,-0.0651221039448967,0.06489987449698642,-0.005341257028197877,-0.04861934851076222
600926.SH,2026-06-08,2026-06-09,15.79138044,2026-07-07,15.34,-0.028583976031420266,0.01029037828053636,-0.03887435431195663,0.04614033350462421,-0.09190966207891571,0.06763323449881065,-0.012216655365118623,-0.021492900994186437
600958.SH,2017-11-02,2017-11-03,12.4690716,2017-11-30,12.7135632,0.019607843137254832,0.003444087678707408,0.016163755458547424,0.08562091503267988,-0.007843137254901933,0.06720103878693973,-0.007344798763835647,0.018419876245740152
600958.SH,2024-12-24,2024-12-25,10.2505251,2025-01-22,9.3883314,-0.08411214953271029,-0.04787894208554022,-0.03623320744717007,0.05327102803738315,-0.12803738317757007,0.004966680046119887,-0.07117641753141835,0.04830434799126326
601012.SH,2020-08-27,2020-08-28,31.07223,2020-09-24,34.3718049,0.10619047619047617,-0.03474003721369445,0.14093051340417062,0.22206349206349207,-0.055396825396825444,0.03679051346944506,-0.03580519248652314,0.185272978594047
601012.SH,2020-10-09,2020-10-12,40.8476522,2020-11-06,35.2741116,-0.13644702448773793,0.03836817752862309,-0.17481520201636103,0.005433470176285926,-0.20460632985902671,0.04089978715623355,-0.014002925238932429,-0.03546631697994762
601058.SH,2016-06-15,2016-06-16,2.73004858,2016-07-13,3.01218126,0.10334346504559266,0.05750167023046915,0.045841794815123516,0.1063829787234043,-0.042553191489361764,0.06333958475203594,-0.022676801223568632,0.04304339397136836
601006.SH,2019-03-29,2019-04-01,5.16632391,2019-04-29,5.17249634,0.0011947431302270495,-0.00021429474088396905,0.0014090378711110185,0.027479091995221028,-0.017921146953404965,0.05765476963443539,-0.006592126616406402,-0.03017567763921436
601006.SH,2023-05-18,2023-05-19,6.3460456,2023-06-15,6.0853608,-0.04107830551989733,-0.005251124398364393,-0.035827181121532936,0.0,-0.05905006418485248,0.009928890205478824,-0.04268546507082793,-0.009928890205478824
601006.SH,2025-07-22,2025-07-23,6.2734197,2025-08-19,6.13933134,-0.021374045801526687,0.022819843010697838,-0.044193888812224524,0.04122137404580162,-0.022900763358778664,0.034828641146177564,-0.02208925638792858,0.006392732899624054
601009.SH,2012-03-22,2012-03-23,1.86437586,2012-04-24,1.95080388,0.04635761589403975,0.011469999732072855,0.034887616161966895,0.09823399558498891,-0.05408388520971308,0.025227087666925385,-0.05653456823152958,0.07300690791806352
601009.SH,2014-01-13,2014-01-14,1.77937044,2014-02-17,1.81290129,0.018844221105527748,0.054177588556231004,-0.03533336745070326,0.03643216080402012,-0.0201005025125629,0.05597069376572161,-0.016593063619664727,-0.019538532961701494
601009.SH,2014-08-11,2014-08-12,1.9642282,2014-09-09,2.00682592,0.02168674698795181,0.03559845330916467,-0.013911706321212858,0.032530120481927716,-0.02289156626506028,0.039693457057306425,-0.021824349792687547,-0.007163336575378709
601009.SH,2014-10-15,2014-10-16,2.12041984,2014-11-12,2.66472404,0.2566964285714286,0.05935153093057988,0.19734489764084873,0.3638392857142858,-0.008928571428571286,0.06264067149917851,-0.03564276870910521,0.3011986142151073
601009.SH,2014-11-07,2014-11-10,2.6386921,2014-12-05,3.22796056,0.2233183856502241,0.2352154097310888,-0.011897024080864682,0.29058295964125547,-0.06816143497757843,0.2632461469743026,-0.005976686180494295,0.02733681266695287
601009.SH,2014-12-16,2014-12-17,3.26345866,2015-01-15,3.2894906,0.007976794778825402,0.08367891226825264,-0.07570211748942723,0.12400290065264685,-0.06598984771573602,0.10942654743792501,-0.041290568942396244,0.014576353214721838
601009.SH,2017-03-16,2017-03-17,5.41089916,2017-04-17,5.05077276,-0.06655574043261225,-0.001540465112008671,-0.06501527532060358,0.005823627287853794,-0.0873544093178037,0.011908262992886387,-0.01806008129547121,-0.006084635705032593
601009.SH,2017-04-21,2017-04-24,5.0642775,2017-05-22,4.65013214,-0.08177777777777773,-0.013587594571555117,-0.06819018320622261,0.009777777777777885,-0.11644444444444446,0.002410772222074531,-0.04202614749519129,0.007367005555703354
601009.SH,2017-11-07,2017-11-08,4.99398375,2017-12-05,5.2710693,0.05548387096774188,-0.0027947721987918728,0.05827864316653375,0.09677419354838701,-0.002580645161290418,0.05162195763388966,-0.017073952737916565,0.04515223591449735
601009.SH,2020-08-28,2020-08-31,6.5787183,2020-09-25,5.99146548,-0.08926553672316395,-0.0617770880355033,-0.02748844868766065,0.003389830508474523,-0.09265536723163847,0.006216015627558358,-0.06491851859942166,-0.002826185119083835
601009.SH,2020-10-12,2020-10-13,6.0211998,2020-11-09,6.0583677,0.006172839506172867,0.03499986255684684,-0.028827023050673972,0.07037037037037042,-0.06790123456790109,0.03841817662116265,-0.03606911418812475,0.03195219374920777
601009.SH,2025-09-23,2025-09-24,10.39008448,2025-10-29,10.63837694,0.023897058823529438,0.05618619801778579,-0.032289139194256355,0.08455882352941169,-0.016544117647058876,0.05618619801778579,-0.0009787630137741976,0.028372625511625893
601009.SH,2026-04-15,2026-04-16,10.96227151,2026-05-18,10.795433,-0.015219337511190867,0.029629320989685848,-0.044848658500876715,0.06982990152193369,-0.022381378692927445,0.07159287401588954,-0.001068691840793834,-0.00176297249395585
601021.SH,2024-05-16,2024-05-17,52.77929095,2024-06-14,54.36333765,0.03001265593925151,-0.02666663881683118,0.05667929475608269,0.0703308624118606,-0.0003615982643282445,0.01771782709830938,-0.03711302046773268,0.052613035313551215
601021.SH,2025-02-24,2025-02-25,50.250356,2025-03-24,50.85915839,0.012115384615384528,0.00030826441490772183,0.011807120200476806,0.04711538461538467,-0.021923076923076823,0.02330235944556125,-0.019806255586434562,0.02381302516982342
601018.SH,2013-03-20,2013-03-21,1.82279412,2013-04-19,1.81556081,-0.003968253968253954,-0.029772398318259286,0.02580414435000533,0.011904761904761862,-0.031746031746031744,0.011498403265456147,-0.07465327502890962,0.00040635863930571503
601018.SH,2013-05-03,2013-05-06,1.77939426,2013-05-31,1.76492764,-0.008130081300812941,0.041329967742425255,-0.0494600490432382,0.004065040650406582,-0.016260162601625994,0.06322508627722656,-0.009231403552088846,-0.05916004562681998
601018.SH,2021-05-06,2021-05-07,3.44047278,2021-06-03,3.62019897,0.052238805970149294,0.035839499052263246,0.016399306917886047,0.07711442786069655,-0.00497512437810943,0.060120958193502494,-0.029080811472196877,0.01699346966719406
601018.SH,2022-08-11,2022-08-12,3.4142778,2022-09-08,3.5215326,0.03141361256544517,-0.035297864828533365,0.06671147739397854,0.03664921465968596,-0.005235602094240788,0.008927729432573583,-0.04842543531410681,0.027721485227112375
601018.SH,2022-09-21,2022-09-22,3.396402,2022-10-26,3.1818924,-0.06315789473684208,-0.05632630312560416,-0.006831591611237919,0.010526315789473717,-0.0736842105263158,0.0064762201448806955,-0.07237759533622334,0.004050095644593021
601018.SH,2025-01-14,2025-01-15,3.42291404,2025-02-19,3.34768516,-0.02197802197802201,0.03415320062782623,-0.05613122260584824,0.008241758241758212,-0.03571428571428581,0.040783847855687894,-0.00885797567282387,-0.03254208961392968
601018.SH,2025-09-08,2025-09-09,3.49271471,2025-10-14,3.68621691,0.05540166204986163,0.020303596142637437,0.035098065907224196,0.09972299168975063,-0.005540166204986208,0.062401030943824765,-0.008102880389251887,0.037321960745925864
601018.SH,2026-04-28,2026-04-29,3.74426496,2026-05-29,3.48,-0.07057859495071639,0.032621284874510215,-0.1031998798252266,0.0,-0.08927385309825941,0.06183399082505381,-9.743380342952523e-05,-0.06183399082505381
601077.SH,2020-10-09,2020-10-12,3.56119976,2020-11-06,3.1505644,-0.11530815109343939,0.03836817752862309,-0.15367632862206249,0.031809145129224614,-0.12922465208747513,0.04089978715623355,-0.014002925238932429,-0.009090642027008933
601077.SH,2025-03-13,2025-03-14,5.25716466,2025-04-11,5.75383084,0.09447415329768272,-0.04314177825434362,0.13761593155202634,0.1016042780748665,-0.0017825311942959443,0.026962616413511276,-0.10345386138473411,0.07464166166135522
601077.SH,2025-08-20,2025-08-21,6.25719836,2025-09-17,6.1335759,-0.019756838905775065,0.06223825797353899,-0.08199509687931406,0.028875379939209633,-0.054711246200607966,0.0659452897078574,-0.0025018607164569717,-0.03706990976864777
601066.SH,2023-03-23,2023-03-24,25.28548596,2023-04-21,23.79414261,-0.05898021308980206,-0.0006416603827301692,-0.05833855270707189,0.03691019786910199,-0.06240487062404865,0.03333486652462847,-0.012703497688466348,0.00357533134447352
601066.SH,2023-04-28,2023-05-04,24.18862698,2023-05-31,24.42916623,0.00994431185361977,-0.053551622506930574,0.06349593436055034,0.1714399363564041,-0.00676213206046139,0.019778090851179098,-0.05782223981519441,0.151661845505225
601066.SH,2025-12-01,2025-12-02,25.01100248,2025-12-29,26.58164572,0.06279809220985699,0.014755824797768158,0.048042267412088835,0.09856915739268701,-0.0011923688394276377,0.022795987794859807,-0.01916918833350556,0.0757731695978272
601088.SH,2014-10-28,2014-10-29,6.68719744,2014-11-25,7.12600192,0.06561859193438146,0.10799017911035214,-0.04237158717597067,0.09022556390977443,-0.004784688995215336,0.10819729079759854,-0.0033459676963528695,-0.017971726887824113
601088.SH,2016-06-17,2016-06-20,6.37984135,2016-07-15,7.35543684,0.15291845619327193,0.051806378747865756,0.10111207744540618,0.18311933258340352,-0.011070110701107083,0.059740165513822996,-0.025985053802586644,0.12337916706958052
601088.SH,2019-08-12,2019-08-13,11.13108885,2019-09-09,11.941398,0.07279693486590033,0.08090192965148968,-0.008104994785589348,0.08702791461412174,-0.008210180623973717,0.08424588623419504,-0.017269627210463767,0.002782028379926693
601088.SH,2026-05-14,2026-05-15,44.05358,2026-06-11,46.131395,0.04716563330380863,-0.038522933654731584,0.08568856695854021,0.13330380868024805,-0.02037201062887506,0.016334765806401697,-0.04765311453203569,0.11696904287384635
601138.SH,2019-11-04,2019-11-05,13.26783105,2019-12-02,14.2832691,0.0765338393421886,-0.036678247614646886,0.11321208695683549,0.08349146110056926,-0.056293485135989974,0.012185233224053071,-0.04452056256537029,0.07130622787651619
601138.SH,2019-11-29,2019-12-02,13.97276325,2019-12-27,14.69447955,0.05165165165165164,0.04862844908319919,0.0030232025684524544,0.16636636636636637,-0.0030030030030030463,0.06038906930808707,-0.006227069554208153,0.1059772970582793
601138.SH,2019-12-31,2020-01-02,15.38262765,2020-02-06,15.8777586,0.03218767048554283,-0.053762264191230646,0.08594993467677348,0.1456628477905073,-0.06710310965630106,0.024787763615205405,-0.11681614850286848,0.1208750841753019
601138.SH,2020-02-17,2020-02-18,16.112736,2020-03-16,12.0006315,-0.25520833333333337,-0.08403081110738997,-0.1711775222259434,0.07291666666666652,-0.26197916666666676,0.03587863967815852,-0.08583115613400161,0.037038026988508
601138.SH,2023-04-06,2023-04-07,17.1903669,2023-05-09,13.4557185,-0.21725239616613423,-0.01684822300680977,-0.20040417315932446,0.05804046858359957,-0.23588924387646437,0.017761449880323132,-0.041852342584122404,0.04027901870327644
601138.SH,2023-06-16,2023-06-19,22.4261975,2023-07-18,23.36901315,0.04204081632653067,-0.025800494395712303,0.06784131072224298,0.11265306122448981,-0.12938775510204092,0.0,-0.03941817311744744,0.11265306122448981
601138.SH,2024-06-26,2024-06-27,25.01923368,2024-07-24,22.7959272,-0.0888638920134982,-0.014167409417986776,-0.07469648259551143,0.10498687664041984,-0.09411323584551934,0.022510239124009512,-0.023788096336249787,0.08247663751641032
601138.SH,2025-09-05,2025-09-08,54.07435,2025-10-13,62.4116316,0.1541818181818182,0.028386925026548937,0.12579489315526926,0.3585454545454545,-0.13636363636363635,0.05801785931865178,-0.0121951724551832,0.3005275952268027
601136.SH,2025-11-18,2025-11-19,19.92674739,2025-12-16,19.1051279,-0.04123199205166417,-0.01542938634575275,-0.02580260570591142,0.08147044212617982,-0.04719324391455537,0.01589065674059298,-0.03201029588971116,0.06557978538558684
601127.SH,2020-10-09,2020-10-12,8.49409176,2020-11-06,9.96196476,0.1728110599078343,0.03836817752862309,0.1344428823792112,0.2753456221198156,-0.024193548387096753,0.04089978715623355,-0.014002925238932429,0.23444583496358207
601127.SH,2025-02-07,2025-02-10,129.5339193,2025-03-07,131.97647484,0.018856493752366532,0.011778038765170473,0.007078454987196059,0.044907232109049344,-0.11389625141991677,0.025100239159962623,-0.010871161590602751,0.01980699294908672
601117.SH,2017-11-09,2017-11-10,5.2783055,2017-12-07,5.07529375,-0.038461538461538436,-0.0243767253129763,-0.014084813148562136,0.024615384615384484,-0.06000000000000005,0.04676906430915251,-0.02807745715523957,-0.022153679693768025
601117.SH,2024-12-18,2024-12-19,7.64447167,2025-01-16,7.06375838,-0.07596513075965128,-0.02850450732243215,-0.04746062343721913,0.06351183063511834,-0.09464508094645085,0.024507973779733794,-0.053115704860931534,0.039003856855384544
601117.SH,2025-02-26,2025-02-27,6.9495197,2025-03-26,7.13039761,0.026027397260274032,-0.010529217721452877,0.03655661498172691,0.042465753424657526,-0.02465753424657524,0.016216730683564995,-0.026593388366533466,0.02624902274109253
601169.SH,2012-04-12,2012-04-13,1.99506825,2012-05-14,2.04367905,0.024365482233502656,0.015720847579000274,0.008644634654502381,0.08527918781725896,-0.010152284263959421,0.05544470558264436,-0.013016047831267197,0.0298344822346146
601169.SH,2020-10-12,2020-10-13,3.31440588,2020-11-09,3.3352512,0.0062893081761006275,0.03499986255684684,-0.02871055438074621,0.03144654088050314,-0.023060796645702264,0.03841817662116265,-0.03606911418812475,-0.00697163574065951
601169.SH,2025-08-25,2025-08-26,5.9547915,2025-09-22,5.2742439,-0.11428571428571421,0.015551294995145959,-0.12983700928086017,0.0015873015873015817,-0.11746031746031749,0.027053887446504943,-0.02825866516834985,-0.02546658585920336
601111.SH,2024-04-18,2024-04-19,7.26,2024-05-21,7.55,0.03994490358126712,0.035360810105602436,0.004584093475664686,0.04820936639118467,-0.03305785123966942,0.04292785065276261,-0.01547883888190793,0.00528151573842206
601166.SH,2014-09-24,2014-09-25,5.92247282,2014-10-29,5.88810644,-0.005802707930367634,-0.0008310837552267802,-0.004971624175140854,0.004835589941972751,-0.03384912959381048,0.014139428871417614,-0.03739387785962711,-0.009303838929444863
601166.SH,2015-03-09,2015-03-10,8.31093623,2015-04-07,11.33517767,0.3638869745003448,0.20898956760622545,0.15489740689411935,0.3886974500344591,-0.020675396278428515,0.2091107491117139,-0.003307659125222684,0.1795867009227452
601166.SH,2016-08-23,2016-08-24,9.85724888,2016-09-22,9.802112,-0.005593536357986428,-0.015203490198777314,0.009609953840790886,0.003107520198881275,-0.023617153511497846,0.0046161948335243785,-0.03309315275903435,-0.0015086746346431035
601166.SH,2019-09-04,2019-09-05,12.1934061,2019-10-10,12.62051976,0.03502824858757059,-0.00884296768040993,0.04387121626798052,0.047457627118643986,-0.027683615819209195,0.019449208126044892,-0.026639922971609664,0.028008418992599093
601166.SH,2020-11-18,2020-11-19,13.81826936,2020-12-16,14.71162984,0.06465067778936384,0.014944839114836128,0.049705838674527714,0.15067778936392062,-0.020333680917622554,0.042960322417746166,-0.006467568507133148,0.10771746694617446
601166.SH,2021-01-27,2021-01-28,16.65685024,2021-03-03,18.71013844,0.12326989619377171,0.00033814221219308216,0.12293175398157863,0.2141003460207611,-0.022923875432525942,0.08816699491658309,-0.02977302731493703,0.12593335110417803
601166.SH,2021-03-03,2021-03-04,18.50841188,2021-03-31,17.35568868,-0.06228104320747374,-0.06311945013791931,0.0008384069304455677,0.01595951732191514,-0.12417282989490064,0.000722652971520743,-0.09368451595380778,0.015236864350394397
601166.SH,2024-04-10,2024-04-11,13.29230196,2024-05-13,14.56551096,0.09578544061302674,0.05155230541240208,0.04423313520062466,0.09833971902937422,-0.01213282247765013,0.05439822114556625,-0.0042950283288858415,0.04394149788380797
601186.SH,2017-10-24,2017-10-25,8.88569136,2017-11-21,8.96880582,0.009353741496598733,0.06556950870681022,-0.05621576721021149,0.061224489795918435,-0.024659863945578064,0.06621677817453842,-0.0010522550090117377,-0.00499228837861998
601186.SH,2019-11-14,2019-11-15,7.5665664,2019-12-12,7.63750296,0.009374999999999911,-0.004468478739482196,0.013843478739482107,0.04270833333333335,-0.044791666666666674,0.00986314660217813,-0.02652175815257507,0.03284518673115522
601211.SH,2017-11-07,2017-11-08,15.57474238,2017-12-05,15.76769013,0.012388503468780954,-0.0027947721987918728,0.015183275667572826,0.049554013875123815,-0.0297324083250744,0.05162195763388966,-0.017073952737916565,-0.0020679437587658445
601211.SH,2019-11-01,2019-11-04,13.93206912,2019-11-29,13.47250434,-0.03298611111111105,-0.03414097610875866,0.0011548649976476089,0.02546296296296302,-0.04571759259259245,0.01680951461968383,-0.040155347937250285,0.008653448343279191
601211.SH,2020-10-29,2020-10-30,15.40774113,2020-11-26,15.36656598,-0.0026723677177978855,0.02996324107459536,-0.032635608792393245,0.03474078033137351,-0.04970603955104225,0.053005412404124375,-0.01947058170081417,-0.018264632072750864
601211.SH,2020-12-17,2020-12-18,14.7407037,2021-01-15,14.34542226,-0.02681564245810053,0.08849854070972829,-0.11531418316782882,0.019553072625698276,-0.051955307262569694,0.1257195914318292,-0.010644591547996352,-0.10616651880613093
601229.SH,2017-05-09,2017-05-10,5.86687149,2017-06-08,6.49017789,0.10624169986719778,0.06277229791234529,0.043469401954852493,0.10978308986277097,-0.01726427622841964,0.06315849163595111,-0.011268858281229144,0.04662459822681986
601229.SH,2020-10-12,2020-10-13,5.81246718,2020-11-09,5.5740789,-0.04101326899879365,0.03499986255684684,-0.07601313155564049,0.039806996381182236,-0.06031363088057895,0.03841817662116265,-0.03606911418812475,0.0013888197600195884
601229.SH,2026-04-14,2026-04-15,9.57843495,2026-05-15,9.26598855,-0.032619775739041845,0.028128787774126307,-0.06074856351316815,0.016309887869520923,-0.06422018348623848,0.06429106556730035,-0.011441980294620069,-0.04798117769777943
601225.SH,2019-10-25,2019-10-28,5.39033895,2019-11-22,5.22642221,-0.03040935672514622,-0.014081498967216666,-0.016327857757929554,0.015204678362572999,-0.0643274853801169,0.032178381360016495,-0.01830456580849793,-0.016973702997443496
601225.SH,2020-11-16,2020-11-17,6.69681705,2020-12-14,6.19734885,-0.07458292443572123,0.006468371159588315,-0.08105129559530955,0.07752698724239449,-0.0785083415112856,0.03823859093801496,-0.010965528071921526,0.039288396304379525
601225.SH,2021-01-27,2021-01-28,7.26200475,2021-03-03,7.74832905,0.06696832579185519,0.00033814221219308216,0.0666301835796621,0.19999999999999996,-0.11764705882352944,0.08816699491658309,-0.02977302731493703,0.11183300508341687
601225.SH,2021-06-23,2021-06-24,7.93234365,2021-07-21,7.8532611,-0.009969632367099912,-0.0024281673776633816,-0.00754146498943653,0.03893951946975971,-0.10521955260977633,0.020182703838552474,-0.029118673951052387,0.018756815631207235
601225.SH,2022-07-18,2022-07-19,15.25915864,2022-08-15,15.86982655,0.04001976284584985,-0.023963166501342448,0.0639829293471923,0.0671936758893279,-0.10029644268774707,0.0034797468853564606,-0.05369427573977226,0.06371392900397144
601225.SH,2022-08-12,2022-08-15,15.79443545,2022-09-09,18.87039233,0.19474940334128887,-0.020625164503564886,0.21537456784485376,0.21097852028639608,-0.024343675417661026,0.010235883698198611,-0.04719164394378317,0.20074263658819747
601225.SH,2025-08-06,2025-08-07,20.31536125,2025-09-03,19.04385864,-0.06258823529411761,0.08240877287482884,-0.14499700816894645,0.05317647058823538,-0.06729411764705873,0.10402479228243156,-0.006179382567533809,-0.050848321694196175
601225.SH,2025-10-09,2025-10-10,19.3972725,2025-11-06,23.0659912,0.18913580246913586,0.002971451020721494,0.18616435144841437,0.21679012345679016,-0.004444444444444362,0.017594963118161555,-0.040310346944671394,0.1991951603386286
601328.SH,2012-04-12,2012-04-13,2.13672984,2012-05-14,2.16389166,0.012711864406779627,0.015720847579000274,-0.0030089831722206473,0.05084745762711873,-0.006355932203389814,0.05544470558264436,-0.013016047831267197,-0.00459724795552563
601328.SH,2015-03-09,2015-03-10,3.2367573,2015-04-07,3.4472781,0.0650406504065042,0.20898956760622545,-0.14394891719972125,0.08130081300813008,-0.019512195121951126,0.2091107491117139,-0.003307659125222684,-0.12780993610358382
601328.SH,2017-11-17,2017-11-20,3.71039,2017-12-15,3.698421,-0.003225806451612856,-0.027573603951795533,0.024347797500182677,0.050000000000000044,-0.009677419354838679,0.04077084637155237,-0.03378187249098252,0.009229153628447673
601328.SH,2023-05-18,2023-05-19,4.78947717,2023-06-15,4.73294034,-0.011804384485666009,-0.005251124398364393,-0.006553260087301616,0.030354131534570117,-0.06913996627318708,0.009928890205478824,-0.04268546507082793,0.020425241329091293
601328.SH,2023-08-15,2023-08-16,4.81388832,2023-09-12,4.77075312,-0.008960573476702538,-0.018330922452940546,0.009370348976238008,0.04659498207885293,-0.021505376344086002,0.02107145312785419,-0.035448347268268954,0.025523528950998742
601328.SH,2024-03-20,2024-03-21,5.36601888,2024-04-19,5.9526576,0.10932475884244375,-0.014307569849738577,0.12363232869218233,0.117363344051447,-0.00643086816720273,0.002705263187190887,-0.0342350413434751,0.1146580808642561
601328.SH,2025-07-04,2025-07-07,7.82712665,2025-08-01,7.25510765,-0.07308160779537154,0.01952096454868335,-0.09260257234405489,0.013398294762484664,-0.08038976857490865,0.05227639908710646,-0.00521003243390894,-0.0388781043246218
601319.SH,2026-03-03,2026-03-04,8.42110698,2026-03-31,7.13536687,-0.15268065268065256,-0.03452720279507571,-0.11815344988557686,0.013986013986014179,-0.15268065268065256,0.02422745783761937,-0.04662368357072921,-0.010241443851605192
601238.SH,2012-06-13,2012-06-14,4.27441732,2012-07-12,4.04740811,-0.05310880829015552,-0.04824412269088019,-0.004864685599275331,0.033678756476683835,-0.12435233160621773,0.007728899025347902,-0.06651889439710201,0.025949857451335934
601238.SH,2017-08-17,2017-08-18,15.6400896,2017-09-14,15.94964412,0.019792375102505755,0.033115657173130364,-0.013323282070624609,0.0859375,-0.016406249999999956,0.04309275842154259,-0.001828339477701224,0.04284474157845741
601238.SH,2025-03-26,2025-03-27,8.52719715,2025-04-24,7.96869067,-0.06549707602339172,-0.032476150833665285,-0.033020925189726436,0.021052631578947434,-0.13099415204678355,0.01063590251849722,-0.1015670130683407,0.010416729060450214
601318.SH,2014-02-10,2014-02-11,12.87345684,2014-03-10,11.94873444,-0.07183170856849652,-0.07494173701953721,0.0031100284510406917,0.026167265264238182,-0.07439712673165721,0.028205676589195816,-0.07614117169775136,-0.002038411324957634
601318.SH,2014-09-24,2014-09-25,14.28323247,2014-10-29,14.12867385,-0.010820983298047482,-0.0008310837552267802,-0.009989899542820702,0.004234297812279353,-0.059985885673959016,0.014139428871417614,-0.03739387785962711,-0.009905131059138261
601318.SH,2014-10-15,2014-10-16,13.77251703,2014-11-12,14.72002857,0.06879726762625027,0.05935153093057988,0.009445736695670393,0.0814832886069774,-0.02512808001951683,0.06264067149917851,-0.03564276870910521,0.018842617107798887
601318.SH,2015-03-09,2015-03-10,22.1086026,2015-04-07,27.22583691,0.23145896656534948,0.20898956760622545,0.02246939895912403,0.25835866261398177,-0.013221884498480274,0.2091107491117139,-0.003307659125222684,0.04924791350226787
601318.SH,2016-05-12,2016-05-13,21.46355965,2016-06-13,21.6336354,0.007923930269413626,-0.004977479816204111,0.012901410085617737,0.06180665610142633,-0.005705229793977806,0.038962189455102436,-0.017599491186625404,0.02284446664632389
601318.SH,2020-09-08,2020-09-09,57.76283328,2020-10-14,62.16650752,0.07623715787370733,0.03729950086820999,0.03893765700549734,0.09871937916131235,-0.0028803351662739507,0.04567561893010885,-0.017160738303331757,0.053043760231203496
601318.SH,2024-07-09,2024-07-10,36.07482018,2024-08-06,37.2285706,0.03198215304312546,-0.024198996007392948,0.05618114905051841,0.08118423613442372,-0.009495982468955444,0.03486883289435139,-0.03130776432508553,0.04631540324007233
601318.SH,2025-09-29,2025-09-30,53.116299,2025-11-04,57.02745594,0.07363383770394094,-0.0024189946099685278,0.07605283231390947,0.0947640591450094,-0.02777777777777768,0.028496347015108503,-0.03002929632132112,0.0662677121299009
601288.SH,2010-09-30,2010-10-08,1.15453272,2010-11-04,1.24199732,0.07575757575757591,0.17360533198096073,-0.09784775622338482,0.1742424242424243,-0.007575757575757569,0.18765620511105152,-0.0008143234607431715,-0.013413780868627212
601288.SH,2013-12-27,2013-12-30,1.23393543,2014-01-27,1.17898284,-0.044534412955465674,-0.04212926540386808,-0.0024051475515975973,0.012145748987854255,-0.04858299595141702,0.00851308475045176,-0.06783234920333014,0.0036326642374024942
601288.SH,2015-06-04,2015-06-05,2.0981922,2015-07-03,1.88837298,-0.10000000000000009,-0.2605162224626325,0.16051622246263242,0.06923076923076898,-0.14102564102564108,0.02388644514030247,-0.2795489166787981,0.045344324090466515
601288.SH,2017-11-07,2017-11-08,2.3041824,2017-12-05,2.37268512,0.029729729729729648,-0.0027947721987918728,0.03252450192852152,0.048648648648648596,-0.037837837837838006,0.05162195763388966,-0.017073952737916565,-0.0029733089852410632
601288.SH,2018-11-19,2018-11-20,2.37984656,2018-12-17,2.34061832,-0.016483516483516425,-0.032704257795718394,0.01622074131220197,0.0,-0.027472527472527486,0.0032765455882910466,-0.04338546594387638,-0.0032765455882910466
601288.SH,2019-05-15,2019-05-16,2.3536944,2019-06-13,2.47137912,0.04999999999999982,-0.009313343220326509,0.05931334322032633,0.06388888888888888,-0.002777777777777879,0.006805304998146466,-0.044027226596280444,0.05708358389074242
601288.SH,2026-01-20,2026-01-21,7.04233068,2026-02-25,6.38517726,-0.0933147632311978,0.004524648470997539,-0.09783941170219534,0.0055710306406684396,-0.10167130919220058,0.011964185541958106,-0.02892010508480536,-0.006393154901289666
601390.SH,2013-12-04,2013-12-05,2.19024377,2014-01-02,1.95583641,-0.10702341137123739,-0.062377521398548574,-0.04464588997268881,0.006688963210702337,-0.13043478260869568,0.0021377348974520594,-0.087576061407182,0.004551228313250277
601390.SH,2025-12-01,2025-12-02,5.27675694,2025-12-29,5.3748388,0.018587526603035087,0.014755824797768158,0.0038317018052669294,0.024163735690277965,-0.020146520146520186,0.022795987794859807,-0.01916918833350556,0.0013677478954181588
601390.SH,2026-05-11,2026-05-12,5.0805958,2026-06-08,4.4528774,-0.12355212355212353,-0.050630576830796636,-0.07292154672132689,0.0038610038610038533,-0.1274131274131275,0.013192541617426334,-0.05789492182051725,-0.009331537756422481
601336.SH,2017-03-07,2017-03-08,33.120868,2017-04-06,31.50246195,-0.04886363636363633,0.017914947594302788,-0.06677858395793912,0.006590909090909092,-0.07250000000000001,0.01899570737625056,-0.011445741426991063,-0.012404798285341467
601360.SH,2013-05-20,2013-05-21,7.33917993,2013-06-20,6.2832456,-0.1438763376932224,-0.10966010877531696,-0.034216228917905434,0.06777645659928644,-0.15219976218787157,0.020647443634312035,-0.11013567958493409,0.047129012964974404
601360.SH,2013-11-28,2013-11-29,7.53989472,2013-12-26,7.02501765,-0.06828703703703709,-0.07260152390247421,0.004314486865437117,0.04976851851851838,-0.07407407407407407,0.01799829367464212,-0.07495918410792102,0.03177022484387626
601360.SH,2014-10-16,2014-10-17,9.13406352,2014-11-13,9.889242,0.08267716535433056,0.05588030887082707,0.026796856483503495,0.155511811023622,-0.036417322834645716,0.06724603822329667,-0.033374781333828984,0.08826577280032533
601360.SH,2016-09-22,2016-09-23,11.8124605,2016-10-27,12.1100973,0.025196850393700787,0.01622462737817787,0.008972223015522918,0.04409448818897621,-0.03543307086614178,0.027502833143849603,-0.023642589221630428,0.016591655045126608
601360.SH,2024-06-26,2024-06-27,7.64525641,2024-07-24,6.96524631,-0.08894536213468862,-0.014167409417986776,-0.07477795271670185,0.010165184243964509,-0.10673443456162646,0.022510239124009512,-0.023788096336249787,-0.012345054880045003
601377.SH,2015-01-07,2015-01-08,10.94621552,2015-02-04,8.97852032,-0.1797603195739016,-0.06802740657515616,-0.11173291299874544,0.011984021304926706,-0.23568575233022648,0.010871015456403343,-0.08887274309308335,0.001113005848523363
601377.SH,2015-03-30,2015-03-31,11.4053444,2015-04-28,13.14711904,0.1527156549520765,0.14568561339587838,0.00703004155619813,0.24281150159744413,-0.0031948881789137795,0.16917430660673105,-0.024430251142517845,0.07363719499071308
601377.SH,2015-04-17,2015-04-20,12.8264576,2015-05-18,11.70414256,-0.08750000000000002,-0.008644356682962484,-0.07885564331703754,0.10511363636363646,-0.09318181818181814,0.048546554586596846,-0.03671522246640002,0.05656708177703962
601377.SH,2017-11-07,2017-11-08,6.31843616,2017-12-05,6.35050944,0.0050761421319796,-0.0027947721987918728,0.007870914330771472,0.04441624365482233,-0.032994923857868064,0.05162195763388966,-0.017073952737916565,-0.00720571397906733
601377.SH,2022-08-05,2022-08-08,5.44585176,2022-09-02,5.43876585,-0.0013011573418222344,-0.02860811724726553,0.027306959905443295,0.06132075471698095,-0.014150943396226467,0.019476903939153134,-0.03312323032571485,0.04184385077782782
601398.SH,2011-05-30,2011-05-31,2.0138556,2011-06-28,2.071134,0.028442158414933028,0.028096668465936725,0.0003454899489963026,0.028442158414933028,-0.04824561403508776,0.032926306197477384,-0.03251496396784026,-0.0044841477825443565
601398.SH,2016-05-13,2016-05-16,2.4327324,2016-06-14,2.5485768,0.04761904761904767,0.0037385879578115677,0.043880459661236104,0.05238095238095242,-0.004761904761904745,0.04477788734701549,-0.012100403129227777,0.007603065033936929
601398.SH,2017-08-02,2017-08-03,3.6356139,2017-08-30,3.80782719,0.047368421052631504,0.02108914044549448,0.026279280607137023,0.08421052631578951,-0.05438596491228076,0.029781833172308092,-0.029297160028419977,0.05442869314348142
601398.SH,2017-09-21,2017-09-22,3.78869238,2017-10-26,3.85885335,0.01851851851851838,0.043674071425845895,-0.025155552907327516,0.07744107744107742,-0.0016835016835016203,0.048906848056348595,-0.004723950975027091,0.028534229384728826
601398.SH,2017-10-27,2017-10-30,3.94177086,2017-11-24,3.87160989,-0.017799352750809017,0.020396731709597216,-0.03819608446040623,0.021035598705501535,-0.05987055016181231,0.05929022287504937,-0.015388482418916882,-0.038254624169547835
601398.SH,2017-12-05,2017-12-06,3.81420546,2018-01-03,3.92901432,0.030100334448160515,0.020925360362720413,0.009174974085440102,0.06856187290969884,-0.028428093645485042,0.028042600139106755,-0.01780005229539794,0.040519272770592085
601398.SH,2020-09-08,2020-09-09,3.6068866,2020-10-14,3.5995704,-0.0020283975659228792,0.03729950086820999,-0.03932789843413287,0.012170385395537497,-0.010141987829614618,0.04567561893010885,-0.017160738303331757,-0.033505233534571355
601398.SH,2025-09-23,2025-09-24,7.09518334,2025-10-29,7.51762998,0.05953991880920162,0.05618619801778579,0.0033537207914158262,0.08525033829499318,-0.02571041948579167,0.05618619801778579,-0.0009787630137741976,0.029064140277207384
601398.SH,2026-01-13,2026-01-14,7.61295667,2026-02-10,7.1340929,-0.06290115532734275,-0.009102930145120758,-0.05379822518222199,0.0,-0.08215661103979455,0.010572235358314419,-0.03974391737593308,-0.010572235358314419
601600.SH,2010-12-31,2011-01-04,9.42137975,2011-01-31,9.55006201,0.013658536585365866,-0.025050727969737174,0.03870926455510304,0.07317073170731714,-0.06048780487804872,0.017221365356417273,-0.07491387415914208,0.055949366350899865
601600.SH,2011-01-19,2011-01-20,9.24673954,2011-02-23,9.90853402,0.07157057654075549,0.04505800460982101,0.02651257193093448,0.1789264413518885,-0.00497017892644136,0.07610154773324118,-0.039073532635781394,0.10282489361864733
601600.SH,2011-06-01,2011-06-02,8.99856661,2011-06-30,10.11994059,0.12461695607763046,0.024727044799190967,0.09988991127843949,0.2359550561797754,-0.005107252298263587,0.02962027634504949,-0.036431953582972576,0.20633477983472592
601600.SH,2017-04-05,2017-04-06,4.58165478,2017-05-04,4.05724851,-0.11445783132530118,-0.0295331683004616,-0.08492466302483959,0.04618473895582342,-0.12048192771084343,0.005366894071473505,-0.03327006819863687,0.04081784488434992
601600.SH,2020-09-18,2020-09-21,2.87043432,2020-10-26,2.69563223,-0.0608974358974359,-0.012526911287929599,-0.048370524609506305,0.009615384615384581,-0.07692307692307698,0.020808701686372277,-0.04126259609512861,-0.011193317070987696
601600.SH,2024-12-24,2024-12-25,7.0194912,2025-01-22,7.33422215,0.044836718365000694,-0.04787894208554022,0.09271566045054092,0.07065192987206825,-0.054348041635838173,0.004966680046119887,-0.07117641753141835,0.06568524982594837
601607.SH,2014-09-19,2014-09-22,11.42414832,2014-10-24,10.94814214,-0.04166666666666674,-0.011829741010512818,-0.029836925656153923,0.08401639344262302,-0.04849726775956287,0.02843229891300303,-0.018690329455393728,0.05558409452961999
601607.SH,2014-10-30,2014-10-31,11.40854156,2014-11-27,11.67385648,0.023255813953488413,0.11359971150203685,-0.09034389754854844,0.035567715458276306,-0.032147742818057434,0.11359971150203685,-0.0028287839786603763,-0.07803199604376054
601607.SH,2014-11-17,2014-11-18,11.314901,2014-12-15,12.78973982,0.1303448275862067,0.254146439774636,-0.12380161218842933,0.1641379310344826,-0.01172413793103455,0.32064969303462054,-0.016542878672172634,-0.15651176200013794
601607.SH,2014-12-22,2014-12-23,12.64927898,2015-01-21,13.265746,0.0487353485502775,0.05659375764782526,-0.007858409097547758,0.1172115977791488,-0.041949413942011016,0.09853376118480495,-0.050703555259947075,0.018677836594343855
601607.SH,2015-01-21,2015-01-22,13.42961698,2015-02-25,13.47643726,0.0034863451481697005,-0.020366640646208634,0.023852985794378334,0.049970947123765264,-0.06856478791400344,0.02161443988992562,-0.07465872085229963,0.028356507233839645
601607.SH,2015-03-23,2015-03-24,17.7526895,2015-04-21,19.7035345,0.10989010989010994,0.16057472413774043,-0.05068461424763049,0.20615384615384613,-0.05890109890109885,0.1736408391217632,-0.02419155863244471,0.03251300703208293
601607.SH,2015-05-25,2015-05-26,24.190478,2015-06-23,20.1586608,-0.16666959619400656,-0.0689984317609833,-0.09767116443302326,0.008064516129032251,-0.24198232048163737,0.04661299665927365,-0.133338637308838,-0.0385484805302414
601607.SH,2016-07-20,2016-07-21,15.67539834,2016-08-17,15.89199801,0.013817809621289756,0.04159882062923037,-0.027781011007940615,0.09621289662231325,-0.01586489252814738,0.05569247425453261,-0.025194413058307497,0.04052042236778064
601607.SH,2016-09-02,2016-09-05,16.42948608,2016-10-11,15.95617569,-0.02880859375,-0.0043504902883314545,-0.024458103461668546,0.0302734375,-0.0673828125,0.010946084092014363,-0.032087877013133204,0.019327353407985637
601607.SH,2017-05-15,2017-05-16,19.62232566,2017-06-14,21.23478987,0.08217497955846276,0.04257628818095349,0.039598691377509265,0.11610793131643482,-0.01676206050695017,0.06274541607378503,-0.005123380788428,0.05336251524264979
601607.SH,2023-08-15,2023-08-16,18.3655974,2023-09-12,16.80475528,-0.0849872773536896,-0.018330922452940546,-0.06665635490074906,0.00865139949109417,-0.11857506361323145,0.02107145312785419,-0.035448347268268954,-0.01242005363676002
601607.SH,2024-06-26,2024-06-27,17.93566484,2024-07-24,18.5079686,0.03190870063113871,-0.014167409417986776,0.046076110049125485,0.05637663889352629,-0.03230849400729563,0.022510239124009512,-0.023788096336249787,0.033866399769516775
601607.SH,2024-07-30,2024-07-31,18.62245088,2024-08-27,18.43164708,-0.010245901639344135,-0.01744724506951023,0.007201343430166096,0.023565573770491843,-0.05071721311475408,0.025062017936361203,-0.019635901830508562,-0.0014964441658693595
601601.SH,2011-01-12,2011-01-13,14.60089823,2011-02-16,14.62578259,0.001704303365999138,0.029975412058078854,-0.028271108692079716,0.024712398806987723,-0.09416276097145293,0.03349857402619216,-0.07445279543181094,-0.00878617521920444
601601.SH,2014-09-24,2014-09-25,13.14541536,2014-10-29,13.09837144,-0.0035787321063395217,-0.0008310837552267802,-0.0027476483511127414,0.014314928425357865,-0.06441717791411039,0.014139428871417614,-0.03739387785962711,0.0001754995539402504
601658.SH,2023-03-01,2023-03-02,3.77205741,2023-03-29,3.82136535,0.013071895424836777,-0.02763303976398601,0.04070493518882279,0.09368191721132901,-0.0065359477124183885,0.004189474256005132,-0.044897127103575185,0.08949244295532388
601658.SH,2024-06-24,2024-06-25,4.2235562,2024-07-22,4.48558451,0.062039735614267455,0.011441212802339562,0.05059852281192789,0.09664795510475277,-0.004106776180698213,0.020192855314372427,-0.02600055111055455,0.07645509979038034
601658.SH,2025-04-08,2025-04-09,4.76885508,2025-05-09,5.04148908,0.05716969700828067,0.06656852565189753,-0.009398828643616852,0.06299212598425208,-0.009842519685039353,0.07244043127324451,-0.005204176607682576,-0.009448305288992431
601618.SH,2011-01-04,2011-01-05,3.03824826,2011-02-01,3.12307245,0.027918781725888353,-0.02930368960005758,0.057222471325945934,0.08121827411167515,-0.048223350253807085,0.012528937622173553,-0.07918128333997343,0.0686893364895016
601618.SH,2011-06-14,2011-06-15,2.95342407,2011-07-12,2.95342407,0.0,0.024101814361455975,-0.024101814361455975,0.05483028720626626,-0.018276762402088864,0.051973860973774544,-0.04105713908585773,0.0028564262324917156
601618.SH,2013-02-28,2013-03-01,1.68274695,2013-03-28,1.57317273,-0.06511627906976747,-0.06457717185372491,-0.0005391072160425558,0.0046511627906975495,-0.06976744186046524,0.003372953939641432,-0.06736476183846207,0.0012782088510561174
601618.SH,2013-12-27,2013-12-30,1.36967775,2014-01-27,1.29141045,-0.05714285714285705,-0.04212926540386808,-0.015013591738988974,0.011428571428571344,-0.08571428571428563,0.00851308475045176,-0.06783234920333014,0.002915486678119583
601618.SH,2020-11-03,2020-11-04,2.3319842,2020-12-01,2.52930594,0.08461538461538454,0.05974137959881598,0.024874005016568557,0.12307692307692308,-0.011538461538461497,0.06088143173365057,-0.002277510913012093,0.06219549134327251
601618.SH,2021-06-22,2021-06-23,2.67281266,2021-07-20,3.1367214,0.1735657522663785,-0.0035490973517467994,0.1771148496181253,0.1735657522663785,-0.016778523489932806,0.026027156000234974,-0.023556660947485653,0.14753859626614352
601633.SH,2019-12-30,2019-12-31,7.85525076,2020-02-05,6.80432152,-0.13378684807256225,-0.06111800352694419,-0.07266884454561806,0.06349206349206371,-0.16099773242630389,0.03574421292521279,-0.10737364787599835,0.027747850566850918
601628.SH,2024-07-10,2024-07-11,29.95096584,2024-08-07,28.52610472,-0.047573127611700405,-0.031745522123419856,-0.01582760548828055,0.052073288331726086,-0.049501767920282824,0.027323353320134247,-0.03837073428384363,0.02474993501159184
601668.SH,2017-01-23,2017-01-24,4.20266073,2017-02-27,4.21220139,0.002270147559591429,0.024704910920964496,-0.022434763361373067,0.05675368898978439,-0.010215664018161097,0.03860235250600841,-0.004670342005098305,0.01815133648377598
601668.SH,2017-09-06,2017-09-07,4.80454435,2017-10-11,4.64357992,-0.03350253807106596,0.013240428612078636,-0.04674296668314459,0.02131979695431485,-0.0598984771573603,0.017434174315261286,-0.01124338212233178,0.0038856226390535653
601668.SH,2017-10-09,2017-10-10,4.62406908,2017-11-06,4.71674557,0.020042194092827037,0.03551014511191464,-0.0154679510190876,0.05063291139240511,-0.02742616033755274,0.038716426435931206,-0.007091676210396969,0.011916484956473905
601668.SH,2021-05-25,2021-05-26,3.7194544,2021-06-23,3.6069709,-0.030241935483870996,-0.03355598522443248,0.0033140497405614866,0.0040322580645162365,-0.03629032258064524,0.009830707996664412,-0.05023303187355865,-0.005798449932148175
601668.SH,2021-11-01,2021-11-02,3.72181025,2021-11-29,3.63562096,-0.023157894736842155,-0.007114323487840246,-0.01604357124900191,0.03157894736842115,-0.04842105263157892,0.010090408162818365,-0.027053622141888334,0.021488539205602786
601669.SH,2013-05-03,2013-05-06,2.48747691,2013-05-31,2.64890609,0.06489675516224191,0.041329967742425255,0.02356678741981666,0.08849557522123908,-0.002949852507374562,0.06322508627722656,-0.009231403552088846,0.025270488944012515
601669.SH,2020-09-18,2020-09-21,3.5470953,2020-10-26,3.56461182,0.004938271604938205,-0.012526911287929599,0.017465182892867803,0.029629629629629672,-0.07407407407407407,0.020808701686372277,-0.04126259609512861,0.008820927943257395
601689.SH,2023-08-17,2023-08-18,46.19170884,2023-09-14,48.28523196,0.04532248692620566,-0.025818356555434296,0.07114084348163996,0.17664148750726327,-0.0470656595002904,0.02063770918247343,-0.03585808200142382,0.15600377832478984
601728.SH,2023-01-11,2023-01-12,3.8000946,2023-02-15,4.6250574,0.2170900692840647,0.02534580241803419,0.19174426686603052,0.2771362586605082,-0.0161662817551963,0.06126616822254238,-0.004537024597745853,0.2158700904379658
601728.SH,2023-02-13,2023-02-14,4.4583096,2023-03-13,6.3715212,0.42913385826771666,-0.034341729123803066,0.4634755873915197,0.43110236220472453,-0.013779527559054983,0.004011637948789781,-0.04543319152052383,0.42709072425593475
601728.SH,2023-03-09,2023-03-10,5.8625016,2023-04-07,6.1257876,0.04491017964071853,0.03293855780552324,0.01197162183519529,0.12425149700598803,-0.09730538922155685,0.034950860087811675,-0.014224124033996866,0.08930063691817636
601728.SH,2023-04-12,2023-04-13,6.055578,2023-05-15,5.4763488,-0.09565217391304337,-0.020213691565791447,-0.07543848234725192,0.03623188405797095,-0.12753623188405783,0.02163007277599327,-0.03879940719173636,0.014601811281977684
601728.SH,2024-05-10,2024-05-13,5.4183556,2024-06-07,5.43656856,0.003361344537815114,-0.019810171220303596,0.02317151575811871,0.018487394957983128,-0.02352941176470591,0.015544205572636915,-0.025851556561054423,0.002943189385346212
601728.SH,2024-06-19,2024-06-20,5.32771776,2024-07-17,5.7346962,0.07638888888888906,-0.006690488316204668,0.08307937720509373,0.10416666666666674,-0.01041666666666663,0.0025013838344813966,-0.03981656253784405,0.10166528283218534
601728.SH,2025-01-08,2025-01-09,6.80015765,2025-02-13,7.38031096,0.08531468531468533,0.032905170453537025,0.05240951486114831,0.12867132867132858,-0.07272727272727275,0.04191347389386624,-0.02026770409482115,0.08675785477746234
601728.SH,2025-03-03,2025-03-04,7.47541806,2025-03-31,7.46590735,-0.0012722646310432406,0.005512605697593154,-0.006784870328636394,0.06997455470737912,-0.04834605597964381,0.04120676444936966,-0.0026561086917390453,0.028767790258009462
601728.SH,2025-05-20,2025-05-21,7.47541806,2025-06-18,7.51368079,0.0051184736014617815,-0.00627416294636407,0.011392636547825852,0.027989821882951738,-0.023194722838016046,0.008235779708170687,-0.017998062027680173,0.01975404217478105
601728.SH,2025-12-19,2025-12-22,6.6912734,2026-01-20,5.863487,-0.12371134020618557,0.028600563820187164,-0.15231190402637274,0.002945508100147265,-0.12812960235640647,0.05433840977561499,0.0,-0.05139290167546773
601727.SH,2013-05-06,2013-05-07,3.50914175,2013-06-03,3.54579075,0.010443864229765065,0.033047626305686695,-0.02260376207592163,0.04177545691906004,-0.018276762402088864,0.05630984645331116,-0.01567538473995822,-0.014534389534251124
601727.SH,2017-10-26,2017-10-27,7.8160842,2017-11-23,6.71039424,-0.14146341463414625,0.02751197041091258,-0.16897538504505882,0.11707317073170742,-0.15121951219512186,0.06714651001502059,-0.008086054211428162,0.04992666071668683
601727.SH,2019-02-11,2019-02-12,4.89050352,2019-03-11,6.00639222,0.22817460317460325,0.12811763538788368,0.10005696778671958,0.22817460317460325,0.0,0.1754885747192072,-0.00233459716327844,0.05268602845539605
601727.SH,2019-03-19,2019-03-20,5.92876518,2019-04-17,7.0349505,0.1865793780687397,0.06846563765003588,0.11811374041870382,0.20949263502454984,-0.04909983633387893,0.07771031818128349,-0.036019851856112006,0.13178231684326636
601727.SH,2019-06-11,2019-06-12,5.21071506,2019-07-09,5.13308802,-0.014897579143389295,0.02327196877791282,-0.038169547921302116,0.04283054003724396,-0.029795158286778367,0.06354753331860397,-0.018366742984566642,-0.020716993281360008
601727.SH,2019-12-30,2019-12-31,4.86235035,2020-02-05,4.33191213,-0.10909090909090902,-0.06111800352694419,-0.04797290556396483,0.06464646464646462,-0.14747474747474743,0.03574421292521279,-0.10737364787599835,0.028902251721251826
601727.SH,2020-05-18,2020-05-19,4.56766245,2020-06-15,4.80341277,0.05161290322580658,-0.002216851136419118,0.0538297543622257,0.13978494623655902,-0.06666666666666665,0.022296999976335607,-0.04127272196098697,0.11748794626022341
601727.SH,2020-08-11,2020-08-12,5.85446628,2020-09-08,5.47137201,-0.06543624161073824,0.005461576637307175,-0.07089781824804542,0.03020134228187943,-0.09060402684563751,0.04975949422152803,-0.021978736315885206,-0.019558151939648605
601727.SH,2020-12-01,2020-12-02,5.31420513,2020-12-29,5.36331978,0.009242144177449063,-0.00592145576102221,0.015163599938471273,0.07763401109057289,-0.02402957486136781,0.0034758496271074524,-0.04408079636891593,0.07415816146346543
601727.SH,2021-01-04,2021-01-05,5.5008408,2021-02-01,5.25526755,-0.044642857142857095,0.032752246996688994,-0.07739510413954609,0.08571428571428585,-0.06785714285714284,0.07808937203616084,-0.002184208788094999,0.0076249136781250115
601727.SH,2021-02-18,2021-02-19,5.6972994,2021-03-18,5.42225736,-0.048275862068965614,-0.1032872700655193,0.055011407996553685,0.04482758620689653,-0.0862068965517242,0.009394422512669198,-0.1423277909092493,0.03543316369422733
601727.SH,2021-03-08,2021-03-09,5.39278857,2021-04-06,5.39278857,0.0,0.014643690502457396,-0.014643690502457396,0.06193078324225865,-0.034608378870673806,0.022698557205498737,-0.03602201559344431,0.03923222603675991
601727.SH,2021-03-26,2021-03-29,5.55977838,2021-04-26,5.08827774,-0.0848056537102474,0.004943091446894865,-0.08974874515714226,0.0017667844522968323,-0.08657243816254412,0.025510467249193702,-0.030077628177501592,-0.02374368279689687
601727.SH,2021-12-03,2021-12-06,4.83297716,2021-12-31,4.85294814,0.004132231404958553,0.006302993431497317,-0.002170762026538764,0.06818181818181812,-0.04958677685950419,0.04774726153500719,-0.007484495346220643,0.02043455664681093
601727.SH,2022-06-20,2022-06-21,4.15396384,2022-07-18,4.50345599,0.0841346153846152,-0.008163305576247448,0.09229792096086264,0.14423076923076916,-0.024038461538461675,0.04676814537916507,-0.025511008658925083,0.09746262385160409
601727.SH,2022-09-07,2022-09-08,4.4934705,2022-10-13,3.994196,-0.11111111111111105,-0.0755070822502607,-0.035604028860850345,0.040000000000000036,-0.16222222222222216,0.016984363474010555,-0.09796177734806744,0.02301563652598948
601727.SH,2022-12-05,2022-12-06,4.32371717,2023-01-03,3.994196,-0.07621247113163976,-0.010462467316481594,-0.06575000381515816,0.0,-0.09468822170900693,0.018913560917425798,-0.031320285742479026,-0.018913560917425798
601727.SH,2023-03-15,2023-03-16,4.4934705,2023-04-13,4.55338344,0.01333333333333342,0.027988102257285874,-0.014654768923952455,0.053333333333333455,-0.026666666666666616,0.04398442906897837,-0.005856228147558706,0.009348904264355085
601727.SH,2023-05-16,2023-05-17,4.68319481,2023-06-13,4.53341246,-0.03198294243070354,-0.026888801845314836,-0.005094140585388707,0.05330490405117283,-0.07249466950959482,0.0034497555544013014,-0.048827055667347796,0.04985514849677153
601727.SH,2023-07-10,2023-07-11,4.64325285,2023-08-07,4.74310775,0.021505376344086002,0.035382676636578125,-0.013877300292492123,0.053763440860215006,-0.01075268817204289,0.05463875807629126,-0.01426923146285275,-0.0008753172160762546
601727.SH,2023-11-27,2023-11-28,4.4934705,2023-12-25,4.07407992,-0.09333333333333338,-0.04648835656156969,-0.04684497677176369,0.0022222222222221255,-0.10666666666666669,0.0029598177024152683,-0.06456546546835673,-0.0007375954801931428
601727.SH,2024-04-11,2024-04-12,4.38363011,2024-05-14,4.41358658,0.006833712984054552,0.043156387168405974,-0.03632267418435142,0.04100227790432798,-0.02277904328018232,0.04849920982669076,-0.010180075880484196,-0.007496931922362782
601727.SH,2024-05-10,2024-05-13,4.41358658,2024-06-07,3.87437012,-0.12217194570135737,-0.019810171220303596,-0.10236177448105377,0.013574660633484115,-0.1357466063348416,0.015544205572636915,-0.025851556561054423,-0.001969544939152801
601727.SH,2025-07-08,2025-07-09,7.36929162,2025-08-05,7.8885371,0.07046070460704601,0.026502935181259568,0.04395776942578644,0.15853658536585358,-0.016260162601626105,0.046954795096660895,-0.002520997850558926,0.11158179026919268
601727.SH,2025-10-10,2025-10-13,9.8856351,2025-11-07,9.49620099,-0.039393939393939426,0.04184678318509638,-0.0812407225790358,0.1212121212121211,-0.09595959595959602,0.06033753711784007,0.0,0.06087458409428104
601727.SH,2025-10-27,2025-10-28,9.70589628,2025-11-24,8.60749238,-0.11316872427983526,-0.05314907886210607,-0.060019645417729195,0.044238683127572065,-0.1440329218106995,0.013646214530484535,-0.05873380017322005,0.03059246859708753
601727.SH,2025-12-24,2025-12-25,8.46769552,2026-01-23,9.25654923,0.09316037735849059,0.015807312500250026,0.07735306485824056,0.13679245283018893,-0.008254716981132115,0.04485225096258749,-0.0027406187885712363,0.09194020186760143
601727.SH,2026-04-30,2026-05-06,8.0882469,2026-06-02,7.97840651,-0.013580246913580174,0.011714585582747628,-0.0252948324963278,0.1518518518518519,-0.01975308641975304,0.035586110224366196,-0.01731694048095689,0.11626574162748571
601766.SH,2021-11-04,2021-11-05,5.15142838,2021-12-02,5.26267185,0.021594684385382257,-0.0005632756501118275,0.022157960035494084,0.028239202657807327,-0.019933554817275656,0.015762539170646406,-0.0215900722712975,0.012476663487160922
601766.SH,2024-06-18,2024-06-19,6.47424228,2024-07-16,7.01376247,0.08333333333333326,-0.012721597938724738,0.096054931272058,0.11440677966101687,-0.011299435028248594,0.0,-0.0447460332776245,0.11440677966101687
601816.SH,2020-04-29,2020-04-30,5.93205443,2020-06-01,5.73219961,-0.03369065849923425,0.023433300620290254,-0.0571239591195245,0.016845329249617125,-0.0735068912710567,0.030328707068898453,-0.02067560190942741,-0.013483377819281328
601788.SH,2015-03-12,2015-03-13,20.5134237,2015-04-10,29.6979012,0.44773011245314454,0.20521845128168437,0.24251166117146017,0.5410245730945438,-0.0033319450229072345,0.20723555631013202,-0.0027544816156591656,0.33378901678441175
601788.SH,2016-09-29,2016-09-30,14.32668224,2016-11-03,15.4198472,0.0763027295285359,0.038549745893511345,0.03775298363502455,0.09181141439205964,-0.001240694789081842,0.04402506406285833,-0.00035214125648075356,0.04778635032920131
601788.SH,2025-08-22,2025-08-25,20.867616,2025-09-19,18.26413248,-0.12476190476190485,0.01938891093352413,-0.14415081569542898,0.030952380952380842,-0.12809523809523815,0.035672615336792335,-0.020104103614153823,-0.0047202343844114925
601825.SH,2021-11-01,2021-11-02,5.16795552,2021-11-29,5.16059376,-0.0014245014245013454,-0.007114323487840246,0.005689822063338901,0.007122507122507171,-0.01851851851851838,0.010090408162818365,-0.027053622141888334,-0.002967901040311194
601825.SH,2025-09-22,2025-09-23,8.15471034,2025-10-28,8.4956718,0.04181159670718615,0.03421300797492588,0.00759858873226027,0.06576128858551233,-0.03961735567912272,0.043547605559380864,-0.016978824675397575,0.02221368302613147
601800.SH,2020-10-09,2020-10-12,6.38663072,2020-11-06,6.42060216,0.005319148936170137,0.03836817752862309,-0.033049028592452956,0.03590425531914887,-0.022606382978723416,0.04089978715623355,-0.014002925238932429,-0.004995531837084677
601800.SH,2025-09-29,2025-09-30,8.4667617,2025-11-04,8.48622552,0.0022988505747127963,-0.0024189946099685278,0.004717845184681324,0.043678160919540465,-0.0034482758620689724,0.028496347015108503,-0.03002929632132112,0.015181813904431962
601818.SH,2015-03-09,2015-03-10,2.24416906,2015-04-07,2.79139255,0.24384236453201957,0.20898956760622545,0.03485279692579413,0.2561576354679804,-0.01724137931034475,0.2091107491117139,-0.003307659125222684,0.047046886356266526
601818.SH,2019-08-14,2019-08-15,2.51996338,2019-09-11,2.66145865,0.05614973262032086,0.08626015026496625,-0.030110417644645393,0.07486631016042788,-0.024064171122994638,0.10150057669839962,-0.0016304547611682985,-0.02663426653797174
601818.SH,2020-09-30,2020-10-09,2.62538928,2020-11-05,2.88935505,0.10054347826086962,0.04749578116523456,0.05304769709563506,0.15489130434782616,-0.005434782608695454,0.04749578116523456,-0.005212292623096526,0.1073955231825916
601818.SH,2025-03-14,2025-03-17,3.61252056,2025-04-14,3.4449294,-0.046391752577319645,-0.06503889604446578,0.018647143467146132,0.012886597938144284,-0.09536082474226815,0.0011587209420031996,-0.125980857476379,0.011727876996141084
601818.SH,2025-08-25,2025-08-26,3.795868,2025-09-22,3.27393615,-0.13750000000000007,0.015551294995145959,-0.15305129499514603,0.0,-0.14250000000000007,0.027053887446504943,-0.02825866516834985,-0.027053887446504943
601838.SH,2023-05-08,2023-05-09,11.4576108,2023-06-05,10.2069561,-0.10915492957746475,-0.05440735920524198,-0.054747570372222776,0.009154929577464888,-0.14929577464788724,0.006742469878406876,-0.0698659111599017,0.0024124596990580116
601838.SH,2025-08-27,2025-08-28,17.17600095,2025-09-24,16.58602197,-0.03434903047091398,0.04294979270495114,-0.07729882317586512,0.04099722991689769,-0.05595567867036,0.044722802702061415,-0.011541319072567502,-0.003725572785163722
601868.SH,2024-06-18,2024-06-19,2.0767737,2024-07-16,2.08647825,0.004672897196261738,-0.012721597938724738,0.017394495134986476,0.009345794392523255,-0.032710280373831724,0.0,-0.0447460332776245,0.009345794392523255
601857.SH,2011-05-27,2011-05-30,6.36980544,2011-06-27,6.3813114,0.001806328326411144,0.027029924828560148,-0.025223596502149004,0.013842818407966861,-0.018563116426990933,0.033636217582845074,-0.031850029172268535,-0.019793399174878212
601857.SH,2012-04-12,2012-04-13,5.9056463,2012-05-14,5.7857347,-0.02030456852791873,0.015720847579000274,-0.036025416106919006,0.03248730964467006,-0.023350253807106536,0.05544470558264436,-0.013016047831267197,-0.0229573959379743
601857.SH,2013-04-19,2013-04-22,5.29897606,2013-05-22,5.32379562,0.004683840749414525,0.03679874920449122,-0.032114908455076696,0.014051522248243575,-0.0187353629976581,0.041564476520456806,-0.04040848864981472,-0.02751295427221323
601857.SH,2017-04-05,2017-04-06,5.43500146,2017-05-04,5.18857822,-0.04534005037783362,-0.0295331683004616,-0.01580688207737202,0.023929471032745786,-0.055415617128463435,0.005366894071473505,-0.03327006819863687,0.01856257696127228
601857.SH,2021-04-30,2021-05-06,3.22435512,2021-06-02,3.54829734,0.10046728971962615,0.037493719601429554,0.0629735701181966,0.14252336448598135,-0.002336448598130758,0.05485129189009674,-0.03390707218477995,0.08767207259588461
601878.SH,2022-12-27,2022-12-28,9.47858912,2023-02-01,10.33080992,0.08991008991008975,0.0828457267120204,0.007064363198069357,0.09690309690309684,-0.03796203796203801,0.10148330548410756,-0.01126946533924944,-0.004580208581010714
601878.SH,2025-09-29,2025-09-30,11.41279254,2025-11-04,11.32432128,-0.007751937984496138,-0.0024189946099685278,-0.00533294337452761,0.022394487510766448,-0.028423772609819098,0.028496347015108503,-0.03002929632132112,-0.006101859504342055
601878.SH,2025-12-01,2025-12-02,10.82298414,2025-12-29,10.72468274,-0.009082652134423275,0.014755824797768158,-0.023838476932191432,0.02270663033605813,-0.022706630336058242,0.022795987794859807,-0.01916918833350556,-8.935745880167545e-05
601881.SH,2018-03-29,2018-03-30,8.79778395,2018-05-02,8.5541013,-0.02769818529130852,-0.03341255438849888,0.005714369097190364,0.06781279847182442,-0.05253104106972306,0.016683420027911344,-0.04767645347179805,0.051129378443913076
601872.SH,2011-01-04,2011-01-05,2.43925818,2011-02-01,2.55039944,0.045563549160671624,-0.02930368960005758,0.0748672387607292,0.07434052757793763,-0.023980815347721784,0.012528937622173553,-0.07918128333997343,0.06181158995576408
601872.SH,2014-06-27,2014-06-30,1.52032616,2014-07-25,1.69726067,0.11637931034482762,0.050247501981595555,0.06613180836323207,0.1724137931034484,-0.004310344827586188,0.05045007540749302,-0.008135924910305459,0.12196371769595538
601872.SH,2016-10-10,2016-10-11,3.4621548,2016-11-07,3.53539269,0.0211538461538463,0.018115683768862967,0.003038162384983334,0.1461538461538463,-0.005769230769230749,0.02607293530494248,-0.007681838545503972,0.12008091084890382
601872.SH,2022-08-12,2022-08-15,6.19151941,2022-09-09,6.39466484,0.032810271041369576,-0.020625164503564886,0.05343543554493446,0.23680456490727542,-0.011412268188302432,0.010235883698198611,-0.04719164394378317,0.2265686812090768
601872.SH,2024-05-27,2024-05-28,8.40093208,2024-06-25,7.6537776,-0.08893709327548815,-0.048262858619691595,-0.04067423465579656,0.03687635574837311,-0.12255965292841653,0.0015734657656010231,-0.053012293251764486,0.03530288998277209
601872.SH,2025-09-12,2025-09-15,8.4943755,2025-10-20,8.58224835,0.010344827586206806,0.0007350790204985191,0.009609748565708287,0.07816091954022975,-0.0735632183908046,0.04221898293994841,-0.01761852214783055,0.03594193660028133
601872.SH,2025-09-29,2025-09-30,8.38697535,2025-11-04,8.21049648,-0.021042016058864466,-0.0024189946099685278,-0.018623021448895938,0.11042476355912978,-0.061699650756693813,0.028496347015108503,-0.03002929632132112,0.08192841654402128
601877.SH,2012-07-06,2012-07-09,7.92345554,2012-08-03,7.81795014,-0.013315579227696439,-0.041595884509579295,0.028280305281882856,0.015312916111850816,-0.05259653794940078,0.005828025010871762,-0.05304956406877814,0.009484891100979054
601877.SH,2017-10-20,2017-10-23,18.825661,2017-11-17,21.96872788,0.16695652173913045,0.04832466735913066,0.11863185437999979,0.36521739130434794,-0.008260869565217432,0.052597235588572655,-0.0026037353872188085,0.3126201557157753
601877.SH,2017-11-06,2017-11-07,20.88829864,2017-12-04,21.40395805,0.02468652037617569,-0.0008810658111908509,0.025567586187366542,0.23040752351097193,-0.062304075235109724,0.059227809460071335,-0.009964943823353223,0.1711797140509006
601877.SH,2019-03-29,2019-04-01,22.8876767,2019-04-29,21.3561593,-0.06691449814126382,-0.00021429474088396905,-0.06670020340037985,0.09591078066914505,-0.08773234200743496,0.05765476963443539,-0.006592126616406402,0.03825601103470966
601877.SH,2019-06-11,2019-06-12,20.41172357,2019-07-09,20.38619828,-0.0012505210504377695,0.02327196877791282,-0.02452248982835059,0.02751146310962893,-0.045018757815756594,0.06354753331860397,-0.018366742984566642,-0.036036070208975035
601877.SH,2020-01-22,2020-01-23,23.8703142,2020-02-27,24.46379916,0.024862888482632517,-0.0020636050620986834,0.0269264935447312,0.11919561243144416,-0.12285191956124308,0.02225942645118062,-0.11076919919810857,0.09693618598026355
601877.SH,2020-02-20,2020-02-21,26.3577144,2020-03-19,20.57996376,-0.21920529801324506,-0.13199468714161544,-0.08721061087162962,0.000993377483443858,-0.2516556291390728,0.01958390993292669,-0.15277065274540402,-0.018590532449482833
601877.SH,2020-08-17,2020-08-18,28.87985676,2020-09-14,27.29618008,-0.05483672211953172,-0.03436461832603177,-0.02047210379349995,0.08687615526802217,-0.1216882316697474,0.017572919054041458,-0.053677177721251246,0.06930323621398071
601877.SH,2020-10-28,2020-10-29,27.20720948,2020-11-25,28.30154786,0.04022236756049713,0.04848677525676259,-0.008264407696265463,0.09712230215827344,-0.06245912361020278,0.07388418797734309,-0.0009296467444854795,0.023238114180930358
601877.SH,2020-12-31,2021-01-04,34.7875046,2021-01-29,32.91022494,-0.0539641943734015,0.026670848319063856,-0.08063504269246535,0.058312020460357994,-0.06393861892583108,0.08489430888912741,-0.00421914250049682,-0.02658228842876942
601888.SH,2017-06-26,2017-06-27,26.31502612,2017-07-24,26.39737495,0.0031293463143253764,0.021249314910039896,-0.01811996859571452,0.07232267037552176,-0.03442280945757992,0.024447174346630796,-0.01503692324564454,0.04787549602889096
601888.SH,2017-08-30,2017-08-31,27.0836152,2017-09-27,31.26510579,0.15439189189189184,-0.003816374983413029,0.15820826687530487,0.1949324324324324,-0.006756756756756799,0.007678633018747716,-0.009112217692139879,0.1872537994136847
601888.SH,2017-11-21,2017-11-22,41.64105837,2017-12-19,39.82023424,-0.04372665348275118,-0.04565421396225311,0.001927560479501933,0.009887936717204893,-0.15842671940232922,0.007631069357189935,-0.0645477739423117,0.002256867360014958
601888.SH,2017-12-19,2017-12-20,39.55488801,2018-01-17,44.12067314,0.11542910016192454,0.05255104101343444,0.0628780591484901,0.17742308582003252,-0.04718945176960443,0.061279443927295674,-0.013821540483332617,0.11614364189273685
601888.SH,2018-03-01,2018-03-02,48.9518045,2018-03-29,49.14395177,0.00392523364485986,-0.030112945338560793,0.03403817898342065,0.09345794392523366,-0.027850467289719627,0.031027526861473476,-0.05496704692037335,0.06243041706376018
601888.SH,2019-06-27,2019-06-28,80.35221402,2019-07-25,81.7628789,0.017556017556017434,0.004959996701512148,0.012596020854505285,0.05902055902055903,-0.056941556941557,0.028800704790818754,-0.02249573923574777,0.030219854229740273
601888.SH,2019-07-25,2019-07-26,81.53086165,2019-08-22,87.56331015,0.07398975526465557,-0.010878623122275943,0.08486837838693151,0.07911212293682413,-0.0635173591348892,0.014471369107651455,-0.06762727013882874,0.06464075382917267
601888.SH,2019-08-14,2019-08-15,80.742003,2019-09-11,84.55636659,0.04724137931034478,0.08626015026496625,-0.03901877095462147,0.11356321839080463,-0.005747126436781547,0.10150057669839962,-0.0016304547611682985,0.012062641692405007
601888.SH,2019-08-30,2019-09-02,89.12246607,2019-09-30,86.36610114,-0.030927835051546393,0.00284960205737117,-0.03377743710891756,0.0015620118712902364,-0.0627928772258669,0.047729980027284125,-0.0010182220470705827,-0.04616796815599389
601888.SH,2019-09-18,2019-09-19,87.87885361,2019-10-23,85.44731283,-0.027669236455803103,-0.013475917076690158,-0.014193319379112945,0.03780758263808237,-0.029358960819516167,0.01525192770675976,-0.030299979892776774,0.02255565493132261
601888.SH,2019-10-25,2019-10-28,83.88815691,2019-11-22,78.6074443,-0.06294944130987956,-0.014081498967216666,-0.048867942342662896,0.03883172917358091,-0.07279566323708386,0.032178381360016495,-0.01830456580849793,0.006653347813564414
601898.SH,2010-09-27,2010-09-28,6.74502175,2010-11-01,9.23114495,0.36858638743455474,0.19736317701280037,0.17122321042175437,0.39267015706806285,-0.015706806282722585,0.20661043338196805,-0.014865528302355102,0.1860597236860948
601898.SH,2011-01-04,2011-01-05,7.79032355,2011-02-01,7.2888612,-0.06436990027198541,-0.02930368960005758,-0.03506621067192783,0.022665457842248493,-0.10063463281958296,0.012528937622173553,-0.07918128333997343,0.01013652022007494
601898.SH,2011-05-31,2011-06-01,6.9922215,2011-06-29,6.97173145,-0.002930406309353928,0.0013631121947474956,-0.0042935185041014234,0.027875039427741166,-0.05838020863612525,0.020005440433098487,-0.04461722547925051,0.00786959899464268
601898.SH,2013-04-16,2013-04-17,5.0759919,2013-05-17,5.04656586,-0.005797101449275255,0.05458645068658741,-0.06038355213586266,0.023188405797101463,-0.05507246376811603,0.0572952880957216,-0.01416016479235549,-0.034106882298620134
601898.SH,2016-11-22,2016-11-23,5.22165221,2016-12-20,4.4224989,-0.15304606240713226,-0.04744846922546597,-0.10559759318166628,0.0014858841010401136,-0.16196136701337305,0.031614081600048305,-0.053146971914810326,-0.03012819749900819
601898.SH,2017-01-18,2017-01-19,4.47681029,2017-02-22,4.82595494,0.07798960138648159,0.047675559419649405,0.030314041966832184,0.10225303292894261,-0.0034662045060659397,0.0477740297668654,-0.001881744318140921,0.05447900316207721
601898.SH,2017-11-07,2017-11-08,4.56707745,2017-12-05,4.48120078,-0.018803418803418848,-0.0027947721987918728,-0.016008646604626975,0.023931623931623847,-0.06324786324786325,0.05162195763388966,-0.017073952737916565,-0.027690333702265812
601898.SH,2019-11-04,2019-11-05,3.94906752,2019-12-02,3.86077536,-0.022357723577235755,-0.036678247614646886,0.014320524037411131,0.012195121951219523,-0.05691056910569103,0.012185233224053071,-0.04452056256537029,9.888727166451616e-06
601898.SH,2019-11-25,2019-11-26,3.91696128,2019-12-23,3.86077536,-0.014344262295082011,0.018919545059708165,-0.033263807354790176,0.012295081967212962,-0.0348360655737705,0.04461382933420732,-0.022757545138815782,-0.03231874736699436
601898.SH,2020-10-09,2020-10-12,3.30724,2020-11-06,3.3981891,0.02750000000000008,0.03836817752862309,-0.010868177528623013,0.05499999999999994,-0.022499999999999964,0.04089978715623355,-0.014002925238932429,0.014100212843766391
601916.SH,2025-08-21,2025-08-22,3.2043487,2025-09-18,2.869566,-0.10447761194029859,0.04915508326527873,-0.15363269520557732,0.008955223880596996,-0.10447761194029859,0.06681724406233536,0.0,-0.05786202018173836
601899.SH,2013-02-28,2013-03-01,2.70213534,2013-03-28,2.563001,-0.05149051490514911,-0.06457717185372491,0.013086656948575803,0.0027100271002709064,-0.06504065040650397,0.003372953939641432,-0.06736476183846207,-0.0006629268393705257
601899.SH,2016-04-27,2016-04-28,2.57939253,2016-05-26,2.45001861,-0.050156739811912154,-0.03316849318137294,-0.016988246630539217,0.040752351097178785,-0.06269592476489017,0.016895984107696993,-0.04476935683312544,0.023856366989481792
601899.SH,2017-11-07,2017-11-08,3.09903349,2017-12-05,3.34962919,0.08086253369272223,-0.0027947721987918728,0.0836573058915141,0.08625336927223715,-0.035040431266846306,0.05162195763388966,-0.017073952737916565,0.03463141163834749
601899.SH,2019-10-23,2019-10-24,2.85478992,2019-11-20,3.03101152,0.06172839506172845,0.007720885639039388,0.05400750942268906,0.12037037037037046,-0.015432098765432056,0.03938061689208383,-0.007449864270126061,0.08098975347828663
601899.SH,2024-12-23,2024-12-24,14.92827064,2025-01-21,15.66071,0.04906391220142026,-0.02600488007168178,0.07506879227310204,0.07553260167850229,-0.031633311814073584,0.01850609139824222,-0.058662843891328253,0.05702651028026007
601901.SH,2025-09-11,2025-09-12,8.43651615,2025-10-17,8.00031555,-0.051703877790834296,-0.006679589723210588,-0.04502428806762371,0.004700352526439522,-0.06933019976498234,0.039993570377793164,-0.019716165845965805,-0.03529321785135364
601985.SH,2021-06-23,2021-06-24,4.5062946,2021-07-21,4.3401111,-0.036878081606116164,-0.0024281673776633816,-0.03444991422845278,0.015594541910331161,-0.05890373878352295,0.020182703838552474,-0.029118673951052387,-0.004588161928221313
601939.SH,2011-01-04,2011-01-05,2.0317168,2011-02-01,2.1105334,0.03879310344827602,-0.02930368960005758,0.0680967930483336,0.06465517241379315,-0.012931034482758452,0.012528937622173553,-0.07918128333997343,0.0521262347916196
601939.SH,2012-04-12,2012-04-13,2.16993775,2012-05-14,2.10598169,-0.029473684210526208,0.015720847579000274,-0.04519453178952648,0.021052631578947434,-0.029473684210526208,0.05544470558264436,-0.013016047831267197,-0.034392074003696926
601939.SH,2015-03-09,2015-03-10,3.1224273,2015-04-07,3.47059176,0.1115044247787611,0.20898956760622545,-0.09748514282746434,0.12035398230088501,-0.015929203539823078,0.2091107491117139,-0.003307659125222684,-0.08875676681082889
601939.SH,2017-04-21,2017-04-24,3.59159831,2017-05-22,3.72574969,0.03735144312393879,-0.013587594571555117,0.050939037695493905,0.06621392190152808,-0.008488964346349714,0.002410772222074531,-0.04202614749519129,0.06380314967945355
601939.SH,2021-11-11,2021-11-12,4.5063403,2021-12-09,4.5370479,0.006814310051107331,0.035848204937257044,-0.029033894886149714,0.011925042589437718,-0.022146507666098825,0.043152226825071915,-0.018909044346941295,-0.031227184235634198
601919.SH,2013-02-05,2013-02-06,1.7971449,2013-03-12,1.75917705,-0.021126760563380254,-0.07803036753023551,0.05690360696685526,0.021126760563380254,-0.06103286384976525,0.006996985469936323,-0.08774245032663419,0.01412977509344393
601919.SH,2013-02-28,2013-03-01,1.75917705,2013-03-28,1.69167865,-0.03836930455635479,-0.06457717185372491,0.026207867297370124,0.02877697841726623,-0.052757793764988015,0.003372953939641432,-0.06736476183846207,0.025404024477624798
601919.SH,2017-01-18,2017-01-19,2.2696337,2017-02-22,2.6914987,0.18587360594795532,0.047675559419649405,0.13819804652830592,0.20817843866171004,-0.013011152416356864,0.0477740297668654,-0.001881744318140921,0.16040440889484464
601919.SH,2019-06-19,2019-06-20,2.024952,2019-07-17,2.1177623,0.04583333333333339,0.023043387889186695,0.022789945444146698,0.11875000000000013,-0.018749999999999933,0.06009345133466759,-0.00047217742900462767,0.05865654866533254
601919.SH,2026-02-04,2026-02-05,14.10612034,2026-03-12,15.43250228,0.0940288263555249,0.004890360846517616,0.08913846550900728,0.16540837336993808,-0.01853122855181888,0.021825595801770792,-0.02481994846538116,0.14358277756816729
601919.SH,2026-05-14,2026-05-15,13.8931247,2026-06-11,13.77694526,-0.00836236933797907,-0.038522933654731584,0.030160564316752514,0.059233449477351874,-0.026480836236933758,0.016334765806401697,-0.04765311453203569,0.04289868367095018
601995.SH,2026-06-15,2026-06-16,33.66,2026-07-14,35.44,0.05288175876411172,-0.020097843082315436,0.07297960184642716,0.13042186571598346,-0.016339869281045694,0.03460492431017448,-0.05022271747909579,0.09581694140580899
601988.SH,2011-01-04,2011-01-05,1.3987805,2011-02-01,1.39447656,-0.003076923076923088,-0.02930368960005758,0.026226766523134493,0.01846153846153853,-0.03076923076923077,0.012528937622173553,-0.07918128333997343,0.0059326008393649765
601988.SH,2011-05-30,2011-05-31,1.43751596,2011-06-28,1.43751608,8.347733393421208e-08,0.028096668465936725,-0.02809658498860279,0.0219436589768367,-0.047021864021600135,0.032926306197477384,-0.03251496396784026,-0.010982647220640684
601988.SH,2015-06-04,2015-06-05,2.6053152,2015-07-03,2.5161982,-0.034205841964918604,-0.2605162224626325,0.2263103804977139,0.13749999999999996,-0.11875000000000013,0.02388644514030247,-0.2795489166787981,0.11361355485969749
601988.SH,2017-03-27,2017-03-28,2.17455606,2017-04-26,2.12702478,-0.021857923497267673,-0.010075715846768363,-0.01178220765049931,0.013661202185792254,-0.04371584699453557,0.013380077115171973,-0.021915098603576877,0.0002811250706202806
601988.SH,2017-09-22,2017-09-25,2.60571491,2017-10-27,2.50621267,-0.03818615751789978,0.05033611292537721,-0.08852227044327698,0.021479713603818507,-0.05250596658711215,0.050988204122041525,-0.005441579601480062,-0.02950849051822302
601988.SH,2017-10-18,2017-10-19,2.58083935,2017-11-15,2.40671043,-0.06746987951807237,0.0337731751875292,-0.10124305470560158,0.012048192771084265,-0.07469879518072298,0.05000833632992885,-0.0077110417417930455,-0.03796014355884458
601988.SH,2017-11-17,2017-11-20,2.43158599,2017-12-15,2.40049154,-0.012787723785166238,-0.027573603951795533,0.014785880166629295,0.04092071611253201,-0.012787723785166238,0.04077084637155237,-0.03378187249098252,0.00014986974097963568
601988.SH,2018-04-10,2018-04-11,2.44402377,2018-05-10,2.41292932,-0.012722646310432517,-0.010450237394478923,-0.0022724089159535943,0.020356234096692294,-0.04834605597964381,0.006237149446299828,-0.057461435947464334,0.014119084650392466
601988.SH,2019-05-15,2019-05-16,2.43530954,2019-06-13,2.5537818,0.04864772138986484,-0.009313343220326509,0.05796106461019135,0.05989327336187422,-0.005361930294906059,0.006805304998146466,-0.044027226596280444,0.053087968363727756
601988.SH,2021-04-29,2021-04-30,2.36829448,2021-06-01,2.41161694,0.018292682926829285,0.03594090686955509,-0.017648223942725805,0.021341463414634276,-0.012195121951219412,0.04307707088554791,-0.04469057477939309,-0.02173560747091363
601988.SH,2023-04-04,2023-04-06,2.8181142,2023-05-08,3.6998049,0.3128654970760234,-0.005256833030861885,0.3181223301068853,0.3128654970760234,-0.0029239766081872176,0.02094344648997626,-0.038856726472112024,0.29192205058604714
601988.SH,2023-07-13,2023-07-14,3.2877999,2023-08-10,3.34900945,0.018617176185205198,0.018212682450993167,0.0004044937342120303,0.05851079927339864,-0.021276446902988244,0.04091550094218266,-0.02709583839157237,0.01759529833121598
601988.SH,2023-08-04,2023-08-07,3.38398605,2023-09-01,3.24407965,-0.04134366925064592,-0.05282992915481188,0.011486259904165963,0.02067183462532296,-0.046511627906976716,0.0,-0.07692712584215955,0.02067183462532296
601988.SH,2024-03-04,2024-03-05,3.94361165,2024-04-01,3.8998909,-0.011086474501108667,0.020051890453134824,-0.03113836495424349,0.026607538802660757,-0.053215077605321404,0.024333437239820066,-0.01009323668630513,0.0022741015628406913
601988.SH,2025-02-11,2025-02-12,5.06207428,2025-03-11,5.07148334,0.0018587360594795044,0.01688771472231032,-0.015028978662830816,0.040892193308549984,-0.01115241635687736,0.03095646301370114,-0.00522043625016122,0.009935730294848844
601988.SH,2026-01-20,2026-01-21,5.32802848,2026-02-25,5.18111593,-0.02757352941176483,0.004524648470997539,-0.03209817788276237,0.007352941176470562,-0.03860294117647067,0.011964185541958106,-0.02892010508480536,-0.0046112443654875435
601998.SH,2011-01-04,2011-01-05,2.60261585,2011-02-01,2.5581689,-0.017077798861479976,-0.02930368960005758,0.012225890738577605,0.04554079696394697,-0.05123339658444015,0.012528937622173553,-0.07918128333997343,0.03301185934177342
601998.SH,2012-06-15,2012-06-18,2.14610448,2012-07-16,2.0777237,-0.031862745098039214,-0.0686548199216882,0.03679207482364899,0.004901960784313708,-0.04901960784313719,0.006438257118118296,-0.06870178050468256,-0.0015362963338045876
601998.SH,2017-11-07,2017-11-08,3.96684725,2017-12-05,4.18544175,0.05510534846029169,-0.0027947721987918728,0.057900120659083565,0.06320907617504057,-0.02917341977309551,0.05162195763388966,-0.017073952737916565,0.01158711854115091
601998.SH,2020-10-12,2020-10-13,3.76837681,2020-11-09,3.75379895,-0.003868471953578312,0.03499986255684684,-0.03886833451042515,0.04061895551257244,-0.025145067698259083,0.03841817662116265,-0.03606911418812475,0.0022007788914097937
601998.SH,2025-09-23,2025-09-24,7.0956035,2025-10-29,7.3527596,0.03624161073825505,0.05618619801778579,-0.019944587279530746,0.08322147651006695,-0.04295302013422819,0.05618619801778579,-0.0009787630137741976,0.027035278492281156
603259.SH,2025-09-19,2025-09-22,105.97044717,2025-10-27,104.968418,-0.009455741640804094,0.045211073847971406,-0.0546668154887755,0.05863024310950449,-0.11896921506592528,0.047499691435670455,-0.011590582685366613,0.011130551673834033
603260.SH,2020-10-09,2020-10-12,27.9331524,2020-11-06,33.03341295,0.18258807588075876,0.03836817752862309,0.14421989835213567,0.19512195121951215,-0.0792682926829269,0.04089978715623355,-0.014002925238932429,0.1542221640632786
603288.SH,2022-09-09,2022-09-13,61.4352456,2022-10-17,57.8303928,-0.05867727498756847,-0.06459134375643771,0.005914068768869241,0.0688712083540528,-0.13699651914470412,0.003915114748075821,-0.10955385517694105,0.06495609360597698
603369.SH,2017-04-26,2017-04-27,11.1837275,2017-05-25,10.5804364,-0.05394365161347148,0.014717466904912824,-0.0686611185183843,0.039068369646882095,-0.09391435011269722,0.016102869725556967,-0.03557681838850779,0.022965499921325128
603993.SH,2017-06-07,2017-06-08,3.58445045,2017-07-05,4.48272237,0.2506024096385544,0.03637191570895326,0.21423049392960114,0.2771084337349399,-0.004819277108433662,0.041144458846054555,-0.006313644409996377,0.23596397488888532
603993.SH,2019-01-31,2019-02-01,3.37699048,2019-03-07,4.5055702,0.3341968911917099,0.18077007613463358,0.15342681505707634,0.383419689119171,-0.007772020725388518,0.20486692481987823,-0.005585397179493912,0.1785527642992928
603993.SH,2020-04-30,2020-05-06,3.15544437,2020-06-02,3.16443424,0.002849002849002691,0.030075308900332942,-0.02722630605133025,0.05413105413105401,-0.04558404558404561,0.03383236296035741,-0.017345387315309435,0.020298691170696603
603993.SH,2024-12-23,2024-12-24,6.60277449,2025-01-21,6.75566073,0.02315484804630974,-0.02600488007168178,0.04915972811799152,0.04341534008683068,-0.05209840810419686,0.01850609139824222,-0.058662843891328253,0.02490924868858846
603993.SH,2025-09-12,2025-09-15,13.23898511,2025-10-20,14.89509047,0.12509307520476542,0.0007350790204985191,0.1243579961842669,0.340282948622487,-0.08637379002233803,0.04221898293994841,-0.01761852214783055,0.29806396568253857
603993.SH,2025-11-13,2025-11-14,16.37375597,2025-12-11,17.21166642,0.0511739915713425,-0.023831253179737444,0.07500524475107995,0.13064419024683915,-0.09271523178807961,0.004490429828121423,-0.05178828162568827,0.12615376041871773
603993.SH,2025-12-03,2025-12-04,18.1382968,2025-12-31,19.71554,0.0869565217391306,0.021250020182634666,0.06570650155649593,0.11250000000000004,-0.07065217391304335,0.031438721418852955,-0.010881064859620149,0.08106127858114709
603993.SH,2026-01-26,2026-01-27,24.07267434,2026-03-03,23.14604396,-0.03849303849303842,-0.010473193087167987,-0.028019845405870436,0.17854217854217858,-0.14578214578214577,0.013981522130189328,-0.026984270763693585,0.16456065641198925
688009.SH,2022-09-23,2022-09-26,3.74302606,2022-10-28,3.82285363,0.021327014218009532,-0.07527329646643133,0.09660031068444086,0.056872037914691864,-0.023696682464455,0.01663956284890422,-0.0773179508918409,0.04023247506578764
688009.SH,2023-03-14,2023-03-15,4.86061204,2023-04-12,4.95817907,0.02007299270072993,0.021297735276073926,-0.0012247425753439956,0.06021897810218979,-0.027372262773722733,0.030023796536077008,-0.01915036884281951,0.030195181566112783
688009.SH,2023-07-07,2023-07-10,5.321838,2023-08-04,5.5124664,0.03582003059845129,0.04660089701600589,-0.010780866417554602,0.049539501202404246,-0.033333333333333215,0.057998066462129794,-0.011129413575857838,-0.008458565259725548
688041.SH,2024-04-17,2024-04-18,78.95420037,2024-05-20,73.61285853,-0.0676511422440994,0.039544818358318023,-0.10719596060241743,0.0258740376120159,-0.11270983213429253,0.04294327181752533,-0.015464281342737252,-0.01706923420550943
688072.SH,2026-03-02,2026-03-03,391.6899416,2026-03-30,386.91250368,-0.012196989027813299,-0.0517943872188904,0.039597398191077104,0.040316407246746566,-0.17045164582801742,0.0015372205242614179,-0.07240852648136409,0.03877918672248515
688111.SH,2022-08-03,2022-08-04,175.32175994,2022-08-31,177.54950748,0.012706623186776067,-0.002592456442528146,0.015299079629304213,0.16940290115821433,-0.10603845721353877,0.03260706552647208,-0.01047071973317426,0.13679583563174225
688111.SH,2025-12-30,2025-12-31,304.10543597,2026-01-29,346.00233031,0.13777094844214877,0.020914875614197914,0.11685607282795085,0.35678556249387006,-0.006996436394546723,0.03875779558808379,-0.0073835171631789764,0.31802776690578627
688111.SH,2026-01-29,2026-01-30,342.78102187,2026-03-06,284.31029676,-0.17057748644023552,-0.013262952720903942,-0.15731453371933157,0.007918322359834029,-0.19520259883400526,0.009205368275496228,-0.031177974716080525,-0.0012870459156621994
688271.SH,2025-12-25,2025-12-26,128.61987827,2026-01-26,133.73152755,0.03974229604905699,0.014477919741833212,0.02526437630722378,0.17200962508732465,-0.0327563455716835,0.042494470923734706,-0.004991002285771762,0.12951515416358994
688256.SH,2020-12-18,2020-12-21,107.6313,2021-01-18,103.869234,-0.03495327102803725,0.10464034897417651,-0.13959362000221376,0.021557632398753857,-0.15214953271028042,0.12990155936565606,-0.00696920682093316,-0.1083439269669022
688303.SH,2023-08-10,2023-08-11,39.6758739,2023-09-07,39.66602877,-0.0002481389578163906,-0.05518087380656245,0.054932734848746056,0.052605459057071924,-0.04640198511166249,0.0,-0.07112963317041487,0.052605459057071924
688303.SH,2025-09-04,2025-09-05,32.7,2025-10-10,27.64,-0.1547400611620796,0.057546573750100416,-0.21228663491218003,0.09296636085626897,-0.18960244648318048,0.08263146283646194,-0.0035071630223901806,0.010334898019807026
688396.SH,2025-01-14,2025-01-15,46.21686214,2025-02-19,48.61100134,0.051802287934383795,0.03415320062782623,0.017649087306557565,0.05676667386142897,-0.022879343837686306,0.040783847855687894,-0.00885797567282387,0.01598282600574108
688396.SH,2025-06-23,2025-06-24,45.55773094,2025-07-21,47.62535872,0.045384784038588144,0.057793164000423,-0.012408379961834859,0.053497040122780115,-0.0017540013155009637,0.05792518078713793,0.0,-0.004428140664357816
000001.SZ,2014-09-24,2014-09-25,5.27503704,2014-10-29,5.2648141,-0.0019379844961240345,-0.0008310837552267802,-0.0011069007408972542,0.005813953488372103,-0.032945736434108475,0.014139428871417614,-0.03739387785962711,-0.00832547538304551
000001.SZ,2019-06-10,2019-06-11,9.59012972,2019-07-08,10.67282496,0.11289682951233315,0.051213496085581234,0.06168333342675192,0.169401525050487,-0.0032414910858995505,0.08981338888515711,0.0,0.07958813616532989
000001.SZ,2024-07-09,2024-07-10,9.05878067,2024-08-06,8.93283933,-0.013902681231380387,-0.024198996007392948,0.01029631477601256,0.03574975173783512,-0.017874875868917672,0.03486883289435139,-0.03130776432508553,0.0008809188434837356
000001.SZ,2026-05-29,2026-06-01,10.5527478,2026-06-29,10.24,-0.029636622226487774,0.005925849642238301,-0.035562471868726075,0.06607304687031368,-0.05048427292084068,0.033967355130879895,-0.04498432878373437,0.032105691739433784
000002.SZ,2015-03-12,2015-03-13,8.32586985,2015-04-10,9.7169076,0.1670741646291769,0.20521845128168437,-0.038144286652507464,0.22004889975550124,-0.00896495517522411,0.20723555631013202,-0.0027544816156591656,0.012813343445369219
000002.SZ,2020-01-09,2020-01-10,26.136928,2020-02-14,25.1567932,-0.03750000000000009,-0.04544332755566216,0.007943327555662072,0.0068749999999999645,-0.18499999999999994,0.010994411353758338,-0.12870355232231512,-0.004119411353758373
000002.SZ,2023-04-07,2023-04-10,14.98031325,2023-05-10,14.5523043,-0.02857142857142858,-0.0327056597351566,0.004134231163728019,0.031746031746031855,-0.07619047619047614,0.009113773598202535,-0.04999349469081582,0.02263225814782932
000063.SZ,2022-08-05,2022-08-08,23.75622816,2022-09-02,22.66366578,-0.04599056603773588,-0.02860811724726553,-0.01738244879047035,0.016116352201257955,-0.06446540880503138,0.019476903939153134,-0.03312323032571485,-0.003360551737895179
000100.SZ,2014-01-09,2014-01-10,1.6133833,2014-02-13,1.85188344,0.14782608695652177,0.02843780861990486,0.11938827833661692,0.18695652173913047,-0.017391304347825987,0.04103412509964932,-0.027097870942797364,0.14592239663948114
000100.SZ,2017-04-05,2017-04-06,2.6899858,2017-05-04,2.6082459,-0.03038674033149169,-0.0295331683004616,-0.000853572031030092,0.035911602209944604,-0.04143646408839785,0.005366894071473505,-0.03327006819863687,0.0305447081384711
000100.SZ,2017-07-31,2017-08-01,2.7755403,2017-08-28,2.74512342,-0.010958904109588996,0.027810201094701448,-0.038769105204290444,0.08219178082191769,-0.03561643835616435,0.03429126849288111,-0.025046432805097774,0.04790051232903658
000100.SZ,2017-09-28,2017-09-29,2.72231076,2017-11-02,3.20898084,0.17877094972067042,0.04494716880311156,0.13382378091755887,0.2905027932960893,-0.008379888268156388,0.054412028436668036,0.0,0.23609076485942126
000100.SZ,2023-05-29,2023-05-30,3.50397824,2023-06-28,3.65632512,0.04347826086956519,0.003397833174024978,0.04008042769554021,0.07880434782608692,-0.010869565217391242,0.036632185172842835,-0.013066852841862486,0.04217216265324408
000100.SZ,2025-10-23,2025-10-24,4.10925032,2025-11-20,4.07982848,-0.007159904534606243,-0.012511715604998752,0.005351811070392509,0.06682577565632464,-0.007159904534606243,0.030078519944017224,-0.015138810301741579,0.036747255712307414
000157.SZ,2023-04-28,2023-05-04,5.39852918,2023-05-31,5.28171402,-0.021638330757341562,-0.053551622506930574,0.03191329174958901,0.03709428129829995,-0.061823802163832986,0.019778090851179098,-0.05782223981519441,0.01731619044712085
000157.SZ,2024-06-21,2024-06-24,6.8877493,2024-07-19,6.3646291,-0.07594936708860767,0.0188207226588184,-0.09477008974742607,0.012658227848101111,-0.10379746835443038,0.02064091745625163,-0.02557277681573844,-0.007982689608150517
000157.SZ,2025-01-14,2025-01-15,6.4497348,2025-02-19,6.7241916,0.042553191489361764,0.03415320062782623,0.008399990861535533,0.06099290780141842,-0.029787234042553123,0.040783847855687894,-0.00885797567282387,0.020209059945730523
000166.SZ,2017-10-24,2017-10-25,5.15706126,2017-11-21,5.05959103,-0.018900343642611617,0.06556950870681022,-0.08446985234942184,0.0034364261168384758,-0.05498281786941572,0.06621677817453842,-0.0010522550090117377,-0.06278035205769994
000166.SZ,2022-08-05,2022-08-08,3.88102702,2022-09-02,4.00622144,0.032258064516129004,-0.02860811724726553,0.06086618176339453,0.05459057071960305,-0.004962779156327479,0.019476903939153134,-0.03312323032571485,0.035113666780449915
000333.SZ,2014-10-29,2014-10-30,9.02024112,2014-11-26,9.8755328,0.0948191593352885,0.11127217581409443,-0.016453016478805926,0.10117302052785937,-0.01857282502443791,0.11141174708542967,-0.002694296881153413,-0.010238726557570299
000333.SZ,2022-08-31,2022-09-01,43.8492771,2022-09-29,41.600385,-0.05128686830734541,-0.058788124077621795,0.007501255770276383,0.07458200263009584,-0.05504414803682134,0.015229108135683456,-0.06333631639017867,0.05935289449441239
000333.SZ,2024-07-04,2024-07-05,58.246596,2024-08-01,57.41579184,-0.014263565891472818,-0.0069967149516919624,-0.007266850939780856,0.010852713178294726,-0.08682170542635648,0.029616286284194437,-0.02629830501544017,-0.01876357310589971
000333.SZ,2024-07-26,2024-07-29,56.2598904,2024-08-23,59.11352208,0.05072231139646877,-0.022669652205169588,0.07339196360163835,0.05874799357945415,-0.04911717495987156,0.012915707689856948,-0.0312525711466477,0.0458322858895972
000333.SZ,2026-01-20,2026-01-21,75.22061232,2026-02-25,75.9255674,0.009371833839918908,0.004524648470997539,0.0048471853689213695,0.027862208713272496,-0.050151975683890626,0.011964185541958106,-0.02892010508480536,0.01589802317131439
000333.SZ,2026-03-31,2026-04-01,72.877113,2026-04-29,77.45932102,0.06287581699346423,0.06487878513041401,-0.0020029681369497787,0.07111111111111135,-0.013071895424836555,0.06778399005753855,-0.021379674815663607,0.0033271210535728013
000301.SZ,2012-06-13,2012-06-14,2.67314794,2012-07-12,2.44329127,-0.08598726114649669,-0.04824412269088019,-0.0377431384556165,0.019108280254777288,-0.10191082802547768,0.007728899025347902,-0.06651889439710201,0.011379381229429386
000301.SZ,2012-06-29,2012-07-02,2.553963,2012-07-27,2.46031769,-0.036666666666666625,-0.0503071502640946,0.013640483597427977,0.01333333333333342,-0.06333333333333324,0.006873535755363314,-0.053466583385384125,0.0064597975779701056
000301.SZ,2013-03-06,2013-03-07,2.68234114,2013-04-03,2.54522466,-0.051118210862619806,-0.0591851678717531,0.008066957009133291,0.0031948881789136685,-0.057507987220447254,0.007268021651779755,-0.062450587794526946,-0.004073133472866086
000301.SZ,2013-04-09,2013-04-10,2.56236422,2013-05-10,2.56236422,0.0,0.02124290188361333,-0.02124290188361333,0.006688963210702337,-0.030100334448160515,0.029752200978784504,-0.028684669997877665,-0.023063237768082168
000301.SZ,2014-12-03,2014-12-04,3.83454,2014-12-31,4.53576375,0.18287037037037046,0.18763911980998893,-0.004768749439618469,0.30787037037037024,-0.05555555555555558,0.19054124768980896,-0.00219365242288172,0.11732912268056128
000301.SZ,2015-03-16,2015-03-17,5.1304725,2015-04-14,6.89684625,0.3442906574394464,0.1885994524313459,0.15569120500810052,0.41522491349480983,-0.013840830449826869,0.19828594888912887,-0.004593513429840268,0.21693896460568096
000301.SZ,2015-06-12,2015-06-15,10.43847,2015-07-13,4.474325,-0.571361990789838,-0.2133356393913053,-0.35802635139853267,0.0748299319727892,-0.571361990789838,0.0015760138094520482,-0.33921988250310886,0.07325391816333715
000301.SZ,2016-12-07,2016-12-08,4.73369392,2017-01-05,4.85135744,0.0248565965583174,-0.032746789239035845,0.057603385797353246,0.05927342256214141,-0.06118546845124284,0.007501851768349166,-0.06168032863395356,0.05177157079379224
000301.SZ,2017-01-09,2017-01-10,4.96902096,2017-02-13,4.68843872,-0.0564663023679417,0.022202265026078027,-0.07866856739401973,0.009107468123861429,-0.14389799635701273,0.02317440986375985,-0.02898348097460801,-0.01406694173989842
000408.SZ,2016-10-19,2016-10-20,12.85047504,2016-11-16,13.12320672,0.02122347066167296,0.03388813205437513,-0.01266466139270217,0.06117353308364537,-0.011235955056179803,0.040828969434570705,-0.0024116877624029698,0.020344563649074665
000408.SZ,2024-05-20,2024-05-21,27.91412778,2024-06-18,23.9454753,-0.1421736158578265,-0.03712274665840798,-0.10505086919941853,0.002050580997949414,-0.15071770334928225,0.002605337531014662,-0.04854687038500094,-0.0005547565330652482
000338.SZ,2018-03-29,2018-03-30,6.21601128,2018-05-02,6.05085156,-0.02657004830917875,-0.03341255438849888,0.006842506079320132,0.06280193236714982,-0.0314009661835748,0.016683420027911344,-0.04767645347179805,0.04611851233923847
000338.SZ,2024-11-29,2024-12-02,12.6138612,2024-12-27,13.0852312,0.03736920777279518,0.01824379034018153,0.019125417432613645,0.05754857997010454,-0.02316890881913314,0.04825878201640332,-0.002546229279979384,0.009289797953701218
000425.SZ,2017-01-23,2017-01-24,2.7532455,2017-02-27,3.33851625,0.21257485029940137,0.024704910920964496,0.18786993937843688,0.25449101796407203,-0.0059880239520956335,0.03860235250600841,-0.004670342005098305,0.21588866545806362
000425.SZ,2017-10-09,2017-10-10,3.09193654,2017-11-06,3.03406607,-0.018716577540106805,0.03551014511191464,-0.05422672265202144,0.03208556149732633,-0.045454545454545414,0.038716426435931206,-0.007091676210396969,-0.006630864938604875
000425.SZ,2022-09-27,2022-09-28,4.32903912,2022-11-01,4.30175526,-0.006302521008403339,-0.06322216934517189,0.05691964833676855,0.0021008403361344463,-0.09033613445378152,0.0,-0.09885161770006079,0.0021008403361344463
000425.SZ,2023-03-13,2023-03-14,6.5481264,2023-04-11,6.23890932,-0.047222222222222165,0.025067650149430687,-0.07228987237165285,0.005555555555555536,-0.1069444444444444,0.033104715658615946,-0.016216535279818256,-0.02754916010306041
000425.SZ,2023-04-17,2023-04-18,6.3207609,2023-05-18,5.7296106,-0.09352517985611508,-0.04426794637790732,-0.04925723347820776,0.020143884892086295,-0.13093525179856114,0.007334316299378418,-0.052249568816900016,0.012809568592707876
000538.SZ,2017-08-09,2017-08-10,47.7449284,2017-09-06,47.6909183,-0.0011312217194570096,0.0334196697845508,-0.03455089150400781,0.03382352941176481,-0.02952488687782806,0.03811582507418865,-0.021441292555467673,-0.0042922956624238395
000538.SZ,2020-11-20,2020-11-23,56.93235905,2020-12-18,66.2707787,0.16402657128257525,0.009156967647046876,0.15486960363552837,0.18313745528870706,-0.03668880940214625,0.02745120407027124,-0.021241679977028194,0.15568625121843582
000538.SZ,2025-06-25,2025-06-26,53.4133402,2025-07-23,53.9284894,0.009644579389176622,0.042145571481126076,-0.032500992091949454,0.016967315592069987,-0.012145025897481676,0.05122939234212165,-0.01051207055782677,-0.03426207675005166
000568.SZ,2010-10-25,2010-10-26,25.67039875,2010-11-22,27.4358235,0.06877278250303775,-0.0915180809022208,0.16029086340525855,0.14580801944106936,-0.0473876063183476,0.01905012037895748,-0.11893572743202441,0.12675789906211188
000568.SZ,2014-09-24,2014-09-25,13.3364352,2014-10-29,12.54837312,-0.05909090909090908,-0.0008310837552267802,-0.0582598253356823,0.01931818181818179,-0.09772727272727277,0.014139428871417614,-0.03739387785962711,0.005178752946764176
000568.SZ,2016-12-30,2017-01-03,26.59707375,2017-02-06,26.7174225,0.004524886877828038,0.017879553512074597,-0.01335466663424656,0.06244343891402715,-0.03499245852187027,0.024723343994317526,-0.015011075896369075,0.037720094919709624
000568.SZ,2019-12-06,2019-12-09,70.612084,2020-01-06,72.84104376,0.03156626506024107,0.056212909534626876,-0.024646644474385804,0.05253012048192773,-0.03409638554216876,0.0673037596088939,-0.007019259864807226,-0.014773639126966165
000617.SZ,2013-12-10,2013-12-11,4.3054013,2014-01-08,4.19924072,-0.024657534246575352,-0.08137338901038027,0.05671585476380492,0.047945205479452246,-0.06164383561643827,0.0,-0.0909058501464658,0.047945205479452246
000617.SZ,2014-12-15,2014-12-16,6.15141583,2015-01-14,5.86832095,-0.0460210930009588,0.08725047014333698,-0.13327156314429578,0.025886864813039256,-0.08916586768935775,0.1454029635948566,-0.01020159820796085,-0.11951609878181735
000617.SZ,2019-06-19,2019-06-20,7.35602439,2019-07-17,7.28882098,-0.009135832949569656,0.023043387889186695,-0.03217922083875635,0.05896805896805901,-0.04836971319503747,0.06009345133466759,-0.00047217742900462767,-0.0011253923666085797
000596.SZ,2017-01-18,2017-01-19,38.171094,2017-02-22,43.5967233,0.14213973799126656,0.047675559419649405,0.09446417857161715,0.1794759825327512,-0.027510917030567628,0.0477740297668654,-0.001881744318140921,0.1317019527658858
000625.SZ,2017-04-26,2017-04-27,6.7905696,2017-05-25,6.29467932,-0.07302631578947372,0.014717466904912824,-0.08774378269438654,0.011842105263157876,-0.13421052631578956,0.016102869725556967,-0.03557681838850779,-0.0042607644623990915
000625.SZ,2024-06-14,2024-06-17,12.922146,2024-07-12,14.5015194,0.12222222222222223,-0.01392474349601347,0.1361469657182357,0.13777777777777778,-0.028148148148148144,0.008596491801002415,-0.038798910615028825,0.12918128597677536
000625.SZ,2025-09-09,2025-09-10,12.30626883,2025-10-15,12.57060396,0.021479713603818507,0.037849651346220536,-0.01636993774240203,0.024661893396976886,-0.04534606205250602,0.06489987449698642,-0.005341257028197877,-0.040237981100009534
000625.SZ,2025-09-26,2025-09-29,11.9440318,2025-11-03,12.15941598,0.0180327868852459,0.02159557879938645,-0.0035627919141405506,0.13442622950819683,-0.00983606557377037,0.04540025187955776,-0.014087292692555375,0.08902597762863906
000651.SZ,2014-07-14,2014-07-15,7.6217854,2014-08-11,8.11237685,0.06436699857752481,0.08997787648340694,-0.025610877905882123,0.09850640113797993,-0.015647226173541973,0.09708587988787554,-0.011355755455191074,0.0014205212501043896
000651.SZ,2015-03-11,2015-03-12,10.70898795,2015-04-09,11.92598,0.11364211592002027,0.1980084807934146,-0.08436636487339433,0.17691723614274868,-0.016957732219691213,0.2176920616378173,-0.005945437568127154,-0.04077482549506861
000651.SZ,2019-06-19,2019-06-20,34.2743103,2019-07-17,35.8660169,0.04644022260602565,0.023043387889186695,0.023396834716838955,0.13222030320475908,-0.0017271157167531026,0.06009345133466759,-0.00047217742900462767,0.07212685187009149
000651.SZ,2020-08-28,2020-08-31,38.6281038,2020-09-25,37.35776044,-0.03288650580875774,-0.0617770880355033,0.028890582226745565,0.01787310098302064,-0.03753351206434319,0.006216015627558358,-0.06491851859942166,0.011657085355462282
000651.SZ,2024-07-11,2024-07-12,33.244673,2024-08-08,34.95439904,0.05142857142857138,-0.03382109092472951,0.08524966235330089,0.08545454545454545,-0.04571428571428571,0.024677160671735532,-0.0408477112601765,0.06077738478280992
000657.SZ,2019-08-02,2019-08-05,4.71917475,2019-08-30,4.85087265,0.027906976744186185,0.020184947464148006,0.0077220292800381785,0.0976744186046512,-0.046511627906976716,0.03324715411223633,-0.039884717279976556,0.06442726449241487
000708.SZ,2014-09-24,2014-09-25,3.88339058,2014-10-29,3.7022182,-0.04665314401622722,-0.0008310837552267802,-0.04582206026100044,0.03853955375253548,-0.12474645030425957,0.014139428871417614,-0.03739387785962711,0.02440012488111787
000708.SZ,2014-12-11,2014-12-12,4.56081774,2015-01-12,4.07244002,-0.10708117443868737,0.10388344298621122,-0.21096461742489858,0.021588946459412783,-0.16321243523316065,0.15923413792919283,-0.012449562870355257,-0.13764519146978005
000708.SZ,2025-09-26,2025-09-29,12.69560475,2025-11-03,14.4607624,0.13903690960448345,0.02159557879938645,0.117441330805097,0.16193979652682566,-0.015801354401805856,0.04540025187955776,-0.014087292692555375,0.1165395446472679
000725.SZ,2011-05-31,2011-06-01,2.16824195,2011-06-29,2.24504164,0.03542025833417717,0.0013631121947474956,0.03405714613942967,0.055105054119998,-0.022950819672131084,0.020005440433098487,-0.04461722547925051,0.03509961368689951
000725.SZ,2013-03-06,2013-03-07,2.12553372,2013-04-03,2.07431604,-0.024096385542168752,-0.0591851678717531,0.035088782329584345,0.05622489959839361,-0.07228915662650603,0.007268021651779755,-0.062450587794526946,0.04895687794661385
000725.SZ,2013-10-29,2013-10-30,1.84383648,2013-11-26,1.82676392,-0.00925925925925919,0.006561536486451747,-0.015820795745710936,0.02777777777777768,-0.04629629629629628,0.026803516069503486,-0.039145343324396675,0.0009742617082741933
000725.SZ,2016-05-03,2016-05-04,2.07295264,2016-05-31,2.03012304,-0.02066115702479343,-0.010583852172569408,-0.010077304852224023,0.024793388429751984,-0.07438016528925628,0.006061249303488614,-0.054947065131037864,0.01873213912626337
000725.SZ,2019-11-07,2019-11-08,3.2833245,2019-12-05,3.5850354,0.09189189189189206,-0.03442564030829787,0.12631753220018993,0.11081081081081079,-0.04054054054054057,0.0010857028220807585,-0.052977170372708104,0.10972510798873003
000725.SZ,2023-05-29,2023-05-30,3.7310676,2023-06-28,3.886064,0.04154210446361262,0.003397833174024978,0.03814427128958764,0.06497680181404375,-0.012820512820512664,0.036632185172842835,-0.013066852841862486,0.028344616641200915
000725.SZ,2025-01-07,2025-01-08,4.28630304,2025-02-12,4.4526664,0.038812785388127935,0.03665462394687902,0.002158161441248918,0.04566210045662089,-0.0547945205479452,0.036882378656220904,-0.02040422493977534,0.008779721800399987
000725.SZ,2025-11-10,2025-11-11,4.03360606,2025-12-08,4.17235418,0.03439803439803435,-0.017972128390115083,0.05237016278814943,0.0687960687960687,-0.06879606879606892,0.00016788001642198402,-0.06045573783129121,0.06862818877964671
000768.SZ,2012-07-04,2012-07-05,7.36150388,2012-08-01,6.84769333,-0.06979695431472077,-0.03740317512141389,-0.03239377919330688,0.03680203045685282,-0.0824873096446701,0.01099089907358275,-0.04929804513733016,0.02581113138327007
000768.SZ,2014-08-11,2014-08-12,11.99724021,2014-09-09,13.68952232,0.14105594956658796,0.03559845330916467,0.10545749625742329,0.17336485421591807,-0.06619385342789585,0.039693457057306425,-0.021824349792687547,0.13367139715861165
000768.SZ,2014-11-06,2014-11-07,15.62761077,2014-12-04,15.07927355,-0.03508771929824561,0.23740206834837063,-0.27248978764661624,0.04537205081669682,-0.13006654567453124,0.23761691509567462,-0.007711363957963346,-0.1922448642789778
000768.SZ,2015-05-20,2015-05-21,32.4275287,2015-06-17,40.89492004,0.26111738018444797,0.07761923664973747,0.1834981435347105,0.4139941690962097,-0.004956268221574356,0.12828200790615618,-0.02163445760459548,0.2857121611900535
000768.SZ,2023-04-27,2023-04-28,24.74366175,2023-05-30,24.28308666,-0.01861386138613874,-0.038941404234003496,0.020327542847864755,0.06732673267326739,-0.03168316831683171,0.02494054914234023,-0.051081747549324485,0.04238618353092716
000776.SZ,2017-11-07,2017-11-08,14.23977291,2017-12-05,13.98563307,-0.017847183491355167,-0.0027947721987918728,-0.015052411292563295,0.042387060791968745,-0.035694366982710446,0.05162195763388966,-0.017073952737916565,-0.009234896841920914
000776.SZ,2020-04-30,2020-05-06,11.21742,2020-06-02,11.2672752,0.004444444444444473,0.030075308900332942,-0.02563086445588847,0.03407407407407392,-0.034814814814814965,0.03383236296035741,-0.017345387315309435,0.000241711113716514
000776.SZ,2020-11-03,2020-11-04,13.4188136,2020-12-01,14.7776808,0.10126582278481022,0.05974137959881598,0.04152444318599424,0.1746835443037975,-0.008860759493670933,0.06088143173365057,-0.002277510913012093,0.11380211257014694
000776.SZ,2023-03-17,2023-03-20,14.1110416,2023-04-17,15.30123808,0.08434504792332254,0.04712011179352271,0.037224936129799824,0.08626198083067105,-0.027476038338658193,0.04712011179352271,-0.006976723352039249,0.039141869037148336
000776.SZ,2024-12-24,2024-12-25,15.64424361,2025-01-22,14.70387924,-0.060109289617486406,-0.04787894208554022,-0.012230347531946184,0.030358227079538613,-0.09471766848816032,0.004966680046119887,-0.07117641753141835,0.025391547033418727
000776.SZ,2025-08-29,2025-09-01,21.37753452,2025-09-26,20.27900728,-0.051386994088222004,0.007343566697949999,-0.058730560786172004,0.002273760800363789,-0.0895861755343339,0.021490481911767834,-0.04192538976085414,-0.019216721111404045
000776.SZ,2025-10-27,2025-10-28,22.60400725,2025-11-24,20.6609414,-0.08596112311015114,-0.05314907886210607,-0.03281204424804507,0.04103671706263512,-0.0980561555075593,0.013646214530484535,-0.05873380017322005,0.027390502532150585
000792.SZ,2025-01-14,2025-01-15,16.53,2025-02-19,16.43,-0.006049606775559657,0.03415320062782623,-0.04020280740338589,0.029038112522685955,-0.03145795523290984,0.040783847855687894,-0.00885797567282387,-0.011745735333001939
000807.SZ,2019-11-18,2019-11-19,3.96640865,2019-12-16,4.3748489,0.10297482837528604,0.021374201832484285,0.08160062654280176,0.10297482837528604,-0.0022883295194507935,0.021384447474308343,-0.025427121597070168,0.0815903809009777
000858.SZ,2014-10-17,2014-10-20,13.3791189,2014-11-14,13.4976493,0.008859357696566983,0.05417298187876174,-0.045313624182194756,0.014950166112956964,-0.06976744186046513,0.06496591929679663,-0.03543992880402447,-0.05001575318383966
000895.SZ,2014-09-24,2014-09-25,11.96532381,2014-10-29,10.09060485,-0.15667933352820806,-0.0008310837552267802,-0.15584824977298128,0.01695410698626154,-0.18123355743934522,0.014139428871417614,-0.03739387785962711,0.002814678114843927
000895.SZ,2017-05-09,2017-05-10,12.96498288,2017-06-08,14.50443162,0.11873897206411121,0.06277229791234529,0.05596667415176593,0.12020520924899203,-0.0445021011859601,0.06315849163595111,-0.011268858281229144,0.05704671761304092
000895.SZ,2019-06-11,2019-06-12,17.32639656,2019-07-09,17.5159479,0.010940032414910927,0.02327196877791282,-0.012331936363001894,0.07779578606158832,-0.03241491085899517,0.06354753331860397,-0.018366742984566642,0.014248252742984358
000895.SZ,2019-12-27,2019-12-30,20.12052372,2020-02-04,20.5698306,0.022330774598743774,-0.05724839055673736,0.07957916515548114,0.10956036287508719,-0.08129797627355206,0.05179604429713813,-0.09353983881037542,0.05776431857794906
000895.SZ,2025-01-08,2025-01-09,23.9870064,2025-02-13,23.4527336,-0.022273425499231947,0.032905170453537025,-0.05517859595276897,0.016897081413210557,-0.052611367127496145,0.04191347389386624,-0.02026770409482115,-0.02501639248065568
000895.SZ,2025-02-13,2025-02-14,23.443522,2025-03-13,24.2909892,0.036149312377210086,0.0027563126735625776,0.03339299970364751,0.08055009823182702,-0.007858546168958758,0.02438410886880038,-0.011562162427386613,0.056165989363026636
000895.SZ,2025-03-11,2025-03-12,24.8160504,2025-04-09,25.4884972,0.02709725315515965,-0.06589234187369541,0.09298959502885507,0.03155159613956937,-0.04528582034149975,0.019873178752651155,-0.10964299413232625,0.011678417386918216
000895.SZ,2025-03-25,2025-03-26,24.3094124,2025-04-23,24.7515692,0.01818870784388027,-0.03646751661165559,0.05465622445553586,0.0610079575596818,-0.02425161045850699,0.005795597601174984,-0.10586993719135374,0.05521235995850682
000938.SZ,2021-10-13,2021-10-14,24.60448786,2021-11-10,26.34578908,0.07077169132347061,-0.02291428852263988,0.09368597984611049,0.1963214714114354,-0.002399040383846418,0.01384546712448631,-0.0365326698089834,0.1824760042869491
000938.SZ,2021-11-05,2021-11-08,27.66406232,2021-12-03,25.25378662,-0.08712660028449504,0.012365815273705394,-0.09949241555820043,0.0017780938833571458,-0.11593172119487904,0.019486226906249238,-0.01800331561530788,-0.017708133022892092
000938.SZ,2023-03-09,2023-03-10,26.87957946,2023-04-07,33.78242952,0.25680647534952183,0.03293855780552324,0.2238679175439986,0.3079470198675498,-0.02943340691685059,0.034950860087811675,-0.014224124033996866,0.2729961597797381
000938.SZ,2025-12-22,2025-12-23,24.7412984,2026-01-21,26.52706147,0.07217741935483857,0.02318947076987876,0.048987948584959806,0.1411290322580645,-0.02782258064516141,0.047861277211176834,-0.003007262090811369,0.09326775504688767
000975.SZ,2013-11-05,2013-11-06,3.54356772,2013-12-03,3.35964552,-0.05190311418685123,0.03013506378715025,-0.08203817797400148,0.012687427912341454,-0.06689734717416373,0.039445896047946016,-0.03893099382454701,-0.026758468135604563
000975.SZ,2017-11-01,2017-11-02,6.0199524,2017-11-29,5.6493612,-0.06156048675733716,0.014936553821717657,-0.07649704057905482,0.006442376521116566,-0.12526843235504648,0.0667347839084409,-0.007778484933003593,-0.06029240738732433
000975.SZ,2021-07-23,2021-07-26,9.04139,2021-08-20,7.93834042,-0.122,-0.05881613019238319,-0.06318386980761681,0.006000000000000005,-0.16999999999999993,0.0,-0.07960960014423446,0.006000000000000005
000975.SZ,2022-01-11,2022-01-12,7.98354737,2022-02-15,8.20054073,0.027180067950169917,-0.04540209278891638,0.0725821607390863,0.05889014722536823,-0.11325028312570784,0.00709146682777706,-0.061511943144087367,0.05179868039759117
001391.SZ,2025-03-18,2025-03-19,6.52883357,2025-04-16,7.14000224,0.0936106983655276,-0.05793129392841645,0.15154199229394405,0.1664190193164934,-0.054977711738484314,0.0051123081504858,-0.12252934591325848,0.1613067111660076
000988.SZ,2017-04-10,2017-04-11,14.952861,2017-05-09,13.87508985,-0.07207792207792207,-0.04318047484623255,-0.02889744723168952,0.01948051948051943,-0.0896103896103897,0.005499126812410049,-0.05029897292362151,0.013981392668109383
000988.SZ,2017-10-18,2017-10-19,16.99844976,2017-11-15,18.74986416,0.10303377218088161,0.0337731751875292,0.06926059699335241,0.15283342873497419,-0.04693760732684593,0.05000833632992885,-0.0077110417417930455,0.10282509240504534
000988.SZ,2017-11-09,2017-11-10,18.10767888,2017-12-07,16.30761408,-0.09940891993551859,-0.0243767253129763,-0.07503219462254229,0.08221386351423954,-0.13917248790972603,0.04676906430915251,-0.02807745715523957,0.03544479920508703
000988.SZ,2024-07-09,2024-07-10,30.2114288,2024-08-06,28.10457916,-0.06973684210526321,-0.024198996007392948,-0.04553784609787026,0.02499999999999991,-0.10197368421052622,0.03486883289435139,-0.03130776432508553,-0.009868832894351476
000988.SZ,2026-04-27,2026-04-28,118.3031715,2026-05-28,165.35488857,0.39772151898734176,0.03303219880882313,0.36468932017851863,0.48354430379746827,-0.034767932489451536,0.05748112191424437,-0.004196421810823914,0.4260631818832239
000988.SZ,2026-06-15,2026-06-16,161.0,2026-07-14,159.84,-0.007204968944099388,-0.020097843082315436,0.012892874138216048,0.16559006211180116,-0.1149068322981367,0.03460492431017448,-0.05022271747909579,0.13098513780162668
001965.SZ,2018-05-15,2018-05-16,6.20476736,2018-06-12,6.10328752,-0.016355140186915862,-0.021449847537660327,0.005094707350744465,0.08060747663551404,-0.04088785046728971,0.007069894301985347,-0.048019370722627075,0.0735375823335287
001979.SZ,2016-10-13,2016-10-14,11.74620042,2016-11-10,12.30344838,0.0474406991260925,0.027852503414946606,0.019588195711145895,0.10174781523096144,-0.012484394506866336,0.03161273385486685,-0.00824346552344013,0.07013508137609459
001979.SZ,2017-08-01,2017-08-02,14.71109091,2017-08-29,14.44074927,-0.018376722817764146,0.017606316873896688,-0.035983039691660834,0.0,-0.052067381316998396,0.026205929473357648,-0.032667912710415914,-0.026205929473357648
001979.SZ,2020-09-02,2020-09-03,13.7059228,2020-09-30,12.66126405,-0.07621951219512191,-0.05248509656713973,-0.023734415627982175,0.016463414634146467,-0.08536585365853655,0.00733443877540485,-0.059234117841942546,0.009128975858741617
001979.SZ,2020-09-18,2020-09-21,13.38834654,2020-10-26,12.68633586,-0.05243445692883897,-0.012526911287929599,-0.03990754564090937,0.00811485642946308,-0.06367041198501877,0.020808701686372277,-0.04126259609512861,-0.012693845256909198
002028.SZ,2014-12-09,2014-12-10,9.636032,2015-01-08,10.065664,0.04458598726114649,0.1407106312007005,-0.096124643939554,0.09792993630573266,-0.027866242038216638,0.18044094439736802,-0.019877175012467108,-0.08251100809163536
002028.SZ,2015-01-16,2015-01-19,10.134712,2015-02-13,10.89424,0.07494322482967442,0.016348795391230242,0.05859442943844417,0.14761544284632833,-0.0007570022710069457,0.06262219856807816,-0.03751538145871147,0.08499324427825017
002028.SZ,2015-03-10,2015-03-11,11.362232,2015-04-08,14.131824,0.24375422012153947,0.2188144669924743,0.024939753129065156,0.3200540175557056,-0.03106009453072245,0.22136144074108222,-0.0035059546186420043,0.0986925768146234
002028.SZ,2015-03-30,2015-03-31,12.96568,2015-04-28,14.64957,0.12987286436191536,0.14568561339587838,-0.015812749033963014,0.28934911242603545,-0.01775147928994092,0.16917430660673105,-0.024430251142517845,0.1201748058193044
002028.SZ,2015-06-12,2015-06-15,19.6227135,2015-07-13,14.3874198,-0.26679764243614934,-0.2133356393913053,-0.05346200304484405,0.04675834970530435,-0.47937131630648333,0.0015760138094520482,-0.33921988250310886,0.0451823358958523
002028.SZ,2016-12-08,2016-12-09,11.57879475,2017-01-06,12.7526385,0.10137875101378757,-0.03382692525815523,0.1352056762719428,0.13138686131386867,-0.048661800486617945,0.012425852260674608,-0.057094444731451977,0.11896100905319407
002028.SZ,2016-12-28,2016-12-29,12.40518075,2017-01-26,12.921672,0.041635124905374576,0.027577800181738832,0.014057324723635745,0.056018168054504214,-0.04542013626040875,0.02998117096689268,-0.009957125126932254,0.026036997087611535
002028.SZ,2017-01-23,2017-01-24,12.5272605,2017-02-27,13.75744875,0.09820089955022482,0.024704910920964496,0.07349598862926032,0.11169415292353824,-0.002998500749625266,0.03860235250600841,-0.004670342005098305,0.07309180041752983
002028.SZ,2017-02-23,2017-02-24,13.49450775,2017-03-23,15.137889,0.12178148921363952,-0.00201241928774587,0.12379390850138539,0.17536534446764085,-0.025748086290883765,0.006678660658716362,-0.016221292900838513,0.1686866838089245
002028.SZ,2017-04-06,2017-04-07,15.09093525,2017-05-05,15.9454935,0.056627255756067196,-0.037531313558984425,0.09415856931505162,0.09894212818917247,-0.029247044181704984,0.0035177603791429757,-0.04208195189463404,0.0954243678100295
002028.SZ,2023-04-17,2023-04-18,44.47771064,2023-05-18,45.45459864,0.021963540522732306,-0.04426794637790732,0.06623148690063962,0.05424994509114889,-0.05293213265978458,0.007334316299378418,-0.052249568816900016,0.04691562879177047
002028.SZ,2024-04-11,2024-04-12,62.939008,2024-05-14,71.2489239,0.13203124999999982,0.043156387168405974,0.08887486283159385,0.18046874999999996,-0.0234375,0.04849920982669076,-0.010180075880484196,0.1319695401733092
002028.SZ,2024-05-06,2024-05-07,67.32507012,2024-06-03,71.9864904,0.06923751095530206,-0.018663491095312068,0.08790100205061413,0.10356412503651757,-0.013146362839614345,0.01258627049210026,-0.02437226768920231,0.09097785454441731
002028.SZ,2024-05-24,2024-05-27,69.35091944,2024-06-24,69.16482594,-0.002683360242411781,-0.035998774484319984,0.0333154142419082,0.08111174134997157,-0.03261486103233113,0.00896270633788454,-0.03754974498460484,0.07214903501208703
002028.SZ,2024-06-17,2024-06-18,71.4456083,2024-07-15,63.0029946,-0.11816840672066897,-0.016199519596432732,-0.10196888712423624,0.010874053682037088,-0.14848569383655175,0.005156661796596129,-0.042077098051146455,0.005717391885440959
002028.SZ,2025-12-15,2025-12-16,154.27650526,2026-01-14,161.18723234,0.04479442328793648,0.04392105657452472,0.0008733667134117606,0.08868521267669283,-0.06925708384431684,0.06484035633320429,-0.012802111366740587,0.02384485634348854
002028.SZ,2026-01-07,2026-01-08,153.67903606,2026-02-04,200.97868106,0.30778202552970924,-0.013091191460300244,0.3208732169900095,0.3250178189593729,-0.021577139895030073,0.015951319578060064,-0.03839558849954228,0.3090664993813128
002028.SZ,2026-02-02,2026-02-03,184.4188264,2026-03-10,226.90884434,0.2303995680345572,0.005679167440954425,0.22472040059360276,0.2911447084233263,-0.0005399568034557545,0.025428616999200626,-0.0213814023852813,0.26571609142412567
002027.SZ,2013-03-20,2013-03-21,0.85215918,2013-04-19,0.8189851,-0.038929440389294356,-0.029772398318259286,-0.00915704207103507,0.029197080291970767,-0.08759124087591241,0.011498403265456147,-0.07465327502890962,0.01769867702651462
002027.SZ,2016-09-27,2016-09-28,6.0007683,2016-11-01,6.9236422,0.1537926235212248,0.035578779071828714,0.11821384444939609,0.16214335421016024,-0.011830201809325036,0.04290818328874879,-0.004825124312232476,0.11923517092141145
002027.SZ,2022-09-13,2022-09-14,4.51804685,2022-10-18,4.55014665,0.007104795737122638,-0.054158455301163366,0.061263251038286004,0.02131438721136747,-0.10657193605683835,0.007642647353191645,-0.09771175231930074,0.013671739858175824
002027.SZ,2023-02-28,2023-03-01,5.39590518,2023-03-28,5.55966558,0.030349013657056112,-0.017012273427323032,0.047361287084379144,0.060698027314112446,-0.047040971168437085,0.016840475478718364,-0.032864529747601345,0.04385755183539408
002027.SZ,2025-02-24,2025-02-25,5.9436069,2025-03-24,6.4656186,0.08782742681047773,0.00030826441490772183,0.08751916239557,0.09707241910631748,-0.024653312788906034,0.02330235944556125,-0.019806255586434562,0.07377005966075623
002050.SZ,2021-12-27,2021-12-28,22.228979,2022-01-25,20.64930262,-0.07106382978723402,-0.04980827698858559,-0.021255552798648436,0.123404255319149,-0.07659574468085106,0.0076692454159954515,-0.04984968900469555,0.11573500990315355
002050.SZ,2026-01-16,2026-01-19,57.83132328,2026-02-13,53.12296752,-0.08141532119546546,-0.012666617869242391,-0.06874870332622307,0.04379938165578845,-0.15699072483682586,0.010754938170450368,-0.030080497742201007,0.03304444348533808
002142.SZ,2010-12-21,2010-12-22,5.0825988,2011-01-19,5.18641005,0.020424836601307117,-0.0642229551041682,0.08464779170547532,0.11519607843137258,-0.028594771241830075,0.0029592900162609403,-0.09411120033953924,0.11223678841511164
002142.SZ,2013-05-16,2013-05-17,4.49506923,2013-06-18,4.1453088,-0.07780979827089352,-0.051640650363151464,-0.026169147907742052,0.054755043227665556,-0.09702209414024987,0.043434261848487976,-0.06871252625024904,0.01132078137917758
002142.SZ,2016-09-29,2016-09-30,9.11792701,2016-11-03,9.95163315,0.09143593045717946,0.038549745893511345,0.052886184563668115,0.11848036059240186,-0.0019317450096587585,0.04402506406285833,-0.00035214125648075356,0.07445529652954352
002142.SZ,2024-12-23,2024-12-24,22.4171556,2025-01-21,23.8508109,0.06395348837209291,-0.02600488007168178,0.0899583684437747,0.09136212624584705,-0.02491694352159468,0.01850609139824222,-0.058662843891328253,0.07285603484760483
002179.SZ,2015-12-30,2015-12-31,11.53433952,2016-01-28,8.20689705,-0.2884814049586777,-0.24120477417131625,-0.04727663078736144,0.014721074380165344,-0.32076446280991733,0.003114410790597155,-0.24505118982031981,0.011606663589568189
002179.SZ,2022-09-01,2022-09-02,45.1133613,2022-09-30,41.999598,-0.0690208667736758,-0.06164407429605834,-0.0073767924776174665,0.08507223113964701,-0.07207062600321035,0.01806950667353946,-0.06253325807516608,0.06700272446610755
002179.SZ,2024-12-20,2024-12-23,37.68453,2025-01-20,36.2061369,-0.0392307692307694,-0.025068522726465647,-0.014162246504303755,0.05153846153846153,-0.08076923076923082,0.020267381384918348,-0.0570350011900006,0.031271080153543185
002179.SZ,2025-06-23,2025-06-24,37.292913,2025-07-21,38.70372955,0.03783068783068777,0.057793164000423,-0.019962476169735233,0.06957671957671963,-0.003439153439153353,0.05792518078713793,0.0,0.011651538789581695
002202.SZ,2013-04-18,2013-04-19,3.100097,2013-05-21,3.7764818,0.21818181818181825,0.05866594114620094,0.15951587703561732,0.26363636363636367,-0.029090909090909056,0.06383325013330232,-0.018977704415998442,0.19980311350306135
002202.SZ,2024-04-26,2024-04-29,7.1344436,2024-05-29,7.65506516,0.07297297297297312,0.008084601698286509,0.06488837127468661,0.10135135135135132,-0.004054054054054013,0.03305470457919224,-0.0016133159747266923,0.06829664677215908
002230.SZ,2013-05-15,2013-05-16,10.04442907,2013-06-17,11.83133577,0.17790027562014554,-0.0388938222402232,0.21679409786036874,0.22876472062139808,-0.04535204209471311,0.06401619756292876,-0.05034270687856668,0.16474852305846932
002230.SZ,2013-05-29,2013-05-30,10.64342033,2013-07-01,12.37747486,0.16292267675573413,-0.15969824845147318,0.3226209252072073,0.17900212816268635,-0.06384488058642701,0.005120816414859064,-0.2318885478301641,0.17388131174782728
002230.SZ,2013-07-18,2013-07-19,14.95968088,2013-08-15,13.14257294,-0.1214670255720054,0.03266844087961007,-0.15413546645161547,0.06493943472409147,-0.1608344549125169,0.06159155174538178,-0.03928593192662522,0.003347882978709693
002230.SZ,2021-01-05,2021-01-06,41.9426413,2021-02-02,48.63572084,0.15957696827262047,0.021271102514828666,0.1383058657577918,0.27920094007050533,-0.022326674500587562,0.049933051325361744,-0.01827135187831297,0.2292678887451436
002236.SZ,2013-12-09,2013-12-10,13.41394288,2014-01-07,13.71593912,0.022513607125185464,-0.08884713565097724,0.1113607427761627,0.07768431469569514,-0.028698664027709042,0.004246345008407149,-0.09672669090435349,0.073437969687288
002236.SZ,2025-12-19,2025-12-22,18.33753168,2026-01-20,19.6893369,0.07371794871794868,0.028600563820187164,0.045117384897761514,0.11965811965811946,-0.0005341880341880323,0.05433840977561499,0.0,0.06531970988250446
002241.SZ,2012-06-25,2012-06-26,8.48211822,2012-07-23,8.56564848,0.009847806624888156,-0.031577908769562346,0.0414257153944505,0.15786332438078188,-0.021187705162638126,0.019645355982775614,-0.03482204341179462,0.13821796839800626
002241.SZ,2013-05-21,2013-05-22,18.1547947,2013-06-21,16.03405762,-0.11681415929203542,-0.1132684449556538,-0.0035457143363816224,0.03767383059418461,-0.16687737041719342,0.01829716030123074,-0.13156981431546744,0.019376670292953868
002241.SZ,2013-08-22,2013-08-23,19.77518472,2013-09-23,18.58169632,-0.06035283194057561,0.06800480027785616,-0.12835763221843177,0.05454967502321284,-0.16666666666666652,0.09180531400089675,-0.02719207072893204,-0.037255638977683914
002241.SZ,2014-11-18,2014-11-19,11.90844875,2014-12-16,12.143393,0.019729206963249535,0.30145735241800087,-0.28172814545475133,0.08704061895551263,-0.025145067698259194,0.33471868027876095,-0.006066030975091841,-0.24767806132324832
002241.SZ,2015-06-10,2015-06-11,19.71689,2015-07-09,13.2987168,-0.3255165089423332,-0.2653115157542466,-0.060204993188086586,0.04334165022982828,-0.3255165089423332,0.01080291739654049,-0.33313252183118214,0.03253873283328779
002241.SZ,2017-08-10,2017-08-11,18.1512045,2017-09-07,19.9197834,0.09743589743589753,0.03848770489469566,0.05894819254120187,0.15641025641025652,-0.006153846153845954,0.048539682548290664,-0.011615455929083307,0.10787057386196586
002241.SZ,2017-08-28,2017-08-29,20.07802467,2017-09-25,18.02088816,-0.1024571163653224,-0.005570464711577516,-0.09688665165374488,0.04543347241539175,-0.1131200741770979,0.006802499598221212,-0.009973752186992257,0.03863097281717054
002241.SZ,2017-10-24,2017-10-25,19.75223382,2017-11-21,20.04079143,0.014608859566446641,0.06556950870681022,-0.05096064914036358,0.09330819981149863,-0.043355325164938674,0.06621677817453842,-0.0010522550090117377,0.02709142163696021
002241.SZ,2017-11-07,2017-11-08,19.7336172,2017-12-05,16.88527434,-0.14433962264150957,-0.0027947721987918728,-0.1415448504427177,0.09433962264150941,-0.1622641509433963,0.05162195763388966,-0.017073952737916565,0.042717665007619754
002241.SZ,2019-11-11,2019-11-12,18.900224,2019-12-09,19.5080704,0.032160804020100464,-0.0026912731780526222,0.034852077198153086,0.07437185929648238,-0.09798994974874375,0.010517522205820029,-0.02589095940099717,0.06385433709066235
002241.SZ,2020-01-20,2020-01-21,21.9774464,2020-02-25,26.023424,0.1840968020743301,-0.0098837460564416,0.1939805481307717,0.1897147796024199,-0.1404494382022473,0.004661922391729023,-0.12607670551401928,0.18505285721069087
002241.SZ,2020-09-01,2020-09-02,39.97366583,2020-09-29,38.79937376,-0.02937664198710288,-0.05500554694006188,0.025628904952958997,0.05684260807260566,-0.10269882971101041,0.003691298966054468,-0.06263650487909689,0.05315130910655119
002241.SZ,2020-10-20,2020-10-21,41.2434288,2020-11-17,37.89240021,-0.08124999999999993,0.019400635779760922,-0.10065063577976086,0.16273148148148153,-0.15324074074074068,0.04085494860881966,-0.03380713550413572,0.12187653287266187
002241.SZ,2021-12-30,2021-12-31,52.18297425,2022-01-28,45.11024055,-0.13553719008264464,-0.07568482032169144,-0.059852369760953206,0.048852157943066965,-0.14214876033057844,0.004858709827293861,-0.07648257819856064,0.043993448115773104
002311.SZ,2012-06-27,2012-06-28,7.9564245,2012-07-25,8.69902412,0.09333333333333349,-0.03735462934561995,0.13068796267895344,0.11246376811594194,-0.01449275362318836,0.015859840500166422,-0.04032404114103738,0.09660392761577552
002304.SZ,2020-08-14,2020-08-17,105.38395749,2020-09-11,109.7095086,0.041045631735840526,-0.021120215173702883,0.06216584690954341,0.14392723381487427,-0.03493082626308952,0.03682815017785468,-0.0357701910871574,0.10709908363701959
002304.SZ,2020-09-03,2020-09-04,116.70127464,2020-10-09,101.60614842,-0.12934842628382104,-0.011841417764887674,-0.11750700851893336,0.02546935394809502,-0.14260077305356145,0.010990858637254686,-0.038528135220092796,0.014478495310840334
002304.SZ,2025-01-14,2025-01-15,72.4902316,2025-02-19,72.51350346,0.0003210344274855448,0.03415320062782623,-0.033832166200340685,0.01943708343732209,-0.014304667499503543,0.040783847855687894,-0.00885797567282387,-0.021346764418365805
002352.SZ,2012-11-01,2012-11-02,5.66694,2012-11-29,5.40342729,-0.0465000000000001,-0.07929942930452105,0.032799429304520955,0.05349999999999988,-0.052000000000000046,0.008848521561879652,-0.07982121051500124,0.04465147843812023
002352.SZ,2019-12-04,2019-12-05,34.81271145,2020-01-02,33.9698106,-0.024212444675865696,0.07470530136597708,-0.09891774604184278,0.014319187711533399,-0.06248372819578252,0.07998922250911567,-0.0009799130760678176,-0.06567003479758227
002352.SZ,2024-12-23,2024-12-24,39.3085546,2025-01-21,37.81754046,-0.037931034482758696,-0.02600488007168178,-0.011926154411076917,0.028571428571428692,-0.04556650246305427,0.01850609139824222,-0.058662843891328253,0.010065337173186473
002352.SZ,2025-08-07,2025-08-08,46.00306431,2025-09-04,40.77433276,-0.11366050562991292,0.062282324656227406,-0.17594283028614033,0.05374973443807107,-0.11642234969194809,0.106982489897119,-0.0028855952976992727,-0.05323275545904793
002353.SZ,2012-10-18,2012-10-19,20.6811538,2012-11-15,20.70433895,0.0011210762331839152,-0.060589138389922526,0.06171021462310644,0.06726457399103136,-0.0358744394618834,0.005477269758747516,-0.060634960740523436,0.061787304232283846
002353.SZ,2013-05-10,2013-05-13,39.5538659,2013-06-07,41.69199486,0.054056131084774695,-0.022912100792475742,0.07696823187725044,0.14115557943477786,-0.034818288393903885,0.046733967586685354,-0.02624476284724897,0.0944216118480925
002353.SZ,2013-08-01,2013-08-02,43.58983284,2013-08-29,39.29854314,-0.09844703272323907,0.02421741598722349,-0.12266444871046256,0.022323904603438693,-0.10399334442595665,0.07050424233320607,-0.008957386696237468,-0.048180337729767375
002353.SZ,2017-11-07,2017-11-08,14.9577928,2017-12-05,11.59917184,-0.22453987730061342,-0.0027947721987918728,-0.22174510510182155,0.02944785276073625,-0.2331288343558282,0.05162195763388966,-0.017073952737916565,-0.02217410487315341
002371.SZ,2010-12-07,2010-12-08,16.3241205,2011-01-05,16.47575688,0.00928909952606638,-0.0060199161474790985,0.015309015673545479,0.06161137440758302,-0.10407582938388615,0.027505442275880698,-0.053108161614075056,0.03410593213170232
002371.SZ,2012-11-01,2012-11-02,10.58644544,2012-11-29,8.4647968,-0.2004118050789293,-0.07929942930452105,-0.12111237577440825,0.0054907343857242275,-0.2004118050789293,0.008848521561879652,-0.07982121051500124,-0.0033577871761554245
002371.SZ,2013-08-06,2013-08-07,13.54296372,2013-09-03,13.41911736,-0.009144701452393766,0.027099794580215608,-0.036244496032609375,0.10274341043571811,-0.04195804195804187,0.05701587739200198,-0.017649350303767353,0.04572753304371613
002371.SZ,2025-06-19,2025-06-20,310.51444697,2025-07-17,318.3123042,0.025112703470294262,0.05070799177651497,-0.02559528830622071,0.09882686554344056,-0.00021398511614645344,0.05889879254383956,-0.0033075824877930593,0.039928072999600994
002384.SZ,2016-09-05,2016-09-06,11.09897228,2016-10-12,13.2191442,0.19102416570771008,-0.006624888847682309,0.1976490545553924,0.19792865362485612,-0.013808975834292303,0.010637811113606288,-0.03238302742489663,0.18729084251124983
002384.SZ,2017-12-21,2017-12-22,18.8449835,2018-01-19,17.3118323,-0.08135593220338999,0.05424027525312369,-0.13559620745651368,0.10644067796610157,-0.1271186440677966,0.06190981209191926,-0.020831442148946278,0.04453086587418231
002460.SZ,2016-09-06,2016-09-07,14.4256301,2016-10-13,12.78575604,-0.11367781155015189,-0.012386119173485088,-0.1012916923766668,0.01094224924012166,-0.15562310030395143,0.003974502895576881,-0.03876269188466974,0.0069677463445447785
002422.SZ,2023-03-28,2023-03-29,25.81932375,2023-04-26,28.2217635,0.09304812834224618,-0.013544050285522191,0.10659217862776837,0.14153297682709454,-0.05525846702317283,0.03888665730547736,-0.02196451129593968,0.10264631952161718
002415.SZ,2014-10-16,2014-10-17,6.62366328,2014-11-13,6.57556614,-0.007261410788381606,0.05588030887082707,-0.06314171965920867,0.05290456431535273,-0.032157676348547715,0.06724603822329667,-0.033374781333828984,-0.014341473907943936
002463.SZ,2023-04-03,2023-04-04,21.2765688,2023-05-05,19.527966,-0.08218443567836942,-0.01770863483205365,-0.06447580084631577,0.1936936936936937,-0.11073869767948674,0.019654888037864415,-0.04006980961893358,0.1740388056558293
002463.SZ,2024-07-04,2024-07-05,36.4161369,2024-08-01,33.38962095,-0.08310919849381382,-0.0069967149516919624,-0.07611248354212186,0.12856374394835934,-0.13905325443786976,0.029616286284194437,-0.02629830501544017,0.0989474576641649
002463.SZ,2025-09-05,2025-09-08,63.67349905,2025-10-13,70.1732325,0.10207909957792727,0.028386925026548937,0.07369217455137833,0.3201500703454747,-0.09113647022041582,0.05801785931865178,-0.0121951724551832,0.26213221102682294
002466.SZ,2021-09-15,2021-09-16,114.304068,2021-10-22,88.82532252,-0.2229032258064516,0.019095077300997687,-0.2419983031074493,0.01951612903225808,-0.2798387096774193,0.025292504699603313,-0.02086866802816545,-0.005776375667345235
002475.SZ,2019-10-17,2019-10-18,21.9994185,2019-11-14,26.24269617,0.19288135593220335,-0.007511779558923681,0.20039313549112703,0.21355932203389827,-0.04508474576271182,0.024195390630578295,-0.021950902813652085,0.18936393140331997
002475.SZ,2019-11-13,2019-11-14,25.95931383,2019-12-11,26.69014197,0.028152829646653332,-0.0008138910906704266,0.02896672073732376,0.07900028727377206,-0.10140764148233261,0.01052528362017946,-0.025883477626827633,0.0684750036535926
002475.SZ,2019-12-13,2019-12-16,27.37622553,2020-01-13,30.93341964,0.12993734677199686,0.05874996127895549,0.07118738549304138,0.14137837101607187,-0.06810133478616187,0.05874996127895549,-0.004330964570810836,0.08262840973711638
002475.SZ,2020-01-09,2020-01-10,30.07581519,2020-02-14,33.08115948,0.09992561368708142,-0.04544332755566216,0.14536894124274358,0.17852715100421523,-0.02305975700471108,0.010994411353758338,-0.12870355232231512,0.1675327396504569
002475.SZ,2020-02-17,2020-02-18,34.304178,2020-03-16,28.83042438,-0.15956521739130436,-0.08403081110738997,-0.07553440628391439,0.12239130434782597,-0.15956521739130436,0.03587863967815852,-0.08583115613400161,0.08651266466966745
002475.SZ,2020-09-01,2020-09-02,56.355468,2020-09-29,55.2866574,-0.018965517241379293,-0.05500554694006188,0.036040029698682585,0.020517241379310214,-0.13258620689655176,0.003691298966054468,-0.06263650487909689,0.016825942413255746
002475.SZ,2020-09-18,2020-09-21,54.11096574,2020-10-26,55.869645,0.032501346740887005,-0.012526911287929599,0.0450282580288166,0.1470641048662238,-0.028910037708744785,0.020808701686372277,-0.04126259609512861,0.1262554031798515
002475.SZ,2020-12-16,2020-12-17,51.09886314,2021-01-14,58.12386372,0.13747860810039936,0.10275249867509384,0.03472610942530552,0.20289028332382575,-0.03593839132915,0.13788104530604262,-0.0020879390912103,0.06500923801778313
002493.SZ,2016-12-06,2016-12-07,3.9779328,2017-01-04,4.2941136,0.07948369565217406,-0.02604030975295013,0.10552400540512419,0.14538043478260865,-0.007472826086956541,0.014329876308745604,-0.0553211643985938,0.13105055847386304
002493.SZ,2017-04-25,2017-04-26,3.9887424,2017-05-24,3.85303434,-0.03402276868017351,-0.004675818900528594,-0.029346949779644915,0.01287262872628725,-0.11314363143631434,0.007648274705377656,-0.03702082375918292,0.005224354020909594
002493.SZ,2024-07-11,2024-07-12,9.48531267,2024-08-08,9.07333425,-0.04343329886246128,-0.03382109092472951,-0.009612207937731765,0.019648397104446547,-0.1085832471561532,0.024677160671735532,-0.0408477112601765,-0.005028763567288985
002532.SZ,2019-02-11,2019-02-12,4.05515776,2019-03-11,4.76797846,0.17578125,0.12811763538788368,0.04766361461211632,0.177734375,-0.009765625,0.1754885747192072,-0.00233459716327844,0.002245800280792798
002558.SZ,2020-10-28,2020-10-29,16.61210379,2020-11-25,15.95165571,-0.039757040309221336,0.04848677525676259,-0.08824381556598393,0.0795140806184429,-0.04527885146327992,0.07388418797734309,-0.0009296467444854795,0.00562989264109981
002594.SZ,2014-11-10,2014-11-11,14.7501116,2014-12-08,13.28143096,-0.09957081545064383,0.26157037710427766,-0.3611411925549215,0.0010729613733906351,-0.1051502145922747,0.26855134775395006,-0.021564218336838192,-0.26747838638055943
002594.SZ,2016-06-15,2016-06-16,18.58957198,2016-07-13,19.28592918,0.03745956070151557,0.05750167023046915,-0.020042109528953578,0.07423803848118515,-0.024348714455984966,0.06333958475203594,-0.022676801223568632,0.010898453729149216
002594.SZ,2017-04-05,2017-04-06,15.7693083,2017-05-04,15.53332674,-0.014964610717896898,-0.0295331683004616,0.0145685575825647,0.10070778564206262,-0.018604651162790642,0.005366894071473505,-0.03327006819863687,0.09534089157058911
002594.SZ,2020-09-07,2020-09-08,30.9222588,2020-10-13,41.6973179,0.34845640383813103,0.03317275519395935,0.3152836486441717,0.3754693366708386,-0.11503963287442631,0.03460707418312081,-0.027564156103506487,0.3408622624877178
002594.SZ,2020-09-30,2020-10-09,39.700981,2020-11-05,59.6095233,0.5014622258326564,0.04749578116523456,0.45396644466742186,0.5014622258326564,-0.03168155970755471,0.04749578116523456,-0.005212292623096526,0.45396644466742186
002594.SZ,2020-11-05,2020-11-06,61.115645,2020-12-03,55.1782359,-0.09715039577836415,0.03255264613217479,-0.12970304191053894,0.049340369393139794,-0.15820580474934043,0.039402510949429814,-0.014674793183110268,0.00993785844370998
002594.SZ,2020-12-30,2020-12-31,60.9092386,2021-01-28,78.8085436,0.29386847400190597,0.049714748514679385,0.24415372548722658,0.3923011754738961,-0.024356666313671615,0.1040510866621458,0.0,0.2882500888117503
002594.SZ,2025-01-14,2025-01-15,90.6416588,2025-02-19,117.650379,0.29797248370745844,0.03415320062782623,0.2638192830796322,0.3160028964518464,-0.02052860246198407,0.040783847855687894,-0.00885797567282387,0.27521904859615853
002594.SZ,2026-06-12,2026-06-15,91.26719538,2026-07-13,86.65452084,-0.05054033402466984,-0.027727810675883036,-0.022812523348786806,0.0031655932758432037,-0.15293090273987553,0.04865660751772016,-0.03293217970033924,-0.04549101424187696
002602.SZ,2013-03-20,2013-03-21,1.21821696,2013-04-19,1.15635438,-0.05078124999999989,-0.029772398318259286,-0.021008851681740603,0.013020833333333481,-0.11067708333333326,0.011498403265456147,-0.07465327502890962,0.001522430067877334
002602.SZ,2017-09-14,2017-09-15,10.48201465,2017-10-19,10.64726434,0.015765069551777477,0.027470215444060697,-0.01170514589228322,0.027202472952086554,-0.04204018547140642,0.03169744787441342,-0.0046422716970401234,-0.0044949749223268665
002709.SZ,2016-09-06,2016-09-07,9.9471168,2016-10-13,8.24954461,-0.17065972222222225,-0.012386119173485088,-0.15827360304873717,0.032638888888888884,-0.203125,0.003974502895576881,-0.03876269188466974,0.028664385993312003
002709.SZ,2023-03-09,2023-03-10,42.1002096,2023-04-07,39.51460312,-0.06141552511415527,0.03293855780552324,-0.0943540829196785,0.0,-0.12328767123287676,0.034950860087811675,-0.014224124033996866,-0.034950860087811675
002648.SZ,2016-10-10,2016-10-11,3.07651686,2016-11-07,3.48608412,0.1331269349845201,0.018115683768862967,0.11501125121565714,0.17853457172342635,0.0,0.02607293530494248,-0.007681838545503972,0.15246163641848387
002648.SZ,2017-03-16,2017-03-17,4.35601768,2017-04-17,3.9285944,-0.09812248512269572,-0.001540465112008671,-0.09658202001068705,0.009475218658892226,-0.11357063178862037,0.011908262992886387,-0.01806008129547121,-0.002433044333994161
002648.SZ,2024-07-15,2024-07-16,17.25305328,2024-08-12,15.5334483,-0.09966960352422904,-0.040667380032313405,-0.05900222349191564,0.009911894273127775,-0.111784140969163,0.02263898003384801,-0.04275555667600828,-0.012727085760720236
002648.SZ,2024-12-23,2024-12-24,16.99653762,2025-01-21,18.83014956,0.10788149804359959,-0.02600488007168178,0.13388637811528137,0.14533258803801008,-0.004471771939631108,0.01850609139824222,-0.058662843891328253,0.12682649663976786
002837.SZ,2023-08-22,2023-08-23,12.7851,2023-09-19,11.748834,-0.08105263157894738,-0.008335124486189671,-0.0727175070927577,0.03824561403508775,-0.1105263157894737,0.04258649828976879,-0.01616912598350817,-0.004340884254681043
002837.SZ,2025-02-17,2025-02-18,25.8921289,2025-03-17,28.5629334,0.10315121287689855,0.013750273583812422,0.08940093929308612,0.1908864203128542,-0.0453411924733621,0.02007613752845505,-0.022028921648462374,0.17081028278439914
002837.SZ,2025-09-18,2025-09-19,59.888556,2025-10-24,56.817348,-0.05128205128205121,0.035916791717863994,-0.0871988429999152,0.15371794871794875,-0.13461538461538458,0.05051116330042338,-0.00874899029595011,0.10320678541752537
002736.SZ,2017-10-24,2017-10-25,10.57342874,2017-11-21,9.8882581,-0.06480117820324016,0.06556950870681022,-0.13037068691005038,0.011045655375552244,-0.11487481590574389,0.06621677817453842,-0.0010522550090117377,-0.05517112279898617
002736.SZ,2020-12-17,2020-12-18,10.8188584,2021-01-15,10.79445496,-0.0022556390977443996,0.08849854070972829,-0.09075417980747269,0.05714285714285716,-0.042105263157894646,0.1257195914318292,-0.010644591547996352,-0.06857673428897204
002736.SZ,2021-11-11,2021-11-12,9.3784176,2021-12-09,9.5031306,0.013297872340425565,0.035848204937257044,-0.02255033259683148,0.02748226950354593,-0.03014184397163122,0.043152226825071915,-0.018909044346941295,-0.015669957321525985
002736.SZ,2022-08-05,2022-08-08,7.92499038,2022-09-02,8.03870437,0.014348785871964642,-0.02860811724726553,0.04295690311923017,0.03200883002207511,-0.012141280353200834,0.019476903939153134,-0.03312323032571485,0.012531926082921974
002736.SZ,2022-09-23,2022-09-26,7.75879301,2022-10-28,7.53136503,-0.02931228861330326,-0.07527329646643133,0.045961007853128066,0.016910935738444266,-0.049605411499436314,0.01663956284890422,-0.0773179508918409,0.0002713728895400447
002714.SZ,2020-06-18,2020-06-19,46.9364286,2020-07-20,62.61203364,0.3339752407152683,0.15647362053969083,0.17750162017557747,0.36189821182943605,-0.011966987620357528,0.20534200197215347,-0.0008786156567491821,0.15655620985728258
002920.SZ,2026-03-12,2026-03-13,115.8144616,2026-04-10,106.62,-0.07938958117126882,-0.006959941996057095,-0.07242963917521172,0.02116040955631404,-0.12765643768273582,0.01109407009575114,-0.058848566561090165,0.0100663394605629
003816.SZ,2020-09-18,2020-09-21,2.53779448,2020-10-26,2.43491092,-0.04054054054054057,-0.012526911287929599,-0.028013629252610972,0.0,-0.04391891891891886,0.020808701686372277,-0.04126259609512861,-0.020808701686372277
003816.SZ,2025-09-11,2025-09-12,3.66390375,2025-10-17,3.86908236,0.05600000000000005,-0.006679589723210588,0.06267958972321064,0.07466666666666666,-0.04799999999999993,0.039993570377793164,-0.019716165845965805,0.034673096288873495
002938.SZ,2023-03-22,2023-03-23,29.8300925,2023-04-20,29.2793831,-0.018461538461538418,0.03186819604892399,-0.05032973451046241,0.06646153846153857,-0.128,0.04608011334089723,-0.0005260922699108495,0.02038142512064134
300014.SZ,2019-04-10,2019-04-11,15.18103377,2019-05-13,13.2713742,-0.1257924591257925,-0.10156482454466931,-0.024227634581123203,0.007674341007674279,-0.20754087420754097,0.010439428710106613,-0.12211185560484106,-0.002765087702432334
300014.SZ,2019-04-24,2019-04-25,14.07170898,2019-05-27,12.79522566,-0.09071274298056164,-0.09378234314214506,0.003069600161583419,0.020878329733621248,-0.1871850251979842,0.002232657846991337,-0.11394901636983434,0.01864567188662991
300014.SZ,2019-07-23,2019-07-24,15.9053874,2019-08-20,16.35114348,0.028025477707006363,-0.004168171825219669,0.03219364953222603,0.10286624203821648,-0.106687898089172,0.022910747909998586,-0.059870869227092505,0.0799554941282179
300014.SZ,2019-08-23,2019-08-26,17.21732859,2019-09-23,15.9053874,-0.07619888202412473,0.03575268724172154,-0.11195156926584626,0.326860841423948,-0.07619888202412473,0.06093077848481543,-0.0008510896583154848,0.26593006293913257
300014.SZ,2019-11-19,2019-11-20,20.4136023,2019-12-17,28.53851994,0.398014888337469,0.02580242194808613,0.3722124663893829,0.4228287841191065,-0.021091811414392092,0.03223266010749892,-0.0343402026428542,0.3905961240116076
300014.SZ,2019-12-24,2019-12-25,26.4920943,2020-01-22,31.7601207,0.1988527724665392,0.03592036116417119,0.16293241130236802,0.2258126195028678,-0.09158699808795412,0.058879467449820755,-0.0030842461510227626,0.16693315205304704
300014.SZ,2020-01-20,2020-01-21,30.4431141,2020-02-25,41.86561365,0.375207986688852,-0.0098837460564416,0.3850917327452936,0.4186356073211315,-0.09700499168053234,0.004661922391729023,-0.12607670551401928,0.41397368492940245
300014.SZ,2020-02-17,2020-02-18,39.80399178,2020-03-16,30.38739459,-0.23657419190633744,-0.08403081110738997,-0.15254338079894747,0.08500890811911432,-0.23657419190633744,0.03587863967815852,-0.08583115613400161,0.049130268440955804
300014.SZ,2021-02-02,2021-02-03,109.064888,2021-03-09,71.6160592,-0.3433628318584071,-0.09606624018663046,-0.24729659167177664,0.014336283185840681,-0.37831858407079644,0.0784856992879508,-0.10572027572765175,-0.06414941610211011
300014.SZ,2025-09-23,2025-09-24,73.46248182,2025-10-29,83.30930478,0.1340388007054676,0.05618619801778579,0.0778526026876818,0.2812372812372814,-0.02496269162935827,0.05618619801778579,-0.0009787630137741976,0.22505108321949563
300014.SZ,2025-11-05,2025-11-06,85.212891,2025-12-03,68.98755924,-0.19040935672514625,-0.0239039923040254,-0.16650536442112085,0.05146198830409365,-0.19438596491228066,0.01402760510358081,-0.04743609838769891,0.037434383200512844
300122.SZ,2017-10-30,2017-10-31,17.8288131,2017-11-27,17.26350927,-0.03170731707317076,0.013654226255089386,-0.045361543328260145,0.0686411149825783,-0.09547038327526147,0.06638796233562005,-0.008101080419373075,0.0022531526469582452
300122.SZ,2018-01-03,2018-01-04,18.34441989,2018-01-31,17.2697214,-0.05858449034879776,0.03932237287138607,-0.09790686322018383,0.18421943785980344,-0.06840501185235359,0.07029836993126848,-0.002001885700493422,0.11392106792853496
300122.SZ,2019-11-04,2019-11-05,30.80877201,2019-12-02,27.64404855,-0.10272150603642305,-0.036678247614646886,-0.06604325842177616,0.01452834049519125,-0.10886024145692652,0.012185233224053071,-0.04452056256537029,0.0023431072711381784
300122.SZ,2019-11-18,2019-11-19,30.0711771,2019-12-16,30.97268199,0.029979035639412954,0.021374201832484285,0.008604833806928669,0.04591194968553469,-0.10062893081761004,0.021384447474308343,-0.025427121597070168,0.02452750221122635
300122.SZ,2021-04-19,2021-04-20,120.25599405,2021-05-20,134.13144243,0.11538259268998163,0.02381398371033283,0.0915686089796488,0.2158296082040494,-0.050749408361819515,0.027817852259033105,-0.027608901041552225,0.1880117559450163
300122.SZ,2021-05-14,2021-05-17,143.560929,2021-06-11,122.2481391,-0.1484581497797356,0.02138614846974085,-0.16984429824947644,0.01845814977973581,-0.24691629955947125,0.05144757411692025,-0.004480064077492352,-0.032989424337184436
300033.SZ,2017-01-20,2017-01-23,43.56257295,2017-02-24,43.07402073,-0.01121495327102806,0.034175693513709415,-0.045390646784737476,0.05535585909417673,-0.04816678648454353,0.039864795266762565,-0.0034604981045259775,0.015491063827414164
300033.SZ,2023-03-13,2023-03-14,80.20703556,2023-04-11,132.4553529,0.6514181327760822,0.025067650149430687,0.6263504826266515,1.0395056568027585,-0.02731551521264075,0.033104715658615946,-0.016216535279818256,1.0064009411441426
300033.SZ,2023-04-12,2023-04-13,132.2502078,2023-05-15,118.00629969,-0.10770423991726985,-0.020213691565791447,-0.0874905483514784,0.12202688728024813,-0.14327817993795244,0.02163007277599327,-0.03879940719173636,0.10039681450425486
300059.SZ,2024-12-06,2024-12-09,27.35263812,2025-01-06,22.36229464,-0.1824446862531739,-0.05079582683273931,-0.13164885942043458,0.08813928182807396,-0.1875226695683715,0.03216531003337786,-0.05731791176022294,0.0559739717946961
300059.SZ,2025-08-29,2025-09-01,28.64711523,2025-09-26,25.93066422,-0.09482459187217784,0.007343566697949999,-0.10216815857012784,0.009030913511635985,-0.10732893365752005,0.021490481911767834,-0.04192538976085414,-0.012459568400131849
300124.SZ,2014-11-17,2014-11-18,7.81173741,2014-12-15,9.49109423,0.21497865735351174,0.254146439774636,-0.039167782421124286,0.2650368645712069,-0.002716336825766441,0.32064969303462054,-0.016542878672172634,-0.055612828463413644
300124.SZ,2015-05-14,2015-05-15,15.784169,2015-06-11,19.93902905,0.26322957198443575,0.1312869676629882,0.13194260432144755,0.493190661478599,-0.018482490272373586,0.1470277172864496,-0.026796112779286174,0.34616294419214944
300124.SZ,2017-09-28,2017-09-29,18.1788466,2017-11-02,18.98539508,0.04436741767764296,0.04494716880311156,-0.0005797511254685972,0.08006932409012135,-0.014558058925476569,0.054412028436668036,0.0,0.025657295653453316
300124.SZ,2017-10-24,2017-10-25,19.218538,2017-11-21,17.81337932,-0.07311475409836066,0.06556950870681022,-0.13868426280517088,0.024918032786885203,-0.11836065573770482,0.06621677817453842,-0.0010522550090117377,-0.04129874538765321
300124.SZ,2017-11-08,2017-11-09,18.12213616,2017-12-06,16.79889256,-0.07301808066759397,-0.006738697810028338,-0.06627938285756563,0.08692628650904033,-0.10987482614742694,0.053813863043541854,-0.019356102522194774,0.033112423465498475
300124.SZ,2020-01-13,2020-01-14,20.27755818,2020-02-18,19.62985629,-0.031941808981657216,-0.037400030414051044,0.005458221432393828,0.0167615433270083,-0.16729917773561032,0.0019809463799329574,-0.1364715477976266,0.014780596947075342
300124.SZ,2020-08-27,2020-08-28,37.1999066,2020-09-24,34.754238,-0.0657439446366781,-0.03474003721369445,-0.031003907422983645,0.007612456747404961,-0.1268166089965398,0.03679051346944506,-0.03580519248652314,-0.029178056722040102
300124.SZ,2020-11-16,2020-11-17,53.52152652,2020-12-14,54.18443143,0.012385762385762389,0.006468371159588315,0.0059173912261740735,0.05699855699855694,-0.08477633477633484,0.03823859093801496,-0.010965528071921526,0.018759966060541977
300124.SZ,2021-02-02,2021-02-03,68.22771797,2021-03-09,52.5818749,-0.2293179888689746,-0.09606624018663046,-0.13325174868234413,0.11215923026129615,-0.23233657202150737,0.0784856992879508,-0.10572027572765175,0.033673530973345356
300124.SZ,2023-01-12,2023-01-13,65.01158267,2023-02-16,71.71812264,0.10315915556221,0.015176733541972354,0.08798242202023765,0.12322203922742925,-0.016020362329689952,0.058493204830029066,-0.001092232786992109,0.06472883439740018
300124.SZ,2024-05-06,2024-05-07,61.711965,2024-06-03,55.1625008,-0.10612956822878683,-0.018663491095312068,-0.08746607713347476,0.0349206349206348,-0.11316791808525306,0.01258627049210026,-0.02437226768920231,0.022334364428534537
300251.SZ,2014-10-28,2014-10-29,7.07173068,2014-11-25,6.66207716,-0.0579283259695631,0.10799017911035214,-0.16591850507991524,0.019145802650957222,-0.16249386352479134,0.10819729079759854,-0.0033459676963528695,-0.08905148814664132
300251.SZ,2019-03-21,2019-03-22,8.5396608,2019-04-19,7.9827264,-0.0652173913043479,0.07359895782445847,-0.13881634912880636,0.0021739130434783593,-0.0945652173913043,0.07411900341963862,-0.039232177169842064,-0.07194509037616026
300251.SZ,2020-09-02,2020-09-03,15.8860995,2020-09-30,15.651237,-0.014784151389710232,-0.05248509656713973,0.0377009451774295,0.0668243642814903,-0.1241868716735659,0.00733443877540485,-0.059234117841942546,0.05948992550608545
300251.SZ,2023-03-17,2023-03-20,8.31072302,2023-04-17,10.34501833,0.24477958236658948,0.04712011179352271,0.19765947057306676,0.40835266821345706,-0.02204176334106711,0.04712011179352271,-0.006976723352039249,0.36123255641993435
300274.SZ,2017-04-05,2017-04-06,6.9441048,2017-05-04,6.541548,-0.05797101449275366,-0.0295331683004616,-0.02843784619229206,0.009661835748792313,-0.08405797101449275,0.005366894071473505,-0.03327006819863687,0.004294941677318809
300274.SZ,2020-04-27,2020-04-28,6.698643,2020-05-28,7.5462264,0.12653061224489792,0.005549535531065297,0.12098107671383262,0.18877551020408156,-0.04183673469387761,0.0424340112031556,-0.017507668143803445,0.14634149900092597
300408.SZ,2016-12-05,2016-12-06,15.47455996,2017-01-03,14.49999968,-0.06297822248381402,-0.03577794049001781,-0.027200281993796205,0.008240141259564515,-0.08887580929958805,0.012025992414840037,-0.05746684738111196,-0.0037858511552755214
300408.SZ,2023-03-29,2023-03-30,29.00716472,2023-04-27,28.26363886,-0.025632490013315468,-0.005272103231945269,-0.0203603867813702,0.15978695073235705,-0.04027962716378164,0.039932213962873275,-0.020980196492016656,0.11985473676948377
300308.SZ,2021-10-25,2021-10-26,23.6052636,2021-11-22,26.75263208,0.1333333333333333,-0.014215515240360799,0.1475488485736941,0.17070254110612848,-0.03796711509716,0.00388026797755181,-0.04600269668018886,0.16682227312857667
300433.SZ,2025-09-17,2025-09-18,31.56969915,2025-10-23,28.58564621,-0.09452269170579031,0.013267130835575403,-0.10778982254136571,0.0938967136150235,-0.14866979655712065,0.039663821980659764,-0.020026982212773325,0.054232891634363734
300442.SZ,2020-09-21,2020-09-22,14.73728976,2020-10-27,13.86062592,-0.05948609644491365,0.009681820011048448,-0.0691679164559621,0.07532558958113356,-0.07286166842661035,0.04198065157198583,-0.02137802787445764,0.03334493800914773
300442.SZ,2020-12-02,2020-12-03,19.75865424,2020-12-30,18.35287968,-0.07114728275137816,0.009526768691235254,-0.08067405144261341,0.03412969283276457,-0.08033604620635337,0.009526768691235254,-0.042661218203757456,0.024602924141529314
300442.SZ,2022-08-04,2022-08-05,24.67627152,2022-09-01,23.75292144,-0.03741854109733023,-0.016032883943992382,-0.021385657153337845,0.05045196552449016,-0.043514820264872744,0.027534823279777187,-0.01666831847850403,0.022917142244712974
300442.SZ,2025-01-21,2025-01-22,54.54451275,2025-02-26,67.65494043,0.24036199095022615,0.03556447874363866,0.20479751220658748,0.3538461538461539,-0.010497737556561137,0.04497996532219717,-0.010669845722402926,0.30886618852395675
300442.SZ,2025-02-17,2025-02-18,58.56254292,2025-03-17,64.12065345,0.09490896830748485,0.013750273583812422,0.08115869472367243,0.2609575185434929,-0.07653405259608892,0.02007613752845505,-0.022028921648462374,0.24088138101503787
300628.SZ,2025-11-24,2025-11-25,32.82257946,2025-12-22,35.11117944,0.06972639011473958,0.030337930843264305,0.039388459271475273,0.07914092380111803,-0.017358046484260092,0.03681763667877114,-0.0018952884309275664,0.0423232871223469
300476.SZ,2016-12-07,2016-12-08,11.82044779,2017-01-05,11.40498413,-0.035147878268323884,-0.032746789239035845,-0.0024010890292880394,0.008144020574367916,-0.11744534933561934,0.007501851768349166,-0.06168032863395356,0.0006421688060187503
300476.SZ,2021-11-30,2021-12-01,29.44520097,2021-12-28,30.22386936,0.026444662095984395,0.0256785519781757,0.0007661101178086938,0.07345739471106749,-0.040156709108716826,0.0645611958968011,-0.0016480305785201432,0.008896198814266398
300476.SZ,2021-12-22,2021-12-23,29.54133287,2022-01-20,27.47449702,-0.06996420436055972,-0.020466316045647193,-0.04949788831491253,0.06280507647250233,-0.10250569476082005,0.008247928148522155,-0.04068573361380412,0.054557148323980176
300498.SZ,2025-11-24,2025-11-25,17.3641759,2025-12-22,16.75421618,-0.03512747875354105,0.030337930843264305,-0.06546540959680536,0.025495750708215414,-0.062322946175637384,0.03681763667877114,-0.0018952884309275664,-0.011321885970555723
300661.SZ,2019-10-22,2019-10-23,32.6183958,2019-11-19,44.632968,0.36833731105807455,0.013965457181640772,0.3543718538764338,0.4095995757093609,-0.061256961018297584,0.03544142898098901,-0.011211567569456071,0.3741581467283719
300661.SZ,2020-02-24,2020-02-25,58.81864,2020-03-23,40.24578944,-0.31576470588235295,-0.13181416431932502,-0.18395054156302793,0.08529411764705874,-0.33205882352941185,0.03677764219184887,-0.13848341810322995,0.04851647545520987
300750.SZ,2019-11-04,2019-11-05,36.00104023,2019-12-02,44.5980743,0.23879960176361825,-0.036678247614646886,0.27547784937826514,0.2743564215616554,-0.005404636609301794,0.012185233224053071,-0.04452056256537029,0.26217118833760233
300760.SZ,2019-12-31,2020-01-02,162.957886,2020-02-06,198.62954632,0.21890109890109888,-0.053762264191230646,0.2726633630923295,0.2636813186813187,-0.03269230769230769,0.024787763615205405,-0.11681614850286848,0.23889355506611332
300999.SZ,2023-04-17,2023-04-18,42.28081744,2023-05-18,40.43397876,-0.04368029739776946,-0.04426794637790732,0.0005876489801378559,0.02695167286245348,-0.058085501858736066,0.007334316299378418,-0.052249568816900016,0.01961735656307506
