date,gross_ret,net_ret,hs300_ret,turnover,satellite_w,n_hold,unselected_ew_ret,uni_ew_ret,gross_vs_hs300,net_vs_hs300,net_vs_unselected,net_vs_uni,cost,nav,bench
2024-09-02,-0.009265687299688942,0.0,0.0,0.36000000000000004,0.3,5,-0.01941563098319559,-0.01895756330273277,0.007721351695505994,0.007253351695505995,0.009681943683506649,0.009223876003043828,0.00046799999999999967,1.0,1.0
2024-09-03,0.0009950567055057166,0.0008390567055057167,0.0025780005029079067,0.12,0.3,5,0.004797885632469822,0.004668597203841906,-0.0015829437974021901,-0.00173894379740219,-0.0039588289269641055,-0.0038295404983361894,0.0001559999999999999,1.0008390567055057,1.002578000502908
2024-09-04,-0.006263671809032569,-0.006575671809032569,-0.006495728239892196,0.24,0.3,5,-0.006988058188601111,-0.006939835694564061,0.0002320564308596262,-7.994356914037357e-05,0.0004123863795685422,0.0003641638855314917,0.0003119999999999998,0.9942578675349485,0.9960655262723466
2024-09-05,0.0005304672304324099,0.0003744672304324099,0.0017197467446989911,0.12,0.3,5,0.0030630412818131365,0.0029466182149828334,-0.0011892795142665813,-0.0013452795142665811,-0.0026885740513807265,-0.0025721509845504234,0.000156,0.99463018452494,0.9977785067186603
2024-09-06,-0.007347369749209039,-0.007659369749209039,-0.008107447398330248,0.24,0.3,5,-0.010470469303665852,-0.010395226644072143,0.0007600776491212087,0.0004480776491212089,0.002811099554456814,0.0027358568948631047,0.0003119999999999998,0.9870119441779395,0.9896890699602543
2024-09-09,-0.012747350937564603,-0.012903350937564603,-0.01188176802005425,0.12,0.3,5,-0.009942836075133602,-0.01000435460156593,-0.0008655829175103526,-0.0010215829175103525,-0.0029605148624310008,-0.0028989963359986725,0.0001559999999999999,0.9742761826826436,0.9779298140190034
2024-09-10,0.0005165318426024166,0.00036053184260241664,0.0008780590347814421,0.12,0.3,5,0.002360578770286912,0.002263982244511928,-0.00036152719217902546,-0.0005175271921790255,-0.0020000469276844953,-0.0019034504019095114,0.000156,0.9746274402699897,0.9787884941275848
2024-09-11,-0.0048541243919199666,-0.0050101243919199664,-0.0030119015373893943,0.12,0.3,5,-0.0018243631781727384,-0.001953307788126064,-0.0018422228545305723,-0.001998222854530572,-0.003185761213747228,-0.0030568166037939024,0.0001559999999999999,0.9697444355584586,0.9758404795573429
2024-09-12,-0.004101426593555875,-0.004413426593555874,-0.004285826513225288,0.24,0.3,5,-0.003794081093822633,-0.003826672223650093,0.00018439991966941356,-0.00012760008033058622,-0.0006193454997332412,-0.0005867543699057814,0.0003119999999999998,0.965464539677612,0.9716581965573775
2024-09-13,-0.0009780927990005535,-0.0012900927990005535,-0.004169521036684776,0.24,0.3,5,-0.004433084935951561,-0.004249985878481939,0.003191428237684222,0.002879428237684222,0.0031429921369510077,0.002959893079481385,0.000312,0.9642190008272835,0.9676068472663644
2024-09-18,0.005513317185226881,0.005357317185226881,0.003723418903301967,0.12,0.3,5,0.0034289085686063643,0.0034832919340512577,0.0017898982819249138,0.001633898281924914,0.0019284086166205167,0.0018740252511756234,0.0001559999999999999,0.9693846278507378,0.9712096528924403
2024-09-19,0.00683725213239807,0.00652525213239807,0.007891964522851236,0.24,0.3,5,0.009742250913173569,0.009582871277550196,-0.0010547123904531656,-0.0013667123904531654,-0.0032169987807754985,-0.0030576191451521257,0.0003119999999999998,0.9757101069607346,0.9788744050173181
2024-09-20,0.0011543171492852133,0.0011543171492852133,0.0015688185210196437,0.0,0.3,5,0.0015885795680357908,0.001565003717091008,-0.0004145013717344304,-0.0004145013717344304,-0.00043426241875057755,-0.00041068656780579474,0.0,0.9768363858699302,0.9804100813136614
2024-09-23,0.0047608589124549456,0.004604858912454946,0.0036594870738808627,0.12,0.3,5,0.0012606972395178895,0.0013434993863507272,0.0011013718385740829,0.000945371838574083,0.003344161672937056,0.0032613595261042185,0.0001559999999999999,0.9813345796074137,0.9839978793333312
2024-09-24,0.04146451532475111,0.041308515324751105,0.04331009197407876,0.12,0.3,5,0.041481332713703606,0.041377620957386015,-0.0018455766493276488,-0.002001576649327652,-0.00017281738895250087,-6.91056326349096e-05,0.00015600000000000336,1.0218720541278348,1.0266149179895563
2024-09-25,0.014707889892824278,0.01464548989282428,0.014804697860234306,0.048,0.12,5,0.012166315023585214,0.012230131052014544,-9.680796741002792e-05,-0.00015920796741002684,0.002479174869239065,0.0024153588408097355,6.239999999999891e-05,1.0368378709683237,1.041813641669201
2024-09-26,0.04208093275468244,0.042018532754682446,0.04227135235789281,0.048,0.12,5,0.0400219882365861,0.04001833595045229,-0.00019041960321036777,-0.00025281960321036495,0.0019965445180963465,0.0020001968042301574,6.239999999999718e-05,1.0804042770109015,1.0858525132074592
2024-09-27,0.041304869130136125,0.04124246913013613,0.044668600332991026,0.048,0.12,5,0.049968857947417525,0.049432327446913324,-0.0033637312028549013,-0.0034261312028548985,-0.008726388817281397,-0.008189858316777196,6.239999999999718e-05,1.1249628170535906,1.1343560251404972
2024-09-30,0.08392820400521984,0.08386580400521984,0.08482622266273232,0.048,0.12,5,0.09629572880726346,0.09602973735763073,-0.0008980186575124754,-0.0009604186575124796,-0.012429924802043621,-0.012163933352410894,6.240000000000412e-05,1.219308728181767,1.230579161907877
2024-10-08,0.05896502575554044,0.05884022575554044,0.05929575100342732,0.096,0.12,5,0.06947982262666598,0.06899584935982968,-0.0003307252478868816,-0.0004555252478868829,-0.010639596871125541,-0.01015562360428924,0.0001248000000000013,1.291053129013683,1.3035472774823726
2024-10-09,-0.06756788505555035,-0.06769268505555034,-0.07051351423870533,0.096,0.12,5,-0.07049946741159005,-0.0702644990956916,0.0029456291831549825,0.002820829183154988,0.0028067823560397054,0.002571814040141257,0.00012479999999999436,1.203658276161377,1.2116295779707937
2024-10-10,0.011995305404038042,0.011932905404038043,0.010567282642378606,0.048,0.12,5,0.006018673046003313,0.006284814841772755,0.0014280227616594362,0.0013656227616594373,0.0059142323580347305,0.005648090562265288,6.239999999999891e-05,1.2180214165095982,1.224433210179077
2024-10-11,-0.02848700677265165,-0.028674206772651648,-0.0276705274934671,0.14400000000000002,0.12,5,-0.030494824059723463,-0.03033741230818572,-0.0008164792791845489,-0.0010036792791845474,0.0018206172870718143,0.0016632055355340729,0.00018719999999999848,1.183095618559084,1.1905524973729027
2024-10-14,0.019673329429028642,0.01954852942902864,0.01908212330471004,0.096,0.12,5,0.02187019859648077,0.021950949574401572,0.0005912061243186009,0.0004664061243185996,-0.0023216691674521305,-0.0024024201453729313,0.0001248000000000013,1.2062233980758412,1.213270766928503
2024-10-15,-0.024333557543218247,-0.024645557543218247,-0.026593888980664726,0.24,0.3,5,-0.02507652994572276,-0.024992097696116877,0.002260331437446479,0.0019483314374464794,0.00043097240250451405,0.0003465401528986306,0.0003119999999999998,1.1764953499085868,1.1810051788493205
2024-10-16,-0.0015340459363984865,-0.0020020459363984866,-0.0063293392841365925,0.36000000000000004,0.3,5,-0.007419422876086582,-0.007122356275769525,0.0047952933477381065,0.004327293347738106,0.005417376939688095,0.0051203103393710385,0.0004680000000000001,1.1741399521741105,1.1735301963760607
2024-10-17,-0.010541830907300294,-0.010853830907300294,-0.011318359041118442,0.24,0.3,5,-0.007931769983830037,-0.007963155475406767,0.0007765281338181478,0.00046452813381814805,-0.0029220609234702575,-0.0028906754318935267,0.0003119999999999998,1.161396035671707,1.1602477602678822
2024-10-18,0.028378068103103414,0.027910068103103414,0.036167972956809846,0.36000000000000004,0.3,5,0.03929116048769804,0.03881941411716757,-0.007789904853706432,-0.008257904853706432,-0.011381092384594626,-0.010909346014064156,0.00046799999999999967,1.1938106781219788,1.2022115698844502
2024-10-21,-0.0003286423178507185,-0.0004846423178507184,0.0025382945322496298,0.12,0.3,5,0.008247651037492133,0.00800138840123819,-0.0028669368501003482,-0.003022936850100348,-0.008732293355342851,-0.008486030719088909,0.0001559999999999999,1.1932321069478589,1.205263136938895
2024-10-22,0.0035832376834169484,0.002959237683416949,0.005737475837933825,0.48,0.3,5,0.006731893689361534,0.0065847868338887935,-0.002154238154516877,-0.0027782381545168764,-0.003772656005944585,-0.0036255491504718447,0.0006239999999999996,1.196763164363802,1.2121783050654342
2024-10-23,0.005970096295628901,0.005502096295628901,0.003899513754633155,0.36000000000000004,0.3,5,0.003731917378328501,0.0038166455506853047,0.002070582540995746,0.0016025825409957464,0.0017701789173004004,0.0016854507449435966,0.00046799999999999967,1.2033478705371932,1.2169052110391048
2024-10-24,-0.010676026394806654,-0.010676026394806654,-0.011168680307748202,0.0,0.3,5,-0.00967283019342998,-0.009670174799630872,0.0004926539129415479,0.0004926539129415479,-0.0010031962013766736,-0.0010058515951757822,0.0,1.1905008969092037,1.2033139857721762
2024-10-25,0.00582147491514668,0.00566547491514668,0.007021829940663693,0.12,0.3,5,0.00848604996766873,0.008462536677175718,-0.0012003550255170132,-0.001356355025517013,-0.0028205750525220506,-0.002797061762029038,0.0001559999999999999,1.1972456498771022,1.2117634519454905
2024-10-28,-0.0017779725026453616,-0.0019339725026453615,0.001955277256894483,0.12,0.3,5,0.004196620364479399,0.003961747745393152,-0.0037332497595398448,-0.0038892497595398447,-0.00613059286712476,-0.0058957202480385135,0.0001559999999999999,1.1949302097113281,1.2141327854638155
2024-10-29,-0.009306022543170533,-0.009618022543170533,-0.009966280598025845,0.24,0.3,5,-0.009796228880323625,-0.00977924883002061,0.0006602580548553116,0.00034825805485531186,0.0001782063371530921,0.0001612262868500771,0.0003119999999999998,1.1834373440168091,1.2020323974406204
2024-10-30,-0.006341870500046224,-0.006653870500046224,-0.008969031370703484,0.24,0.3,5,-0.005755467708254856,-0.0056687139149052684,0.0026271608706572597,0.00231516087065726,-0.0008984027917913681,-0.0009851565851409557,0.0003119999999999998,1.1755629051848027,1.1912513311593735
2024-10-31,-0.006066194642435795,-0.006534194642435795,0.0004090296910201907,0.36000000000000004,0.3,5,0.0037204164858971565,0.003361463841655516,-0.006475224333455986,-0.0069432243334559855,-0.010254611128332952,-0.00989565848409131,0.00046799999999999967,1.167881548347898,1.191738588323285
2024-11-01,0.0038450782213760434,0.0035330782213760428,-0.00026196083946306015,0.24,0.3,5,-0.003968940398497272,-0.0036982625604168686,0.0041070390608391035,0.003795039060839103,0.007502018619873315,0.007231340781792911,0.00031200000000000064,1.1720077652115128,1.1914263994822674
2024-11-04,0.012213289734319847,0.012057289734319847,0.014072317308986726,0.12,0.3,5,0.0160299915629169,0.015891806552373048,-0.0018590275746668793,-0.002015027574666879,-0.003972701828597054,-0.003834516818053201,0.0001559999999999999,1.1861390024075407,1.2081925298260854
2024-11-05,0.020545254145757127,0.020389254145757128,0.025302059422141587,0.12,0.3,5,0.02877588962486583,0.028456185889549495,-0.00475680527638446,-0.00491280527638446,-0.008386635479108704,-0.008066931743792367,0.0001559999999999999,1.2103234919798227,1.2387622890091325
2024-11-06,-0.006669303441381151,-0.006981303441381152,-0.005016451058795446,0.24,0.3,5,0.000736594837874025,0.0005447946676330953,-0.001652852382585705,-0.0019648523825857057,-0.007717898279255176,-0.007526098109014247,0.00031200000000000064,1.2018738564200795,1.2325480986128368
2024-11-07,0.032685530322949415,0.032685530322949415,0.030169870504388685,0.0,0.3,5,0.025496572192334786,0.025709151901134843,0.0025156598185607296,0.0025156598185607296,0.007188958130614629,0.006976378421814571,0.0,1.2411577407984582,1.2697339151384166
2024-11-08,-0.010823538180276232,-0.010948338180276232,-0.010046131707898032,0.096,0.12,5,-0.004152273105433722,-0.004460082931119136,-0.0007774064723782004,-0.0009022064723781999,-0.006796065074842509,-0.006488255249157095,0.00012479999999999956,1.227569126117129,1.256978000992951
2024-11-11,0.004335215349756497,0.004210415349756497,0.006599388359831204,0.096,0.12,5,0.011773210941424432,0.011425415420200041,-0.002264173010074707,-0.0023889730100747075,-0.007562795591667936,-0.007215000070443544,0.00012480000000000043,1.2327377020086197,1.2652732869812677
2024-11-12,-0.012832086407240425,-0.012956886407240426,-0.010986869649649456,0.096,0.12,5,-0.011241814172642738,-0.011491838502187962,-0.0018452167575909693,-0.0019700167575909706,-0.0017150722345976883,-0.001465047905052464,0.0001248000000000013,1.2167652596337712,1.251371894306021
2024-11-13,0.00826944359602872,0.007957443596028721,0.006154841359331531,0.24,0.3,5,0.007569156967394651,0.0076918514284612495,0.0021146022366971898,0.00180260223669719,0.00038828662863407,0.00026559216756747144,0.0003119999999999998,1.2264476005569143,1.2590738897970009
2024-11-14,-0.012493055534984391,-0.012649055534984393,-0.017337121223454655,0.12,0.3,5,-0.022006223820579412,-0.02171839082488745,0.004844065688470263,0.004688065688470262,0.009357168285595019,0.009069335289903058,0.00015600000000000162,1.2109341967467215,1.2372451731403036
2024-11-15,-0.011390570486870026,-0.011546570486870026,-0.01752350859020335,0.12,0.3,5,-0.019092727338702004,-0.018732458116281367,0.0061329381033333255,0.005976938103333326,0.007546156851831978,0.007185887629411341,0.0001559999999999999,1.1969520596890242,1.2155642967205917
2024-11-18,-0.003864820540565994,-0.004020820540565994,-0.004648774646679343,0.12,0.3,5,-0.01009497505497945,-0.00997313414229182,0.0007839541061133493,0.000627954106113349,0.006074154514413456,0.005952313601725826,0.00015600000000000032,1.1921393302613539,1.2099134122365884
2024-11-19,-0.0012457675828865637,-0.0015577675828865635,0.006710897679074179,0.24,0.3,5,0.011302924851713001,0.010810640593035046,-0.007956665261960743,-0.008268665261960743,-0.012860692434599565,-0.01236840817592161,0.0003119999999999998,1.1902822542583886,1.2180330173466476
2024-11-20,0.005062101906878615,0.004906101906878615,0.002233277088395047,0.12,0.3,5,0.00531504644350496,0.0054195412234059204,0.002828824818483568,0.002672824818483568,-0.00040894453662634455,-0.0005134393165273053,0.0001559999999999999,1.1961219002957295,1.2207532225771967
2024-11-21,-0.00151281639922221,-0.00151281639922221,0.000884445819000268,0.0,0.3,5,0.0004991390067652966,0.0003712315930321981,-0.002397262218222478,-0.002397262218222478,-0.0020119554059875064,-0.001884047992254408,0.0,1.1943123874694934,1.2218329126609362
2024-11-22,-0.028253041349195672,-0.028409041349195672,-0.030982644840837792,0.12,0.3,5,-0.03163585050370255,-0.031471525540770005,0.00272960349164212,0.00257360349164212,0.00322680915450688,0.0030624841915743335,0.0001559999999999999,1.160383117470016,1.183977297473116
2024-11-25,-0.0026931056469458345,-0.0031611056469458346,-0.0045549331325313025,0.36000000000000004,0.3,5,-0.004581566998057902,-0.004490975446414945,0.001861827485585468,0.001393827485585468,0.0014204613511120678,0.0013298697994691107,0.0004680000000000001,1.156715023844761,1.1785843600526908
2024-11-26,0.0017209862209527755,0.0017209862209527755,-0.002054577245043876,0.0,0.3,5,-0.0033367216936982737,-0.003104134460981725,0.0037755634659966514,0.0037755634659966514,0.005057707914651049,0.004825120681934501,0.0,1.158705714462367,1.176162867445162
2024-11-27,0.014562813452324658,0.014562813452324658,0.01741062090060419,0.0,0.3,5,0.020979385437263607,0.0207592715200966,-0.0028478074482795324,-0.0028478074482795324,-0.006416571984938949,-0.006196458067771943,0.0,1.1755797296282249,1.1966405932476174
2024-11-28,-0.008108775806281903,-0.008264775806281903,-0.008828719057143108,0.12,0.3,5,-0.008358560219826911,-0.008319600712551617,0.0007199432508612057,0.0005639432508612058,9.378441354500854e-05,5.482490626971398e-05,0.0001559999999999999,1.165863826720438,1.1860757896374612
2024-11-29,0.007991288631958271,0.007835288631958271,0.011370465020404508,0.12,0.3,5,0.013893703948155834,0.01363687212685378,-0.0033791763884462363,-0.0035351763884462362,-0.006058415316197562,-0.005801583494895509,0.0001559999999999999,1.174998706308352,1.1995620229150825
2024-12-02,0.0042654842348616,0.0041094842348616,0.007927522132046061,0.12,0.3,5,0.012122943531453038,0.01191457095963743,-0.003662037897184461,-0.003818037897184461,-0.00801345929659144,-0.00780508672477583,0.0001559999999999999,1.179827344967909,1.2090715774005039
2024-12-03,0.003895276648833177,0.003895276648833177,0.0010789252898952828,0.0,0.3,5,-7.121173856476325e-05,0.00010581581024032893,0.002816351358937894,0.002816351358937894,0.00396648838739794,0.003789460838592848,0.0,1.1844230988744173,1.210376075302655
2024-12-04,-0.003541090904285222,-0.0036970909042852223,-0.00539852919027739,0.12,0.3,5,-0.0069463135903633025,-0.006830533400332462,0.0018574382859921682,0.0017014382859921679,0.00324922268607808,0.00313344249604724,0.00015600000000000032,1.1800441790087433,1.2038418247289202
2024-12-05,-0.005675552820877804,-0.0058315528208778035,-0.0022817886768612405,0.12,0.3,5,0.0006425323369313456,0.0004244495678404106,-0.003393764144016563,-0.003549764144016563,-0.006474085157809149,-0.006256002388718214,0.0001559999999999999,1.1731626890478843,1.2010949120845218
2024-12-06,0.010984563373405113,0.010828563373405114,0.0131457967245463,0.12,0.3,5,0.011373047461027217,0.011282631420263464,-0.002161233351141186,-0.0023172333511411857,-0.0005444840876221036,-0.0004540680468583507,0.0001559999999999999,1.1858663555735538,1.2168842616456716
2024-12-09,-0.0012191634044956977,-0.0016871634044956978,-0.0016535282354097625,0.36000000000000004,0.3,5,-0.002474587764652423,-0.002406639551214828,0.0004343648309140648,-3.3635169085935316e-05,0.0007874243601567251,0.0007194761467191303,0.0004680000000000001,1.1838656052558074,1.2148721091598147
2024-12-10,0.007807646064042726,0.007495646064042726,0.007327765333219327,0.24,0.3,5,0.005033403912496104,0.0050103374256846404,0.00047988073082339856,0.00016788073082339879,0.0024622421515466215,0.0024853086383580855,0.0003119999999999998,1.1927394428201987,1.2237744068856111
2024-12-11,-0.0025884303863749486,-0.0029004303863749484,-0.00170338300760009,0.24,0.3,5,0.0021214606005381265,0.001992006449300096,-0.0008850473787748586,-0.0011970473787748584,-0.005021890986913075,-0.004892436835675045,0.0003119999999999998,1.189279985097215,1.2216898503557863
2024-12-12,0.010538100364329298,0.010226100364329298,0.00994627297803663,0.24,0.3,5,0.007820452409974725,0.007860811390197437,0.0005918273862926676,0.00027982738629266785,0.002405647954354573,0.0023652889741318604,0.0003119999999999998,1.2014416815861073,1.2338411111019216
2024-12-13,-0.018860719824028333,-0.019016719824028333,-0.023662377167826598,0.12,0.3,5,-0.020693898924164858,-0.020510117903694378,0.004801657343798265,0.004645657343798265,0.001677179100136525,0.0014933980796660445,0.0001559999999999999,1.1785942017424749,1.2046454973658578
2024-12-16,0.0005170128385208342,0.00036101283852083433,-0.005425430735347847,0.12,0.3,5,-0.006939957154886616,-0.006597880714100896,0.005942443573868681,0.005786443573868681,0.00730096999340745,0.00695889355262173,0.0001559999999999999,1.1790196893807101,1.1981097766592508
2024-12-17,0.0013282441038533065,0.0011722441038533066,0.002605371342234264,0.12,0.3,5,-0.0013564859856249752,-0.0013708507565239603,-0.0012771272383809574,-0.0014331272383809573,0.002528730089478282,0.002543094860377267,0.0001559999999999999,1.1804017882599136,1.2012312975362094
2024-12-18,0.00621532170013895,0.00621532170013895,0.005062832968225184,0.0,0.3,5,0.005181044629765351,0.005243462057362764,0.0011524887319137658,0.0011524887319137658,0.0010342770703735986,0.0009718596427761858,0.0,1.1877383651093685,1.2073129309518396
2024-12-19,0.001188143017725094,0.001032143017725094,0.0009065448300180634,0.12,0.3,5,0.004145474226713485,0.004086360528098636,0.00028159818770703057,0.00012559818770703068,-0.0031133312089883913,-0.0030542175103735417,0.0001559999999999999,1.1889642809698004,1.208407414247608
2024-12-20,-0.005918012010717451,-0.0060740120107174505,-0.004491081973005184,0.12,0.3,5,-0.0012545759945690551,-0.001393218855439289,-0.0014269300377122663,-0.0015829300377122662,-0.004819436016148395,-0.004680793155278162,0.0001559999999999999,1.1817424976468758,1.2029803574934348
2024-12-23,0.005012030364463564,0.004856030364463564,0.0014837270075716003,0.12,0.3,5,-0.0033808553634432493,-0.0031010042557661948,0.003528303356891964,0.003372303356891964,0.008236885727906814,0.007957034620229758,0.0001559999999999999,1.187481075098426,1.2047652519394259
2024-12-24,0.012305597100380938,0.011993597100380938,0.012740685196085622,0.24,0.3,5,0.012472386321481689,0.012443357736185169,-0.0004350880957046839,-0.0007470880957046837,-0.00047878922110075085,-0.0004497606358042309,0.0003119999999999998,1.2017232446774835,1.220114786749569
2024-12-25,0.0038217516453223997,0.0036657516453223998,0.0004872118254637403,0.12,0.3,5,-0.001102976639357325,-0.0008827176961102986,0.0033345398198586593,0.0031785398198586595,0.004768728284679725,0.004548469341432698,0.0001559999999999999,1.2061284636388823,1.2207092411020966
2024-12-26,-0.001218570274403108,-0.001218570274403108,0.00046441852805623185,0.0,0.3,5,0.005268083162586798,0.005092636291919213,-0.00168298880245934,-0.00168298880245934,-0.006486653436989906,-0.006311206566322321,0.0,1.2046587113459803,1.2212761610910339
2024-12-27,-0.002276322432527598,-0.002276322432527598,-0.0016174124605663476,0.0,0.3,5,-0.0016928317829473616,-0.0017285092245473187,-0.0006589099719612503,-0.0006589099719612503,-0.0005834906495802363,-0.0005478132079802791,0.0,1.2019165196978037,1.2193008538102925
2024-12-30,0.006745812468576464,0.0065898124685764645,0.004527520975912136,0.12,0.3,5,0.0018908864210545728,0.0020630934107765137,0.0022182914926643284,0.0020622914926643286,0.004698926047521892,0.004526719057799951,0.0001559999999999999,1.2098369241654963,1.224821264001866
2024-12-31,-0.014615488201648177,-0.015083488201648176,-0.016039789801335358,0.36000000000000004,0.3,5,-0.019745368917702392,-0.019614434683167762,0.0014243015996871812,0.0009563015996871815,0.004661880716054216,0.004530946481519586,0.00046799999999999967,1.1915883631939277,1.2051753883830703
2025-01-02,-0.029306477349748124,-0.029618477349748124,-0.029102488699299323,0.24,0.3,5,-0.03169298404984384,-0.031650066700447566,-0.00020398865044880116,-0.0005159886504488009,0.0020745067000957143,0.002031589350699442,0.0003119999999999998,1.1562953302484449,1.1701017852619784
2025-01-03,-0.009640309915869838,-0.010108309915869838,-0.011839194018461785,0.36000000000000004,0.3,5,-0.014968556951529127,-0.014809234047876728,0.002198884102591947,0.0017308841025919473,0.00486024703565929,0.00470092413200689,0.00046799999999999967,1.1446071386960206,1.1562487232049132
2025-01-06,-0.0016050374555571121,-0.0016050374555571121,-0.0016410144531968651,0.0,0.3,5,-0.0012357152787626623,-0.0012406844778987893,3.597699763975299e-05,3.597699763975299e-05,-0.0003693221767944498,-0.00036435297765832287,0.0,1.1427700013665154,1.1543513023386436
2025-01-07,0.005746538493502722,0.0051225384935027225,0.0071997925586930744,0.48,0.3,5,0.01137454206072065,0.011224915008737648,-0.0014532540651903524,-0.002077254065190352,-0.006252003567217928,-0.0061023765152349255,0.0006239999999999996,1.1486238846877355,1.162662392255339
2025-01-08,0.0013166460905544254,0.0010046460905544252,-0.0018150707349940953,0.24,0.3,5,-0.0013187281698941718,-0.0011345654891959911,0.0031317168255485207,0.0028197168255485205,0.002323374260448597,0.0021392115797504163,0.0003120000000000002,1.1497778451830043,1.160552077772478
2025-01-09,-0.0016131830901270415,-0.0019251830901270415,-0.0024643624763153182,0.24,0.3,5,-0.0007087761448060431,-0.0006990243408290976,0.0008511793861882768,0.0005391793861882768,-0.0012164069453209983,-0.0012261587492979438,0.000312,1.1475643123180552,1.1576920567802058
2025-01-10,-0.014321032197233971,-0.014477032197233971,-0.012539216550759513,0.12,0.3,5,-0.014828666097247799,-0.01488930371843258,-0.0017818156464744581,-0.001937815646474458,0.00035163390001382785,0.0004122715211986091,0.0001559999999999999,1.13095098682023,1.1431755053811445
2025-01-13,-0.005431861712577372,-0.005743861712577372,-0.0026705028286013732,0.24,0.3,5,-0.0011429768674087863,-0.00135838532747625,-0.0027613588839759985,-0.003073358883975999,-0.004600884845168586,-0.004385476385101122,0.00031200000000000064,1.1244549607482317,1.1401226519604364
2025-01-14,0.025919286030438374,0.025607286030438374,0.026333420460855406,0.24,0.3,5,0.030513657885281632,0.030400961922659016,-0.0004141344304170319,-0.0007261344304170317,-0.004906371854843258,-0.004793675892220642,0.0003119999999999998,1.153249200556457,1.170145981131456
2025-01-15,-0.004162399559482608,-0.0043183995594826075,-0.006416240428871345,0.12,0.3,5,-0.008215627080361764,-0.00804649113107506,0.0022538408693887372,0.0020978408693887373,0.0038972275208791563,0.0037280915715924524,0.0001559999999999999,1.1482690097168002,1.162638043179639
2025-01-16,0.0032791834197137028,0.0032791834197137028,0.001147937342895089,0.0,0.3,5,0.0037481088365248195,0.0038241763859038365,0.002131246076818614,0.002131246076818614,-0.0004689254168111167,-0.0005449929661901338,0.0,1.1520343944148346,1.1639726788056755
2025-01-17,0.0018022656498197119,0.0018022656498197119,0.003146866542629967,0.0,0.3,5,0.005449079461620404,0.005334821543209903,-0.001344600892810255,-0.001344600892810255,-0.0036468138118006923,-0.0035325558933901914,0.0,1.1541106664312994,1.1676355454851444
2025-01-20,0.001779159063045787,0.001623159063045787,0.004546679156274047,0.12,0.3,5,0.00248464854359747,0.0023558721487501517,-0.00276752009322826,-0.00292352009322826,-0.0008614894805516829,-0.0007327130857043647,0.0001559999999999999,1.1559839716192752,1.1729444096819264
2025-01-21,0.002297625606436615,0.001985625606436615,0.0007671927581140991,0.24,0.3,5,0.0013594904375196903,0.0014303127385558504,0.001530432848322516,0.0012184328483225157,0.0006261351689169246,0.0005553128678807645,0.0003120000000000002,1.1582793229939528,1.1738442841387047
2025-01-22,-0.011959986416192257,-0.012115986416192256,-0.009288150425773356,0.12,0.3,5,-0.0042651576716590135,-0.00454731592589865,-0.0026718359904189005,-0.0028278359904189004,-0.007850828744533243,-0.0075686704902936065,0.0001559999999999999,1.1442456264504017,1.16294144185119
2025-01-23,-0.0003199022603517169,-0.0009439022603517171,0.0017717331022466531,0.48,0.3,5,0.0012767465015142356,0.0011035150578052137,-0.0020916353625983703,-0.0027156353625983703,-0.0022206487618659527,-0.0020474173181569306,0.0006240000000000002,1.1431655704171977,1.1650018636996924
2025-01-24,0.005666050064535228,0.005198050064535228,0.007655562720718434,0.36000000000000004,0.3,5,0.009318482324787129,0.009157854452880266,-0.0019895126561832064,-0.002457512656183206,-0.004120432260251901,-0.003959804388345038,0.00046799999999999967,1.1491078022842793,1.1739206085369993
2025-01-27,-0.004617468597024761,-0.004773468597024761,-0.004117939283883265,0.12,0.3,5,-0.005820684228379042,-0.005807303087993805,-0.0004995293131414957,-0.0006555293131414956,0.0010472156313542811,0.001033834490969044,0.0001559999999999999,1.1436225722754791,1.1690864747469447
2025-02-05,-0.0113254802256475,-0.0116374802256475,-0.005762362551355316,0.24,0.3,5,-0.0026992931885102133,-0.0030409625915151367,-0.005563117674292184,-0.005875117674292184,-0.008938187037137287,-0.008596517634132363,0.0003119999999999998,1.1303136872050192,1.1623497746255669
2025-02-06,0.00908212095239124,0.00877012095239124,0.012581168146756472,0.24,0.3,5,0.016941365754319013,0.016596779481560357,-0.003499047194365232,-0.003811047194365232,-0.008171244801927774,-0.007826658529169117,0.0003119999999999998,1.1402266749559504,1.1769734925854756
2025-02-07,0.009396235885140297,0.008928235885140298,0.012977774668958997,0.36000000000000004,0.3,5,0.013682017112834738,0.01346157647173287,-0.0035815387838186996,-0.004049538783818699,-0.00475378122769444,-0.004533340586592572,0.00046799999999999967,1.1504068876724864,1.1922479893635876
2025-02-10,0.004877596998581375,0.004721596998581375,0.00214735119259557,0.12,0.3,5,0.003838106012064083,0.003963681961561573,0.002730245805985805,0.002574245805985805,0.0008834909865172926,0.0007579150370198027,0.0001559999999999999,1.1558386453804683,1.1948081645054172
2025-02-11,-0.0044589164789309715,-0.004770916478930971,-0.004595312999142842,0.24,0.3,5,-0.0035600769264948345,-0.0036086120255729064,0.00013639652021187054,-0.00017560347978812924,-0.0012108395524361368,-0.001162304453358065,0.0003119999999999998,1.1503242357402372,1.1893176470155835
2025-02-12,0.007259915489003519,0.006947915489003519,0.009457950369587964,0.24,0.3,5,0.009804549665291097,0.009734120170490934,-0.0021980348805844454,-0.002510034880584445,-0.0028566341762875785,-0.0027862046814874156,0.0003119999999999998,1.158316591315113,1.2005661542947321
2025-02-13,-0.0036603483717585856,-0.0038163483717585864,-0.0037557192387680516,0.12,0.3,5,-0.006715972136481892,-0.006665626070352117,9.537086700946596e-05,-6.0629132990534795e-05,0.002899623764723306,0.002849277698593531,0.00015600000000000076,1.1538960516778667,1.1960571648916336
2025-02-14,0.008945819530059382,0.008945819530059382,0.008672852121708985,0.0,0.3,5,0.007288208155978765,0.007325248563901,0.0002729674083503976,0.0002729674083503976,0.0016576113740806179,0.0016205709661583825,0.0,1.164218597512625,1.2064303918118493
2025-02-17,0.003700142672374605,0.003388142672374605,0.002129926858497555,0.24,0.3,5,0.003739648197969667,0.003792409222115577,0.0015702158138770498,0.00125821581387705,-0.00035150552559506205,-0.00040426654974097184,0.0003119999999999998,1.1681631362228295,1.209000000306277
2025-02-18,-0.004364794887382367,-0.004520794887382367,-0.008769168289908702,0.12,0.3,5,-0.013396917849697682,-0.013094738000419999,0.004404373402526335,0.004248373402526335,0.008876122962315314,0.008573943113037632,0.0001559999999999999,1.1628821102889648,1.1983980758410917
2025-02-19,0.005189329287730113,0.005033329287730113,0.006996887049368183,0.12,0.3,5,0.009220639755007252,0.009058224441968148,-0.0018075577616380708,-0.0019635577616380706,-0.004187310467277139,-0.004024895154238035,0.0001559999999999999,1.1687352788728596,1.206783131817932
2025-02-20,-0.002585054636793309,-0.002741054636793309,-0.0028588431505905954,0.12,0.3,5,-0.0010762820990143473,-0.001095390636467419,0.00027378851379728647,0.00011778851379728615,-0.001664772537778962,-0.0016456640003258902,0.00015600000000000032,1.1655317116175212,1.203333128127286
2025-02-21,0.013251216825735466,0.013095216825735466,0.012611202042792646,0.12,0.3,5,0.013236499854496708,0.013259228857031369,0.0006400147829428195,0.0004840147829428196,-0.00014128302876124238,-0.0001640120312959032,0.0001559999999999999,1.1807946020984232,1.218508605330885
2025-02-24,-0.004321356392612261,-0.004477356392612261,-0.00219359629040905,0.12,0.3,5,0.00037097287009015694,0.0001455821960161895,-0.0021277601022032114,-0.0022837601022032113,-0.004848329262702418,-0.004622938588628451,0.0001559999999999999,1.1755077638383558,1.2158356893743996
2025-02-25,-0.0089306390644985,-0.0095546390644985,-0.011100640451211952,0.48,0.3,5,-0.010104593928741424,-0.010147654190719746,0.0021700013867134525,0.0015460013867134512,0.0005499548642429238,0.0005930151262212458,0.0006240000000000013,1.1642762114373646,1.202339134538903
2025-02-26,0.008957998030956295,0.008645998030956295,0.008735061870637661,0.24,0.3,5,0.010187794274552015,0.010131714278974453,0.00022293616031863334,-8.906383968136644e-05,-0.0015417962435957198,-0.0014857162480181579,0.0003119999999999998,1.1743425412689414,1.2128416412685892
2025-02-27,0.007298401118620807,0.007142401118620807,0.0020643235292401307,0.12,0.3,5,-0.0009675946395097032,-0.0006216127261396033,0.005234077589380676,0.0050780775893806765,0.00810999575813051,0.00776401384476041,0.0001559999999999999,1.1827301667493446,1.2153453388059021
2025-02-28,-0.0165839064160373,-0.0168959064160373,-0.01967361890815733,0.24,0.3,5,-0.02210800131521972,-0.021912502984661464,0.00308971249212003,0.0027777124921200304,0.00521209489918242,0.005016596568624163,0.0003119999999999998,1.1627468685365234,1.1914350977684294
2025-03-03,0.0023698422428280793,0.0020578422428280795,-0.000404853543350181,0.24,0.3,5,0.001236936478432748,0.0013514183287284367,0.0027746957861782603,0.0024626957861782605,0.0008209057643953316,0.0007064239140996428,0.0003119999999999998,1.165139618160314,1.190952741047426
2025-03-04,-0.001826101119475405,-0.002138101119475405,-0.0008365750079118994,0.24,0.3,5,0.003265186764702728,0.003103309747006167,-0.0009895261115635055,-0.0013015261115635057,-0.005403287884178133,-0.005241410866481572,0.0003120000000000002,1.1626484318383803,1.1899564197486616
2025-03-05,0.005797425441503787,0.005641425441503787,0.004465589188650476,0.12,0.3,5,0.004882251369013752,0.004961220889504966,0.0013318362528533106,0.0011758362528533108,0.0007591740724900353,0.000680204551998821,0.0001559999999999999,1.169207426281278,1.1952702762716565
2025-03-06,0.0093181379989388,0.0090061379989388,0.013751525725120839,0.24,0.3,5,0.012734598877347493,0.01246087593392815,-0.0044333877261820386,-0.004745387726182038,-0.0037284608784086924,-0.0034547379349893492,0.0003119999999999998,1.179737469711751,1.2117070662242784
2025-03-07,0.00022144277396159368,-9.055722603840653e-05,-0.0030894509881347343,0.24,0.3,5,-0.0038781741673791156,-0.003669082714445356,0.003310893762096328,0.0029988937620963278,0.003787616941340709,0.0035785254884069494,0.0003120000000000002,1.1796306359590403,1.207963556631202
2025-03-10,-0.002294087079147988,-0.002606087079147988,-0.003857110761489757,0.24,0.3,5,-0.0013892745043173102,-0.001361581775279421,0.0015630236823417692,0.001251023682341769,-0.001216812574830678,-0.0012445053038685672,0.0003120000000000002,1.1765564158005002,1.2033043073974323
2025-03-11,0.004429164415858939,0.004273164415858939,0.0032106226381793945,0.12,0.3,5,0.0038846971485026285,0.003928744551595721,0.001218541777679544,0.0010625417776795442,0.00038846726735631025,0.00034441986426321774,0.0001559999999999999,1.1815840348097493,1.2071676634473814
2025-03-12,-0.006020432935826899,-0.006020432935826899,-0.003598757674812214,0.0,0.3,5,-0.0029573663999097497,-0.0031046188318946183,-0.0024216752610146846,-0.0024216752610146846,-0.003063066535917149,-0.0029158141039322804,0.0,1.1744703873701334,1.202823359553765
2025-03-13,-0.0023883516988971393,-0.0027003516988971395,-0.003985555727998191,0.24,0.3,5,-0.00552577085881803,-0.0054281635882178535,0.001597204029101052,0.0012852040291010517,0.0028254191599208904,0.002727811889320714,0.0003120000000000002,1.171298904264294,1.1980294400233253
2025-03-14,0.018229083827122634,0.018073083827122634,0.02428108769263604,0.12,0.3,5,0.02036243349248699,0.02008587903903152,-0.006052003865513404,-0.006208003865513404,-0.002289349665364357,-0.002012795211908884,0.0001559999999999999,1.1924678875476795,1.2271188979148913
2025-03-17,-0.0019641236346312338,-0.002276123634631234,-0.00243827823527365,0.24,0.3,5,-0.0007837568678443743,-0.0007303128218304111,0.0004741546006424161,0.00016215460064241587,-0.0014923667667868597,-0.0015458108128008229,0.0003120000000000002,1.1897536832052935,1.2241268406140124
2025-03-18,0.00481118336239263,0.00449918336239263,0.0027360222995087558,0.24,0.3,5,0.002814856621470911,0.0028620557930517697,0.002075161062883874,0.0017631610628838744,0.0016843267409217193,0.0016371275693408604,0.0003119999999999998,1.195106603182116,1.2274760789473596
2025-03-19,0.002771765261169967,0.002303765261169967,0.0006100970703337705,0.36000000000000004,0.3,5,-0.005278702040765132,-0.0050408949410716665,0.0021616681908361965,0.0016936681908361964,0.007582467301935099,0.007344660202241633,0.0004680000000000001,1.1978598482579217,1.2282249585070302
2025-03-20,-0.0030615294870344773,-0.0033735294870344775,-0.008771752205892658,0.24,0.3,5,-0.006235121442155746,-0.0060541327786720655,0.0057102227188581805,0.005398222718858181,0.0028615919551212682,0.002680603291637588,0.0003120000000000002,1.1938188327384889,1.2174512735179137
2025-03-21,-0.016209727303039496,-0.016209727303039496,-0.015168886637703216,0.0,0.3,5,-0.01329383791098772,-0.013383766678171682,-0.0010408406653362803,-0.0010408406653362803,-0.002915889392051776,-0.0028259606248678144,0.0,1.174467355010565,1.198983893162993
2025-03-24,0.0055529775024784865,0.005396977502478487,0.005148037563891261,0.12,0.3,5,0.0036435689715596242,0.0037367934480853193,0.0004049399385872253,0.0002489399385872254,0.0017534085309188624,0.0016601840543931674,0.0001559999999999999,1.1808059289029524,1.2051563072834968
2025-03-25,0.0017868812631729285,0.0014748812631729283,-0.0006489449174740258,0.24,0.3,5,-0.0019524161123508727,-0.0018199243096189677,0.0024358261806469543,0.002123826180646954,0.003427297375523801,0.003294805572791896,0.0003120000000000002,1.1825474774429348,1.2043742272231235
2025-03-26,-0.00579015025904581,-0.00610215025904581,-0.00329031765698351,0.24,0.3,5,-0.0015891791083401257,-0.0017499463228068262,-0.0024998326020622998,-0.0028118326020622995,-0.004512971150705684,-0.004352203936238984,0.0003119999999999998,1.1753313950471225,1.2004114534376753
2025-03-27,0.0003114207011791371,-5.792988208631368e-07,0.003330929367335367,0.24,0.3,5,0.0013923204923763106,0.0013628689255765743,-0.0030195086661562297,-0.00333150866615623,-0.0013928997911971737,-0.0013634482243974374,0.0003120000000000002,1.1753307141790312,1.2044099392008165
2025-03-28,-0.0016590101021476107,-0.002127010102147611,-0.004385476729204085,0.36000000000000004,0.3,5,-0.005288511012657304,-0.005161572671224411,0.0027264666270564748,0.0022584666270564742,0.003161500910509693,0.0030345625690767998,0.0004680000000000003,1.172830773876608,1.1991280274400293
2025-03-31,-0.0035794975522933517,-0.0038914975522933515,-0.007116070832446364,0.24,0.3,5,-0.008042417920636933,-0.00783526702751603,0.0035365732801530122,0.0032245732801530124,0.004150920368343581,0.003943769475222678,0.0003119999999999998,1.1682667057908127,1.1905949474595945
2025-04-01,-0.0035870041673244303,-0.00389900416732443,9.736821308825583e-05,0.24,0.3,5,0.0039028653963108957,0.003591217507039382,-0.003684372380412686,-0.0039963723804126855,-0.007801869563635325,-0.007490221674363812,0.0003119999999999998,1.1637116290363878,1.1907108735621406
2025-04-02,-0.0008445053877838313,-0.0011565053877838315,-0.0008483971215664798,0.24,0.3,5,-0.0005345038949252755,-0.0005269545080161527,3.891733782648583e-06,-0.00030810826621735163,-0.000622001492858556,-0.0006295508797676787,0.0003120000000000002,1.1623657902675806,1.1897006778843926
2025-04-03,-0.0019578307375861235,-0.0022698307375861237,-0.005890866967951491,0.24,0.3,5,-0.0076536816261178085,-0.007418240516750536,0.003933036230365368,0.0036210362303653676,0.005383850888531685,0.005148409779164412,0.0003120000000000002,1.1597274166685125,1.1826923094592938
2025-04-07,-0.0637909327410595,-0.0639469327410595,-0.07045514967046262,0.12,0.3,5,-0.07938092866231115,-0.07882212838742948,0.0066642169294031245,0.006508216929403121,0.01543399592125165,0.01487519564636998,0.00015600000000000336,1.0855664055568484,1.0993655457822342
2025-04-08,0.021070602800153274,0.020602602800153275,0.017082996163803488,0.36000000000000004,0.3,5,0.012546697777198378,0.01279224096393589,0.0039876066363497865,0.003519606636349787,0.008055905022954897,0.007810361836217385,0.00046799999999999967,1.1079318990237264,1.1181460031834498
2025-04-09,0.007828549127565147,0.007516549127565147,0.009870632380828193,0.24,0.3,5,0.016822679044178362,0.016620389984468496,-0.002042083253263046,-0.002354083253263046,-0.009306129916613216,-0.009103840856903349,0.0003119999999999998,1.1162597235727347,1.129182811328966
2025-04-10,0.009265416780706432,0.009109416780706432,0.013106454027012049,0.12,0.3,5,0.017612134672671486,0.017281719077886254,-0.003841037246305617,-0.003997037246305617,-0.008502717891965054,-0.008172302297179822,0.0001559999999999999,1.1264281986302749,1.1439823939337412
2025-04-11,-0.002243472127395499,-0.002399472127395499,0.00412346061303448,0.12,0.3,5,0.004069746649249593,0.0037750628270909886,-0.006366932740429978,-0.006522932740429978,-0.0064692187766450925,-0.006174534954486487,0.0001559999999999999,1.1237253655641493,1.148699560277132
2025-04-14,0.005785146511662606,0.005473146511662606,0.0022998164492906703,0.24,0.3,5,0.004393956861642327,0.004553086435845787,0.0034853300623719358,0.003173330062371936,0.0010791896500202793,0.0009200600758168193,0.0003119999999999998,1.1298756791287534,1.1513413584211503
2025-04-15,0.0022450651854123505,0.0021826651854123507,0.0005566695508354425,0.048,0.12,5,-0.0027417852213680633,-0.002413475694160589,0.001688395634576908,0.0016259956345769083,0.0049244504067804135,0.004596140879572939,6.239999999999978e-05,1.132341819437432,1.1519822750980009
2025-04-16,0.0058664899921128935,0.005710489992112894,0.003080265023603479,0.12,0.3,5,0.0010689217184916592,0.001281543105158732,0.0027862249685094145,0.0026302249685094146,0.004641568273621235,0.004428946886954162,0.0001559999999999999,1.1388080460649803,1.1555306858077965
2025-04-17,-0.0013384161072057664,-0.0014944161072057665,-0.00015858162768633832,0.12,0.3,5,-0.0009524157368670681,-0.0010158012277372015,-0.0011798344795194281,-0.0013358344795194282,-0.0005420003703386985,-0.00047861487946856507,0.0001560000000000001,1.1371061929779251,1.1553474398707997
2025-04-18,0.0014340159310771395,0.0011220159310771395,7.976730744463367e-05,0.24,0.3,5,0.0008853022765459178,0.0009335275541791548,0.0013542486236325058,0.0010422486236325058,0.0002367136545312217,0.00018848837689798472,0.000312,1.138382044241773,1.1554395988252413
2025-04-21,-0.0007687426917217959,-0.0009247426917217958,0.003275685794360994,0.12,0.3,5,0.007625164000565916,0.007315090110985663,-0.0040444284860827896,-0.0042004284860827894,-0.008549906692287711,-0.008239832802707459,0.0001559999999999999,1.137329333765973,1.1592244559053553
2025-04-22,0.001677391708470939,0.001521391708470939,-0.00024529175372134393,0.12,0.3,5,-0.002714357178271706,-0.0025414973626581862,0.0019226834621922828,0.001766683462192283,0.004235748886742646,0.004062889071129125,0.0001559999999999999,1.1390596571841651,1.1589401077056096
2025-04-23,-0.003359684979217175,-0.003515684979217174,0.0007743755325448909,0.12,0.3,5,0.0016693593178723556,0.001436037811327468,-0.004134060511762066,-0.004290060511762065,-0.00518504429708953,-0.004951722790544642,0.00015599999999999902,1.1350550822569705,1.1598375625687019
2025-04-24,0.004713729345424537,0.004401729345424537,-0.0006667753928667475,0.24,0.3,5,-0.004119950549956527,-0.003766744702836197,0.005380504738291284,0.005068504738291285,0.008521679895381065,0.008168474048260734,0.0003119999999999998,1.1400512875212143,1.1590642114222585
2025-04-25,-0.00026613550659635907,-0.00042213550659635907,0.0006966308203342209,0.12,0.3,5,0.003415336386086134,0.003292075418632779,-0.0009627663269305799,-0.00111876632693058,-0.0038374718926824933,-0.003714210925229138,0.000156,1.1395700313934107,1.1598716512746816
2025-04-28,0.000430110697972841,0.00027411069797284113,-0.001419305239403923,0.12,0.3,5,-0.0030678786784505982,-0.00294492654077839,0.001849415937376764,0.001693415937376764,0.0033419893764234394,0.003219037238751231,0.0001559999999999999,1.139882399730105,1.1582254393629914
2025-04-29,-0.00035860330959056844,-0.0005146033095905685,-0.0017299734177331771,0.12,0.3,5,-0.00190573554760623,-0.0018432328002479384,0.0013713701081426088,0.0012153701081426085,0.0013911322380156617,0.0013286294906573698,0.0001560000000000001,1.13929581247466,1.156221740141151
2025-04-30,-0.0067423222852429545,-0.006898322285242954,-0.0011936711113711418,0.12,0.3,5,0.001977153376396501,0.0017893871590231069,-0.005548651173871813,-0.005704651173871813,-0.008875475661639456,-0.008687709444266061,0.0001559999999999999,1.131436582781982,1.1548415916516053
2025-05-06,0.008195676793178232,0.008195676793178232,0.01007059806997379,0.0,0.3,5,0.015474600847275657,0.015278248725217304,-0.0018749212767955586,-0.0018749212767955586,-0.007278924054097425,-0.007082571932039072,0.0,1.1407094713264412,1.1664715371556174
2025-05-07,0.0076741163108571195,0.00736211631085712,0.006061269004120851,0.24,0.3,5,0.004359847782378479,0.004509603016190675,0.001612847306736269,0.0013008473067362691,0.003002268528478641,0.002852513294666445,0.0003119999999999998,1.1491075071312427,1.1735418349279678
2025-05-08,0.00575623931071783,0.00575623931071783,0.005550983955379785,0.0,0.3,5,0.004943683345826703,0.004965598131262377,0.00020525535533804512,0.00020525535533804512,0.0008125559648911266,0.000790641179455453,0.0,1.1557220449360324,1.18005614682462
2025-05-09,0.002060484835992229,0.0019044848359922291,-0.0017492554886566758,0.12,0.3,5,-0.00605907573519216,-0.005769780308160951,0.003809740324648905,0.003653740324648905,0.00796356057118439,0.00767426514415318,0.0001559999999999999,1.1579231000452348,1.177991927132864
2025-05-12,0.008320436582187654,0.008008436582187655,0.011557771724635346,0.24,0.3,5,0.014161630661487765,0.013946786008941722,-0.0032373351424476917,-0.0035493351424476915,-0.006153194079300111,-0.005938349426754067,0.0003119999999999998,1.1671962537589973,1.191606888920129
2025-05-13,0.002812855312678755,0.002656855312678755,0.0014518804456762346,0.12,0.3,5,0.00039625754766800764,0.0005058990103623428,0.0013609748670025202,0.0012049748670025203,0.002260597765010747,0.0021509563023164122,0.0001559999999999999,1.1702973253267355,1.1933369596610852
2025-05-14,0.00934074357835157,0.00918474357835157,0.012050664094831687,0.12,0.3,5,0.009589764334610026,0.00946325941412749,-0.0027099205164801167,-0.0028659205164801166,-0.0004050207562584559,-0.00027851583577591897,0.0001559999999999999,1.1810462061702922,1.2077174625139087
2025-05-15,-0.0072853410836584715,-0.007753341083658471,-0.009132557660878726,0.36000000000000004,0.3,5,-0.012271910363461978,-0.012129000100634222,0.0018472165772202547,0.001379216577220255,0.004518569279803507,0.004375659016975751,0.00046799999999999967,1.1718891520982933,1.1966879131494503
2025-05-16,-0.007077544493942387,-0.007545544493942387,-0.004636006272728532,0.36000000000000004,0.3,5,-0.002461866001930121,-0.00261728774991033,-0.0024415382212138546,-0.002909538221213855,-0.005083678492012266,-0.004928256744032057,0.00046800000000000053,1.1630466103591672,1.191140060477591
2025-05-19,-0.0021994941080489116,-0.0023554941080489115,-0.003070156289188164,0.12,0.3,5,-0.001633832049583254,-0.001619387340269965,0.0008706621811392524,0.0007146621811392525,-0.0007216620584656575,-0.0007361067677789466,0.0001559999999999999,1.16030706092108,1.1874830743296119
2025-05-20,0.00799569538334291,0.00768369538334291,0.005422855831583195,0.24,0.3,5,0.004053817074607926,0.004242866760933109,0.0025728395517597147,0.002260839551759715,0.003629878308734984,0.0034408286224098016,0.0003119999999999998,1.1692225069283395,1.1939226238441465
2025-05-21,0.003742083774114475,0.003430083774114475,0.004671473451456354,0.24,0.3,5,0.0033140182200811523,0.0033104898814678616,-0.0009293896773418788,-0.0012413896773418786,0.00011606555403332296,0.00011959389264661361,0.0003119999999999998,1.173233038077684,1.1995000016845276
2025-05-22,-0.0003310580690002675,-0.0007990580690002676,-0.0006423277491894863,0.36000000000000004,0.3,5,-0.0028900213266536477,-0.002863415744330087,0.00031126968018921884,-0.00015673031981078126,0.00209096325765338,0.002064357675329819,0.0004680000000000001,1.1722955567517903,1.198729529548293
2025-05-23,-0.008766777840232236,-0.009390777840232236,-0.008071560769940644,0.48,0.3,5,-0.0089894766109881,-0.009017337537626059,-0.0006952170702915917,-0.0013192170702915913,-0.00040130122924413557,-0.00037344030260617715,0.0006239999999999996,1.1612867896152428,1.1890539113038214
2025-05-26,-0.008325455174573303,-0.008637455174573302,-0.005709900802728041,0.24,0.3,5,7.267350520806839e-05,-0.00021122008506406498,-0.002615554371845262,-0.002927554371845262,-0.008710128679781371,-0.008426235089509237,0.0003119999999999998,1.151256227025117,1.1822645314211808
2025-05-27,-0.007655936675402213,-0.007967936675402212,-0.0053650848563330245,0.24,0.3,5,-0.005603295948824625,-0.005679407844638612,-0.0022908518190691883,-0.0026028518190691873,-0.0023646407265775866,-0.0022885288307636,0.0003119999999999989,1.1420830903110184,1.1759215818874733
2025-05-28,-0.0024085656468448226,-0.003032565646844822,-0.0008231240693037378,0.48,0.3,5,-0.00043238903138186465,-0.0004890979549868901,-0.0015854415775410848,-0.0022094415775410843,-0.0026001766154629576,-0.002543467691857932,0.0006239999999999996,1.138619648365499,1.174953652529808
2025-05-29,0.0028394694531886163,0.0022154694531886163,0.005855530391425834,0.48,0.3,5,0.010886827095954324,0.010608041735589385,-0.0030160609382372176,-0.0036400609382372176,-0.008671357642765708,-0.008392572282400769,0.000624,1.141142225415253,1.1818336293507132
2025-05-30,-0.002813659617401454,-0.002969659617401454,-0.004785938517424926,0.12,0.3,5,-0.005196371074181257,-0.005051577308506496,0.001972278900023472,0.0018162789000234717,0.0022267114567798025,0.002081917691105042,0.00015600000000000032,1.1377534214307257,1.1761774462628156
2025-06-03,0.0034844596378770572,0.0031724596378770575,0.0030676269245482057,0.24,0.3,5,0.002781705971170972,0.0027534352170176736,0.0004168327133288515,0.00010483271332885173,0.0003907536667060855,0.00041902442085938385,0.0003119999999999998,1.1413628982380712,1.1797855198650178
2025-06-04,0.0017475119200634243,0.0014355119200634243,0.004343235940006185,0.24,0.3,5,0.006832902619821302,0.0066494261025235426,-0.0025957240199427608,-0.0029077240199427605,-0.005397390699757878,-0.005213914182460118,0.000312,1.1430013382836102,1.1849096067363944
2025-06-05,-0.00023577266014142046,-0.0005477726601414202,0.002277949253231437,0.24,0.3,5,0.006244055128587366,0.006052601498696749,-0.0025137219133728574,-0.002825721913372857,-0.006791827788728786,-0.006600374158838169,0.0003119999999999998,1.1423752333999935,1.1876087706902063
2025-06-06,0.0006587625435616286,0.00034676254356162857,-0.0009210957304880418,0.24,0.3,5,0.0007630922095142912,0.0007893369185418065,0.0015798582740496705,0.0012678582740496703,-0.0004163296659526626,-0.0004425743749801779,0.000312,1.142771366341629,1.1865148693220333
2025-06-09,0.0018048662160144043,0.0014928662160144043,0.0029070330980449643,0.24,0.3,5,0.00657090500247827,0.006465703914158854,-0.00110216688203056,-0.00141416688203056,-0.005078038786463866,-0.00497283769814445,0.000312,1.144477371107069,1.189964107318475
2025-06-10,-0.0009839981520803716,-0.0009839981520803716,-0.005091235023245155,0.0,0.3,5,-0.008158042271460516,-0.007874722859806036,0.004107236871164784,0.004107236871164784,0.007174044119380145,0.0068907247077256645,0.0,1.143351207488802,1.1839057203788905
2025-06-11,0.005726385948464101,0.005414385948464101,0.007543723327272378,0.24,0.3,5,0.007288003486866156,0.007185842179782325,-0.0018173373788082769,-0.0021293373788082767,-0.0018736175384020549,-0.0017714562313182235,0.0003119999999999998,1.1495417522007887,1.1928367775790039
2025-06-12,0.0026855297983783303,0.0023735297983783306,-0.0006229097475155543,0.24,0.3,5,0.0008364089979049497,0.000998215940223485,0.0033084395458938846,0.002996439545893885,0.0015371208004733808,0.0013753138581548455,0.0003119999999999998,1.1522702238041171,1.192093747923055
2025-06-13,-0.004525338415066488,-0.004681338415066488,-0.007198244118646335,0.12,0.3,5,-0.005271938887778659,-0.005181067508560517,0.002672905703579847,0.002516905703579847,0.0005906004727121708,0.0004997290934940285,0.0001559999999999999,1.1468760569408858,1.1835127661131928
2025-06-16,0.003647845602069313,0.0031798456020693125,0.002487693256285839,0.36000000000000004,0.3,5,0.003662470051246741,0.003746641487626443,0.0011601523457834741,0.0006921523457834736,-0.0004826244491774284,-0.0005667958855571304,0.00046800000000000053,1.150522945726668,1.1864569828401808
2025-06-17,-0.0009929605498589945,-0.0013049605498589947,-0.0008819516551094031,0.24,0.3,5,-8.232048876756961e-05,-9.24817300861276e-05,-0.00011100889474959137,-0.0004230088947495916,-0.001222640061091425,-0.0012124788197728671,0.0003120000000000002,1.149021558670787,1.1854105851404488
2025-06-18,0.002352941561279347,0.002040941561279347,0.0011864989125354164,0.24,0.3,5,0.0034289384325830127,0.00347376407741334,0.0011664426487439307,0.0008544426487439305,-0.0013879968713036658,-0.001432822516133993,0.0003120000000000002,1.1513666445246844,1.186817073510626
2025-06-19,-0.007525007017448679,-0.007837007017448678,-0.008227055543231554,0.24,0.3,5,-0.010074963459733624,-0.009988608853183055,0.000702048525782875,0.00039004852578287605,0.002237956442284946,0.002151601835734377,0.0003119999999999989,1.142343376051888,1.1770530635271985
2025-06-20,0.0030471244434894457,0.002735124443489446,0.0009245422018608895,0.24,0.3,5,-0.0015957781522943216,-0.0014180637501436273,0.002122582241628556,0.0018105822416285564,0.004330902595783767,0.0041531881936330735,0.0003119999999999998,1.1454678273425858,1.1781412987582591
2025-06-23,0.005729980107511107,0.005261980107511107,0.002926524815408671,0.36000000000000004,0.3,5,0.003784712250117046,0.003910285355287187,0.002803455292102436,0.002335455292102436,0.0014772678573940611,0.00135169475222392,0.00046799999999999967,1.1514952562638565,1.181589158505133
2025-06-24,0.010348785301877654,0.010036785301877654,0.011957951441788905,0.24,0.3,5,0.012164174258594987,0.012073582544911976,-0.0016091661399112514,-0.0019211661399112512,-0.002127388956717333,-0.0020367972430343217,0.0003119999999999998,1.1630525669271075,1.1957185442866816
2025-06-25,0.01232236891202173,0.01216636891202173,0.014352333286424601,0.12,0.3,5,0.01483295356994272,0.01470795546396887,-0.002029964374402872,-0.002185964374402872,-0.00266658465792099,-0.002541586551947141,0.0001559999999999999,1.1772026935204165,1.2128798953510425
2025-06-26,-0.0007369243736650751,-0.000892924373665075,-0.00354708716738128,0.12,0.3,5,-0.0025873140398929755,-0.00243273629968796,0.0028101627937162045,0.0026541627937162046,0.0016943896662279005,0.0015398119260228848,0.0001559999999999999,1.176151540542628,1.208577704638668
2025-06-27,-0.01003676676501624,-0.01019276676501624,-0.006148398405025679,0.12,0.3,5,0.0005310358742309227,0.00020173356700391547,-0.0038883683599905614,-0.004044368359990561,-0.010723802639247163,-0.010394500332020155,0.0001559999999999999,1.1641633022095623,1.201146887407118
2025-06-30,0.000514496339520065,4.649633952006488e-05,0.003651755342974017,0.36000000000000004,0.3,5,0.007233057520162649,0.007113047876883141,-0.003137259003453952,-0.003605259003453952,-0.007186561180642584,-0.007066551537363076,0.0004680000000000001,1.1642174315417186,1.2055331819709036
2025-07-01,0.0056906666788903,0.0055346666788903005,0.0016978571391006447,0.12,0.3,5,0.0004935889265038246,0.0007289802672986101,0.003992809539789656,0.0038368095397896557,0.005041077752386476,0.00480568641159169,0.0001559999999999999,1.1706609869670557,1.2075800050903356
2025-07-02,-0.0025081166727194044,-0.002820116672719404,0.00023407448889889437,0.24,0.3,5,-0.0008294192081625769,-0.0009590137922888475,-0.0027421911616182988,-0.0030541911616182985,-0.0019906974645568275,-0.0018611028804305567,0.0003119999999999998,1.1673595863996078,1.2078626687628315
2025-07-03,0.0032260147360363553,0.0029140147360363555,0.006182720125535335,0.24,0.3,5,0.006279024022144064,0.006091271366924789,-0.0029567053894989795,-0.0032687053894989793,-0.0033650092861077082,-0.0031772566308884333,0.0003119999999999998,1.1707612894366295,1.2153305455938743
2025-07-04,0.006517331508444259,0.00620533150844426,0.003562388906882541,0.24,0.3,5,0.0010562840803726675,0.00122838981896526,0.0029549426015617183,0.0026429426015617194,0.005149047428071592,0.004976941689479,0.0003119999999999989,1.1780262513548374,1.2196600256476935
2025-07-07,-0.0004514170817092396,-0.0007634170817092394,-0.004276225568990322,0.24,0.3,5,-0.0032413672687262064,-0.0030151536179695623,0.003824808487281082,0.0035128084872810823,0.002477950187016967,0.002251736536260323,0.0003119999999999998,1.1771269259918513,1.2144444842605435
2025-07-08,0.006798825804794732,0.0064868258047947325,0.008392593859549047,0.24,0.3,5,0.012234395045738217,0.01207815928016299,-0.0015937680547543145,-0.0019057680547543143,-0.005747569240943485,-0.005591333475368257,0.0003119999999999998,1.184762743310894,1.2246368235819118
2025-07-09,-0.0005380281710449951,-0.0008500281710449951,-0.001763707246055457,0.24,0.3,5,-0.003604162901600922,-0.0035117101005781937,0.001225679075010462,0.000913679075010462,0.002754134730555927,0.0026616819295331986,0.000312,1.1837556616030753,1.2224769227423742
2025-07-10,0.005616233149391182,0.005148233149391181,0.004665956105733837,0.36000000000000004,0.3,5,0.003413392052745302,0.003504997625741503,0.0009502770436573445,0.00048227704365734394,0.0017348410966458792,0.0016432355236496781,0.00046800000000000053,1.1898499117409198,1.2281809464041626
2025-07-11,-0.0044768435156701146,-0.004944843515670114,0.0011926860393338679,0.36000000000000004,0.3,5,0.0031221972269452358,0.002754866403703306,-0.005669529555003982,-0.006137529555003982,-0.00806704074261535,-0.00769970991937342,0.00046799999999999967,1.183966290120227,1.2296457806727148
2025-07-14,0.0018304647458286727,0.0013624647458286726,0.0007125622726074088,0.36000000000000004,0.3,5,0.00206239481502432,0.002114303774427864,0.0011179024732212639,0.0006499024732212638,-0.0006999300691956476,-0.0007518390285991914,0.0004680000000000001,1.1855794024507653,1.2305219798646931
2025-07-15,-0.0017555197790417565,-0.0020675197790417568,0.00034761460367627173,0.24,0.3,5,0.0023806548277911883,0.0022214146272577285,-0.0021031343827180283,-0.0024151343827180285,-0.004448174606832945,-0.004288934406299485,0.0003120000000000002,1.1831281935865738,1.2309497272750387
2025-07-16,-0.004305445008244391,-0.004773445008244391,-0.0029515575814113015,0.36000000000000004,0.3,5,-0.0018610922679385545,-0.001974932589135752,-0.0013538874268330895,-0.0018218874268330892,-0.002912352740305836,-0.002798512419108639,0.00046799999999999967,1.177480596216785,1.2273165082751638
2025-07-17,0.005693707002410766,0.005225707002410766,0.00681001374051049,0.36000000000000004,0.3,5,0.009449597289792513,0.009323715295174197,-0.0011163067380997238,-0.0015843067380997243,-0.004223890287381748,-0.004098008292763432,0.00046800000000000053,1.183633764813638,1.235674550560473
2025-07-18,0.0046233320385906124,0.004311332038590613,0.005962982691001262,0.24,0.3,5,0.005763236151821221,0.005685397540509142,-0.0013396506524106493,-0.0016516506524106491,-0.0014519041132306084,-0.0013740655019185291,0.0003119999999999998,1.1887368029858365,1.2430428565171758
2025-07-21,0.005769879116456426,0.0056138791164564265,0.006667063195941569,0.12,0.3,5,0.010494152372533599,0.010383060973460869,-0.000897184079485143,-0.0010531840794851428,-0.0048802732560771726,-0.004769181857004442,0.0001559999999999999,1.195410227699082,1.2513303017968396
2025-07-22,0.010933182744668497,0.010465182744668497,0.008163046119558537,0.36000000000000004,0.3,5,0.010372129588971034,0.010567768225796996,0.0027701366251099598,0.00230213662510996,9.30531556974628e-05,-0.00010258548112849868,0.00046799999999999967,1.2079204141867985,1.2615449687612084
2025-07-23,0.0012709958179906943,0.0008029958179906943,0.00019672450184127221,0.36000000000000004,0.3,5,-0.001959058584067588,-0.0018394116454333498,0.001074271316149422,0.0006062713161494221,0.0027620544020582824,0.002642407463424044,0.000468,1.208890369227856,1.2617931455667384
2025-07-24,0.007335352451762653,0.007179352451762653,0.0071043554995868785,0.12,0.3,5,0.01161572823903341,0.011549591454608581,0.00023099695217577466,7.499695217577478e-05,-0.004436375787270757,-0.004370239002845928,0.0001559999999999999,1.2175694192640845,1.2707573726397865
2025-07-25,-0.007014849784701151,-0.007170849784701151,-0.005271922389312067,0.12,0.3,5,-0.003552805764863595,-0.0036568454013273244,-0.0017429273953890843,-0.0018989273953890842,-0.0036180440198375565,-0.003514004383373827,0.0001559999999999999,1.208838411856096,1.2640580383955835
2025-07-28,0.0017824687326649879,0.001626468732664988,0.0020984873048641717,0.12,0.3,5,0.0017343265204485274,0.001735539074342482,-0.0003160185721991838,-0.0004720185721991837,-0.0001078577877835394,-0.00010907034167749398,0.0001559999999999999,1.2108045497358244,1.266710648141768
2025-07-29,0.004363863080739165,0.0040518630807391655,0.003917115239085778,0.24,0.3,5,0.005362007140032813,0.005390179540692921,0.00044674784165338755,0.00013474784165338777,-0.0013101440592936473,-0.0013383164599537556,0.0003119999999999998,1.2157105639888899,1.2716724997251163
2025-07-30,-0.0010600867865073324,-0.0013720867865073326,-0.00018949790929712051,0.24,0.3,5,-0.0007388190061679885,-0.0006870586515661452,-0.0008705888772102119,-0.001182588877210212,-0.0006332677803393441,-0.0006850281349411874,0.0003120000000000002,1.2140425035878233,1.2714315204451077
2025-07-31,-0.021057627909154993,-0.021213627909154993,-0.018222684852631565,0.12,0.3,5,-0.01737003704151504,-0.017539419562318387,-0.002834943056523428,-0.0029909430565234277,-0.003843590867639954,-0.0036742083468366063,0.0001559999999999999,1.1882882576508123,1.2482626245363342
2025-08-01,-0.003789829329427727,-0.003945829329427727,-0.0050698411558057765,0.12,0.3,5,-0.0038875201045615922,-0.00386044727510678,0.0012800118263780495,0.0011240118263780496,-5.8309224866134705e-05,-8.538205432094678e-05,0.0001559999999999999,1.183599474991959,1.2419341313092058
2025-08-04,0.0017912494336013406,0.0014792494336013404,0.0038900068425371526,0.24,0.3,5,0.004066513388223035,0.003967800160064474,-0.002098757408935812,-0.002410757408935812,-0.002587263954621695,-0.002488550726463134,0.0003120000000000002,1.1853503138449517,1.2467652635779791
2025-08-05,0.008929174787073973,0.008617174787073974,0.008044729775498416,0.24,0.3,5,0.0073543756443049365,0.007442802066852372,0.0008844450115755575,0.0005724450115755578,0.0012627991427690373,0.0011743727202216019,0.0003119999999999998,1.1955646846832666,1.2567951532169421
2025-08-06,0.0016134634801299196,0.0013014634801299196,0.0024455519136337145,0.24,0.3,5,0.004999593296932022,0.00490645900753557,-0.0008320884335037949,-0.0011440884335037948,-0.003698129816802102,-0.003604995527405651,0.000312,1.1971206684585147,1.2598687110089375
2025-08-07,0.0026533915309890858,0.002341391530989086,0.00028705585229782393,0.24,0.3,5,0.00023815498720758426,0.0003428856112031545,0.002366335678691262,0.002054335678691262,0.0021032365437815017,0.0019985059197859317,0.0003119999999999998,1.1999235966532156,1.2602303636955596
2025-08-08,0.00027619681386247506,0.00012019681386247517,-0.0023572022613742583,0.12,0.3,5,-0.0009162098810465031,-0.0008094049990388048,0.0026333990752367333,0.0024773990752367334,0.0010364066949089781,0.00092960181290128,0.0001559999999999999,1.2000678236464117,1.257259745832404
2025-08-11,-0.00021585448345330877,-0.0005278544834533085,0.004273773803145531,0.24,0.3,5,0.007167162640549041,0.006836330245832052,-0.004489628286598839,-0.004801628286598839,-0.00769501712400235,-0.007364184729285361,0.0003119999999999998,1.199434362465252,1.2626329895978918
2025-08-12,0.006009066391729245,0.005697066391729245,0.005170295984199713,0.24,0.3,5,0.004334510445789621,0.004367963740070041,0.0008387704075295318,0.000526770407529532,0.001362555945939624,0.0013291026516592044,0.0003119999999999998,1.206267619660738,1.269161175873528
2025-08-13,0.004835135798306204,0.004679135798306204,0.00790390482687342,0.12,0.3,5,0.00769061602471489,0.007485030208237335,-0.003068769028567216,-0.003224769028567216,-0.0030114802264086856,-0.0028058944099311305,0.0001559999999999999,1.2119119096622302,1.279192505017595
2025-08-14,-0.0022389984490120154,-0.002550998449012015,-0.0007816208179632911,0.24,0.3,5,-0.006183175371139692,-0.006176822809092076,-0.0014573776310487243,-0.001769377631048724,0.0036321769221276767,0.0036258243600800605,0.0003119999999999998,1.2088203242603426,1.2781926615254906
2025-08-15,0.00952727158693209,0.00937127158693209,0.006958548113727536,0.12,0.3,5,0.011785323576177963,0.011850395515105945,0.002568723473204554,0.002412723473204554,-0.002414051989245873,-0.0024791239281738552,0.0001559999999999999,1.2201485078187895,1.2870870266593293
2025-08-18,0.005837795711474021,0.005681795711474021,0.008818677858427604,0.12,0.3,5,0.011946876781299244,0.011784000061087633,-0.002980882146953583,-0.0031368821469535827,-0.006265081069825223,-0.0061022043496136115,0.0001559999999999999,1.2270811423778758,1.2984374325231993
2025-08-19,-0.006435911083866279,-0.006591911083866279,-0.003783165709871472,0.12,0.3,5,-0.0014312507929369993,-0.0016148536928872596,-0.002652745373994807,-0.002808745373994807,-0.00516066029092928,-0.00497705739097902,0.0001559999999999999,1.218992332594632,1.293525228552064
2025-08-20,0.010062790715624083,0.009750790715624083,0.011370458515621573,0.24,0.3,5,0.013779429606569107,0.013668054524510783,-0.0013076677999974903,-0.0016196677999974901,-0.004028638890945024,-0.0039172638088867,0.0003119999999999998,1.2308784717137125,1.308233203502225
2025-08-21,0.0009084997642743774,0.0007524997642743775,0.0039038526937729134,0.12,0.3,5,0.002613848772677122,0.0024596528023375103,-0.002995352929498536,-0.003151352929498536,-0.0018613490084027446,-0.0017071530380631328,0.0001559999999999999,1.2318047074735272,1.3133403532178003
2025-08-22,0.023136646274409155,0.022512646274409156,0.020971435942042538,0.48,0.3,5,0.02077260181142867,0.020852289937112613,0.0021652103323666176,0.001541210332366618,0.001740044462980487,0.0016603563372965431,0.0006239999999999996,1.259535891132031,1.3408829863054068
2025-08-25,0.019544558251396334,0.019357358251396336,0.02083692277864846,0.14400000000000002,0.12,5,0.02159665052440513,0.021320544591581378,-0.0012923645272521246,-0.001479564527252123,-0.002239292273008793,-0.001963186340185042,0.00018719999999999848,1.2839171786071655,1.368822861546256
2025-08-26,-0.0031303948003893224,-0.0032551948003893224,-0.0037212743328440823,0.096,0.12,5,-0.0001061252875557804,-9.688299425218292e-05,0.0005908795324547599,0.00046607953245475986,-0.003149069512833542,-0.0031583118061371397,0.0001248,1.2797377780832329,1.3637290961653739
2025-08-27,-0.014660927974928387,-0.014785727974928387,-0.014927018327870134,0.096,0.12,5,-0.015538418884739547,-0.01547239148201436,0.0002660903529417471,0.00014129035294174752,0.0007526909098111607,0.0006866635070859727,0.00012479999999999956,1.260815923417255,1.3433726869526637
2025-08-28,0.015632109308219788,0.015320109308219787,0.017704778516881126,0.24,0.3,5,0.018112865353968596,0.01797503786476285,-0.0020726692086613374,-0.002384669208661339,-0.0027927560457488097,-0.002654928556543064,0.0003120000000000015,1.2801317611815513,1.367156802840788
2025-08-29,0.00543992625744807,0.00525272625744807,0.00738770396941435,0.14400000000000002,0.12,5,0.006200714340617802,0.00618202168878997,-0.0019477777119662797,-0.00213497771196628,-0.0009479880831697318,-0.0009292954313418998,0.0001872000000000002,1.2868559428965027,1.3772569525799467
2025-09-01,0.012378840525443299,0.0119108405254433,0.005993649960034597,0.36000000000000004,0.3,5,0.007205797122107964,0.007429491203551185,0.006385190565408701,0.0059171905654087035,0.004705043403335336,0.004481349321892115,0.00046799999999999793,1.302183478811562,1.385511748658735
2025-09-02,-0.008075763068312694,-0.008543763068312693,-0.00735199469302994,0.36000000000000004,0.3,5,-0.01185497635365579,-0.01189963669946588,-0.0007237683752827542,-0.0011917683752827538,0.0033112132853430967,0.003355873631153186,0.00046799999999999967,1.291057931697125,1.3753254736354652
2025-09-03,-0.004751324748909924,-0.005219324748909924,-0.006819624069982377,0.36000000000000004,0.3,5,-0.010354212664256122,-0.010005664980325336,0.0020682993210724534,0.0016002993210724537,0.0051348879153461984,0.004786340231415412,0.00046799999999999967,1.2843194810819416,1.365946270931401
2025-09-04,-0.018585845454444826,-0.018741845454444826,-0.021216303869546982,0.12,0.3,5,-0.019939029775686637,-0.019823193086257625,0.0026304584151021562,0.0024744584151021563,0.0011971843212418114,0.0010813476318127999,0.0001559999999999999,1.2602489638533712,1.3369659397778457
2025-09-05,0.022155445441780622,0.021999445441780625,0.021789657928137807,0.12,0.3,5,0.022977652009018378,0.022961090474809827,0.00036578751364281514,0.00020978751364281872,-0.0009782065672377521,-0.0009616450330292015,0.00015599999999999642,1.2879737421767241,1.3660979702671763
2025-09-08,0.004120041062199051,0.0038080410621990513,0.0016250834104036826,0.24,0.3,5,0.008249193305238055,0.008208729096417436,0.0024949576517953685,0.0021829576517953687,-0.004441152243039004,-0.004400688034218385,0.0003119999999999998,1.2928783990739672,1.3683179934156435
2025-09-09,-0.006958527723391141,-0.007114527723391141,-0.007009375761109604,0.12,0.3,5,-0.006737731325440516,-0.006790572303427126,5.084803771846294e-05,-0.00010515196228153695,-0.00037679639795062513,-0.00032395541996401486,0.0001559999999999999,1.2836801798607818,1.3587269384391059
2025-09-10,0.002097087179911392,0.0016290871799113918,0.0020527433658958927,0.36000000000000004,0.3,5,0.0006909996315958382,0.0006265747484189959,4.434381401549918e-05,-0.0004236561859845009,0.0009380875483155535,0.0010025124314923957,0.0004680000000000001,1.2857714067848993,1.3615160561480508
2025-09-11,0.017669728566105786,0.017513728566105786,0.02309587678617797,0.12,0.3,5,0.022170157780131976,0.02187851554903703,-0.005426148220072185,-0.005582148220072185,-0.004656429214026189,-0.004364786982931242,0.0001559999999999999,1.30829005820139,1.3929614632232492
2025-09-12,-0.005993953315664782,-0.006118753315664783,-0.0057247806717385386,0.096,0.12,5,-0.0036715689499913187,-0.003901886936051688,-0.00026917264392624374,-0.00039397264392624417,-0.002447184365673464,-0.002216866379613095,0.00012480000000000043,1.300284954069919,1.384987064362112
2025-09-15,0.002016258319370254,0.001392258319370254,0.002445312890452467,0.48,0.3,5,0.0009630062859700989,0.0011853055313870203,-0.00042905457108221266,-0.0010530545710822129,0.000429252033400155,0.00020695278798323362,0.0006240000000000002,1.3020952866147748,1.3883737910837066
2025-09-16,-0.004843756537007149,-0.004843756537007149,-0.0021440283647959912,0.0,0.3,5,0.0003133577040599352,0.00011670682659755968,-0.002699728172211158,-0.002699728172211158,-0.005157114241067085,-0.004960463363604709,0.0,1.2957882540584282,1.3853970782946838
2025-09-17,0.007446358037416027,0.007134358037416027,0.006120769210039123,0.24,0.3,5,0.006351471100790087,0.006358148297066046,0.001325588827376904,0.0010135888273769041,0.00078288693662594,0.0007762097403499809,0.0003119999999999998,1.3050328714035595,1.393876774075188
2025-09-18,-0.012894888463255757,-0.013518888463255756,-0.011626836427765741,0.48,0.3,5,-0.011061846730383403,-0.011171353564005004,-0.0012680520354900159,-0.0018920520354900154,-0.002457041732872353,-0.002347534899250752,0.0006239999999999996,1.2873902775741723,1.377670396822554
2025-09-19,-0.0014515287264066242,-0.0019195287264066239,0.0008471337622097952,0.36000000000000004,0.3,5,0.0012802497442699675,0.001175264343387981,-0.0022986624886164194,-0.002766662488616419,-0.0031997784706765914,-0.0030947930697946048,0.00046799999999999967,1.2849190949542721,1.3788374679288995
2025-09-22,0.002884616852908181,0.0027286168529081813,0.004595484215122125,0.12,0.3,5,0.0042088847426549674,0.0041099974571366165,-0.0017108673622139442,-0.001866867362213944,-0.0014802678897467862,-0.0013813806042284353,0.0001559999999999999,1.2884251468513879,1.3851738937479856
2025-09-23,-0.0026235670805945244,-0.002935567080594524,-0.0006257230341430997,0.24,0.3,5,-0.0026624125735399845,-0.002664812190920662,-0.0019978440464514247,-0.0023098440464514244,-0.0002731545070545397,-0.00027075488967386215,0.0003119999999999998,1.2846428884044807,1.3843071585363738
2025-09-24,0.015031327919814427,0.014719327919814427,0.010242250609604042,0.24,0.3,5,0.010788656030079575,0.011009238240194485,0.004789077310210384,0.004477077310210385,0.003930671889734852,0.0037100896796199417,0.0003119999999999998,1.3035519683387637,1.3984855793747721
2025-09-25,0.016163204982278592,0.015539204982278593,0.006004440404209221,0.48,0.3,5,0.003641414173476484,0.003944720562196414,0.01015876457806937,0.009534764578069371,0.011897790808802109,0.01159448442008218,0.0006239999999999996,1.3238081295798327,1.406882702692274
2025-09-26,-0.0034445337789398216,-0.0040685337789398215,-0.00945660568359008,0.48,0.3,5,-0.006865089758026954,-0.006494604059740501,0.006012071904650258,0.005388071904650259,0.0027965559790871326,0.0024260702808006794,0.000624,1.3184221714878022,1.3935783677298497
2025-09-29,0.019107939444481074,0.018951939444481078,0.015385351809531267,0.12,0.3,5,0.014400106006736822,0.014629674544654624,0.0037225876349498074,0.003566587634949811,0.004551833437744256,0.004322264899826454,0.00015599999999999642,1.3434088286441002,1.4150190611915257
2025-09-30,0.017433137722669422,0.017121137722669422,0.00446763292402208,0.24,0.3,5,0.006662388035841017,0.007292110531759133,0.012965504798647342,0.012653504798647342,0.010458749686828406,0.009829027190910288,0.0003119999999999998,1.3664095162171659,1.4213408469374238
2025-10-09,0.023243735023690412,0.022775735023690416,0.014822892311246116,0.36000000000000004,0.3,5,0.017868541058112728,0.017965229065273296,0.008420842712444296,0.0079528427124443,0.004907193965577688,0.00481050595841712,0.0004679999999999962,1.397530497292377,1.4424092292491526
2025-10-10,-0.01635210843097419,-0.01666410843097419,-0.019672630662990076,0.24,0.3,5,-0.01642547811214399,-0.016225804696479103,0.003320522232015885,0.0030085222320158853,-0.00023863031883020192,-0.0004383037344950873,0.0003119999999999998,1.3742418975499036,1.414033245217246
2025-10-13,-0.011163160625263568,-0.011319160625263567,-0.004950491939920476,0.12,0.3,5,-0.001771055697925373,-0.0021152527600992667,-0.006212668685343092,-0.0063686686853430905,-0.009548104927338194,-0.0092039078651643,0.00015599999999999815,1.3586866327735692,1.4070330850340185
2025-10-14,-0.010192666710201706,-0.010504666710201706,-0.011953495211176945,0.24,0.3,5,-0.01114004398676869,-0.01104476747679065,0.0017608285009752395,0.0014488285009752397,0.0006353772765669841,0.0005401007665889451,0.0003119999999999998,1.3444140825326767,1.3902141217900967
2025-10-15,0.015373950836368803,0.015061950836368803,0.014809990358365388,0.24,0.3,5,0.011632514383058444,0.01178613764054785,0.0005639604780034151,0.00025196047800341535,0.003429436453310359,0.003275813195820954,0.0003119999999999998,1.3646635813475056,1.4108031795298714
2025-10-16,0.0025525544993257763,0.0023965544993257764,0.0026342035633508676,0.12,0.3,5,-0.0010479046384867727,-0.0008760518753207467,-8.164906402509126e-05,-0.00023764906402509115,0.003444459137812549,0.003272606374646523,0.0001559999999999999,1.36793407199345,1.4145195222925757
2025-10-17,-0.026026304422998324,-0.026338304422998324,-0.02255906985368905,0.24,0.3,5,-0.023856309259168425,-0.023961270524018384,-0.003467234569309273,-0.0037792345693092727,-0.0024819951638298983,-0.0023770338989799397,0.0003119999999999998,1.3319050079746948,1.3826092775797707
2025-10-20,0.004630077842323149,0.0044740778423231495,0.005313326102133198,0.12,0.3,5,0.004545820776057273,0.004471235922146013,-0.0006832482598100485,-0.0008392482598100484,-7.174293373412351e-05,2.841920177136699e-06,0.0001559999999999999,1.3378640546589535,1.389955531543387
2025-10-21,0.010449387100999016,0.009981387100999016,0.015347735117563044,0.36000000000000004,0.3,5,0.01263547286653592,0.012416473308088536,-0.004898348016564028,-0.005366348016564028,-0.0026540857655369034,-0.0024350862070895204,0.00046799999999999967,1.3512177936770167,1.4112882008667063
2025-10-22,-0.010273312782767025,-0.010585312782767024,-0.003320730623673107,0.24,0.3,5,-0.0037911052097291662,-0.004013251955171176,-0.006952582159093917,-0.007264582159093917,-0.0067942075730378585,-0.006572060827595848,0.0003119999999999998,1.3369147306933051,1.4066016929192597
2025-10-23,0.003197406844324333,0.002729406844324333,0.002999344593550113,0.36000000000000004,0.3,5,0.0035550619277446493,0.0035479123429144363,0.00019806225077422012,-0.00026993774922578,-0.0008256550834203165,-0.0008185054985901034,0.0004680000000000001,1.3405637149095375,1.4108205761021955
2025-10-24,0.007358279097167948,0.007046279097167948,0.011796511885009409,0.24,0.3,5,0.010992315544021464,0.010720862674268666,-0.004438232787841461,-0.0047502327878414605,-0.003946036446853516,-0.0036745835771007183,0.0003119999999999998,1.3500097009923264,1.4274633377958008
2025-10-27,0.01687750711341752,0.01656550711341752,0.011872743557892473,0.24,0.3,5,0.013009750866396518,0.01338253299428436,0.005004763555525045,0.004692763555525045,0.003555756247021001,0.003182974119133158,0.0003119999999999998,1.3723732962972974,1.4444112439437435
2025-10-28,-0.006533385255280976,-0.006845385255280976,-0.005098707625962318,0.24,0.3,5,-0.0053615684898446515,-0.005471757661774531,-0.0014346776293186585,-0.0017466776293186582,-0.0014838167654363243,-0.001373627593506445,0.0003119999999999998,1.3629788723700824,1.437046613319222
2025-10-29,0.013069694259142804,0.012757694259142804,0.011906462377341054,0.24,0.3,5,0.015330792900397669,0.015337166370175872,0.0011632318818017504,0.0008512318818017506,-0.0025730986412548645,-0.0025794721110330675,0.0003119999999999998,1.380367340105451,1.4541567547551926
2025-10-30,-0.00809061987725923,-0.00871461987725923,-0.00798822571402924,0.48,0.3,5,-0.006169960148938298,-0.00612199038678404,-0.00010239416322999073,-0.0007263941632299903,-0.0025446597283209325,-0.002592629490475191,0.0006239999999999996,1.3683379634454487,1.4425406223746278
2025-10-31,-0.012915245878027474,-0.013383245878027474,-0.014701636612666436,0.36000000000000004,0.3,5,-0.011396196838561985,-0.011406880774268852,0.0017863907346389613,0.0013183907346389617,-0.0019870490394654893,-0.0019763651037586222,0.00046799999999999967,1.3500251600364188,1.4213329143454663
2025-11-03,0.004894274540790776,0.004582274540790777,0.0027442603301301993,0.24,0.3,5,0.004490380376567309,0.004454636009929187,0.002150014210660577,0.0018380142106605773,9.189416422346764e-05,0.0001276385308615893,0.0003119999999999998,1.3562113459566807,1.4252334218782128
2025-11-04,-0.007008403017953748,-0.007476403017953747,-0.0074577253445586855,0.36000000000000004,0.3,5,-0.009456741420155793,-0.009345777666152341,0.0004493223266049378,-1.8677673395061864e-05,0.001980338402202046,0.0018693746481985938,0.00046799999999999967,1.3460717633567871,1.4146044224659595
2025-11-05,0.0026932847772613245,0.0023812847772613243,0.0018529027329989844,0.24,0.3,5,0.0015547417710568194,0.001683127599691784,0.0008403820442623401,0.0005283820442623399,0.0008265430062045049,0.0006981571775695403,0.0003120000000000002,1.3492771435559698,1.4172255468664592
2025-11-06,0.013473834061515623,0.013161834061515623,0.01429490516735954,0.24,0.3,5,0.013815061264645729,0.01379547486975812,-0.0008210711058439166,-0.0011330711058439163,-0.0006532272031301058,-0.0006336408082424968,0.0003119999999999998,1.3670361054224494,1.4374846516596744
2025-11-07,-0.004220557610069093,-0.004532557610069094,-0.0031126241188909054,0.24,0.3,5,-0.0010920526474268932,-0.001164268062413344,-0.0011079334911781877,-0.0014199334911781884,-0.003440504962642201,-0.0033682895476557497,0.00031200000000000064,1.3608399355195777,1.433010302262383
2025-11-10,0.007513625034157973,0.007201625034157973,0.003474463421602847,0.24,0.3,5,0.005599583676765164,0.005787138515587159,0.004039161612555126,0.003727161612555126,0.0016020413573928092,0.0014144865185708143,0.0003119999999999998,1.3706401944666975,1.4379892441403737
2025-11-11,-0.004151204080336601,-0.0044632040803366,-0.009134129265100266,0.24,0.3,5,-0.00924781522106961,-0.008979334393583647,0.004982925184763665,0.0046709251847636656,0.00478461114073301,0.0045161303132470465,0.0003119999999999998,1.3645227475580803,1.4248544645025716
2025-11-12,-0.002010839623058547,-0.002166839623058547,-0.001345094021268145,0.12,0.3,5,-0.004672660860911609,-0.004647985772872926,-0.0006657456017904019,-0.0008217456017904018,0.002505821237853062,0.002481146149814379,0.0001559999999999999,1.3615660456021068,1.422937901281192
2025-11-13,0.008763458930126788,0.008451458930126788,0.012089327039823683,0.24,0.3,5,0.010254824506776571,0.010097196393214346,-0.003325868109696895,-0.0036378681096968946,-0.001803365576649783,-0.0016457374630875574,0.0003119999999999998,1.3730732651171682,1.4401402629271407
2025-11-14,-0.012994768950637869,-0.013462768950637869,-0.01572370046595184,0.36000000000000004,0.3,5,-0.014733841082166655,-0.014605398806699359,0.0027289315153139707,0.002260931515313971,0.001271072131528786,0.00114262985606149,0.00046799999999999967,1.3545878969965979,1.4174959288039173
2025-11-17,-0.00630172804020295,-0.00661372804020295,-0.006500948826135278,0.24,0.3,5,-0.004693101564596842,-0.0047482399706818635,0.00019922078593232785,-0.00011277921406767193,-0.0019206264756061074,-0.0018654880695210862,0.0003119999999999998,1.3456290210393118,1.4082808603095078
2025-11-18,-0.007387555156806076,-0.007699555156806075,-0.006493988487517255,0.24,0.3,5,-0.00739606665347045,-0.0074226212693247265,-0.0008935666692888207,-0.0012055666692888205,-0.0003034885033356251,-0.00027693388748134887,0.0003119999999999998,1.3352682761712207,1.399135500615467
2025-11-19,0.007566973713168133,0.007098973713168134,0.004399858079545238,0.36000000000000004,0.3,5,0.001317050741187433,0.0014875567575839029,0.0031671156336228953,0.0026991156336228957,0.005781922971980701,0.005611416955584231,0.00046799999999999967,1.3447473105637875,1.4052914982522287
2025-11-20,-0.005813477222313954,-0.006281477222313954,-0.005087709976273946,0.36000000000000004,0.3,5,-0.0053056928507208894,-0.005455435081496854,-0.0007257672460400074,-0.001193767246040008,-0.0009757843715930649,-0.0008260421408171001,0.00046800000000000053,1.3363003109627132,1.3981417826769977
2025-11-21,-0.018998567296410973,-0.019310567296410973,-0.024390352898410628,0.24,0.3,5,-0.025872181613202327,-0.02561526400622173,0.005391785601999655,0.005079785601999655,0.006561614316791354,0.006304696709810757,0.0003119999999999998,1.3104955938796528,1.3640406111954928
2025-11-24,-0.0031408743703477656,-0.0032968743703477663,-0.0012483811999961514,0.12,0.3,5,0.0031373455042378057,0.0029534136050355674,-0.0018924931703516142,-0.002048493170351615,-0.006434219874585572,-0.006250287975383333,0.00015600000000000076,1.3061750545437372,1.3623377685404452
2025-11-25,0.008358100421521011,0.008046100421521011,0.009522582019015013,0.24,0.3,5,0.010078617492713611,0.009867681224694405,-0.0011644815974940024,-0.0014764815974940022,-0.0020325170711925997,-0.0018215808031733938,0.0003119999999999998,1.3166846702006818,1.3753107416789734
2025-11-26,0.003115221340383584,0.002803221340383584,0.006061992586102516,0.24,0.3,5,0.0022748529198975617,0.0022326665120267325,-0.0029467712457189317,-0.003258771245718932,0.0005283684204860223,0.0005705548283568515,0.0003120000000000002,1.3203756287667445,1.3836478651986184
2025-11-27,-0.00029334261740220123,-0.00044934261740220123,-0.0004920283896928668,0.12,0.3,5,-0.0007512636091618159,-0.0007177722237867454,0.00019868577229066554,4.268577229066554e-05,0.00030192099175961465,0.0002684296063845442,0.000156,1.3197823277257605,1.3829670711676028
2025-11-28,0.0026164535847445934,0.0024604535847445935,0.0024934431651024713,0.12,0.3,5,0.005037043029748682,0.005009129555462245,0.00012301041964212205,-3.2989580357877836e-05,-0.002576589445004089,-0.0025486759707176515,0.0001559999999999999,1.323029590885096,1.3864154209587674
2025-12-01,0.018026408062666383,0.017714408062666383,0.0110067869884507,0.24,0.3,5,0.011992398519764986,0.01245469779395531,0.007019621074215682,0.006707621074215683,0.005722009542901398,0.005259710268711073,0.0003119999999999998,1.346466276937017,1.4016754001747638
2025-12-02,-0.009480598709875566,-0.009948598709875566,-0.004840155074452679,0.36000000000000004,0.3,5,-0.006190895664683502,-0.006535545964890148,-0.004640443635422887,-0.005108443635422887,-0.003757703045192064,-0.0034130527449854177,0.00046799999999999967,1.3330708242713905,1.3948910738738725
2025-12-03,-0.0008605591459605465,-0.0011725591459605467,-0.005112953160864575,0.24,0.3,5,-0.004967092851338849,-0.004730816887908329,0.004252394014904029,0.003940394014904028,0.003794533705378302,0.0035582577419477823,0.0003120000000000002,1.3315077198841778,1.3877590611486472
2025-12-04,0.0011595419806782492,0.0008475419806782492,0.0034247701514389384,0.24,0.3,5,0.0009232938972975466,0.0008620969869880216,-0.002265228170760689,-0.0025772281707606894,-7.575191661929749e-05,-1.4555006309772446e-05,0.000312,1.3326362285743767,1.392511816958658
2025-12-05,0.013319333882240287,0.013007333882240287,0.00835144516969999,0.24,0.3,5,0.0077540302372650395,0.0080528332957028,0.004967888712540298,0.004655888712540298,0.005253303644975248,0.0049545005865374876,0.0003119999999999998,1.3499702729430132,1.4041413030461476
2025-12-08,0.006043598266426393,0.005731598266426393,0.008118093849742936,0.24,0.3,5,0.006987673648936629,0.006891512125793082,-0.0020744955833165426,-0.0023864955833165424,-0.0012560753825102359,-0.0011599138593666892,0.0003119999999999998,1.3577077602191405,1.4155402539225765
2025-12-09,-0.01127476399854803,-0.01158676399854803,-0.005091421450446942,0.24,0.3,5,-0.006034019950565706,-0.0063967975100054355,-0.0061833425481010885,-0.006495342548101088,-0.005552744047982325,-0.005189966488542595,0.0003119999999999998,1.341976320822484,1.408333141909784
2025-12-10,-0.0010598899870988502,-0.00121588998709885,-0.0013909503131558365,0.12,0.3,5,0.00295212418366609,0.002875597860691475,0.0003310603260569863,0.00017506032605698642,-0.00416801417076494,-0.004091487847790325,0.0001559999999999999,1.3403446252510722,1.406374220485017
2025-12-11,-0.006740347029927337,-0.006896347029927337,-0.008633273294054389,0.12,0.3,5,-0.009211266965676632,-0.009105697978635493,0.0018929262641270515,0.0017369262641270516,0.0023149199357492944,0.002209350948708156,0.0001559999999999999,1.3311011435756428,1.394232607485857
2025-12-12,0.007176910294427023,0.006864910294427023,0.006318987752869765,0.24,0.3,5,0.00809365872313672,0.00811253296187398,0.0008579225415572579,0.0005459225415572581,-0.001228748428709698,-0.0012476226674469574,0.0003119999999999998,1.3402390335190988,1.403042746257212
2025-12-15,-0.000346479996726122,-0.0005024799967261219,-0.006306639452515306,0.12,0.3,5,-0.005622611868367307,-0.005358418685563105,0.005960159455789184,0.005804159455789184,0.005120131871641185,0.004855938688836983,0.0001559999999999999,1.3395655902139239,1.3941942615201008
2025-12-16,-0.010553547261887286,-0.010865547261887286,-0.01197372283965692,0.24,0.3,5,-0.010763785655497021,-0.010699355595928894,0.0014201755777696334,0.0011081755777696337,-0.00010176160639026495,-0.00016619166595839216,0.0003119999999999998,1.3250104769830566,1.377500565848019
2025-12-17,0.016923796890802274,0.016767796890802274,0.01830339132077219,0.12,0.3,5,0.017836114910794086,0.017780737638021595,-0.0013795944299699152,-0.001535594429969915,-0.0010683180199918124,-0.0010129407472193215,0.0001559999999999999,1.3472279835392935,1.4027134977493205
2025-12-18,-0.0038866635239441106,-0.0040426635239441105,-0.005913349163459758,0.12,0.3,5,-0.004354213639652388,-0.00423905038995826,0.0020266856395156473,0.0018706856395156474,0.0003115501157082779,0.00019638686601414993,0.0001559999999999999,1.3417815941118025,1.394418763060831
2025-12-19,0.002911679178773485,0.002911679178773485,0.003379354464773998,0.0,0.3,5,0.004667587418410809,0.00461947851271973,-0.00046767528600051306,-0.00046767528600051306,-0.0017559082396373243,-0.001707799333946245,0.0,1.3456884316418394,1.3991309983335452
2025-12-22,0.005976102230434517,0.005820102230434516,0.009510443561734139,0.12,0.3,5,0.00937261377306599,0.009243784657011122,-0.003534341331299622,-0.003690341331299623,-0.003552511542631474,-0.0034236824265766064,0.00015600000000000076,1.353520475884308,1.412437354728669
2025-12-23,0.0025805971867725597,0.0024245971867725598,0.001975573244433315,0.12,0.3,5,-0.00040186025596030425,-0.0003247446609976145,0.0006050239423392445,0.0004490239423392446,0.002826457442732864,0.002749341847770174,0.0001559999999999999,1.356802217822376,1.4152277281761092
2025-12-24,0.0025358475052364372,0.002067847505236437,0.0028836327110881577,0.36000000000000004,0.3,5,0.00496973704431782,0.004909234471954757,-0.0003477852058517204,-0.0008157852058517205,-0.002901889539081383,-0.0028413869667183195,0.0004680000000000001,1.3596078779035994,1.419308725146717
2025-12-25,0.003523236748840983,0.0030552367488409834,0.0018293035828247373,0.36000000000000004,0.3,5,0.002646095860826455,0.002755858153928378,0.0016939331660162458,0.0012259331660162461,0.00040914088801452834,0.0002993785949126052,0.00046799999999999967,1.3637618018561841,1.4219050716827621
2025-12-26,0.005568301729491659,0.0052563017294916595,0.0031672992843112535,0.24,0.3,5,0.004217760561769499,0.004372251530914926,0.0024010024451804057,0.002089002445180406,0.0010385411677221604,0.0008840501985767331,0.0003119999999999998,1.3709301453738956,1.4264086705986616
2025-12-29,-0.0076859278375206435,-0.008153927837520643,-0.0038365856172325463,0.36000000000000004,0.3,5,-0.002561367772277141,-0.002864540756387915,-0.003849342220288097,-0.004317342220288097,-0.005592560065243502,-0.005289387081132729,0.00046799999999999967,1.3597516798982352,1.420936131608747
2025-12-30,0.0014012261145958992,0.0009332261145958992,0.0025670930770997913,0.36000000000000004,0.3,5,0.0009397169858842675,0.0010472796309675503,-0.0011658669625038921,-0.001633866962503892,-6.4908712883683314e-06,-0.00011405351637165109,0.000468,1.361020635675282,1.4245838069152008
2025-12-31,0.0006775987321788702,0.0003655987321788696,-0.0045884770946363895,0.24,0.3,5,-0.0016486974133503131,-0.0014394631511034845,0.00526607582681526,0.004954075826815259,0.002014296145529183,0.001805061883282354,0.00031200000000000064,1.3615182230941543,1.4180471367477805
2026-01-05,0.015120671472874974,0.014964671472874974,0.018964869843331567,0.12,0.3,5,0.01682589864500367,0.016666530335306507,-0.0038441983704565925,-0.0040001983704565924,-0.0018612271721286967,-0.001701858862431533,0.0001559999999999999,1.3818928960070909,1.4449402161279112
2026-01-06,0.019485399460120213,0.01901739946012021,0.0154624909095884,0.36000000000000004,0.3,5,0.017616872217609287,0.017746801828919176,0.004022908550531813,0.00355490855053181,0.0014005272425109232,0.0012705976312010342,0.00046800000000000314,1.40817290522156,1.4672825910846878
2026-01-07,0.00028542968780056934,0.00012942968780056902,-0.0029281771254092703,0.12,0.3,5,-0.0004741433896591589,-0.00035515456056443157,0.0032136068132098397,0.0030576068132098394,0.0006035730774597279,0.0004845842483650006,0.00015600000000000032,1.408355164601052,1.4629861277649625
2026-01-08,-0.00175832753932935,-0.00207032753932935,-0.008167245026855396,0.24,0.3,5,-0.002410260621604791,-0.0021864150759783687,0.0064089174875260465,0.006096917487526046,0.00033993308227544096,0.00011608753664901859,0.0003120000000000002,1.4054394081186217,1.4510375615886157
2026-01-09,0.007378480949676835,0.007066480949676835,0.004489247588721934,0.24,0.3,5,0.008792919460635212,0.008711011378501835,0.002889233360954901,0.0025772333609549013,-0.0017264385109583766,-0.0016445304288249998,0.0003119999999999998,1.415370918922017,1.4575516284631225
2026-01-12,0.00831298513855416,0.00800098513855416,0.006512693284052684,0.24,0.3,5,0.012352417774274257,0.012389098104637411,0.0018002918545014755,0.0014882918545014757,-0.004351432635720097,-0.004388112966083251,0.0003119999999999998,1.4266952806098536,1.4670442151649743
2026-01-13,-0.0029453618263450675,-0.0032573618263450673,-0.006029981113445548,0.24,0.3,5,-0.007374594685815972,-0.0071619803312261395,0.003084619287100481,0.002772619287100481,0.004117232859470904,0.003904618504881072,0.0003119999999999998,1.4220480178649684,1.45819796625494
2026-01-14,-0.002333930496141874,-0.002645930496141874,-0.004012113003053819,0.24,0.3,5,-0.001349241217497907,-0.001341540965709617,0.001678182506911945,0.0013661825069119448,-0.001296689278643967,-0.001304389530432257,0.0003120000000000002,1.4182853776475213,1.452347511233502
2026-01-15,0.008944791894557338,0.008632791894557339,0.0020031292739712825,0.24,0.3,5,-0.001995137896703494,-0.0015235796893073809,0.006941662620586056,0.006629662620586056,0.010627929791260832,0.01015637158386472,0.0003119999999999998,1.430529140159846,1.4552567510492331
2026-01-16,0.010959105634698913,0.010647105634698914,-0.0041159193929286575,0.24,0.3,5,-0.0038947815968171885,-0.0029684870249561024,0.015075025027627571,0.014763025027627571,0.014541887231516101,0.013615592659655016,0.0003119999999999998,1.4457601350286426,1.4492670315658993
2026-01-19,0.0007449994195722963,0.00027699941957229617,0.0005458303951026977,0.36000000000000004,0.3,5,0.00446552226923581,0.004400654011882406,0.00019916902446959856,-0.00026883097553040153,-0.004188522849663514,-0.00412365459231011,0.0004680000000000001,1.4461606097468864,1.4500580855623482
2026-01-20,-0.0031120209638144125,-0.0037360209638144124,-0.003290219893497426,0.48,0.3,5,-0.0003156042363816177,-0.0002686619926380163,0.00017819892968301337,-0.0004458010703169866,-0.003420416727432795,-0.003467358971176396,0.000624,1.4407577233918294,1.445287075602504
2026-01-21,-0.0021310945392402523,-0.002443094539240252,0.0008881348113625176,0.24,0.3,5,0.0012184172071776642,0.0011013611063628629,-0.00301922935060277,-0.0033312293506027697,-0.0036615117464179163,-0.003544455645603115,0.0003119999999999998,1.4372378160654424,1.446570685366759
2026-01-22,-0.004427057212315813,-0.004895057212315813,0.00013548393489548616,0.36000000000000004,0.3,5,0.002716427368707882,0.002447513959383733,-0.004562541147211299,-0.005030541147211299,-0.007611484581023694,-0.007342571171699546,0.00046799999999999967,1.4302024547280983,1.446766672455317
2026-01-23,-0.0015318706303238437,-0.001999870630323844,-0.004490644862106263,0.36000000000000004,0.3,5,0.003529863062958663,0.003596109381437492,0.0029587742317824196,0.0024907742317824195,-0.005529733693282506,-0.005595980011761335,0.0004680000000000001,1.4273422348434706,1.440269757130989
2026-01-26,0.0007117024920613409,0.0003997024920613409,0.0009500060031939483,0.24,0.3,5,-6.561545799242406e-05,-5.422093979248162e-05,-0.00023830351113260742,-0.0005503035111326074,0.00046531795005376496,0.0004539234318538225,0.00031200000000000005,1.427912747091762,1.4416380220464822
2026-01-27,-0.0016688713407801356,-0.002292871340780136,-0.0002702803760555872,0.48,0.3,5,-0.004219877346979663,-0.004122280218563221,-0.0013985909647245484,-0.002022590964724549,0.0019270060061995272,0.0018294088777830852,0.0006240000000000004,1.4246387268768208,1.4412483755797474
2026-01-28,0.00778043117401473,0.00762443117401473,0.0026137708381157587,0.12,0.3,5,0.0018355846637745994,0.002151768799256343,0.005166660335898971,0.005010660335898971,0.00578884651024013,0.005472662374758387,0.0001559999999999999,1.4355007867977292,1.4450154685543195
2026-01-29,0.011262226023618918,0.010794226023618918,0.00760457087734423,0.36000000000000004,0.3,5,0.0032764918650612755,0.0033667882344685287,0.0036576551462746878,0.003189655146274688,0.007517734158557643,0.007427437789150389,0.00046799999999999967,1.4509959067475067,1.4560041911037995
2026-01-30,-0.016418816817990303,-0.016730816817990303,-0.009998086401063921,0.24,0.3,5,-0.012590895786721188,-0.01288032254202663,-0.006420730416926382,-0.006732730416926382,-0.004139921031269115,-0.0038504942759636732,0.0003119999999999998,1.4267195600280604,1.4414469354008326
2026-02-02,-0.0376710796237604,-0.038139079623760404,-0.021324468242318484,0.36000000000000004,0.3,5,-0.021301003916682795,-0.021929464169181935,-0.016346611381441917,-0.01681461138144192,-0.01683807570707761,-0.01620961545457847,0.00046800000000000314,1.3723057891273738,1.4107088460038901
2026-02-03,0.01913156377144293,0.01866356377144293,0.011751571039204878,0.36000000000000004,0.3,5,0.016358029726887005,0.01657473942045886,0.007379992732238053,0.006911992732238054,0.0023055340445559264,0.002088824350984071,0.00046799999999999967,1.3979179057366729,1.4272868912233396
2026-02-04,0.014218059757369741,0.013750059757369742,0.008277877887535423,0.36000000000000004,0.3,5,0.009559194112513101,0.009843202546696931,0.005940181869834318,0.005472181869834319,0.0041908656448566405,0.0039068572106728105,0.00046799999999999967,1.417139360476449,1.4391017978193665
2026-02-05,-0.008391090443325304,-0.008859090443325304,-0.006015387460044153,0.36000000000000004,0.3,5,-0.007625974359491,-0.0076894790162203705,-0.0023757029832811513,-0.002843702983281151,-0.0012331160838343035,-0.001169611427104933,0.00046799999999999967,1.404584794711192,1.430445042911037
2026-02-06,-0.003418636042073193,-0.003574636042073193,-0.005743146631732476,0.12,0.3,5,-0.0036389943025260992,-0.0035430326493428514,0.0023245105896592833,0.0021685105896592834,6.435826045290624e-05,-3.1603392730341576e-05,0.0001559999999999999,1.3995639152798693,1.422229787280964
2026-02-09,0.015572529391202346,0.015416529391202347,0.01625033737324122,0.12,0.3,5,0.015024318805604061,0.015086276096903687,-0.0006778079820388729,-0.0008338079820388727,0.0003922105855982856,0.0003302532942986592,0.0001559999999999999,1.4211403335146475,1.4453415011465527
2026-02-10,0.011301041986549696,0.010833041986549696,0.001110328021331597,0.36000000000000004,0.3,5,0.0017333232417763413,0.0023219101634376154,0.010190713965218099,0.009722713965218099,0.009099718744773354,0.00851113182311208,0.00046799999999999967,1.436535606416391,1.4469463043156692
2026-02-11,-0.0013292684940727348,-0.0016412684940727347,-0.0022177062756191246,0.24,0.3,5,-0.0002720281044778211,-0.0003419661789158046,0.0008884377815463898,0.0005764377815463898,-0.0013692403895949137,-0.00129930231515693,0.000312,1.434177865784966,1.4437374024161045
2026-02-12,0.007774789729140412,0.007306789729140412,0.0012218332122886366,0.36000000000000004,0.3,5,0.0023152906763673135,0.0026278387887099766,0.006552956516851775,0.006084956516851776,0.004991499052773098,0.004678950940430436,0.00046799999999999967,1.444657101884444,1.4455014087241997
2026-02-13,-0.017002871466189173,-0.017314871466189173,-0.012537646374315758,0.24,0.3,5,-0.011343412330141822,-0.011534451700406984,-0.004465225091873415,-0.004777225091873415,-0.005971459136047351,-0.00578041976578219,0.0003119999999999998,1.4196430498525976,1.4273782232280405
2026-02-24,0.012730136408334914,0.012418136408334914,0.010114656114909693,0.24,0.3,5,0.010082329207198273,0.010668154194172068,0.0026154802934252215,0.0023034802934252217,0.002335807201136641,0.001749982214162846,0.0003119999999999998,1.4372723708968118,1.441815663101903
2026-02-25,0.009377629599831457,0.008909629599831458,0.006020506659098812,0.36000000000000004,0.3,5,0.006498795305074825,0.006368113688715267,0.003357122940732645,0.0028891229407326455,0.002410834294756633,0.0025415159111161906,0.00046799999999999967,1.450077935355574,1.450496123902801
2026-02-26,0.0017706890652065908,0.0014586890652065901,-0.0019028963916318808,0.24,0.3,5,0.002034237305515154,0.0021770457369743013,0.0036735854568384716,0.003361585456838471,-0.0005755482403085638,-0.0007183566717677112,0.00031200000000000064,1.4521931481835746,1.4477359800625502
2026-02-27,0.0003306863001982952,1.8686300198295005e-05,-0.0034329242419604,0.24,0.3,5,0.00238981544493101,0.002361308031630761,0.0037636105421586952,0.003451610542158695,-0.002371129144732715,-0.002342621731432466,0.0003120000000000002,1.4522202843006875,1.4427660121206352
2026-03-02,0.010773603179556052,0.010305603179556052,0.003825780276590196,0.36000000000000004,0.3,5,0.0014769689775553298,0.002213781384693103,0.006947822902965856,0.006479822902965856,0.008828634202000722,0.008091821794862949,0.00046799999999999967,1.4671862902799926,1.4482857178735409
2026-03-03,-0.005483876356709697,-0.005795876356709697,-0.015389658924727434,0.24,0.3,5,-0.018405332269620153,-0.017858764027544813,0.009905782568017737,0.009593782568017737,0.012609455912910456,0.012062887670835116,0.0003119999999999998,1.4586826599492702,1.425997094649913
2026-03-04,-0.007663071840584653,-0.008131071840584652,-0.01144172844746838,0.36000000000000004,0.3,5,-0.009422749145195754,-0.009349743278219006,0.0037786566068837273,0.0033106566068837277,0.0012916773046111017,0.0012186714376343534,0.00046799999999999967,1.4468220064486075,1.4096812231260498
2026-03-05,0.007703450583242427,0.0072354505832424275,0.00979167386817359,0.36000000000000004,0.3,5,0.008725362435925888,0.00852674799747804,-0.002088223284931162,-0.002556223284931162,-0.0014899118526834603,-0.001291297414235613,0.00046799999999999967,1.457290415579014,1.423484361920988
2026-03-06,0.002917549137552282,0.002761549137552282,0.0027426300464266085,0.12,0.3,5,0.0064585935496656284,0.006395059083861842,0.00017491909112567336,1.8919091125673467e-05,-0.0036970444121133465,-0.00363350994630956,0.0001559999999999999,1.4613147946693195,1.4273884529026108
2026-03-09,-0.00422588699661309,-0.0045378869966130895,-0.009652288121355102,0.24,0.3,5,-0.008642502906529246,-0.008596616647329134,0.005426401124742012,0.005114401124742012,0.004104615909916156,0.004058729650716045,0.0003119999999999998,1.4546835132646312,1.4136108882940996
2026-03-10,0.008514552545675364,0.008202552545675364,0.012848375450559502,0.24,0.3,5,0.0112978068521316,0.010692414910750982,-0.004333822904884137,-0.004645822904884137,-0.003095254306456236,-0.002489862365075618,0.0003119999999999998,1.4666156312195118,1.4317734917279012
2026-03-11,0.004989648796386348,0.004521648796386347,0.0063617649194198655,0.36000000000000004,0.3,5,0.005977562507208884,0.005921333215013734,-0.0013721161230335179,-0.0018401161230335184,-0.0014559137108225368,-0.001399684418627387,0.00046800000000000053,1.473247152023177,1.4408820981001311
2026-03-12,0.00045237130208767955,-1.5628697912320553e-05,-0.0035999181123742563,0.36000000000000004,0.3,5,-0.0016931715798087273,-0.0012585821409992726,0.004052289414461936,0.0035842894144619357,0.0016775428818964068,0.001242953443086952,0.0004680000000000001,1.4732241270884878,1.4356950405373847
2026-03-13,-0.005031381577572736,-0.005187381577572736,-0.003929570950994221,0.12,0.3,5,-0.007443614231234263,-0.0074224232213396385,-0.0011018106265785147,-0.0012578106265785146,0.002256232653661527,0.0022350416437669027,0.0001559999999999999,1.4655819513919934,1.4300533750116025
2026-03-16,-0.0039686577815592795,-0.004124657781559279,0.000518103976321127,0.12,0.3,5,-0.003411431034650314,-0.0035928541085917223,-0.004486761757880407,-0.0046427617578804065,-0.0007132267469089656,-0.0005318036729675571,0.0001559999999999999,1.4595369273916716,1.4307942913515475
2026-03-17,-0.011496110538051886,-0.011652110538051886,-0.007303750047816027,0.12,0.3,5,-0.009857432522814959,-0.01003589389756351,-0.00419236049023586,-0.00434836049023586,-0.0017946780152369272,-0.001616216640488376,0.0001559999999999999,1.442530241779335,1.4203441274776738
2026-03-18,0.00989414121975975,0.009426141219759751,0.004505331304397675,0.36000000000000004,0.3,5,0.0033084986283447265,0.0036240517218511935,0.005388809915362076,0.004920809915362076,0.006117642591415024,0.005802089497908558,0.00046799999999999967,1.4561277355521214,1.4267432483382163
2026-03-19,-0.012548147721090393,-0.012704147721090393,-0.01611763471408778,0.12,0.3,5,-0.0177827999527613,-0.01786529362140489,0.0035694869929973876,0.0034134869929973877,0.005078652231670906,0.005161145900314497,0.0001559999999999999,1.4376288736988903,1.4037475218307098
2026-03-20,-0.0016708747617022591,-0.0021388747617022592,-0.0035418526381852944,0.36000000000000004,0.3,5,-0.009141696172267172,-0.009064988625025253,0.0018709778764830353,0.0014029778764830352,0.007002821410564913,0.006926113863322994,0.0004680000000000001,1.4345539655842412,1.3987756549671677
2026-03-23,-0.02303597326254853,-0.02334797326254853,-0.032629782335646285,0.24,0.3,5,-0.0347118479447311,-0.03433063234337841,0.009593809073097755,0.009281809073097756,0.011363874682182574,0.01098265908082988,0.0003119999999999998,1.4010600379520974,1.353133909809188
2026-03-24,0.01053902270429333,0.01038302270429333,0.01283959647687416,0.12,0.3,5,0.01623985783202484,0.016000503046610694,-0.0023005737725808294,-0.0024565737725808293,-0.005856835127731511,-0.005617480342317363,0.0001559999999999999,1.4156072761362322,1.370507603190313
2026-03-25,-0.0017405422956105407,-0.0020525422956105405,0.014021696630834857,0.24,0.3,5,0.015269935818932335,0.014646101842466595,-0.015762238926445397,-0.016074238926445397,-0.017322478114542877,-0.016698644138077135,0.0003119999999999998,1.4127016823279885,1.3897244450325001
2026-03-26,-0.011550251000288921,-0.01186225100028892,-0.013208100134136647,0.24,0.3,5,-0.014880498306001721,-0.014758371609576892,0.0016578491338477257,0.001345849133847726,0.0030182473057128005,0.002896120609287971,0.0003119999999999998,1.3959438603836836,1.3713688254036533
2026-03-27,0.004536294714583357,0.004380294714583357,0.005591358618961317,0.12,0.3,5,0.006581817546184207,0.006495593252301556,-0.0010550639043779607,-0.0012110639043779606,-0.00220152283160085,-0.0021152985377181997,0.0001559999999999999,1.4020585058971775,1.379036640305349
2026-03-30,-0.002082980927405286,-0.002238980927405286,-0.002358608632785697,0.12,0.3,5,-0.002189902646306571,-0.0019769069536933245,0.00027562770538041084,0.00011962770538041095,-4.9078281098715194e-05,-0.0002620739737119616,0.0001559999999999999,1.3989193236433675,1.375784032580597
2026-03-31,-0.0023083043541479937,-0.0024643043541479935,-0.009327953338750472,0.12,0.3,5,-0.011817733084849897,-0.011387407605070182,0.007019648984602478,0.0068636489846024785,0.009353428730701902,0.008923103250922187,0.0001559999999999999,1.3954719606630113,1.3629507833204872
2026-04-01,0.010486543433586595,0.010330543433586595,0.0170823950197585,0.12,0.3,5,0.016884506584526393,0.01653494817788165,-0.006595851586171906,-0.006751851586171906,-0.006553963150939798,-0.006204404744295056,0.0001559999999999999,1.4098879443629926,1.3862332469936571
2026-04-02,-0.002499996804274973,-0.002655996804274973,-0.010418030065309614,0.12,0.3,5,-0.011163554539513721,-0.010678304754100632,0.00791803326103464,0.007762033261034641,0.008507557735238747,0.008022307949825658,0.0001559999999999999,1.4061432864883787,1.3717914273489455
2026-04-03,-0.003476342119379962,-0.003632342119379962,-0.008512152532686557,0.12,0.3,5,-0.010679065758101684,-0.010419682059363807,0.005035810413306595,0.004879810413306595,0.007046723638721722,0.006787339939983845,0.0001559999999999999,1.4010356930029835,1.3601145294763195
2026-04-07,-0.0027598873585098107,-0.0029158873585098106,-3.88894865052114e-05,0.12,0.3,5,0.0019976487288342025,0.0018597366105778793,-0.0027209978720045993,-0.0028769978720045992,-0.0049135360873440136,-0.00477562396908769,0.0001559999999999999,1.3969504307369351,1.3600616353206798
2026-04-08,0.029395368843290214,0.029083368843290214,0.03489150897571358,0.24,0.3,5,0.03503629609860128,0.03467863368507807,-0.0054961401324233675,-0.005808140132423367,-0.005952927255311068,-0.005595264841787857,0.0003119999999999998,1.4375784553698505,1.407516238076995
2026-04-09,-0.0042829658098513905,-0.00459496580985139,-0.006382753251184425,0.24,0.3,5,-0.009249624523444947,-0.00900306022941716,0.002099787441333035,0.001787787441333035,0.0046546587135935565,0.004408094419565771,0.0003119999999999998,1.4309728315184471,1.3985324092323141
2026-04-10,0.0076727353463267685,0.007360735346326769,0.015404808135002224,0.24,0.3,5,0.011351157229020399,0.01112838525010653,-0.007732072788675455,-0.008044072788675454,-0.00399042188269363,-0.0037676499037797616,0.0003119999999999998,1.4415058438190382,1.4200765326671203
2026-04-13,0.005328305996543244,0.005172305996543244,0.002068147209394633,0.12,0.3,5,0.0017061176332186807,0.0018494180478316336,0.003260158787148611,0.003104158787148611,0.0034661883633245634,0.00332288794871161,0.0001559999999999999,1.4489617531390755,1.4230134599852826
2026-04-14,0.013831638325003278,0.013706838325003278,0.011865532843009508,0.096,0.12,5,0.0095437126975965,0.009748599423578072,0.0019661054819937705,0.001841305481993771,0.004163125627406778,0.003958238901425206,0.00012479999999999956,1.468822437628466,1.4398982729307825
2026-04-15,-0.006355299620138642,-0.0064176996201386425,-0.003411259779961817,0.048,0.12,5,-0.004731484682969319,-0.005017096885349204,-0.0029440398401768247,-0.0030064398401768253,-0.0016862149371693232,-0.0014006027347894384,6.240000000000065e-05,1.4593959764284468,1.4349864058650972
2026-04-16,0.015305813877479512,0.015149813877479512,0.010962347679302376,0.12,0.3,5,0.007690714831187785,0.007932013002439746,0.004343466198177137,0.004187466198177137,0.007459099046291728,0.007217800875039766,0.0001559999999999999,1.4815055538448803,1.4507172257612628
2026-04-17,-0.005330927742780446,-0.005798927742780446,-0.0016754818010366046,0.36000000000000004,0.3,5,-0.0027825800900113046,-0.002866815253461674,-0.003655445941743841,-0.004123445941743842,-0.0030163476527691416,-0.0029321124893187723,0.00046800000000000053,1.472914410187606,1.4482865754510494
2026-04-20,0.0049888714671684625,0.0049888714671684625,0.006084224584341991,0.0,0.3,5,0.007757187208612828,0.007666357231618699,-0.0010953531171735281,-0.0010953531171735281,-0.0027683157414443655,-0.002677485764450237,0.0,1.480262590862172,1.4570982762385811
2026-04-21,0.000942059549036114,0.000786059549036114,0.0022186503212999753,0.12,0.3,5,-0.00027234388322026855,-0.00029582998311546746,-0.0012765907722638613,-0.0014325907722638614,0.0010584034322563825,0.0010818895321515814,0.000156,1.4814261654068002,1.4603310677973236
2026-04-22,0.013677325596551748,0.013365325596551748,0.006633812898791724,0.24,0.3,5,0.004115040865493112,0.0045144035539362885,0.007043512697760023,0.006731512697760024,0.009250284731058636,0.00885092204261546,0.0003119999999999998,1.5012259084547133,1.4700186308713838
2026-04-23,0.0037018980841702753,0.0035458980841702754,-0.002770986162049738,0.12,0.3,5,-0.0033038974782156937,-0.0029469892034807385,0.006472884246220013,0.006316884246220013,0.006849795562385969,0.006492887287651013,0.0001559999999999999,1.5065491025274096,1.465945229587284
2026-04-24,-0.007376264224218295,-0.007688264224218295,-0.003543113317804214,0.24,0.3,5,-0.003232773208537935,-0.0034405711511651697,-0.0038331509064140814,-0.004145150906414081,-0.0044554910156803604,-0.0042476930730531255,0.0003119999999999998,1.49496635496042,1.4607512195211616
2026-04-27,0.00041528990556199746,-5.2710094438002586e-05,0.0003308823591079424,0.36000000000000004,0.3,5,0.0022254254811445166,0.0021396356205828837,8.440754645405507e-05,-0.000383592453545945,-0.0022781355755825193,-0.0021923457150208863,0.00046800000000000005,1.4948875551426684,1.4612345563307465
2026-04-28,0.0026009533699676564,0.0022889533699676566,-0.002670036004802201,0.24,0.3,5,-0.0036758545278576266,-0.0033814950120206167,0.005270989374769858,0.004958989374769858,0.005964807897825284,0.005670448381988273,0.0003119999999999998,1.4983092830497349,1.4573330074538822
2026-04-29,0.007029199622911979,0.006717199622911978,0.010957590906644388,0.24,0.3,5,0.011187515982598598,0.011031186863906228,-0.003928391283732409,-0.00424039128373241,-0.00447031635968662,-0.00431398724099425,0.00031200000000000064,1.5083737256008423,1.4733018663643116
2026-04-30,-0.000590854402002214,-0.000746854402002214,-0.000631950278512261,0.12,0.3,5,-0.00032117162482701395,-0.000314675134841109,4.109587651004705e-05,-0.00011490412348995295,-0.00042568277717520004,-0.000432179267161105,0.000156,1.5072471900440128,1.47237081283953
2026-05-06,0.012628575841523541,0.012316575841523542,0.014516714129485075,0.24,0.3,5,0.01393729917911995,0.013833536935825409,-0.001888138287961534,-0.002200138287961534,-0.0016207233375964084,-0.0015169610943018674,0.0003119999999999998,1.525811314372113,1.493744799022119
2026-05-07,0.0029696509630767307,0.002657650963076731,0.0048013435543941,0.24,0.3,5,0.003095586333899255,0.0029850552175492875,-0.001831692591317369,-0.0021436925913173688,-0.00043793537082252414,-0.00032740425447255663,0.0003119999999999998,1.5298663882812273,1.5009167809848136
2026-05-08,-0.0012844246150372184,-0.0017524246150372185,-0.005835637753443534,0.36000000000000004,0.3,5,-0.002151535848982028,-0.002005400370977836,0.004551213138406316,0.004083213138406316,0.00039911123394480944,0.00025297575594061773,0.0004680000000000001,1.5271854127646853,1.4921579743529216
2026-05-11,0.01772914369200719,0.017573143692007194,0.016405139649273703,0.12,0.3,5,0.012780065131271558,0.012877441284637366,0.001324004042733487,0.0011680040427334906,0.004793078560735636,0.004695702407369828,0.00015599999999999642,1.5540228614675364,1.5166370343009588
2026-05-12,-0.002649145401069808,-0.0029611454010698077,-0.0007653927837600882,0.24,0.3,5,-0.005795222776362501,-0.0057960205529000094,-0.0018837526173097197,-0.0021957526173097194,0.0028340773752926936,0.0028348751518302018,0.0003119999999999998,1.5494211738181445,1.5154762112593214
2026-05-13,0.013339021533169173,0.013183021533169173,0.010164657910955333,0.12,0.3,5,0.008842144528775743,0.008983487685194372,0.0031743636222138407,0.003018363622213841,0.00434087700439343,0.004199533847974802,0.0001559999999999999,1.5698472265165373,1.5308805085189632
2026-05-14,-0.017047596612505267,-0.017047596612505267,-0.016754476789772044,0.0,0.3,5,-0.019862126656111888,-0.019837014500862508,-0.00029311982273322323,-0.00029311982273322323,0.002814530043606621,0.002789417888357241,0.0,1.5430851042556233,1.5052314065710677
2026-05-15,-0.01728133176627822,-0.017593331766278218,-0.011192046648137222,0.24,0.3,5,-0.011094197304409139,-0.011383480814185463,-0.006089285118140997,-0.006401285118140997,-0.00649913446186908,-0.006209850952092755,0.0003119999999999998,1.5159370960728522,1.488384786452483
2026-05-18,-0.0024288008496505,-0.0028968008496505007,-0.005364441345053539,0.36000000000000004,0.3,5,-0.00507749343708751,-0.005105488417031353,0.0029356404954030387,0.002467640495403038,0.0021806925874370093,0.0022086875673808523,0.00046800000000000053,1.5115457282049316,1.4804004335666887
2026-05-19,0.008862487461026981,0.008550487461026981,0.004005256041260452,0.24,0.3,5,0.007104330356642784,0.007306234887189384,0.004857231419766529,0.004545231419766529,0.0014461571043841975,0.0012442525738375976,0.0003119999999999998,1.5244701810007166,1.4863298163467162
2026-05-20,0.0007556314279781569,0.0002876314279781569,-0.0004498768896807892,0.36000000000000004,0.3,5,-0.003984576622889496,-0.0037898004679143595,0.0012055083176589461,0.0007375083176589461,0.004272208050867653,0.004077431895892517,0.000468,1.5249086665357878,1.4856611509118984
2026-05-21,-0.023149682694446616,-0.023617682694446616,-0.013936627703218019,0.36000000000000004,0.3,5,-0.014387198724537158,-0.014891932712055835,-0.009213054991228598,-0.009681054991228597,-0.009230483969909458,-0.008725749982390781,0.00046799999999999967,1.4888938575115338,1.4649560445585048
2026-05-22,0.019134565692988565,0.018822565692988565,0.012961893146399506,0.24,0.3,5,0.007515129308475905,0.007916261109514112,0.006172672546589059,0.0058606725465890595,0.01130743638451266,0.010906304583474453,0.0003119999999999998,1.5169186599544318,1.4839446482722443
2026-05-25,0.028101159547300192,0.027633159547300192,0.015789533647179166,0.36000000000000004,0.3,5,0.00785073833040095,0.008874661575366772,0.012311625900121026,0.011843625900121026,0.019782421216899243,0.01875849797193342,0.00046799999999999967,1.5588359153052296,1.5073754422266903
2026-05-26,0.011450107990960492,0.011450107990960492,0.005334020210592705,0.0,0.3,5,0.002870292856330179,0.003250999694923816,0.006116087780367787,0.006116087780367787,0.008579815134630313,0.008199108296036676,0.0,1.5766847548756624,1.5154158133004785
2026-05-27,-0.017224690250582896,-0.0173806902505829,-0.00801922160402091,0.12,0.3,5,-0.009764170874823208,-0.01027870500724585,-0.009205468646561986,-0.00936146864656199,-0.007616519375759691,-0.007101985243337048,0.00015600000000000336,1.5492808855283524,1.5032633580713843
2026-05-28,0.014538426379426775,0.014070426379426775,0.0012309879805745272,0.36000000000000004,0.3,5,-0.003982175702764829,-0.0032149055486332227,0.013307438398852248,0.012839438398852248,0.018052602082191605,0.017285331928059998,0.00046799999999999967,1.571079928169232,1.5051138571968083
2026-05-29,-0.009296137418349462,-0.009608137418349462,-0.004495531360024674,0.24,0.3,5,-0.0034126124325711727,-0.0037004869088632483,-0.004800606058324788,-0.005112606058324788,-0.00619552498577829,-0.005907650509486214,0.0003119999999999998,1.5559847763241714,1.4983475706513725
2026-06-01,-0.01590410260573389,-0.01606010260573389,-0.009784242267255161,0.12,0.3,5,-0.0003471712783593043,-0.0007188077154784171,-0.006119860338478729,-0.006275860338478729,-0.015712931327374585,-0.015341294890255472,0.0001559999999999999,1.5309955011634453,1.4836873750195663
2026-06-02,0.015499733376049225,0.015031733376049225,0.014512756098171264,0.36000000000000004,0.3,5,0.001684266132461548,0.00196836764893014,0.0009869772778779602,0.0005189772778779606,0.013347467243587676,0.013063365727119084,0.00046799999999999967,1.554009017336865,1.5052197680191612
2026-06-03,0.0019993966387044535,0.0018433966387044537,0.004934318523100112,0.12,0.3,5,-0.0013401386939153536,-0.001399447431110373,-0.0029349218843956583,-0.003090921884395658,0.003183535332619807,0.0032428440698148266,0.0001559999999999999,1.55687367233594,1.5126470018018345
2026-06-04,-0.006985346813240461,-0.007297346813240461,-0.006897148545385257,0.24,0.3,5,-0.008719539590698594,-0.008832579859831474,-8.819826785520443e-05,-0.0004001982678552042,0.0014221927774581335,0.0015352330465910127,0.0003119999999999998,1.5455126252045013,1.5022140507336756
2026-06-05,-0.013963716942452598,-0.0145877169424526,-0.017906230158246328,0.48,0.3,5,-0.009779422937249026,-0.00971068049209866,0.00394251321579373,0.0033185132157937287,-0.004808294005203573,-0.004877036450353939,0.0006240000000000013,1.522967124497031,1.4753150601942868
2026-06-08,-0.01608771405271832,-0.01639971405271832,-0.021441938447014586,0.24,0.3,5,-0.024013840817187222,-0.023609997355795366,0.005354224394296267,0.005042224394296267,0.007614126764468904,0.0072102833030770475,0.0003119999999999998,1.497990899143589,1.4436814454836473
2026-06-09,0.0191877493853998,0.0188757493853998,0.018706324319753387,0.24,0.3,5,0.01447750685524383,0.014458705558125203,0.0004814250656464125,0.00016942506564641274,0.00439824253015597,0.004417043827274597,0.0003119999999999998,1.526266599937433,1.4706874188172747
2026-06-10,-0.01964625581890289,-0.01995825581890289,-0.011082777817184142,0.24,0.3,5,-0.005798479447590593,-0.00637842155533671,-0.00856347800171875,-0.00887547800171875,-0.0141597763713123,-0.013579834263566182,0.0003119999999999998,1.4958049806880347,1.454388116915995
2026-06-11,-0.00317603999666326,-0.00333203999666326,-0.00551342237528385,0.12,0.3,5,-0.0028697913585156282,-0.002767769619035399,0.0023373823786205896,0.0021813823786205897,-0.0004622486381476317,-0.0005642703776278608,0.0001559999999999999,1.490820898665174,1.4463694609298434
2026-06-12,0.01076414752436683,0.01060814752436683,0.011627193407640402,0.12,0.3,5,0.014799204729600631,0.014519726795625007,-0.0008630458832735721,-0.001019045883273572,-0.004191057205233802,-0.0039115792712581775,0.0001559999999999999,1.5066357466906235,1.4631866783909793
2026-06-15,0.019572571676506657,0.019416571676506657,0.023944802867113424,0.12,0.3,5,0.01700101853282928,0.016816073773719905,-0.004372231190606767,-0.004528231190606767,0.0024155531436773764,0.002600497902786752,0.0001559999999999999,1.5358894476566292,1.4982223949628377
2026-06-16,0.0022080175044370326,0.0018960175044370324,-0.0015291985878318481,0.24,0.3,5,-0.004710760987269514,-0.004437248629994715,0.0037372160922688807,0.0034252160922688805,0.006606778491706546,0.006333266134431748,0.0003120000000000002,1.5388015209342665,1.4959313153922025
2026-06-17,0.023568478174281576,0.023100478174281576,0.009654311684853756,0.36000000000000004,0.3,5,0.003984672103614917,0.00472933434101438,0.01391416648942782,0.01344616648942782,0.01911580607066666,0.018371143833267198,0.00046799999999999967,1.5743485718831598,1.5103735025701321
2026-06-18,0.006339399382873941,0.006183399382873941,0.002070918762576923,0.12,0.3,5,-0.010713812525779241,-0.010214771308084082,0.004268480620297018,0.004112480620297018,0.016897211908653183,0.016398170690958024,0.0001559999999999999,1.5840833978709705,1.5135013633951035
2026-06-22,0.02448613508207283,0.02436133508207283,0.023890973257115533,0.096,0.12,5,0.023658657660898492,0.02389936204651026,0.0005951618249572972,0.0004703618249572959,0.0007026774211743372,0.0004619730355625677,0.0001248000000000013,1.6226737843244536,1.5496603839925838
2026-06-23,-0.025531318616972148,-0.025656118616972146,-0.027723651372339675,0.096,0.12,5,-0.02014829644588535,-0.019918105181051127,0.002192332755367527,0.0020675327553675293,-0.0055078221710867965,-0.005738013435921018,0.00012479999999999783,1.5810422732371743,1.5066981397612473
2026-06-24,0.021035916094683266,0.020879916094683267,0.004804197109151254,0.12,0.3,5,-0.004528762427681462,-0.003648554303412263,0.016231718985532013,0.016075718985532013,0.02540867852236473,0.02452847039809553,0.0001559999999999999,1.6140543032445138,1.513936614608652
2026-06-25,0.024436699285844153,0.02428069928584415,0.01559453627101659,0.12,0.3,5,0.005845126564025287,0.006617199683573821,0.008842163014827563,0.00868616301482756,0.018435572721818862,0.01766349960227033,0.00015600000000000336,1.6532446704126167,1.5375457540571866
2026-06-26,-0.027063502109599954,-0.027219502109599954,-0.030255011858519643,0.12,0.3,5,-0.02523718984324278,-0.025116645141051813,0.0031915097489196888,0.003035509748919689,-0.0019823122663571724,-0.002102856968548141,0.0001559999999999999,1.6082441736186355,1.49102728903517
2026-06-29,0.01883497155016663,0.01852297155016663,0.012057896720166994,0.24,0.3,5,0.011238876320880935,0.011513995722098297,0.006777074829999636,0.006465074829999636,0.0072840952292856954,0.007008975828068333,0.0003119999999999998,1.6380336346922948,1.5090059420933066
2026-06-30,0.013839939575844406,0.013371939575844406,0.010658137201712714,0.36000000000000004,0.3,5,0.0019423185880169073,0.002360801856238942,0.003181802374131692,0.002713802374131692,0.011429620987827498,0.011011137719605464,0.00046799999999999967,1.659937321478601,1.5250891344623367
2026-07-01,-0.013203305902895729,-0.013671305902895729,-0.004107998003306745,0.36000000000000004,0.3,5,0.011880733774171958,0.01108552045007027,-0.009095307899588984,-0.009563307899588983,-0.025552039677067685,-0.024756826352966,0.00046799999999999967,1.6372438105770337,1.5188240713431007
2026-07-02,-0.03812082865715115,-0.03843282865715115,-0.029579002105938224,0.24,0.3,5,-0.013508397267089219,-0.014176748656200562,-0.008541826551212925,-0.008853826551212925,-0.02492443139006193,-0.024256080000950586,0.0003119999999999998,1.5743198997351453,1.4738987709382936
2026-07-03,-0.004316958806768365,-0.004628958806768365,0.006208679154940722,0.24,0.3,5,0.010075712000129994,0.009591417955692348,-0.010525637961709087,-0.010837637961709086,-0.014704670806898358,-0.014220376762460712,0.0003119999999999998,1.5670324377705955,1.483049735513911
2026-07-06,-0.008015436570520371,-0.008015436570520371,-3.6285356719178985e-05,0.0,0.3,5,0.004861269524221845,0.004331992416083914,-0.007979151213801192,-0.007979151213801192,-0.012876706094742216,-0.012347428986604285,0.0,1.5544719886616973,1.4829959225252256
2026-07-07,-0.011732006679070279,-0.011732006679070279,-0.010271710149405311,0.0,0.3,5,-0.015569793828284887,-0.015562507032318599,-0.001460296529664968,-0.001460296529664968,0.003837787149214608,0.00383050035324832,0.0,1.5362349129082906,1.4677630182562966
2026-07-08,-0.010470080409564087,-0.010470080409564087,-0.0076641462704545305,0.0,0.3,5,-0.007447705903218083,-0.007613457179960036,-0.0028059341391095567,-0.0028059341391095567,-0.0030223745063460046,-0.002856623229604051,0.0,1.5201504098421612,1.4565138677940166
2026-07-09,0.0355239297897577,0.0355239297897577,0.025397506374573497,0.0,0.3,5,0.0100314747507739,0.010866024126165212,0.010126423415184202,0.010126423415184202,0.0254924550389838,0.024657905663592487,0.0,1.5741521262712654,1.4935056880359698
2026-07-10,-0.03518850775183467,-0.03518850775183467,-0.01958976173081617,0.0,0.3,5,0.0009212318043608928,-0.0002947104982524881,-0.015598746021018503,-0.015598746021018503,-0.036109739556195564,-0.03489379725358218,0.0,1.5187600619734019,1.4642482674637265
2026-07-13,-0.02306388955187317,-0.023219889551873173,-0.01786394276908443,0.12,0.3,5,-0.018694642830188683,-0.01895490709225334,-0.0051999467827887405,-0.005355946782788744,-0.00452524672168449,-0.004264982459619832,0.00015600000000000336,1.4834946210785835,1.4380910202140234
2026-07-14,0.022777376456247857,0.022309376456247858,0.021535836373731465,0.36000000000000004,0.3,5,0.013011802271120615,0.013033904349660817,0.0012415400825163923,0.0007735400825163927,0.009297574185127243,0.009275472106587041,0.00046799999999999967,1.5165904610510443,1.469061513115885
2026-07-15,-0.00660245532912927,-0.00691445532912927,-0.0020263100067507978,0.24,0.3,5,0.006583775449548378,0.006185956796644672,-0.004576145322378472,-0.004888145322378472,-0.013498230778677647,-0.013100412125773942,0.0003119999999999998,1.5061040640555234,1.4660847390713259
2026-07-16,-0.01850179760838805,-0.01865779760838805,-0.018456738835110675,0.12,0.3,5,-0.008595557122619958,-0.00879537786033978,-4.505877327737329e-05,-0.00020105877327737318,-0.01006224048576809,-0.009862419748048268,0.0001559999999999999,1.478003479251205,1.439025595932145
2026-07-17,-0.027779532674932758,-0.027935532674932755,-0.03604160143217072,0.12,0.3,5,-0.026454982421259807,-0.026141255273488692,0.008262068757237964,0.008106068757237968,-0.0014805502536729478,-0.0017942774014440624,0.00015599999999999642,1.4367146647629185,1.3871608089528666
2026-07-20,0.020907233752329384,0.020595233752329384,0.015284619866577032,0.24,0.3,5,0.01486662415817939,0.01509264618697178,0.005622613885752352,0.005310613885752352,0.005728609594149994,0.005502587565357604,0.0003119999999999998,1.4663041391191105,1.4083630346115248
2026-07-21,0.016661480739278756,0.016505480739278756,0.030643338324720437,0.12,0.3,5,0.018941497278077504,0.018355619997761523,-0.013981857585441682,-0.014137857585441681,-0.002436016538798748,-0.001850139258482767,0.0001559999999999999,1.4905061938452657,1.4515199795651557
2026-07-22,0.0014146861765396259,0.001258686176539626,-0.0046388350070549755,0.12,0.3,5,0.004035249102939083,0.004231595485222801,0.006053521183594601,0.0058975211835946015,-0.002776562926399457,-0.0029729093086831746,0.0001559999999999999,1.4923822733875054,1.444786617870509
2026-07-23,-0.0021466043644665575,-0.0024586043644665577,0.0022804840164942775,0.24,0.3,5,0.005907642300158748,0.005595344097997473,-0.004427088380960835,-0.004739088380960835,-0.008366246664625305,-0.00805394846246403,0.0003120000000000002,1.4887130958167023,1.4480814306598075
2026-07-24,-0.015122294799350703,-0.015590294799350703,-0.016668796530491914,0.36000000000000004,0.3,5,-0.023313714804449246,-0.022960169872768332,0.0015465017311412105,0.0010785017311412109,0.007723420005098543,0.007369875073417629,0.00046799999999999967,1.4655036197812659,1.4239436559325556
2026-07-27,0.0075857744192028,0.0074297744192028,0.011450485038076552,0.12,0.3,5,0.012477870714257204,0.012195645878697132,-0.003864710618873752,-0.004020710618873752,-0.005048096295054404,-0.004765871459494332,0.0001559999999999999,1.476391981086766,1.4402485014598754
2026-07-28,-0.023073374346795263,-0.023229374346795263,-0.02826278735373078,0.12,0.3,5,-0.01314886512062624,-0.013124625318520027,0.005189413006935515,0.005033413006935515,-0.010080509226169022,-0.010104749028275236,0.0001559999999999999,1.442096319075495,1.3995430643265856
2026-07-29,0.004686725500697313,0.004530725500697313,0.00672693772118671,0.12,0.3,5,0.010087125281554274,0.009971205626461605,-0.002040212220489397,-0.002196212220489397,-0.005556399780856961,-0.005440480125764292,0.0001559999999999999,1.4486300616427918,1.4089577033584293
2026-07-30,0.0016805782373116975,0.0015245782373116976,-0.010986829794752628,0.12,0.3,5,-0.00288714458218374,-0.0023236525219135135,0.012667408032064325,0.012511408032064325,0.0044117228194954375,0.003848230759225211,0.0001559999999999999,1.450838611508688,1.3934777248836248
2026-07-31,0.0006224381636037576,0.0006224381636037576,0.008456937823493771,0.0,0.3,5,0.010731757885511247,0.010258266662173186,-0.007834499659890012,-0.007834499659890012,-0.01010931972190749,-0.009635828498569428,0.0,1.4517416688297209,1.4052622793613891
2026-08-03,-0.008574173436581338,-0.008730173436581338,-0.009811850267625766,0.12,0.3,5,-0.00456570862806557,-0.004641381403837485,0.0012376768310444278,0.0010816768310444279,-0.004164464808515768,-0.004088792032743853,0.0001559999999999999,1.4390677122757254,1.3914740562895527
2026-08-04,0.0050195837197822436,0.004863583719782244,0.012711872334478791,0.12,0.3,5,0.0034444429951793437,0.0031812089940429487,-0.007692288614696547,-0.007848288614696547,0.0014191407246029,0.001682374725739295,0.0001559999999999999,1.446066738572814,1.4091622968498447
2026-08-05,0.011851434458411574,0.011695434458411574,0.012437593057265106,0.12,0.3,5,0.012144373264938767,0.012104347794138562,-0.0005861585988535326,-0.0007421585988535324,-0.0004489388065271934,-0.0004089133357269882,0.0001559999999999999,1.4629791173362814,1.426688884049704
2026-08-06,0.0013336052963476867,0.0011776052963476868,-0.0014694874144267622,0.12,0.3,5,-0.0016623020099937663,-0.0015545754220936314,0.002803092710774449,0.002647092710774449,0.002839907306341453,0.0027321807184413184,0.0001559999999999999,1.4647019292933026,1.4245923826902904
2026-08-07,0.0037645616536462613,0.0036085616536462614,0.009271947441557238,0.12,0.3,5,0.008658024304711923,0.008364699186526539,-0.005507385787910976,-0.005663385787910976,-0.005049462651065661,-0.004756137532880277,0.0001559999999999999,1.4699873965093722,1.4378011283882377
2026-08-10,0.009790056336100597,0.009478056336100597,0.001616424037262032,0.24,0.3,5,0.0065232931028914596,0.006940747334736098,0.008173632298838565,0.007861632298838565,0.0029547632332091378,0.0025373090013644994,0.0003119999999999998,1.4839200198668459,1.440125224692967
2026-08-11,-0.013278086349170094,-0.013434086349170093,-0.008131816066385134,0.12,0.3,5,-0.008989048094083229,-0.009219119480352103,-0.00514627028278496,-0.00530227028278496,-0.004445038255086865,-0.00421496686881799,0.0001559999999999999,1.4639849101846925,1.4284143912532021
2026-08-12,0.002383576913193057,0.002227576913193057,0.00581668719253936,0.12,0.3,5,0.0038537464002909214,0.003779941263888628,-0.0034331102793463035,-0.0035891102793463034,-0.0016261694870978644,-0.0015523643506955712,0.0001559999999999999,1.4672460491718828,1.4367230309484436
2026-08-13,-0.007558843571586156,-0.007714843571586156,-0.005748386269506245,0.12,0.3,5,-0.008247138065218224,-0.008238350625287794,-0.0018104573020799111,-0.001966457302079911,0.0005322944936320684,0.0005235070537016381,0.0001559999999999999,1.455926475421494,1.4284641920042562
2026-08-14,0.0014864032750057433,0.0013304032750057432,0.0004137907700709764,0.12,0.3,5,-0.0012611698505387665,-0.0012391906730743537,0.0010726125049347669,0.0009166125049347668,0.0025915731255445095,0.002569593948080097,0.0001560000000000001,1.4578634447725622,1.4290552773022844
2026-08-17,0.016836871657965526,0.016680871657965522,0.01612062047357754,0.12,0.3,5,0.010784083114854395,0.010867442398989478,0.0007162511843879851,0.0005602511843879818,0.005896788543111127,0.005813429258976044,0.00015600000000000336,1.482181877789653,1.4520925350634377
