date,l2jbl,主力净额,净流入额
2010-01-04,-0.011617775938910184,-28790.390000000007,-66517.42
2010-01-05,0.03102379895074919,77608.33000000006,111234.2
2010-01-06,-0.03834829321895335,-94653.99000000002,-44557.67
2010-01-07,-0.05455765800219101,-131781.79,-136103.52
2010-01-08,-0.03139597608550973,-76021.46000000002,-62739.92
2010-01-11,-0.06524575392236406,-159533.51,-178985.28
2010-01-12,-0.04264604274292301,-105089.32000000002,-74022.1
2010-01-13,-0.1884544511032034,-442773.28,-236312.06
2010-01-14,-0.05257421301254539,-124343.12000000001,-62815.25
2010-01-15,-0.03520100868292992,-83158.66,-73117.68
2010-01-18,-0.1260839206317539,-296422.14,-187899.95
2010-01-19,-0.04334076027752392,-101835.55000000002,-41496.86
2010-01-20,-0.14180129677832495,-314978.87,-267707.48
2010-01-21,-0.03302359241693039,-76596.60999999999,-40390.27
2010-01-22,-0.03485679558109756,-81448.85999999999,-63936.27999999999
2010-01-25,-0.00046863180906888926,-1085.9500000000007,-76664.95
2010-01-26,-0.03645887913947514,-83560.25,-118670.67
2010-01-27,-0.03667469777751979,-82359.56999999999,-101463.12
2010-01-28,-0.021667829956804965,-48362.67,-51447.28999999999
2010-01-29,-0.02410787225082958,-53647.2,-42823.81
2010-02-01,-0.028911806861607495,-63711.90999999999,-79841.31
2010-02-02,0.027516315604421426,60755.39,-58286.4
2010-02-03,0.05103657286280865,115732.65000000002,113467.99
2010-02-04,-0.007687736736658476,-17318.239999999998,-71860.28
2010-02-05,-0.0192274699353661,-43413.929999999986,-70378.09999999999
2010-02-08,-0.008835175029651572,-19859.059999999994,-19212.08
2010-02-09,-0.002149995410954005,-4866.090000000002,-28722.56
2010-02-10,0.014193576151680782,32442.79000000001,-1688.4099999999999
2010-02-11,0.0037752000019118975,8629.27,-3794.4
2010-02-12,-0.0007259037216403898,-1674.0599999999995,-996.6300000000003
2010-02-22,-0.009042694188688919,-20707.510000000002,-38221.14
2010-02-23,-0.06987465912272808,-156891.78000000006,-54988.25
2010-02-24,-0.02609930211504898,-58789.57999999998,-17429.37
2010-02-25,0.010582719590926515,24133.669999999995,14794.83
2010-02-26,-0.004620890025460101,-10517.229999999992,-48374.78
2010-03-01,0.021848240389780855,51289.66000000001,30934.25
2010-03-02,0.0015146133066945493,3553.070000000007,-83047.96
2010-03-03,-0.006843616311221291,-16097.740000000013,-47594.31
2010-03-04,-0.030717869039336838,-68828.05000000003,-133759.33
2010-03-05,-0.010182564628235066,-20937.109999999993,-25436.969999999998
2010-03-08,-0.005367699964826187,-11095.549999999997,-17671.89
2010-03-09,0.02613253519512558,54568.28999999997,37359.78
2010-03-10,0.011871536138581208,24680.509999999995,-41183.43
2010-03-11,0.0072892169158154,15214.460000000003,8550.269999999995
2010-03-12,-0.0004772339783563511,-987.5799999999517,-60079.78
2010-03-15,-0.02876931946485134,-65647.05999999998,-75939.08
2010-03-16,0.007058239297233261,16202.889999999996,3224.2800000000025
2010-03-17,0.038028347315788115,88846.77,90746.87
2010-03-18,-0.016481514201726305,-38252.47999999998,-84342.56
2010-03-19,0.004539252134606839,10701.75,-16798.49
2010-03-22,-0.009690809500902358,-22886.209999999992,-20736.6
2010-03-23,-0.027011260929684908,-63359.19,-96210.47
2010-03-24,-0.00902677412379491,-21262.78999999999,-39193.26
2010-03-25,-0.024932019393644006,-58288.10000000001,-93707.09
2010-03-26,0.014422497486155119,31518.74000000002,21365.05
2010-03-29,0.06100801923044258,148164.06000000003,163853.8
2010-03-30,0.007125853953522617,17321.320000000007,-15407.190000000002
2010-03-31,-0.01704598976010388,-41190.53,-66724.33
2010-04-01,0.0015698265828950318,3826.5500000000093,23345.7
2010-04-02,-0.020265117509361913,-49192.37,-87837.0
2010-04-06,-0.007907056259255606,-19174.37000000001,-43654.94
2010-04-07,-0.030520014319494044,-73729.42000000001,-57152.18
2010-04-08,-0.11713719320902065,-133723.58000000002,-143372.6
2010-04-09,-0.015787000357279656,-37897.17000000003,-19665.68
2010-04-12,-0.03887111320787769,-92109.35000000005,-134186.05
2010-04-13,0.018285392794830393,44126.279999999984,43077.0
2010-04-14,0.006506071217974071,15651.970000000014,-35288.43
2010-04-15,-0.019119673348415196,-45982.69,-63521.009999999995
2010-04-16,-0.0395231770901453,-86215.24000000002,-104426.82
2010-04-19,-0.12476265559887047,-259042.65,-248292.58
2010-04-20,-0.024377023036832188,-50278.52999999997,-38863.7
2010-04-21,0.03606834733336899,75464.95999999999,61437.130000000005
2010-04-22,-0.0178773159825407,-36814.1,-62820.15
2010-04-23,-0.041010586214115116,-83842.12999999998,-99669.1
2010-04-26,-0.009395644794798461,-19014.619999999984,-56836.08
2010-04-27,-0.03965277296393409,-78998.79,-128815.0
2010-04-28,-0.017244693002017586,-34348.72000000001,-25556.08
2010-04-29,0.00031726954227702376,633.1900000000169,-31404.34
2010-04-30,-0.0013067343578723129,-2638.869999999967,26020.45
2010-05-04,-0.02684361841038181,-58148.41999999997,2053.180000000001
2010-05-05,-0.0537681584959089,-115976.2300000001,-76754.38
2010-05-06,-0.08014601912599638,-166692.24999999997,-213457.72
2010-05-07,-8.057571465045896e-05,-167.36000000001923,-53950.25
2010-05-10,0.004978607019533902,10491.479999999967,3953.850000000002
2010-05-11,-0.022870884508757565,-47662.159999999996,-108614.19
2010-05-12,0.02517670126513586,53771.85000000001,96441.09000000001
2010-05-13,0.040205274956179614,86923.23000000004,41682.659999999996
2010-05-14,-0.014559179556230617,-31109.67999999999,-61693.899999999994
2010-05-17,-0.04950503865211118,-101659.33,-139964.48
2010-05-18,0.02686353329962198,26101.94000000001,76179.81
2010-05-19,-0.003351041150829825,-6925.480000000002,-37179.31
2010-05-20,-0.025593283281730845,-52667.25000000001,-84843.16
2010-05-21,0.008006802181452707,16646.09999999999,15834.24
2010-05-24,0.026644492119251878,56813.44,44484.68
2010-05-25,-0.033268930539883064,-63539.89000000001,-102191.52
2010-05-26,-0.017059779566559633,-33471.649999999994,-33747.49
2010-05-27,0.014481466888269009,26186.90000000001,22694.9
2010-05-28,-0.021035706626948744,-37710.47,-36095.19
2010-05-31,-0.026884103608170163,-50594.850000000006,-68263.76000000001
2010-06-01,-0.0017675542199125831,-3311.730000000006,-45146.869999999995
2010-06-02,-0.011605369710650413,-23153.350000000002,-30595.329999999998
2010-06-03,0.013756088122695152,27443.679999999986,-12392.34
2010-06-04,-0.001572733373707132,-3143.6299999999883,-5350.89
2010-06-07,-0.02325887117632368,-45492.26,-68023.84
2010-06-08,-0.02360024008461653,-46400.500000000015,-57245.42
2010-06-09,-0.0009976192346754641,-2016.6099999999788,34829.39
2010-06-10,-0.020347774206510478,-40430.37,-42240.369999999995
2010-06-11,0.004341667058847575,8671.339999999993,5934.889999999999
2010-06-17,-0.00027354235491870954,-514.099999999994,-14765.2
2010-06-18,0.004228045664435197,8415.409999999985,-35926.43
2010-06-21,0.06200038288860343,127359.41000000005,130124.02
2010-06-22,-0.0072236045864576244,-14803.120000000006,-12963.1
2010-06-23,-0.015010966060353723,-27040.659999999993,-34062.33
2010-06-24,0.003925900974044437,7838.199999999998,4075.010000000001
2010-06-25,0.004879845626467446,9962.329999999989,-1704.9999999999998
2010-06-28,-0.0020247502323276385,-3992.959999999981,2765.3900000000003
2010-06-29,-0.03589741263920978,-62583.23000000001,-61898.950000000004
2010-06-30,-9.164807614010502e-05,-158.0600000000095,-7162.41
2010-07-01,-0.012253542268347638,-20944.429999999997,-34881.71
2010-07-02,-0.010509731028818095,-18076.55999999998,15741.900000000001
2010-07-05,0.0011901892469181638,2037.0600000000004,-21670.61
2010-07-06,0.013668122635303271,23850.03,33754.61
2010-07-07,0.007306182788503128,12719.719999999998,-15518.210000000001
2010-07-08,0.005245766984214264,9157.84000000001,-20705.920000000002
2010-07-09,0.038211931932906625,68093.57000000002,56079.34
2010-07-12,0.029434423717359954,52411.459999999985,21842.52
2010-07-13,-0.0088786642411549,-15935.370000000006,-22045.43
2010-07-14,0.0016356337976097535,2947.630000000013,-3428.1899999999996
2010-07-15,-0.008936326249799892,-15835.439999999999,-33108.6
2010-07-16,-0.000883964613345558,-1560.309999999989,-16394.9
2010-07-19,0.040890183044828936,73332.00000000001,75023.49
2010-07-20,0.031113734162688304,55808.56999999998,-12207.669999999998
2010-07-21,-0.005362755496767895,-9702.99,-54267.75
2010-07-22,0.0216586712492259,39580.40000000001,39879.28
2010-07-23,0.0433509877156554,80233.31,39430.3
2010-07-26,-0.01087684737269707,-19743.30000000001,-25220.47
2010-07-27,0.002519451259042932,4531.150000000009,-17821.5
2010-07-28,0.03689580443069516,69141.53000000001,115211.98
2010-07-29,0.004606417407195647,8638.229999999987,-29082.079999999998
2010-07-30,-0.004644920571174114,-8635.570000000002,-18511.030000000002
2010-08-02,0.028977520189408204,54812.479999999996,68585.18
2010-08-03,0.007604414500920522,14138.51000000001,-83271.87
2010-08-04,-0.016860866328099907,-31323.82000000001,-25679.23
2010-08-05,-0.030408245718151074,-55761.41,-90520.53
2010-08-06,-0.0045784769018394535,-8468.76,25990.88
2010-08-09,0.024950493284138082,46269.18999999999,12342.550000000001
2010-08-10,-0.03729769821932213,-67550.27,-159364.07
2010-08-11,-0.009233065154454748,-16780.08000000001,-10617.669999999998
2010-08-12,-0.02587700086305303,-46283.11,-52069.56
2010-08-13,-0.017518938389622287,-31503.579999999994,3111.0999999999995
2010-08-16,0.020884377656259185,38235.36000000001,58295.840000000004
2010-08-17,-0.0018326860942336053,-3349.799999999991,-5007.35
2010-08-18,-0.013095572102134512,-23836.270000000015,-44182.23
2010-08-19,0.011156735634509835,20469.969999999998,24391.940000000002
2010-08-20,-0.007717119589158956,-14033.819999999983,-79879.44
2010-08-23,0.00508712192687117,9266.109999999993,-24238.44
2010-08-24,-0.007580821416160423,-13748.429999999998,-28089.04
2010-08-25,-0.039340129908206734,-69962.57,-96051.24
2010-08-26,-0.021594935507310915,-38574.96,-43101.950000000004
2010-08-27,-0.009232481073106551,-16452.179999999993,-22922.260000000002
2010-08-30,-0.0046805815689209855,-8442.179999999988,41371.26
2010-08-31,-0.02440513696125009,-43563.210000000014,-67008.36
2010-09-01,-0.003543110389937825,-6314.119999999991,-44424.840000000004
2010-09-02,-0.03491442472893936,-70688.10999999999,-67214.34
2010-09-03,-0.020404054284286367,-41315.750000000015,-58955.57
2010-09-06,0.04077569888210519,84278.49000000002,67192.23
2010-09-07,-0.009432047334333662,-19396.319999999996,-58472.100000000006
2010-09-08,-0.055286434407482356,-112345.03999999998,-116184.59
2010-09-09,-0.058597308386108826,-117487.70000000001,-161708.88
2010-09-10,-0.022628508761486914,-45465.82,-41070.29
2010-09-13,-0.0035925364049542593,-7236.710000000006,-29736.33
2010-09-14,0.0037473374293079146,7520.669999999998,-67352.92
2010-09-15,-0.013854932448805604,-27519.700000000004,-89971.86
2010-09-16,-0.0351102740264005,-68649.57999999999,-106969.67
2010-09-17,-0.012348000096283989,-23438.67999999999,-36209.880000000005
2010-09-20,0.00011771542714713675,231.22000000000241,-2748.26
2010-09-21,0.00929232796461897,9025.69000000001,-10288.82
2010-09-27,0.014086917199211433,27928.859999999997,-1395.4099999999962
2010-09-28,-0.003042928780298331,-5999.5499999999865,-73886.06
2010-09-29,0.0005221401331114302,1029.8599999999942,-30063.89
2010-09-30,0.04757787283637893,95394.22999999997,130484.8
2010-10-08,0.08539969116457513,176425.88,84137.56
2010-10-11,0.1539286619318174,327919.94999999995,29702.31
2010-10-12,0.06037297197431194,129045.40000000001,44738.78999999999
2010-10-13,0.05649352309793866,122316.32000000002,157931.85
2010-10-14,0.13667759040417782,303795.16000000003,204123.03
2010-10-15,0.10767625037544773,251960.71999999988,301729.74
2010-10-18,-0.004576681852970764,-10687.820000000029,-140721.93
2010-10-19,0.03130350797743742,73453.32000000005,38031.19
2010-10-20,0.03485451618582615,82462.63000000005,56706.06
2010-10-21,-0.04864053064136263,-112686.23000000005,-148941.38
2010-10-22,-0.0037989367267694126,-8746.98000000001,-41595.16
2010-10-25,0.03216708761939366,75722.29,153193.47
2010-10-26,-0.0817580784913476,-188882.92999999996,-204018.90000000002
2010-10-27,-0.047842409930487655,-109257.72000000006,-178254.76
2010-10-28,-0.033791230329246864,-71569.97999999998,-70633.16
2010-10-29,-0.11103754379102851,-248007.78,-258578.46
2010-11-01,-0.018856608055506326,-37427.080000000016,35887.94
2010-11-02,-0.036042359307218726,-81911.38,-88434.75
2010-11-03,0.0009163089670934496,2121.2199999999903,7940.589999999998
2010-11-04,0.006945937502513776,16244.430000000046,-12624.72
2010-11-05,0.04435262525996924,106408.56000000001,-60377.80999999999
2010-11-08,-0.04006046326842967,-95892.41999999994,-123991.73999999999
2010-11-09,-0.043544055653844775,-103293.07000000005,-160899.21
2010-11-10,-0.059230281100958564,-139574.30000000005,-188317.44999999998
2010-11-11,-0.008292107924464758,-19691.800000000116,29619.42
2010-11-12,-0.10525422775392934,-241958.58000000002,-354851.17000000004
2010-11-15,-0.02159079901150167,-51389.88000000004,-120401.11
2010-11-16,-0.15639876849303086,-167854.52,-219381.25
2010-11-17,-0.05531921125287818,-58607.4,-59064.87
2010-11-18,-0.026838440467905365,-28793.32000000001,-22656.239999999998
2010-11-19,-0.10373848983903017,-111609.45999999999,-131132.41
2010-11-22,-0.02871487260773361,-30749.12999999997,-55396.71
2010-11-23,-0.039151364133420734,-41435.06999999998,-97279.86
2010-11-24,-0.004775007190848336,-10517.969999999985,29877.590000000004
2010-11-25,-0.00540904162769999,-11948.200000000023,-32947.07
2010-11-26,-0.007712671010701075,-16817.100000000017,-91274.59
2010-11-29,-0.016048811504384752,-34997.57999999998,-34376.619999999995
2010-11-30,-0.030683236776276733,-66887.39000000001,-120393.89
2010-12-01,0.002596669731637877,5719.149999999996,-13205.32
2010-12-02,0.01109566290599965,24705.19999999999,-12397.87
2010-12-03,0.008369043593292295,18656.98000000002,3842.1400000000017
2010-12-06,0.023102071456822436,51842.659999999996,22850.370000000003
2010-12-07,0.0058591643313541065,13159.480000000005,15424.609999999997
2010-12-08,-0.0365127009697531,-80661.79000000001,-111082.81
2010-12-09,-0.03285630791830325,-71766.66000000002,-82033.44
2010-12-10,-0.00055444229643769,-1225.1999999999784,42715.28
2010-12-13,0.013469914741218647,30171.070000000007,78859.49
2010-12-14,-0.014027760354749693,-31308.350000000017,-60055.44
2010-12-15,-0.009257814823081674,-19991.790000000026,-57880.85
2010-12-16,-0.050718181058380225,-111971.89000000001,-114480.97
2010-12-17,-0.025554996690637516,-56178.98999999999,-114349.01000000001
2010-12-20,-0.04234481829523891,-91796.03000000001,-138148.82
2010-12-21,0.016787690777781583,36922.84999999999,93351.38
2010-12-22,-0.016564084066429483,-35956.09000000002,-112392.37
2010-12-23,-0.011985108727301725,-26024.26000000002,-37879.57
2010-12-24,0.0020873493336168868,4535.069999999976,-3274.0900000000033
2010-12-27,-0.032047293668550414,-68591.01000000001,-119340.03
2010-12-28,-0.029530308121086198,-62370.91000000001,-64268.85
2010-12-29,-0.0264321005075464,-56111.38000000001,-40353.85
2010-12-30,-0.02162530171201639,-46459.429999999986,-29755.57
2010-12-31,-0.0043827973225838675,-9477.87000000001,16446.869999999995
2011-01-04,0.02429763859679507,52966.05000000002,24850.87
2011-01-05,-0.0432653614420076,-92907.59999999999,-143262.79
2011-01-06,-0.04852300278181117,-103169.91999999993,-77950.34
2011-01-07,0.04712872830393748,102828.62999999992,57225.81999999999
2011-01-10,-0.04061036740332779,-86908.89000000001,-139134.44
2011-01-11,-0.007237201714675033,-15601.679999999993,-6058.109999999999
2011-01-12,0.015878830201146277,34560.59999999995,259.39000000000095
2011-01-13,0.00148951308967343,3261.810000000005,-46651.68
2011-01-14,-0.02042922436911886,-44474.44000000002,-75832.49
2011-01-17,-0.05708512846211556,-120495.96000000002,-126498.66
2011-01-18,-0.007263682809532539,-15454.649999999994,-13441.169999999998
2011-01-19,-0.005132494528938143,-10941.599999999997,-17056.73
2011-01-20,-0.02718459448360176,-56616.47,-120633.32999999999
2011-01-21,-0.002213465683912782,-4676.580000000007,23118.210000000003
2011-01-24,-0.026241453079743106,-53420.79000000001,-71400.63
2011-01-25,-0.015169720289693215,-31783.600000000017,-2616.5599999999986
2011-01-26,-0.003704815756994781,-7789.339999999995,-12822.48
2011-01-27,0.01914199271844935,40685.52000000002,15419.82
2011-01-28,-0.010620705983360523,-22435.87999999999,-68929.33
2011-01-31,-0.0018258170338639095,-3891.700000000017,10183.34
2011-02-01,-0.007190355732522905,-15373.940000000019,-4608.570000000001
2011-02-09,-0.009077494345134454,-19269.00999999999,-64088.35
2011-02-10,0.015970793413938592,34348.53000000001,37579.409999999996
2011-02-11,-0.012791708067688748,-27519.210000000014,-71962.36
2011-02-14,0.10855215128755208,240685.78,202337.65
2011-02-15,-0.0057663076016960055,-12708.569999999987,-67921.51999999999
2011-02-16,-0.029505406159377988,-64956.56999999995,-89166.44
2011-02-17,-0.014113775809054385,-30958.669999999984,-81344.0
2011-02-18,-0.00796896623091257,-17458.559999999994,-42543.32
2011-02-21,0.0030089906392663976,6591.770000000022,-3909.780000000005
2011-02-22,-0.06179887166091299,-132248.93000000002,-214226.24
2011-02-23,-0.006899544256471624,-14786.64,-5094.8700000000035
2011-02-24,0.0053742415775895145,11549.529999999993,-71829.76000000001
2011-02-25,0.018291097941051264,39526.97000000003,29462.34
2011-02-28,0.022642400898128672,49086.88999999999,28956.88
2011-03-01,0.026955120926314302,58749.85000000003,39022.15
2011-03-02,0.05257740849470464,115026.06000000003,77064.03
2011-03-03,0.07902386568139494,174075.07,88048.35
2011-03-04,0.03837831766655404,85685.45000000004,112271.63999999998
2011-03-07,0.0706863521976518,159955.33,119766.09000000001
2011-03-08,-0.005767776512351067,-13054.909999999994,-70128.48
2011-03-09,0.01114420842717101,25274.360000000033,-24747.08
2011-03-10,-0.046054180865071605,-102535.91999999997,-174224.78
2011-03-11,-0.034820334592524274,-76549.79999999997,-87401.99
2011-03-14,-0.002696448106596925,-5279.229999999994,-25640.44
2011-03-15,-0.02781235330187733,-60455.040000000045,-177823.73
2011-03-16,0.012994768611507288,28596.379999999997,5446.350000000001
2011-03-17,-0.021255055203606345,-46338.66999999999,-61796.840000000004
2011-03-18,-0.019412742038752786,-42325.74999999999,-39032.25
2011-03-21,0.0009884578011790702,2177.0399999999845,-31880.010000000002
2011-03-22,0.01734221475443714,38534.30999999999,38690.69
2011-03-23,0.02246947069216761,47238.4,-4946.739999999998
2011-03-24,0.006858909975520186,14394.700000000008,-50373.85
2011-03-25,0.05210512528409123,110765.32000000002,110999.96
2011-03-28,-0.0019469859106492607,-4146.96999999997,-46648.28
2011-03-29,-0.012838684735687358,-29198.68000000001,-1431.6899999999996
2011-03-30,-0.011054866831766128,-25122.670000000002,-43561.28
2011-03-31,-0.0077469656683448575,-17437.999999999993,-55295.87
2011-04-01,0.032679187903336265,74660.50999999998,109667.62999999999
2011-04-06,0.07645133011573473,178236.56000000003,129908.62000000001
2011-04-07,0.03013102468434,70049.84000000001,-46772.75
2011-04-08,0.003230028703096648,7510.459999999994,-19266.35
2011-04-11,0.012182659543932791,28361.48999999996,-42456.75
2011-04-12,-0.009064111189306386,-21127.909999999978,-72615.48
2011-04-13,0.01672065342112364,37028.710000000014,90208.55
2011-04-14,0.014443079974041295,33936.53000000001,-80456.48
2011-04-15,0.012257026179262838,29069.610000000004,8297.539999999997
2011-04-18,0.01784428264152272,42215.589999999975,-18951.190000000002
2011-04-19,-0.018231205041262764,-38859.450000000004,-108149.91
2011-04-20,-0.024383113836067536,-56314.260000000024,-43329.8
2011-04-21,-0.01123722331374562,-26052.48999999999,-27651.36
2011-04-22,-0.015575317053235487,-35842.709999999985,-64953.91
2011-04-25,-0.010168323117291786,-23604.32000000002,-93625.18000000001
2011-04-26,-0.027523153593803574,-63691.52,-53997.65
2011-04-27,-0.011701522773607973,-27163.01999999997,-64518.920000000006
2011-04-28,0.00224112366422204,5240.030000000035,-383.9199999999985
2011-04-29,-0.016774218291282766,-36852.179999999964,-44758.63999999999
2011-05-03,0.001267722973423121,2958.1299999999887,2070.2799999999997
2011-05-04,-0.03584239700428207,-82019.32000000002,-120909.15000000001
2011-05-05,-0.006944206914585771,-16020.829999999989,-39438.34
2011-05-06,-0.004081047547308779,-9070.700000000012,-20143.559999999998
2011-05-09,-0.008390553992099677,-19204.55999999999,-71603.14
2011-05-10,0.0007431722223936025,1708.1799999999969,-10991.94
2011-05-11,-0.003201466355020632,-7318.879999999999,-45557.61
2011-05-12,-0.006408249263436716,-14507.160000000013,-29829.85
2011-05-13,-0.008053107581987667,-18506.650000000012,19562.79
2011-05-16,-0.009487634902840079,-21506.460000000003,-70841.7
2011-05-17,-0.004162044641228631,-9455.05,-9316.44
2011-05-18,0.013716976491108673,31583.289999999975,8847.88
2011-05-19,-0.003658093429726435,-8429.95000000001,-48667.05
2011-05-20,0.005523428089791366,12384.039999999985,-29478.19
2011-05-23,-0.0398216760103967,-89401.2,-165716.67
2011-05-24,-0.009251110040526839,-20686.0,-28172.469999999998
2011-05-25,-0.008715182729628665,-17563.949999999997,-75963.14
2011-05-26,-0.0017994954184193841,-3993.2699999999963,-5834.559999999999
2011-05-27,-0.007343964537784869,-16264.830000000004,14979.95
2011-05-30,0.014577065229618472,28440.749999999996,42405.54
2011-05-31,0.01872020594654065,20340.09999999998,27551.67
2011-06-01,0.015678494517050855,35451.29000000001,-63356.939999999995
2011-06-02,-0.02759593709623975,-61350.090000000004,-98609.67
2011-06-03,0.004138158453371422,9210.370000000006,8770.439999999999
2011-06-07,0.009880488733847526,22042.86000000001,12307.91
2011-06-08,-0.013955613689306617,-31001.319999999992,-37987.08
2011-06-09,-0.011318808711927624,-23404.3,-57094.92
2011-06-10,-0.010587118722866704,-23339.670000000002,16590.86
2011-06-13,0.00018209214334576426,405.45000000000186,-13294.91
2011-06-14,0.009315422914484263,20683.120000000017,-7006.060000000001
2011-06-15,-0.01344244714315246,-29074.98,-50955.74
2011-06-16,-0.019177919122465276,-37016.11,-28215.61
2011-06-17,-0.010300118808963109,-22143.760000000017,-18192.61
2011-06-20,-0.00792569652160687,-16936.129999999997,-36329.63
2011-06-21,0.01567214595346931,33774.909999999996,-8233.78
2011-06-22,0.0036213472203417995,7845.1100000000015,-15722.17
2011-06-23,0.017045272080379432,37383.91,25692.9
2011-06-24,0.052375194423077996,117747.72999999998,72253.44
2011-06-27,-0.0069622534183794915,-15634.590000000015,-57569.94
2011-06-28,-0.009925427105481556,-22328.070000000003,-35763.11
2011-06-29,-0.0234615221335785,-52212.01,-58275.64
2011-06-30,0.029348870506373553,65829.64000000003,65410.270000000004
2011-07-01,-0.009029658482475606,-19848.880000000005,-92771.26999999999
2011-07-04,0.0420877178775279,93982.06999999998,66595.90000000001
2011-07-05,-0.01318815130864858,-29714.880000000034,-76715.42
2011-07-06,-0.014477174542631109,-32412.109999999997,-60421.34
2011-07-07,0.001826612700587761,4062.9699999999975,-31656.43
2011-07-08,0.010599775125088624,23737.220000000005,6310.370000000003
2011-07-11,-0.0017182568401291297,-3838.779999999989,-41808.27
2011-07-12,-0.04539749560866005,-99838.58000000002,-155613.6
2011-07-13,0.013757548668272529,30659.599999999988,37242.240000000005
2011-07-14,-0.016409139996751716,-36763.75,-41787.4
2011-07-15,-0.007109300119499312,-15997.140000000007,-21280.32
2011-07-18,-0.01356022082565854,-30358.369999999984,-42259.88
2011-07-19,-0.02806096087621817,-62524.01000000002,-86573.16
2011-07-20,-0.01631984968670081,-36403.34000000001,-47548.51
2011-07-21,-0.020183625782455045,-44849.19,-65274.060000000005
2011-07-22,-0.005306420854190858,-11806.019999999995,-30307.93
2011-07-25,-0.03613678495488128,-78745.14999999998,-134174.26
2011-07-26,-0.009571491060170344,-20884.399999999994,-10400.27
2011-07-27,-0.014076698045702288,-30677.03,-46699.939999999995
2011-07-28,-0.04118603151781101,-88431.40999999999,-105874.49
2011-07-29,-0.0005664131247244053,-1230.199999999987,-17837.07
2011-08-01,0.0002798819344269222,605.960000000005,-20484.67
2011-08-02,-0.006693371093807109,-14366.299999999996,-49430.2
2011-08-03,0.004328036362799466,9267.529999999995,-14241.95
2011-08-04,-0.0021007736413785655,-4491.399999999993,-48970.89
2011-08-05,-0.026796626346327047,-56274.920000000006,-101161.52
2011-08-08,0.007418284167429602,15251.36999999999,-56199.41
2011-08-09,0.020291269113001914,42102.02000000001,-40356.51
2011-08-10,0.020578059661854508,43176.61999999997,-42144.130000000005
2011-08-11,0.019956524660819697,42358.22999999999,55496.06
2011-08-12,-0.0168070756136868,-35544.78999999999,-40302.76
2011-08-15,0.011439531298516334,23169.61000000001,29094.089999999997
2011-08-16,0.0033323144705495224,7091.78999999998,-42767.229999999996
2011-08-17,0.002876327644579529,5562.710000000002,3217.969999999999
2011-08-18,-0.01143606316330049,-24237.25,-52038.21
2011-08-19,-0.001998120924951307,-4196.109999999993,15034.809999999998
2011-08-22,0.000931957704087634,1937.4399999999923,-52736.409999999996
2011-08-23,0.008532899956106578,17934.669999999995,15260.589999999998
2011-08-24,-0.015675020432014044,-32689.950000000008,-69395.37
2011-08-25,0.03986878043461414,85598.26999999996,156410.58
2011-08-26,-0.006212722523005748,-12538.31,-45380.59
2011-08-29,-0.0381637577687281,-80157.31,-115050.76
2011-08-30,-0.006320851952579307,-13294.819999999983,-24757.79
2011-08-31,-0.0006410443429005755,-1356.8099999999997,-17693.52
2011-09-01,0.006369008953356232,13470.210000000003,5263.4299999999985
2011-09-02,-0.01224880650262847,-25707.41,-40605.33
2011-09-05,-0.0168960062951552,-35058.79,-44481.020000000004
2011-09-06,-0.007412135668170944,-15327.330000000005,-22126.04
2011-09-07,0.004964729157106361,10421.769999999991,23930.47
2011-09-08,0.0009803182263879403,2058.9000000000024,-16234.869999999999
2011-09-09,0.00040593178048519145,771.9199999999983,5540.6900000000005
2011-09-13,-0.008948522662760097,-18671.59000000001,-2919.2400000000007
2011-09-14,-0.011570914619745236,-23957.870000000003,-48146.25
2011-09-15,0.004201912383232226,8481.560000000001,-13342.11
2011-09-16,0.0017619464671881225,3659.0700000000024,-19197.68
2011-09-19,-0.010775992585932412,-22125.880000000005,-51444.15
2011-09-20,-0.0022961038197826444,-4722.770000000002,-559.6600000000005
2011-09-21,0.01607002729060179,33635.08000000001,52399.009999999995
2011-09-22,-0.03815300790394439,-77415.73999999999,-105049.5
2011-09-23,-0.019784831059697538,-39938.42999999999,-51129.17
2011-09-26,-0.056380506007478785,-110599.79000000002,-145401.3
2011-09-27,-0.011640320803266475,-23111.829999999998,13493.47
2011-09-28,-0.005292677954070985,-10428.529999999988,-42559.24
2011-09-29,-0.01084582345438015,-21291.73,2530.6600000000003
2011-09-30,-0.008786558057562024,-17267.58999999999,-15256.76
2011-10-10,-0.013391937697637083,-26240.019999999993,-18896.07
2011-10-11,-0.008301076511746283,-16468.640000000014,-6754.889999999999
2011-10-12,0.0484571594804491,98787.73,105498.13
2011-10-13,0.013279430171905053,27140.01,-26316.39
2011-10-14,-0.0019287806817876456,-3947.180000000009,6195.34
2011-10-17,0.01737490177889815,35837.289999999986,14674.509999999998
2011-10-18,-0.01700282936096356,-34669.52999999999,-72435.03
2011-10-19,-0.002684880362713745,-5497.57,3715.11
2011-10-20,-0.014269516049891347,-28838.299999999996,-60549.72
2011-10-21,0.005151695344087771,10445.79,-6465.919999999999
2011-10-24,0.03054360543069425,63287.51000000001,69970.23
2011-10-25,0.03010052424497403,63010.87000000001,11516.369999999999
2011-10-26,0.039281659300669895,82745.49999999999,11653.52
2011-10-27,0.000988428851417375,2097.5900000000224,21621.54
2011-10-28,0.01924361875594668,41151.86000000001,35615.47
2011-10-31,-0.008721196813864693,-18605.870000000003,-60452.91
2011-11-01,0.015525267165671396,33156.44,19736.91
2011-11-02,0.009308519384747522,20099.90999999998,64125.47
2011-11-03,-0.008346801156809937,-17963.129999999986,-56949.18
2011-11-04,3.838413280682498e-05,83.00000000001052,-465.0000000000001
2011-11-07,-0.01398551820927553,-29964.869999999984,-43508.380000000005
2011-11-08,-0.009650346233847657,-20723.43,394.8999999999994
2011-11-09,-0.002968057764501888,-6417.7699999999995,8943.949999999999
2011-11-10,-0.02700942404995951,-57000.30000000001,-75286.61
2011-11-11,-0.014864537006687646,-31512.1,-16959.5
2011-11-14,0.014794984247857747,31893.339999999997,30352.649999999998
2011-11-15,-0.009826359902835929,-21010.610000000004,-41359.85
2011-11-16,-0.03773875885410393,-79215.26000000001,-157435.33000000002
2011-11-17,-0.016641671953570372,-34973.58999999999,-15877.07
2011-11-18,-0.018451865115716323,-38481.71000000001,-56113.76
2011-11-21,-0.012526247338851914,-25999.01999999999,-4900.62
2011-11-22,0.00625288535640027,12975.28999999999,11030.65
2011-11-23,-0.010734627644668392,-22255.020000000004,-29768.530000000002
2011-11-24,2.6309696398155286e-05,54.85999999998626,6504.000000000001
2011-11-25,-0.00438984283382725,-9069.050000000005,-28438.63
2011-11-28,-0.006256034812274684,-12975.930000000006,22726.23
2011-11-29,0.0036353561132423224,3539.990000000004,6316.4000000000015
2011-11-30,-0.01659291126796538,-33919.659999999996,-86125.75
2011-12-01,0.024306720002697173,51012.89000000001,74183.88
2011-12-02,-0.0036668280305826736,-7664.279999999998,-6681.06
2011-12-05,-0.0027273056346432826,-5698.839999999997,-596.6300000000019
2011-12-06,-0.009131696980566898,-18832.829999999998,-20853.29
2011-12-07,0.008755966363757571,18095.920000000013,25602.43
2011-12-08,-0.0052977168952159995,-10917.599999999995,2785.2000000000003
2011-12-09,-0.008635658869388357,-17771.210000000006,-17271.53
2011-12-12,-0.005879228960132842,-11985.319999999998,-13730.35
2011-12-13,-0.028064550592436434,-56844.08000000001,-23374.09
2011-12-14,-0.0026557909366278928,-5346.839999999998,7850.71
2011-12-15,-0.014851981293538747,-29671.170000000002,-40448.560000000005
2011-12-16,0.006666331176450022,13545.20999999999,-14232.97
2011-12-19,0.0025941570576309683,5269.230000000012,3989.059999999999
2011-12-20,0.004886271394993951,9891.390000000007,-2644.34
2011-12-21,-0.010407005661953577,-20855.47999999999,-31259.309999999998
2011-12-22,-0.011321308844131246,-22774.219999999994,-10509.550000000001
2011-12-23,-0.003936947221126306,-7565.989999999997,-43.329999999999814
2011-12-26,-0.010593106609948128,-21222.119999999988,-35083.61
2011-12-27,-0.0020250115235257737,-4047.6800000000094,-5713.63
2011-12-28,-0.0011170598606764113,-2240.240000000003,21587.050000000003
2011-12-29,0.005435640317487749,10928.12,6141.879999999999
2011-12-30,0.0074589050244598856,14808.429999999993,-1215.0900000000001
2012-01-04,-0.010395925761480004,-20895.190000000006,-37236.67
2012-01-05,0.0035184015474212034,7101.1900000000005,1504.899999999999
2012-01-06,-0.008400182093743106,-17079.18000000002,1752.7200000000012
2012-01-09,0.023365251707578208,48193.419999999984,52061.17
2012-01-10,0.020576866958611946,43198.07,55477.39
2012-01-11,-0.015503290162844545,-32396.329999999994,-28890.04
2012-01-12,0.01730685349503342,36217.19999999999,19527.32
2012-01-13,-0.003297378980546997,-6874.879999999995,-2094.7299999999996
2012-01-16,-0.007154459142237664,-14741.759999999998,-22751.53
2012-01-17,0.015612117005542676,32972.22999999996,42677.87
2012-01-18,-0.0034690321531633413,-7233.9600000000155,-17804.57
2012-01-19,0.018878928409913513,40045.22000000001,64376.350000000006
2012-01-20,0.018349566591093786,39257.18,38094.12
2012-01-30,-0.0035190800552889856,-7389.179999999972,-70373.82
2012-01-31,-0.009390923823243488,-19796.469999999998,-7463.05
2012-02-01,-0.00856851308509444,-17891.550000000017,-51308.02
2012-02-02,0.018519026182591596,39701.009999999995,59170.29
2012-02-03,0.012641132068506712,27285.810000000034,24998.8
2012-02-06,-0.00999621912785193,-21533.470000000012,-19604.31
2012-02-07,-0.010066760005723437,-21314.940000000013,-38651.54
2012-02-08,0.00938319300278069,18503.629999999994,65966.14
2012-02-09,0.010070828825107257,21816.449999999997,-26896.27
2012-02-10,0.010030220893225488,21628.590000000004,1836.9899999999993
2012-02-13,-0.005163839209998524,-11105.039999999995,-3014.550000000001
2012-02-14,-0.004920877777059728,-10529.45999999999,-40934.01
2012-02-15,0.008738341274018424,18812.790000000015,32609.260000000002
2012-02-16,0.0003911025868355808,841.3300000000033,-60657.020000000004
2012-02-17,-0.004687402781164094,-10091.69,-1984.1100000000001
2012-02-20,-0.011118437138575934,-23979.269999999975,-17146.76
2012-02-21,-0.00015927506994994393,-347.03000000000975,12182.16
2012-02-22,0.009530889251126263,20796.79,-13788.98
2012-02-23,0.008239986673258853,8395.040000000023,-11210.3
2012-02-24,0.017305405223815285,38061.490000000005,27264.42
2012-02-27,-0.005948528064560884,-13083.709999999983,-5816.730000000001
2012-02-28,-0.011123302545100609,-22835.93,37337.06
2012-02-29,-0.009615755955777303,-19658.810000000027,-23156.7
2012-03-01,-0.008130005109731624,-16551.52000000001,3822.56
2012-03-02,0.01651922581884755,33844.999999999985,19435.64
2012-03-05,-0.011237657889627656,-22780.399999999994,-78814.44
2012-03-06,-0.02438280272301176,-52462.79000000002,-44188.34
2012-03-07,-0.014087142280246892,-30083.259999999984,-50072.6
2012-03-08,0.010707718562393992,23021.70999999999,6617.570000000002
2012-03-09,-0.0005592043634000036,-1207.0100000000025,-4559.9400000000005
2012-03-12,-0.019354874661569016,-41637.77999999998,-49378.47
2012-03-13,0.01582420242138598,34259.54000000001,34673.89
2012-03-14,-0.007812881446706901,-16711.65999999999,-48350.34
2012-03-15,-0.020711503110614142,-44139.21000000002,-3471.2400000000007
2012-03-16,-0.0067292515060720075,-14462.609999999977,16667.31
2012-03-19,-0.00411582355899539,-8813.429999999997,-44580.119999999995
2012-03-20,-0.020702685627750624,-44158.34999999999,-64937.08
2012-03-21,-0.016000565273599682,-34055.14000000001,-22144.68
2012-03-22,0.004058408206303651,8402.700000000003,-2355.69
2012-03-23,-0.007184527303646502,-15309.929999999988,-30008.780000000002
2012-03-26,-0.0035683371928011552,-7629.350000000001,-5697.869999999999
2012-03-27,-0.004696445345534249,-10001.439999999988,-24754.84
2012-03-28,-0.01765812545486463,-37185.81999999998,-35384.28
2012-03-29,-0.003356974644100165,-7003.859999999985,-11261.38
2012-03-30,0.0004595053559904143,966.7099999999906,-55.699999999998425
2012-04-05,0.023800187538951002,50383.350000000006,-2634.51
2012-04-06,0.014211667784210605,30115.860000000015,-18773.21
2012-04-09,0.002595511705017716,5110.030000000001,-15955.91
2012-04-10,-0.0019000989930723386,-4028.919999999996,720.5300000000005
2012-04-11,0.007135081071865201,15122.560000000001,-846.7099999999995
2012-04-12,0.033693700283187716,72825.19,78985.37
2012-04-13,0.012599152842319073,27296.120000000024,8031.48
2012-04-16,-0.003693097142730167,-7982.659999999992,-13099.23
2012-04-17,-0.016757932978516413,-35922.06000000001,-37769.159999999996
2012-04-18,0.00623314448401253,13559.50000000003,49092.35
2012-04-19,0.001778995743865743,3858.2600000000416,-22079.75
2012-04-20,0.019424213079036433,42781.50999999999,38252.84
2012-04-23,-0.00745844335168124,-16286.139999999992,-55405.159999999996
2012-04-24,0.001693399607453025,3719.2499999999854,34531.72
2012-04-25,0.019767054708042752,43540.79000000001,-23230.100000000002
2012-04-26,0.002824971839922653,6210.510000000006,11209.660000000002
2012-04-27,-0.009460181077000555,-20782.039999999994,-28525.52
2012-05-02,0.00869798503157589,19364.96,45057.76
2012-05-03,0.01252620876196377,27797.160000000047,539.3499999999997
2012-05-04,0.003335622016122493,7457.490000000023,33369.42
2012-05-07,-0.004035545113847132,-9027.569999999976,29236.29
2012-05-08,-0.00963059010187964,-21489.18999999999,6521.859999999999
2012-05-09,-0.007565904849489035,-16679.86999999999,-57959.490000000005
2012-05-10,-0.013805786805375548,-30461.300000000003,3364.1100000000006
2012-05-11,-0.011837588959504741,-25923.00000000001,-32630.25
2012-05-14,-0.0004910032334284397,-1071.0699999999983,-43185.35
2012-05-15,0.009662069799889563,21048.260000000024,-1529.250000000001
2012-05-16,-0.012598856898201049,-27127.739999999987,-98785.83
2012-05-17,0.007422216889669839,16158.659999999998,26031.23
2012-05-18,-0.017156627869393197,-36727.299999999996,-101032.28
2012-05-21,-0.006312249108549231,-13524.720000000003,-13989.539999999999
2012-05-22,0.021460725484099944,46415.70999999999,49369.97
2012-05-23,0.010444829842021799,22431.63000000002,-2255.4600000000014
2012-05-24,-0.014240820522435341,-30368.199999999986,-58929.68
2012-05-25,-0.01480118461155722,-30630.209999999995,-47717.57
2012-05-28,0.009913061189012804,20562.890000000003,14537.929999999998
2012-05-29,0.017876994933657894,34390.25000000001,45894.69
2012-05-30,0.004772631864163267,9314.33999999998,-9518.419999999998
2012-05-31,0.006945364205945496,6878.869999999981,7387.560000000001
2012-06-01,-0.004849526390837931,-10549.969999999994,19924.19
2012-06-04,-0.016376953768451982,-34922.88999999999,-77324.91
2012-06-05,-0.010255870006953535,-21995.81999999999,-17867.36
2012-06-06,-0.008275124062205031,-17755.130000000012,1162.3799999999999
2012-06-07,-0.0006029787999322643,-1287.8400000000092,-27123.46
2012-06-08,-0.029057460486779537,-61468.47000000001,-30149.53
2012-06-11,-0.005078871222936549,-10802.940000000011,-3623.3600000000006
2012-06-12,-0.007320456910315288,-15523.220000000014,-26551.64
2012-06-13,0.014858642131224979,31981.52000000001,60816.159999999996
2012-06-14,0.003350597762238023,6994.769999999988,-9057.289999999999
2012-06-15,0.010787838690290954,22757.350000000017,54979.9
2012-06-18,0.0004002024947054317,842.6400000000051,-16304.970000000001
2012-06-19,-0.009610839295783739,-20136.83999999999,-26254.559999999998
2012-06-20,-0.011925430801517018,-23434.18999999999,13792.920000000002
2012-06-21,-0.023326495677713527,-48179.73000000001,-81609.32
2012-06-25,-0.016185239161653348,-33368.539999999986,-5297.319999999999
2012-06-26,-0.008919555314490821,-18391.479999999992,-1366.0199999999995
2012-06-27,0.003434928326133038,6374.539999999999,9185.34
2012-06-28,-0.007667342006059057,-15737.009999999993,-2657.59
2012-06-29,0.010910260281213655,22699.180000000015,59602.700000000004
2012-07-02,0.004798786164550205,10025.68,-26160.85
2012-07-03,0.004303400176038738,9024.50000000002,13712.080000000002
2012-07-04,-0.0021773285839108278,-4582.609999999985,-652.1700000000003
2012-07-05,-0.00926479493984243,-19403.140000000007,-26854.949999999997
2012-07-06,-0.010605520373201782,-22215.519999999993,24373.890000000003
2012-07-09,-0.02748686555892881,-56043.869999999995,-64736.450000000004
2012-07-10,-0.013392547965139317,-27194.49999999998,-10383.81
2012-07-11,-0.0021484022509145823,-4373.790000000008,32599.16
2012-07-12,0.0056097737529523335,11381.139999999974,12469.669999999998
2012-07-13,0.003333728806656073,6795.95999999999,82.9800000000007
2012-07-16,-0.021020747544186112,-42716.530000000006,-11980.75
2012-07-17,-0.0034836698458702254,-7101.109999999997,8565.560000000001
2012-07-18,-0.017694256757704585,-35984.01999999998,-1184.6200000000006
2012-07-19,0.010466471615820178,21308.250000000025,30966.6
2012-07-20,-0.006527976475781431,-13178.539999999999,-46115.15
2012-07-23,-0.018519591012116723,-36778.899999999994,-57241.159999999996
2012-07-24,-0.002002146382157835,-3967.0199999999986,-7981.890000000002
2012-07-25,0.003867713519349684,7667.059999999999,-6269.84
2012-07-26,0.0004250089772676865,840.2499999999957,-11616.699999999999
2012-07-27,-0.008810040739743912,-17570.150000000005,4577.510000000001
2012-07-30,-0.0008843787943711938,-1757.5800000000013,-9120.67
2012-07-31,0.000286444458899828,573.6100000000041,18485.18
2012-08-01,0.00073804713113233,1485.270000000009,12461.01
2012-08-02,0.0016278797373431666,3269.079999999996,-4834.92
2012-08-03,-0.0044441319094200874,-8947.24999999999,5083.35
2012-08-06,0.007001864928628131,14118.370000000006,4499.91
2012-08-07,-0.00523805833356854,-10535.970000000005,-21149.19
2012-08-08,0.004152360024276058,8419.310000000001,7770.9400000000005
2012-08-09,0.005150210178427706,10471.97,27444.25
2012-08-10,-0.021754052583237836,-44146.03999999999,9838.730000000001
2012-08-13,-0.0671845843482517,-134858.46000000002,-65411.79000000001
2012-08-14,-0.01812179027997231,-36423.319999999985,-10771.250000000002
2012-08-15,-0.012427053070996601,-24713.65,-31360.56
2012-08-16,-0.014811236650578706,-29359.129999999997,-13463.17
2012-08-17,-0.0038434556156628046,-7628.610000000025,-11153.330000000002
2012-08-20,-0.003201977351019287,-6353.290000000003,-11319.24
2012-08-21,0.0016315025062250297,3237.2700000000104,-13169.390000000001
2012-08-22,0.0003006029006444362,595.1500000000009,3433.5400000000004
2012-08-23,0.005360053678819792,10577.070000000003,7626.21
2012-08-24,0.0016443610408508906,3244.440000000006,-7601.91
2012-08-27,-0.01659040338232819,-32412.099999999988,-16951.79
2012-08-28,-0.005140869661649468,-10096.260000000006,10106.78
2012-08-29,-0.0013198877418628425,-2571.8199999999947,-7146.709999999999
2012-08-30,-0.003490843288018713,-6833.5599999999995,16686.78
2012-08-31,-0.005098011771570648,-9921.659999999998,-13605.37
2012-09-03,0.02451697375045225,41968.869999999995,-22697.120000000003
2012-09-04,0.007735159137424599,15001.56000000002,-61412.86
2012-09-05,-0.004893542449963047,-9420.230000000001,-50503.5
2012-09-06,0.0025752717072430255,4971.139999999998,-6407.25
2012-09-07,0.015616114953389035,31188.600000000006,88239.33
2012-09-10,-0.004502754691320773,-8986.719999999992,-14864.49
2012-09-11,-0.009488006635100368,-18830.87999999998,-40125.53
2012-09-12,-0.0029003932046780803,-5729.64999999999,-24240.68
2012-09-13,-0.0016243481293456092,-3200.20999999999,-5773.450000000001
2012-09-14,0.00154848569713169,3083.0600000000018,47707.56
2012-09-17,-0.020187758807235445,-39663.72,-32154.489999999998
2012-09-18,-0.0032108970134658147,-6243.770000000002,-39557.33
2012-09-19,-0.0011945637330173595,-2316.719999999999,528.4200000000005
2012-09-20,0.004755210631872737,9131.599999999995,-44991.8
2012-09-21,0.00538105562651328,10321.340000000004,-8753.54
2012-09-24,0.004463820895991625,8557.879999999997,-19396.989999999998
2012-09-25,0.0065893729502863015,12701.949999999986,-8868.41
2012-09-26,-0.0033786710713740436,-6476.549999999995,-26846.85
2012-09-27,0.007930950321257036,15604.459999999997,42136.740000000005
2012-09-28,0.03260434855059249,64810.52000000002,64558.33
2012-10-08,-0.004275935111538287,-8440.210000000005,-27124.519999999997
2012-10-09,-0.003004425261412329,-6025.200000000007,36612.2
2012-10-10,-0.0007169061976807613,-1435.550000000001,-8430.039999999999
2012-10-11,-0.005619106497391174,-11240.110000000004,-12989.11
2012-10-12,-0.009491701421142744,-19077.73999999999,13647.45
2012-10-15,-0.003243167731339715,-6507.370000000001,-5906.49
2012-10-16,0.004999874338955901,10060.150000000009,6743.27
2012-10-17,-0.0045851332720436315,-9254.47,4106.030000000001
2012-10-18,0.007455442775334125,15205.439999999995,43416.600000000006
2012-10-19,-0.003956285690036393,-8090.560000000004,12303.97
2012-10-22,0.00013109754929384627,268.4099999999994,24897.85
2012-10-23,-0.012234158278535306,-24836.71000000002,-42647.85
2012-10-24,-0.01075267353750591,-21801.979999999992,3570.1199999999994
2012-10-25,-0.006924863661832193,-13933.7,-19984.45
2012-10-26,-0.015115814336673018,-30062.719999999994,-52400.61
2012-10-29,-0.013929255275127003,-27416.64,-36059.03
2012-10-30,-0.0007854277778789214,-1549.190000000005,8958.8
2012-10-31,0.0018394954271891285,3647.5499999999993,4835.48
2012-11-01,0.001620165189948878,3259.569999999996,56235.47
2012-11-02,-0.002853083073206514,-5773.559999999989,28402.7
2012-11-05,0.0018753171912960966,3778.5900000000033,-2390.1500000000005
2012-11-06,0.005797995790784831,11701.61999999999,2308.57
2012-11-07,0.0020438474824508723,4123.060000000002,-7251.009999999999
2012-11-08,-0.0025569920189629867,-5114.930000000005,-12861.59
2012-11-09,2.4306300725548427e-05,48.70999999999742,833.8499999999997
2012-11-12,-0.007244687239295973,-14549.879999999997,6079.879999999997
2012-11-13,-0.01403562272400844,-27810.08999999999,-61826.9
2012-11-14,-0.006114611958305756,-12166.269999999997,14928.47
2012-11-15,-0.0018363061552899018,-3620.070000000005,-20459.12
2012-11-16,-0.006684300541121516,-13096.159999999998,-46150.54
2012-11-19,-0.011253766820884345,-21971.710000000006,-3036.4000000000005
2012-11-20,-0.013992867508822135,-27136.149999999994,-27113.74
2012-11-21,-0.0037079658472987877,-7259.560000000001,12464.11
2012-11-22,-0.001180132355078709,-2306.089999999985,-15653.68
2012-11-23,0.004977385535499092,9804.079999999996,21032.76
2012-11-26,-0.005902819011057909,-11582.830000000004,-7459.460000000001
2012-11-27,-0.008850696610303181,-17353.129999999994,-2118.5099999999998
2012-11-28,-0.012411914336713794,-24284.0,1280.4900000000002
2012-11-29,-0.016101120074277688,-31454.290000000005,-1738.8499999999995
2012-11-30,-0.0019346548585006736,-3789.7600000000016,7790.829999999999
2012-12-03,-0.008690392138568585,-16799.379999999983,-23171.780000000002
2012-12-04,-0.004772586539291898,-9226.159999999994,46749.28
2012-12-05,0.04451679591111203,88089.90000000001,100033.59999999999
2012-12-06,-0.0032378151562236306,-6417.149999999972,28650.67
2012-12-07,0.03878679144010376,77819.81000000001,63008.05
2012-12-10,0.03331831855961163,60491.43999999997,57983.37
2012-12-11,0.01047088302048185,21182.560000000005,-14424.079999999998
2012-12-12,-0.0023243738691113096,-4763.639999999997,51685.01
2012-12-13,-0.011178122546055314,-22550.249999999993,-39153.99
2012-12-14,0.04947763629840824,104604.85000000002,200064.46
2012-12-17,0.006447473972254437,13677.440000000004,18568.53
2012-12-18,0.01301328760078393,27774.530000000013,65017.71
2012-12-19,-0.002525926683176152,-5386.460000000016,44343.94
2012-12-20,-0.015828378632655783,-33706.999999999985,32141.149999999998
2012-12-21,-0.0037900494042344374,-7989.6399999999885,-6835.790000000001
2012-12-24,-0.010221679135446787,-21530.759999999987,9223.460000000003
2012-12-25,0.01652583015603441,35829.039999999986,154592.49
2012-12-26,-0.009571799440795432,-20621.62,-24908.99
2012-12-27,-0.021443800410283192,-45904.020000000004,-8288.650000000001
2012-12-28,0.020374226533491368,44433.110000000015,118484.65
2012-12-31,0.012117324840632314,26879.660000000014,126021.09999999999
2013-01-04,-0.005820496436768735,-13033.94999999999,-6687.39
2013-01-07,-1.108795816839792e-05,-24.90999999998928,57417.58
2013-01-08,-0.030290241915609906,-67134.47,-54619.79000000001
2013-01-09,-0.024243848485390476,-53792.32999999999,-21949.36
2013-01-10,-0.015650178669915756,-35072.77999999998,7719.379999999999
2013-01-11,-0.0438883029297203,-97057.66999999998,-88442.73000000001
2013-01-14,0.023839127966317625,54284.9,208826.30000000002
2013-01-15,0.005515832773065617,12531.760000000024,-8698.970000000001
2013-01-16,-0.025437363356892926,-57351.830000000016,-74482.07
2013-01-17,-0.006306070600421437,-14023.269999999993,-57682.35
2013-01-18,-0.008539783864439437,-19187.349999999995,62948.85
2013-01-21,0.01946127849302569,43712.28999999997,48825.97
2013-01-22,0.040568377107977685,92041.81000000006,5948.090000000001
2013-01-23,-0.0009681364867784613,-2185.679999999982,21578.35
2013-01-24,-0.005683938505290776,-12869.009999999998,35894.55
2013-01-25,-0.03493515133190694,-78257.96999999999,-18204.559999999998
2013-01-28,0.033052939066107186,75587.26999999996,140637.3
2013-01-29,0.04282309069805384,98648.20999999999,63773.55
2013-01-30,0.008394990314158024,19582.990000000016,-30869.270000000004
2013-01-31,-0.0031091300323043804,-7272.700000000004,48991.73
2013-02-01,0.03507954063832357,83760.52000000005,229221.38
2013-02-04,-0.031664712583735426,-75465.12000000008,-68033.87
2013-02-05,-0.018795460655930272,-44497.64999999999,-24226.300000000003
2013-02-06,0.0036344857582750944,8659.789999999988,46852.020000000004
2013-02-07,-0.02513891366052121,-58993.520000000004,-48724.30000000001
2013-02-08,-0.0012269707819201206,-2884.360000000005,51827.04
2013-02-18,-0.04245663743828585,-98230.71000000002,-76631.79
2013-02-19,-0.03917254436659946,-89491.8,-90476.41
2013-02-20,-0.023295263563042134,-53061.219999999994,-24433.849999999995
2013-02-21,-0.03380727711552177,-75138.48,-174332.16999999998
2013-02-22,-0.012849493182179431,-28296.330000000016,-83418.73
2013-02-25,-0.013090008619459637,-28820.08000000001,-29281.05
2013-02-26,-0.01430500672722753,-31114.639999999978,-53220.91999999999
2013-02-27,-0.006639270408217288,-14672.030000000017,-8692.06
2013-02-28,0.003907042747983459,8801.369999999999,177098.51
2013-03-01,-0.009647701121491086,-21565.10000000003,-79439.76
2013-03-04,-0.1107502452309711,-238343.99000000005,-176350.74
2013-03-05,0.0311258874624266,69443.13,124568.13
2013-03-06,0.01941380570171155,43496.73000000002,26975.35
2013-03-07,-0.011805187489480269,-26144.659999999993,-79708.43
2013-03-08,-0.007335469949990757,-16225.440000000022,-15177.8
2013-03-11,-0.015449579909188656,-33959.179999999986,-35740.29
2013-03-12,-0.019149297663157733,-41843.28,-101484.72
2013-03-13,-0.01843661401004977,-40106.79999999999,-108367.70000000001
2013-03-14,-0.003441176926939795,-7495.359999999998,-66585.81
2013-03-15,-0.030346152779914422,-66026.74999999994,-87566.14
2013-03-18,-0.03512420033576502,-74737.57,-135411.96
2013-03-19,-0.011324788176309341,-24243.999999999978,-3360.71
2013-03-20,0.054621546248788684,120657.0,182980.23
2013-03-21,-0.0035543714614718253,-7838.859999999977,-3610.479999999998
2013-03-22,-0.005067360579295092,-11204.810000000018,14963.02
2013-03-25,-0.018285430517719668,-40294.68,-40294.67
2013-03-26,-0.012140587705909752,-26339.30000000002,-80048.08
2013-03-27,-0.008387463050591754,-18202.269999999986,-8143.8600000000015
2013-03-28,-0.09155321042729808,-192106.21999999997,-36541.92
2013-03-29,-0.020135447822089557,-42603.84999999999,-18560.91
2013-04-01,0.001994914871213904,4198.140000000018,-41058.0
2013-04-02,-0.013000870149237233,-27317.790000000034,-45391.94
2013-04-03,-0.005668195530575931,-11987.570000000012,5818.2699999999995
2013-04-08,-0.008128698853859818,-17089.77000000001,-42805.95
2013-04-09,0.005943011228054306,12538.800000000001,23166.69
2013-04-10,0.005949263028224261,12557.190000000008,-13777.06
2013-04-11,0.01246983977368302,26367.060000000005,-29400.37
2013-04-12,0.0020859105742191235,4401.170000000005,-2183.679999999999
2013-04-15,-0.0032846913606981447,-6878.819999999998,-40927.9
2013-04-16,-0.006707381906063613,-14101.199999999979,46609.280000000006
2013-04-17,0.0019831679927364843,4168.660000000005,21689.620000000003
2013-04-18,0.007763760265058482,16408.30000000001,50941.08
2013-04-19,0.028033790529263563,60479.289999999986,78338.06
2013-04-22,0.00034623423735175913,743.5799999999936,-15101.249999999998
2013-04-23,-0.036759432912346485,-77444.43,-124303.84
2013-04-24,-0.007205759077205489,-15370.190000000013,19278.239999999998
2013-04-25,-0.013479589455898814,-28610.76000000001,-4788.219999999999
2013-04-26,-0.004521650153948473,-9530.520000000008,-27429.64
2013-05-02,-0.0018480363763285345,-3900.249999999994,-38804.88
2013-05-03,0.018802552215929674,40131.05999999998,76154.04
2013-05-06,0.004116447903181231,8869.540000000003,24952.68
2013-05-07,-0.003643055652941707,-7866.299999999995,-5359.3899999999985
2013-05-08,-0.014515373633612941,-31395.290000000008,-34389.94
2013-05-09,-0.000907399270486619,-1961.0200000000114,-51601.62
2013-05-10,-0.00010541675620904824,-229.38000000000739,29790.850000000002
2013-05-13,-0.007784790772719444,-16903.63999999997,-30761.149999999998
2013-05-14,0.0006485742020996905,1396.7099999999828,-86180.77
2013-05-15,-0.0060467407963626625,-13034.67,-11306.559999999998
2013-05-16,0.012481781531174872,27218.050000000003,48876.170000000006
2013-05-17,-0.009003284707924287,-19852.460000000025,53445.64
2013-05-20,0.015426180419599872,34310.60000000003,44336.869999999995
2013-05-21,-0.024514476808527842,-54388.37000000002,-69422.14
2013-05-22,0.02568809150581688,57078.650000000016,56602.399999999994
2013-05-23,-0.014795437259569326,-32580.989999999976,-99830.41
2013-05-24,-0.010659742317488707,-23484.730000000007,-17023.920000000002
2013-05-27,-0.01079124752301637,-23662.589999999997,-34912.520000000004
2013-05-28,0.011824167610289005,26380.05000000001,73958.13
2013-05-29,0.001604021874048038,3579.0800000000054,-35508.200000000004
2013-05-30,-0.011250506487113602,-25028.270000000004,-38341.89
2013-05-31,-0.008480531024494095,-18739.670000000006,-48975.53
2013-06-03,0.0024808501565849604,5520.540000000004,-2408.7199999999975
2013-06-04,-0.011187922914266723,-24839.459999999974,-31348.12
2013-06-05,-0.03453228217143629,-76159.94,-74737.22
2013-06-06,-0.0360835345998851,-78504.28,-80182.52
2013-06-07,-0.031971698789651413,-69090.69,-85479.44
2013-06-13,-0.029688034686466618,-62701.28999999999,-93103.08
2013-06-14,-0.007441157163726226,-15760.029999999988,-13367.5
2013-06-17,-0.007730641109551214,-16233.000000000005,-23090.5
2013-06-18,0.006999636830468406,14853.390000000005,-35174.32
2013-06-19,-0.011227579903880956,-23685.559999999987,-62489.15
2013-06-20,-0.022222244447095817,-45632.89000000001,-106743.01
2013-06-21,0.004209359153219812,8623.469999999996,29389.88
2013-06-24,-0.0674585452321123,-131809.91,-109626.9
2013-06-25,-0.020878797675708764,-41207.490000000005,-31596.64
2013-06-26,-0.005237105974604548,-9998.870000000003,-53624.26
2013-06-27,-0.006995933839520736,-13532.67000000001,-14021.149999999998
2013-06-28,0.022598614188659622,45591.5,54444.66
2013-07-01,-0.0027791189766038344,-5598.699999999996,-3653.84
2013-07-02,-0.006725029390972722,-13529.73,18110.44
2013-07-03,0.005934441333723359,11490.15000000001,-24376.74
2013-07-04,0.006790509317197776,13439.170000000006,21564.15
2013-07-05,0.00723928738599882,14445.880000000005,23889.379999999997
2013-07-08,-0.001977386812738417,-3910.070000000008,-11325.429999999998
2013-07-09,-0.008158970268515382,-16138.629999999996,-26098.09
2013-07-10,0.00496483844997165,9879.500000000007,30548.829999999998
2013-07-11,0.043901970422155254,90198.26000000007,163868.99000000002
2013-07-12,-0.01949930073641247,-39283.68999999999,-95187.12
2013-07-15,-0.008034036791190509,-16206.94000000002,-327.7900000000009
2013-07-16,-0.005936262472989746,-12006.879999999997,-29847.37
2013-07-17,-0.020967897178541535,-42023.29999999999,-68020.36
2013-07-18,-0.024760327018194386,-48990.12999999999,-77435.41
2013-07-19,-0.030821427737601173,-60418.54,-89077.89
2013-07-22,-0.007724376646363684,-15108.120000000019,8055.090000000001
2013-07-23,0.008521493331290708,16861.220000000005,51320.42
2013-07-24,-0.021522584730539297,-42132.56,-75793.97
2013-07-25,-0.005763294622733569,-11267.520000000006,-35898.45
2013-07-26,-0.0053957318195299465,-10507.11000000001,-1041.0199999999995
2013-07-29,-0.02249344031215796,-43223.58999999999,-36302.729999999996
2013-07-30,-0.011600569020123954,-22402.099999999977,33683.04
2013-07-31,-0.006884087434224534,-13236.710000000001,-22362.72
2013-08-01,0.013181262675661547,25689.09999999998,63741.33
2013-08-02,0.0019318252145294214,3764.3200000000006,-6342.970000000001
2013-08-05,0.007705533149648901,15098.410000000002,27551.38
2013-08-06,0.0011095723892796973,2167.1399999999876,11062.009999999998
2013-08-07,-0.0016314719379983396,-3177.3599999999983,-21493.04
2013-08-08,0.0007442896671105165,1447.7800000000004,-21106.09
2013-08-09,-0.007384798593752867,-14380.709999999997,-32526.13
2013-08-12,0.04050942362353201,80731.07000000002,164094.37999999998
2013-08-13,0.021141329789325963,42395.279999999955,61014.82
2013-08-14,-0.0016428554874245987,-3282.430000000004,2432.619999999999
2013-08-15,-0.006087992699521723,-12127.639999999996,-30564.420000000002
2013-08-16,-0.00442276704162015,-8785.459999999992,38611.95
2013-08-19,-0.0010337372682158387,-2056.7100000000055,24660.42
2013-08-20,-0.000267892099291928,-530.5499999999984,-33072.93
2013-08-21,-0.00580190009278274,-11480.220000000007,-21625.339999999997
2013-08-22,-0.005500466508676292,-10862.759999999993,-6442.959999999999
2013-08-23,-0.017901940856218847,-35006.70000000002,-69863.38
2013-08-26,0.0024349978325704505,4835.640000000004,78065.6
2013-08-27,0.003224970256930359,6375.179999999998,-24657.29
2013-08-28,-0.0038078520820887477,-6763.6300000000065,-31279.78
2013-08-29,-0.013061247728343158,-23137.42,-30764.829999999998
2013-08-30,0.005347229327347251,9536.370000000003,11179.24
2013-09-02,-0.030637306084629272,-54167.860000000044,73186.85
2013-09-03,0.009684220349470517,17389.759999999987,94810.26
2013-09-04,0.0030026649917142822,5379.489999999993,-20252.190000000002
2013-09-05,0.0033362462574204536,6649.830000000011,-17225.94
2013-09-06,0.013552540109672268,27138.32,23838.050000000003
2013-09-09,0.0784930888717812,162882.77000000002,280026.48
2013-09-10,0.029543715089185497,60940.40999999998,142936.54
2013-09-11,-0.009537577014660362,-20050.63000000003,22088.08
2013-09-12,0.006544142626304617,13977.389999999936,99409.53
2013-09-13,-0.03143555110475591,-66134.63000000002,-81793.49
2013-09-16,-0.04560022887783544,-95834.64999999997,-72757.66
2013-09-17,-0.03225188280430158,-66467.14000000003,-92808.82
2013-09-18,-0.017380700396644633,-36248.43999999996,10052.439999999999
2013-09-23,-0.011103179001361548,-23255.370000000024,4211.660000000001
2013-09-24,-0.0662756304093283,-136310.87,-124377.94
2013-09-25,-0.020450582201865214,-41897.9,-29973.45
2013-09-26,-0.025081003910956353,-50790.35000000001,-82678.1
2013-09-27,-0.00808964061538237,-16435.810000000005,-15057.23
2013-09-30,-0.005242451543550287,-10677.490000000002,28405.53
2013-10-08,0.000799924795993917,1637.8600000000124,29452.22
2013-10-09,0.001723308351684027,3544.8799999999824,9856.5
2013-10-10,-0.016778787298445716,-34216.10999999998,-67750.73999999999
2013-10-11,0.004969110044355692,10257.949999999999,75199.59
2013-10-14,-0.005922292505324757,-12192.93000000002,-1408.7399999999966
2013-10-15,-0.00782540382637101,-16024.719999999998,-7703.389999999999
2013-10-16,-0.030794350168392264,-62858.59,-49078.87
2013-10-17,-0.02261573492225153,-45989.470000000016,-38701.280000000006
2013-10-18,0.009770936063854058,19874.26,52010.18
2013-10-21,0.009895711659072092,20326.010000000002,66911.49
2013-10-22,-0.018314389743633593,-37278.96,-70297.95
2013-10-23,-0.0014613436231821,-2977.7700000000114,6867.089999999999
2013-10-24,-0.013238049992807704,-26784.83,-30366.3
2013-10-25,-0.0035308122318977275,-7097.119999999997,-44212.090000000004
2013-10-28,-0.003820722863455492,-7656.170000000003,-1366.3899999999999
2013-10-29,0.02864733324378178,58284.97,79578.03
2013-10-30,0.011391896318448625,23310.57000000002,65063.06
2013-10-31,-0.02567366789030623,-52185.41,-37148.0
2013-11-01,0.0025416506013413204,5208.459999999991,52482.57
2013-11-04,-0.015740691527140728,-32139.399999999987,-48856.24999999999
2013-11-05,-0.021234627317398305,-43202.49999999998,-32340.13
2013-11-06,-0.01826465799223625,-36805.170000000006,-34377.33
2013-11-07,-0.016274059795232068,-32889.50000000001,-649.7099999999991
2013-11-08,-0.021653688070780466,-43366.12999999999,-71525.97
2013-11-11,-0.005752274743031282,-11550.64,-10401.610000000004
2013-11-12,0.00991665112355538,20110.75,67832.19
2013-11-13,-0.031006337601442134,-61843.98999999999,-95468.87
2013-11-14,-0.011404271407255077,-22702.53000000001,-23989.02
2013-11-15,0.040139470582625646,80759.18999999997,82179.61
2013-11-18,0.0854568774915164,177787.07000000012,248899.2
2013-11-19,-0.011495534985195063,-23742.100000000013,-27471.73
2013-11-20,-0.026127748602643868,-54006.44999999996,15098.17
2013-11-21,-0.03370940500874717,-69696.74999999999,-65996.15
2013-11-22,-0.00325914745405703,-6710.310000000009,-18897.22
2013-11-25,-0.009657321601856358,-19729.71000000001,15129.920000000002
2013-11-26,-0.02356769576833055,-48054.79999999999,-11342.54
2013-11-27,-0.004238431994153977,-8689.999999999973,45912.78
2013-11-28,-0.0008522920171172435,-1754.5299999999825,43814.86
2013-11-29,-0.011327172589230399,-23299.680000000015,-21305.51
2013-12-02,0.01037728817618765,21652.07999999995,93595.44
2013-12-03,-0.016001931882203835,-33157.84999999999,-23672.420000000002
2013-12-04,0.022346367441596005,46610.14000000003,80483.22
2013-12-05,-0.009337660560808448,-19380.750000000022,-15806.23
2013-12-06,-0.03705276252413556,-76532.54999999997,-77127.36
2013-12-09,-0.019033423231835357,-39188.26000000001,-34947.7
2013-12-10,-0.000247145484850462,-510.3999999999928,31744.32
2013-12-11,-0.03250290050317026,-66316.18000000001,-115050.0
2013-12-12,-0.011505485717256854,-23367.16000000002,-52394.99
2013-12-13,-0.016148270812920872,-32618.960000000006,-9018.59
2013-12-16,-0.01992768738396911,-39850.389999999985,-86561.83
2013-12-17,-0.015978064593080467,-31880.210000000014,-38118.0
2013-12-18,-0.01212656803889415,-24211.99999999999,3518.0200000000013
2013-12-19,-0.01635303958526408,-32303.27000000002,-47758.71
2013-12-20,-0.03479840920613446,-67098.74,-148078.17
2013-12-23,-0.01585999301775127,-30608.98000000001,-2520.7200000000003
2013-12-24,-0.002543338246549242,-4915.030000000004,-30680.85
2013-12-25,-0.005684695362379775,-11042.489999999996,-1308.5600000000004
2013-12-26,-0.004168646571109997,-7997.459999999991,-73804.59
2013-12-27,0.005023861691840763,9778.180000000017,103887.44
2013-12-30,-0.003788286057705539,-7349.210000000004,14472.78
2013-12-31,0.04645767826665627,91600.00000000006,229777.06
2014-01-02,-0.009329328898739185,-18293.11,-40857.05
2014-01-03,-0.02474986535280451,-47877.170000000006,-76818.68
2014-01-06,-0.005391857865979023,-10380.030000000017,-29654.809999999998
2014-01-07,-0.002830242938308883,-5443.700000000003,-18801.100000000002
2014-01-08,0.006249052088916369,11889.089999999997,32758.15
2014-01-09,0.0017192475832266134,3241.4400000000014,-20221.74
2014-01-10,-0.008508945335345073,-16019.209999999997,-9171.509999999998
2014-01-13,-0.0023401787640054774,-4489.280000000009,22309.100000000002
2014-01-14,-0.001775379009386517,-3406.8699999999953,10988.46
2014-01-15,-0.007585721207737519,-14372.759999999995,-29553.09
2014-01-16,0.006427479236639119,12177.649999999998,10399.41
2014-01-17,-0.001000435809924167,-1882.240000000007,-22845.21
2014-01-20,-0.005581532690588009,-10484.889999999992,979.4199999999983
2014-01-21,-0.006848010417595382,-12922.369999999994,13795.32
2014-01-22,0.017566160248373163,33715.96999999999,40737.66
2014-01-23,-0.01705577388488519,-32397.160000000014,-58666.03
2014-01-24,-0.007720729673808961,-14666.479999999998,-20145.66
2014-01-27,-0.03510980369654489,-65897.42999999995,-84427.67
2014-01-28,-0.00926163969336621,-17501.81999999999,18385.36
2014-01-29,-0.000922593271061462,-1757.309999999994,-1814.1599999999999
2014-01-30,-0.0005894235148333915,-1110.319999999987,-55914.74
2014-02-07,-0.015888368997384154,-29807.129999999997,-51282.159999999996
2014-02-10,0.012219134844574157,23169.229999999996,-13811.3
2014-02-11,0.01663588929024133,31876.860000000015,19585.9
2014-02-12,-0.012788437046819593,-24435.949999999997,-41492.54
2014-02-13,0.014609121672403956,27996.670000000002,27846.25
2014-02-14,-0.007346672403315983,-14117.580000000018,8674.189999999997
2014-02-17,-0.02351747729329269,-45470.66,-14470.409999999998
2014-02-18,-0.057464479488832085,-109608.31999999996,-118820.73
2014-02-19,-0.005641161444016528,-10907.839999999997,4155.44
2014-02-20,-0.01705094747412584,-32560.41000000001,-44578.79
2014-02-21,-0.02478117406491867,-47237.38999999999,-43321.009999999995
2014-02-24,-0.026838758366590432,-50196.36999999998,-57218.32
2014-02-25,-0.04312409404059097,-79718.63,-97243.88
2014-02-26,-0.004928468700234704,-9090.409999999994,-18884.09
2014-02-27,-0.009262332311685542,-17188.379999999997,-5388.21
2014-02-28,0.0072504677517398995,13362.530000000004,35620.7
2014-03-03,-0.006955037356578504,-12794.269999999995,-38425.99
2014-03-04,-0.0008164715929621049,-1501.2899999999904,-17416.079999999998
2014-03-05,-0.0079994252115241,-14820.500000000004,-55775.96
2014-03-06,0.005597779670292808,10427.210000000006,26328.05
2014-03-07,-0.004124064758284571,-7676.0800000000045,-22054.36
2014-03-10,-0.031203874757812028,-56400.17999999999,-103795.14
2014-03-11,-0.007218123825471375,-13036.759999999995,-13996.84
2014-03-12,-0.00020421989909017463,-369.35999999999694,-7835.93
2014-03-13,0.00854815635117783,15675.089999999997,21093.620000000003
2014-03-14,-0.011593473273473485,-21095.84000000002,-63653.619999999995
2014-03-17,0.0005086963507861163,931.589999999997,27263.84
2014-03-18,-0.010583093085398414,-19408.93,-20463.85
2014-03-19,-0.014756007041505962,-27110.94,-17008.61
2014-03-20,-0.0029991856663815855,-5479.010000000006,-12470.970000000001
2014-03-21,0.03303275017191257,62002.01,137406.47999999998
2014-03-24,0.008620150300932468,16322.869999999995,44011.490000000005
2014-03-25,-0.01010935525687423,-18973.03000000001,-18279.510000000002
2014-03-26,-0.00666429513544224,-12514.220000000016,-14463.320000000002
2014-03-27,-0.010507783870758682,-19645.19,6473.049999999998
2014-03-28,0.0033419615089783613,6320.049999999995,33271.68
2014-03-31,-0.014353614258776414,-27124.609999999993,12599.580000000002
2014-04-01,0.006381068922853114,12137.999999999998,28497.9
2014-04-02,0.008573950015504674,16391.520000000004,-1421.8300000000008
2014-04-03,-0.0018101355879089345,-3442.529999999985,-2755.5299999999993
2014-04-04,0.005575602883292467,10663.130000000008,30190.27
2014-04-08,0.05485953922658228,107507.26999999997,202067.35
2014-04-09,-0.00921407703364906,-17955.529999999995,15918.71
2014-04-10,0.06723714881869554,134708.57999999996,217775.89
2014-04-11,-0.023167591455225685,-46292.59999999998,2900.6200000000017
2014-04-14,-0.028771150953350887,-57088.81,-48408.68
2014-04-15,-0.03526407462868357,-68889.48,-103864.74
2014-04-16,-0.015399039842119629,-30241.400000000005,3670.7
2014-04-17,-0.0015028065815640664,-2945.3500000000067,260.9100000000016
2014-04-18,-0.00041046462869914817,-803.8099999999972,-958.869999999999
2014-04-21,-0.01672438751059765,-32318.839999999997,-58648.43
2014-04-22,-0.008125438409547544,-15794.760000000018,-2147.0000000000005
2014-04-23,0.0057571636646933854,11188.350000000006,5265.559999999999
2014-04-24,0.008257588961449298,16024.89000000001,-7301.870000000001
2014-04-25,-0.010799082752131121,-20884.17,-32108.680000000004
2014-04-28,-0.012974002703717787,-24958.860000000008,-39990.19
2014-04-29,-0.0036656376749888728,-7085.110000000012,18606.22
2014-04-30,0.0009059835235258492,1745.8400000000001,-24.900000000001455
2014-05-05,-0.013744882158132313,-26360.47,-11229.199999999999
2014-05-06,-0.004287186678181959,-8195.820000000009,-37410.979999999996
2014-05-07,-0.016033193215943074,-30629.870000000003,-18493.98
2014-05-08,0.0004523642411378378,866.0699999999924,22668.3
2014-05-09,0.0014732606805372204,2830.5399999999995,23291.64
2014-05-12,0.010362756785785718,19847.200000000004,45918.6
2014-05-13,-0.0028132797427066693,-5447.93,-27622.120000000003
2014-05-14,-0.00797178451586847,-15379.220000000007,6500.9000000000015
2014-05-15,-0.0157437324256501,-30329.920000000002,-19672.8
2014-05-16,-0.023835289303491405,-45895.76000000001,-4801.3099999999995
2014-05-19,-0.03398374487740501,-64471.16000000001,-46828.09
2014-05-20,-0.011735528907863349,-22282.170000000006,-3371.5499999999997
2014-05-21,-0.0037944651013785153,-7275.479999999991,38089.09
2014-05-22,0.000720006197345542,1382.9999999999927,17416.59
2014-05-23,0.002707699130150295,5244.659999999996,36257.57
2014-05-26,-0.009601529087244442,-18588.59999999999,-20716.95
2014-05-27,-0.005789499093346883,-11221.539999999994,-10042.96
2014-05-28,0.015198475985023826,29817.239999999983,61081.36
2014-05-29,-0.00019937774809993645,-390.1199999999976,7920.5
2014-05-30,-0.004635321184909883,-9055.039999999994,22467.54
2014-06-03,-0.01085214107195085,-21258.769999999986,-11095.55
2014-06-04,-0.014096868583072304,-27438.130000000012,-26975.92
2014-06-05,0.010160912079168225,20071.320000000018,53085.87
2014-06-06,0.0038764148098965013,7602.470000000005,-56830.31
2014-06-09,-0.0012008493161878265,-2372.8399999999965,12076.95
2014-06-10,0.017147744182273605,34468.99,108168.65000000001
2014-06-11,-0.0029777805207381394,-5964.45000000001,-19895.17
2014-06-12,-0.005047330991036726,-10072.169999999991,-22205.42
2014-06-13,0.015767973597447877,31827.7,101318.44
2014-06-16,0.0143097749339152,29191.239999999994,77290.98
2014-06-17,-0.016734885033476837,-33727.84999999999,-31034.16
2014-06-18,-0.002862461711482676,-5767.299999999997,11537.050000000001
2014-06-19,-0.018147412285149767,-36209.06999999999,-42560.44
2014-06-20,-0.006125743533597003,-11829.119999999992,13416.560000000001
2014-06-23,-0.006062225048681678,-11624.080000000002,-53638.49
2014-06-24,0.0017322717919208773,3347.0699999999943,12952.02
2014-06-25,-0.008942399748314577,-16944.69000000001,-11064.819999999998
2014-06-26,0.0049125556476094755,9426.109999999986,27879.28
2014-06-27,-0.0055823467996479895,-10679.980000000001,-21519.1
2014-06-30,0.0029018520312536766,5585.730000000009,31127.47
2014-07-01,-0.0011947517154141966,-2347.440000000006,-31697.3
2014-07-02,-0.0023538269379066177,-4648.879999999989,10921.43
2014-07-03,0.0006621784315804421,1313.319999999996,7229.02
2014-07-04,0.001710759677327786,3394.0200000000004,3355.4700000000003
2014-07-07,-0.0012476856514493273,-2482.249999999998,-6748.330000000002
2014-07-08,0.005416268079795669,10809.069999999983,-7386.58
2014-07-09,-0.0038570116961650818,-7597.710000000007,-59343.39
2014-07-10,-0.011859197117909217,-23397.94000000001,-28708.46
2014-07-11,0.00895519639582131,17548.890000000007,-12186.4
2014-07-14,0.0020890264685948594,4141.69000000001,25354.809999999998
2014-07-15,0.001894990217779266,3776.549999999994,519.7299999999996
2014-07-16,-0.003989889522082198,-7934.050000000006,3046.7800000000007
2014-07-17,-0.0007071883075666559,-1402.5699999999952,-4310.91
2014-07-18,0.020960731259053466,41666.50000000001,18961.059999999998
2014-07-21,0.0010945415312317872,2166.2999999999915,-17515.69
2014-07-22,0.021330246941151012,42665.64999999999,109269.01
2014-07-23,0.012249374007589303,24623.149999999994,63849.56
2014-07-24,0.04916206995378554,100578.23,176207.63
2014-07-25,0.015544695978470899,32128.46999999998,82940.34
2014-07-28,0.023875883958624358,50707.770000000026,193136.96
2014-07-29,0.00614819257316763,13054.229999999974,27829.4
2014-07-30,-0.009882622996141219,-20872.580000000016,1629.269999999999
2014-07-31,0.003928484357437439,8383.529999999995,74827.73000000001
2014-08-01,-0.015433502264769548,-32729.97000000001,28123.690000000002
2014-08-04,0.016900407347402415,36410.409999999945,195798.32
2014-08-05,-0.014849736934010083,-31792.66999999999,-74627.8
2014-08-06,-0.013909886846495618,-29552.540000000008,-57363.55
2014-08-07,-0.03495916368827895,-73006.74999999999,-166879.48
2014-08-08,-0.016918618441952676,-35367.710000000014,8281.339999999998
2014-08-11,0.00371277404124264,7875.239999999998,95256.9
2014-08-12,-0.03357581150434509,-70604.08000000002,-100296.97
2014-08-13,-0.014548348675185691,-30570.33000000001,26796.920000000002
2014-08-14,-0.013944191013019061,-29157.08000000001,-72406.58
2014-08-15,-0.00618880094700505,-13005.440000000002,49514.54
2014-08-18,-0.017089188961257988,-35871.260000000024,-73144.07
2014-08-19,-0.030271586155345358,-63497.13999999998,-88479.88
2014-08-20,-0.016984654239625863,-35561.45999999998,-66930.3
2014-08-21,-0.03871423605375533,-80480.68,-83000.69
2014-08-22,-0.004178142383900035,-8724.779999999977,15259.749999999998
2014-08-25,-0.015904826297040493,-32510.559999999994,-59511.85
2014-08-26,-0.01617881566936334,-33007.700000000004,-28014.98
2014-08-27,-0.010975306304859055,-22363.180000000008,-17892.72
2014-08-28,-0.0013298100722199285,-2681.2300000000087,-55191.53
2014-08-29,0.008682533484058227,17699.519999999997,50802.53
2014-09-01,-0.002208722476015793,-4520.260000000006,-19093.82
2014-09-02,0.00275414565528328,5708.660000000011,4427.780000000001
2014-09-03,0.0038418484500707135,8033.71000000001,78462.61
2014-09-04,0.0032718299966501686,6901.229999999978,86095.37000000001
2014-09-05,0.004205540583835401,8925.09999999997,54562.9
2014-09-09,-0.0242457134760153,-51022.389999999985,-77224.94
2014-09-10,-0.023460077981708443,-48984.109999999986,-87849.41
2014-09-11,-0.02429754344224171,-50515.79000000001,-22534.36
2014-09-12,-0.027704755199125082,-57812.77,-35056.67
2014-09-15,-0.03449305182514412,-71554.68999999999,-108761.06
2014-09-16,-0.03006495979305259,-61834.47999999994,-115853.14
2014-09-17,-0.014514873037719075,-29775.40999999999,-11192.61
2014-09-18,-0.0031903223130216422,-6626.780000000029,-25697.99
2014-09-19,0.0035960344366812147,7496.13,29545.14
2014-09-22,-0.03398158351847852,-69356.42,-138272.1
2014-09-23,-0.011252289171996119,-23081.50000000003,28260.16
2014-09-24,0.01926068433664254,40154.31999999998,118775.14
2014-09-25,-0.02058968122077245,-42851.78000000003,-2236.0800000000017
2014-09-26,-0.023294048056949828,-48402.869999999995,-23762.19
2014-09-29,-0.040588781132112284,-83978.56999999998,-94104.35
2014-09-30,-0.017965673087793847,-37205.8,-62198.51
2014-10-08,0.005878444595827262,12205.980000000014,-64009.979999999996
2014-10-09,0.0052573390763205365,10906.839999999993,-48361.9
2014-10-10,-0.017192929752188064,-35449.4,-97890.9
2014-10-13,-0.02536254310631491,-51810.51,-100912.88
2014-10-14,-0.01549016497100376,-31535.33999999999,-78750.12
2014-10-15,0.002859410407533093,5879.700000000009,43818.93
2014-10-16,0.008893740987495381,18286.750000000025,32614.36
2014-10-17,-0.01108098087783426,-22799.429999999993,4359.439999999999
2014-10-20,-0.008428662643122099,-17363.419999999984,257.1199999999999
2014-10-21,-0.001915914386200992,-3942.090000000007,7826.029999999999
2014-10-22,-0.008282727179391774,-17028.959999999995,37133.45
2014-10-23,-0.0051019276777158964,-10499.329999999969,19845.75
2014-10-24,-0.006053076527090529,-12442.329999999998,1264.81
2014-10-27,-0.03619070643722079,-73379.09999999999,-80258.61
2014-10-28,-0.003956229157178239,-8121.990000000007,79853.48000000001
2014-10-29,0.016879600821921026,35016.530000000006,65761.41
2014-10-30,0.0162558889305301,33999.38,1733.0299999999988
2014-10-31,0.04045559129541806,86300.6,246833.01
2014-11-03,-0.005507589515779221,-11673.33999999996,-52169.2
2014-11-04,-0.016058223060231604,-33918.660000000025,-75196.58
2014-11-05,-0.03176784278938586,-66291.46000000004,-62976.22
2014-11-06,-0.05048041157043367,-105097.20999999999,-24728.489999999998
2014-11-07,0.05513146066077296,104103.99999999999,154043.09
2014-11-10,0.01665478649275432,35702.30999999997,78715.25
2014-11-11,-0.023742410243805783,-51929.53999999998,67774.95
2014-11-12,0.028616509184714523,62653.189999999995,170005.59
2014-11-13,-0.027309047254159165,-59751.050000000134,-94253.0
2014-11-14,-0.001103442624825008,-2429.96000000001,-7.360000000002401
2014-11-17,-0.03116066653620984,-68067.30000000003,-159061.82
2014-11-18,-0.049083386176205474,-105672.43000000004,-192522.32
2014-11-19,-0.02989852898324061,-64005.15999999998,-57860.0
2014-11-20,0.0003757327569904237,803.6300000000053,23854.04
2014-11-21,0.04629537216764351,100858.93000000001,254702.95
2014-11-24,0.029285883485385404,64535.44999999997,237061.03999999998
2014-11-25,0.025738127457129792,57319.110000000044,110166.88
2014-11-26,0.026663020078338782,60427.69000000006,207815.6
2014-11-27,0.0018053901300409132,4120.740000000214,-46450.06999999999
2014-11-28,0.018585291817651554,44003.63999999971,117755.26999999999
2014-12-01,-0.0069462558650615425,-16469.280000000024,-113706.72
2014-12-02,0.012916294454513364,31971.760000000126,239798.89
2014-12-03,-0.058071687743037975,-143287.29999999984,-97305.17
2014-12-04,0.06972574682661846,181908.36,442805.65
2014-12-05,-0.04955330301328495,-134478.3899999999,-244791.9
2014-12-08,-0.010310310424273432,-28147.200000000183,145227.08999999997
2014-12-09,-0.1348645148223503,-344242.03000000026,-690896.0700000001
2014-12-10,-0.042222628786334836,-111320.5400000001,25961.359999999993
2014-12-11,-0.07952240930341695,-204125.08000000048,-198187.16999999998
2014-12-12,-0.03955239411280417,-101887.94999999995,-45047.26
2014-12-15,-0.023201377614764103,-61145.54999999983,117834.65000000001
2014-12-16,0.049492884639017805,135330.54999999967,190775.52
2014-12-17,-0.03325253516257169,-94864.0299999999,25572.650000000012
2014-12-18,-0.08634108860929611,-243252.62999999983,16356.820000000007
2014-12-19,-0.058600868447583956,-166885.40999999974,-47382.0
2014-12-22,-0.04622555406529018,-136100.69000000047,135590.79
2014-12-23,-0.04080313398702107,-116656.18000000008,-97347.57
2014-12-24,-0.18277372864165234,-500116.5699999998,-692411.7200000001
2014-12-25,-0.008796543584491341,-24833.819999999898,65466.27000000001
2014-12-26,0.1024569463184028,301464.29000000004,695079.78
2014-12-29,-0.07708237699917966,-227729.5800000001,-173436.86
2014-12-30,0.007670527864480481,23150.009999999944,230310.66
2014-12-31,0.01437987803139029,44678.94999999969,387920.85
2015-01-05,-0.00191159737739958,-6138.999999999949,221180.88
2015-01-06,-0.04272331128142353,-138305.76000000036,-249911.06
2015-01-07,-0.03960631276231255,-128057.93000000008,-94981.34999999999
2015-01-08,-0.10723092997234394,-335320.97000000003,-401115.88
2015-01-09,0.025666491423259184,80832.05000000018,377945.18
2015-01-12,-0.08869524751416309,-277426.7799999999,-256687.48
2015-01-13,-0.08174717681442607,-255597.99000000002,-221072.68999999997
2015-01-14,-0.03617414717172919,-113866.78999999988,-187720.69
2015-01-15,0.004938838688983206,16120.830000000089,355804.58999999997
2015-01-16,-0.047756816530966625,-156558.3999999998,58182.17000000002
2015-01-19,-0.15093857934351454,-443574.00000000023,-471568.38999999996
2015-01-20,-0.1208316466278809,-352188.4500000005,-77608.84
2015-01-21,0.029577370341661177,91234.89000000016,376187.33
2015-01-22,-0.07457326383800186,-230788.2900000002,-284627.93
2015-01-23,-0.02085043944221611,-65250.730000000054,11546.800000000007
2015-01-26,-0.07402717857330035,-229882.1299999998,-243555.65
2015-01-27,-0.10216956995184436,-309758.81999999995,-374219.92000000004
2015-01-28,-0.031931988516613725,-95579.66999999998,-37569.780000000006
2015-01-29,-0.08272838219168449,-242372.85000000015,-229241.97
2015-01-30,-0.04098011284819559,-119340.27999999998,-166562.76
2015-02-02,-0.049551312338727026,-140439.51,-130428.87999999999
2015-02-03,-0.0033420765454045204,-9741.169999999845,176207.11000000002
2015-02-04,-0.03506244907244946,-100427.69999999987,-45873.479999999996
2015-02-05,-0.0423567019204306,-120473.49000000002,-57794.81
2015-02-06,-0.029932999229544382,-84299.43999999994,-91717.75
2015-02-09,0.014670736581363884,41284.78000000007,242638.34999999998
2015-02-10,-0.005607151774864037,-15967.410000000129,30732.84
2015-02-11,-0.003823762688156793,-10887.719999999998,45377.049999999996
2015-02-12,-0.030002811990784046,-85281.22999999995,-104409.5
2015-02-13,0.000543122151235259,1562.9700000000848,93726.79000000001
2015-02-16,-0.027966802352465944,-80591.28999999988,-93848.15
2015-02-17,-0.017278666603365692,-50318.430000000095,70496.9
2015-02-25,-0.03689113398206314,-106552.84000000005,-304592.91000000003
2015-02-26,0.008949792822767363,26445.629999999946,213571.09
2015-02-27,-0.014448143473179857,-42707.960000000065,10320.550000000001
2015-03-02,-0.07435069168515739,-219763.34000000008,-291340.39
2015-03-03,-0.10900007375350668,-311336.68,-464290.09
2015-03-04,-0.055712395239994134,-158838.09,-161578.9
2015-03-05,-0.07872679254942666,-220868.20999999993,-288194.54
2015-03-06,-0.04748152365271908,-133377.86000000002,-111683.79000000001
2015-03-09,-0.011022985851710368,-32026.940000000162,229827.26
2015-03-10,-0.03147086270643779,-89806.30999999994,-66168.59
2015-03-11,0.007178014927328427,20682.90000000002,86363.25
2015-03-12,0.11424744520876298,339337.34000000014,528320.03
2015-03-13,-0.006891647323253654,-20521.830000000144,88883.15
2015-03-16,0.05806857365649355,176501.8999999997,471257.92
2015-03-17,0.020451099770542738,62764.67000000006,95415.79
2015-03-18,0.019198323280526845,60120.19000000018,279736.29000000004
2015-03-19,-0.027100217346395512,-84187.92999999998,-229900.74
2015-03-20,0.011164770293355886,35168.60999999972,140608.91
2015-03-23,-0.05423941489173849,-173218.2300000003,55748.549999999996
2015-03-24,-0.0739345243421915,-234751.59999999998,-275979.48
2015-03-25,-0.10571004058815732,-329349.3799999999,-406103.58999999997
2015-03-26,0.013765549312106634,42369.26999999987,218635.71000000002
2015-03-27,-0.050886341045852046,-155882.94999999984,-158449.36
2015-03-30,0.06887802408706321,219461.08999999988,750049.47
2015-03-31,-0.09489468443551541,-305897.9799999998,-237509.77
2015-04-01,0.012567738425376613,40964.4699999998,144861.65
2015-04-02,-0.11337033665711937,-366447.11999999976,-555375.6
2015-04-03,0.04356288184050832,128070.52999999991,236826.72999999998
2015-04-07,0.05430743984143375,164002.0599999999,321467.12
2015-04-08,0.008149953630420335,24969.92999999971,292462.14
2015-04-09,-0.09335318792801268,-282811.4200000002,-246456.58
2015-04-10,0.010466919129809855,32334.460000000065,431445.49
2015-04-13,-0.06756688576528168,-237537.1999999999,-139314.18
2015-04-14,-0.08336122983889868,-291143.26000000007,-137105.13999999998
2015-04-15,-0.030195565347189233,-106417.34000000008,45914.759999999995
2015-04-16,0.059866664437031904,223035.79999999967,905787.9
2015-04-17,-0.059863922058273296,-223771.02999999933,-194350.08000000002
2015-04-20,-0.16376764221086418,-592183.5199999999,-633287.7200000001
2015-04-21,-0.012550940874518234,-46509.45999999998,169673.56
2015-04-22,0.04702670503999305,175039.05999999982,459057.07
2015-04-23,-0.10008445104480673,-367709.0400000002,-529947.27
2015-04-24,-0.17290622508183442,-611919.2200000001,-745359.0
2015-04-27,0.01678507219017982,60897.550000000105,165169.61
2015-04-28,-0.018027104775059227,-66787.22000000009,107841.4
2015-04-29,0.013285022576845428,49148.51999999988,288621.19
2015-04-30,-0.06978964608714182,-255725.32999999996,-248047.53999999998
2015-05-04,-0.059598274986225074,-218050.65000000008,-82846.87999999999
2015-05-05,-0.10602423197399746,-370125.3700000001,-385632.83
2015-05-06,0.005195052046471018,18202.930000000288,179055.34000000003
2015-05-07,-0.031765660334989974,-110499.38000000002,-33361.16
2015-05-08,-0.05944000968356246,-209066.91000000003,-198077.2
2015-05-11,0.009714813316995193,34802.249999999854,189398.27000000002
2015-05-12,-0.01635392118490897,-58856.76000000004,71317.04999999999
2015-05-13,-0.10049650648130193,-356674.2200000002,-463807.64
2015-05-14,-0.10879389543148248,-381847.75,-439181.56000000006
2015-05-15,-0.07671655916651321,-264885.62999999995,-273366.74
2015-05-18,-0.06975777092822931,-236881.2499999999,-221056.35
2015-05-19,0.059387489509498056,208998.55999999994,516998.17000000004
2015-05-20,0.0193008209221479,68250.26000000013,267362.94
2015-05-21,-0.0029978817190401148,-10720.179999999913,80974.66
2015-05-22,0.04606814086085588,170022.09000000017,570426.87
2015-05-25,0.0035946507466323337,13393.269999999831,183035.49000000002
2015-05-26,-0.012408496624909131,-46546.91999999975,85152.22
2015-05-27,-0.06920809093300137,-260840.4700000003,-233017.56999999998
2015-05-28,-0.1565543070147428,-557204.51,-654687.83
2015-05-29,-0.03879846867930574,-138445.7599999999,-205528.05
2015-06-01,0.006221145183680616,23023.83999999994,480938.71
2015-06-02,-0.04935194788343038,-182072.73000000013,-92698.42000000001
2015-06-03,-0.020797795098201764,-76899.9299999999,47302.28999999999
2015-06-04,-0.006621282153344438,-25475.080000000045,411877.57
2015-06-05,-0.08838787427285019,-336202.88999999984,-236960.8
2015-06-08,0.06069546428239374,241501.83000000037,927669.35
2015-06-09,-0.08042719705432542,-314509.30999999994,-270947.33
2015-06-10,-0.020692693014502554,-80148.64000000019,67551.61
2015-06-11,-0.029748546173183274,-114812.82000000033,106041.83
2015-06-12,-0.004284143838852704,-16605.51999999996,84775.92
2015-06-15,-0.09547933288337349,-345807.19,-455309.51
2015-06-16,-0.052370875784651605,-187005.8399999999,-85876.37
2015-06-17,-0.018711878690330752,-67502.22000000012,17919.769999999997
2015-06-18,-0.09345779769596742,-324172.68000000005,-294674.22
2015-06-19,-0.045158330560448906,-150856.03999999998,-95113.96
2015-06-23,0.021899534701289195,76305.60000000028,165368.82
2015-06-24,-0.0430009920458441,-151154.5200000002,-240219.66
2015-06-25,-0.06141393838971584,-210885.28999999998,-262034.01
2015-06-26,-0.11909630564512583,-387278.55999999994,-464184.28
2015-06-29,-0.02620355031635168,-84892.70000000007,106085.42000000001
2015-06-30,0.06545741638375506,224704.91000000012,461532.51
2015-07-01,-0.055390997521659484,-184202.89000000007,-210359.18
2015-07-02,0.010243865048918761,34835.46000000005,217244.59
2015-07-03,-0.04026956668161789,-132152.12999999983,15238.680000000004
2015-07-06,0.0648638045646104,226785.49999999936,130435.59999999999
2015-07-07,0.14444762254570984,508764.63,809306.09
2015-07-08,0.06820514132513474,220428.9999999999,301790.76999999996
2015-07-09,0.09464503906645697,326169.7400000001,471407.8
2015-07-10,-0.07616792984960612,-267468.92,-207028.21000000002
2015-07-13,-0.060557225262970714,-207461.29999999987,-203050.33000000002
2015-07-14,-0.09103234445580828,-302312.99000000005,-575303.3
2015-07-15,-0.0069918574477241865,-23390.92000000007,-385724.98000000004
2015-07-16,0.018675768569761615,62039.46000000006,-72511.59000000001
2015-07-17,0.05013776757037771,167257.11000000004,212677.22
2015-07-20,-0.03951349143002821,-131983.61999999997,-214949.31
2015-07-21,-0.03527785069817476,-116934.02000000002,-282143.47
2015-07-22,-0.04080022735710589,-133737.03000000006,-287963.87
2015-07-23,0.04947257627838014,164522.6999999999,232771.16
2015-07-24,-0.035456783847527,-116200.42000000001,-199171.88
2015-07-27,-0.12831546562166585,-364601.0400000001,-467712.73
2015-07-28,0.02453821545017328,74701.76999999983,25321.649999999987
2015-07-29,0.005646100751522445,17347.009999999962,-123342.32
2015-07-30,-0.008317452951401488,-25065.329999999936,-36713.28999999999
2015-07-31,0.020205857186151074,61258.600000000035,-134386.14
2015-08-03,0.04846133856190218,148521.68999999994,-30042.62000000001
2015-08-04,0.02804192515015133,86788.12000000005,65288.99
2015-08-05,-0.020432983928197226,-62155.71999999994,-195537.28
2015-08-06,0.006630141956039572,20100.910000000018,-9003.529999999999
2015-08-07,0.02926444586285937,89786.01000000004,115521.12
2015-08-10,0.08324244572613027,262939.3199999999,222918.37
2015-08-11,-0.012535181172282544,-39241.700000000026,-267748.11
2015-08-12,-0.04651284425335866,-143118.37999999995,-247514.62
2015-08-13,-0.014748540026069033,-45453.860000000015,-135085.17
2015-08-14,-9.012029771255675e-05,-276.6299999999901,-127428.3
2015-08-17,-0.06785196534691003,-204707.4000000001,-340656.63
2015-08-18,-0.06678710393488574,-194607.07000000004,-369172.26
2015-08-19,-0.024633962491497966,-71876.07,-89974.88
2015-08-20,-0.030913500803756454,-88575.60999999999,-193020.65
2015-08-21,-0.05141391948152279,-143657.62000000005,-186761.06
2015-08-24,-0.06805934233598596,-171831.89000000007,-108940.44
2015-08-25,0.01133594342284744,27282.06999999993,-49580.92
2015-08-26,0.07495039637036993,188207.24000000008,131611.06
2015-08-27,0.09608879269172756,257687.62000000002,206185.98
2015-08-28,-0.023072459915702864,-62145.619999999944,-88663.39
2015-08-31,0.002879382661882921,7727.2599999998565,-216317.28
2015-09-01,0.09911260815859331,274070.92,-446239.17000000004
2015-09-02,0.13524213561106221,388624.5399999999,-147908.91
2015-09-07,-0.04571439884475482,-123753.34000000003,-337385.54000000004
2015-09-08,0.03070985687151885,84248.16999999998,153112.99
2015-09-09,0.028512059929252504,78934.06000000007,24343.83
2015-09-10,0.011285518861313166,31171.950000000008,-41199.380000000005
2015-09-11,-0.005735254767064102,-15727.780000000006,-48171.450000000004
2015-09-14,0.04294527644003721,119626.62999999995,35424.86000000001
2015-09-15,0.02872671470953697,79192.13000000002,-66950.95
2015-09-16,0.02828170426000801,79108.58000000002,47366.05
2015-09-17,0.014872766239579453,41073.399999999994,-73073.49
2015-09-18,0.00410143267069959,11296.619999999997,2931.710000000001
2015-09-21,0.015005301918431595,41348.49999999997,52586.35
2015-09-22,0.018898841254029162,52648.80999999997,-4203.419999999998
2015-09-23,-0.02842574228782532,-76331.15000000001,-149386.36000000002
2015-09-24,-0.002303392320755143,-6186.200000000008,-40636.619999999995
2015-09-25,0.011248559641840279,30449.530000000024,-16522.649999999998
2015-09-28,0.0006833152930955878,1833.08,-14362.2
2015-09-29,-0.014108304844476309,-37317.69000000002,-94398.62
2015-09-30,-0.0013610093805146363,-3684.5700000000506,20212.130000000005
2015-10-08,0.017804457977210017,49094.720000000045,36404.07
2015-10-09,0.019109948861405976,53398.40000000002,108467.56
2015-10-12,0.020926119766713075,59688.11999999994,54384.079999999994
2015-10-13,-0.023269261591390634,-65768.0,-65250.520000000004
2015-10-14,-0.006123691475844967,-17173.759999999995,-74215.01999999999
2015-10-15,0.04163169279489955,119059.05999999997,122114.23
2015-10-16,0.005248600976819962,15147.029999999926,-643.5500000000029
2015-10-19,0.0009737133329942798,2809.2700000000405,-62464.560000000005
2015-10-20,-0.02926611859232757,-84494.6399999999,-97237.22
2015-10-21,-0.012592876018703578,-37035.22000000001,-21113.150000000005
2015-10-22,-0.012341436020062012,-35943.760000000046,-41504.01000000001
2015-10-23,0.00931989391668967,27288.04000000009,-6728.569999999998
2015-10-26,-0.037079415180032896,-109050.62000000005,-71781.18
2015-10-27,0.005632377426997016,16627.74999999995,38595.81
2015-10-28,-0.03602895556562087,-105236.95000000001,-160309.2
2015-10-29,-0.013312533596088328,-38772.91999999999,-41893.04
2015-10-30,0.025673430078703426,74958.40000000001,67185.98999999999
2015-11-02,-0.030683247570101033,-88535.48999999998,-158119.48
2015-11-03,0.002013822354384028,5772.220000000042,-8551.64
2015-11-04,0.09045852333398552,269093.03999999986,405059.08999999997
2015-11-05,-0.008236943625193826,-24938.759999999827,-71310.11
2015-11-06,0.06508163579539372,200073.43000000014,20386.86
2015-11-09,-0.055530951762877666,-174599.88000000032,-162511.55999999997
2015-11-10,-0.026464372472857114,-82458.63000000015,-49143.64
2015-11-11,-0.039563806656029495,-122298.19000000008,-260481.36
2015-11-12,-0.04936965149627411,-150936.41,-264657.49
2015-11-13,-0.019256440600701884,-58281.980000000076,-24955.47
2015-11-16,-0.04209990682947232,-131578.31999999998,-114442.07
2015-11-17,-0.03914892608881954,-122815.21999999996,-199638.84000000003
2015-11-18,-0.0013716433633566578,-4297.43999999982,-28116.270000000004
2015-11-19,-0.002630617868494189,-8289.890000000007,26029.850000000002
2015-11-20,-0.05055461260317551,-158225.41000000003,-294876.58
2015-11-23,-0.02831344499106767,-88300.97999999998,-159425.65
2015-11-24,-0.013269323088087618,-41268.780000000006,-66369.89
2015-11-25,-0.02056816197677185,-64112.04999999995,-6691.779999999999
2015-11-26,-0.032361793307480825,-100591.52999999998,-188650.72999999998
2015-11-27,-0.07469045681955808,-224577.98,-400024.91
2015-11-30,-0.003665488442605406,-11113.469999999954,43560.96000000001
2015-12-01,-0.0034166966265208,-10300.300000000003,-34765.049999999996
2015-12-02,0.08031683379968106,252964.14999999997,456689.58
2015-12-03,-0.004024792878507083,-12806.61,51334.08
2015-12-04,-0.050508362437451944,-156016.68000000002,-262071.56
2015-12-07,-0.023596106816446926,-72650.53999999996,-97639.98999999999
2015-12-08,-0.020360378789015976,-62973.419999999955,-145780.66
2015-12-09,0.012777661471844087,39762.82999999998,31434.93
2015-12-10,0.006687701803783227,20685.05000000004,-26428.83
2015-12-11,-0.005179928441306982,-15945.030000000012,-94355.23
2015-12-14,0.059952346816920514,188428.23,241424.74000000002
2015-12-15,-0.031551379358172926,-98209.24,-140840.9
2015-12-16,-0.018526031919005807,-57579.89999999997,-59141.21
2015-12-17,0.0038877585678928185,12186.23999999995,21070.71
2015-12-18,0.01156406474756639,36356.11000000004,36336.93000000001
2015-12-21,0.08049284764879482,259643.6800000001,343733.17
2015-12-22,0.01899263454214389,61326.3399999999,50118.770000000004
2015-12-23,0.043290888469936194,139963.25999999983,45063.2
2015-12-24,-0.01621640247873708,-52298.15000000001,-92511.78
2015-12-25,-0.020901019703114202,-67501.29999999993,-76330.25
2015-12-28,-0.08199027237850107,-258513.60000000006,-393148.44
2015-12-29,-0.00868671671888827,-27620.670000000006,19219.309999999998
2015-12-30,-0.014916943376886937,-47459.89,-46597.2
2015-12-31,-0.011332894550574525,-35787.58,-12546.080000000005
2016-01-04,-0.049917271696346806,-150718.7,-226962.51
2016-01-05,-0.01627710289009564,-49492.53000000001,-55836.55
2016-01-06,-0.012816845298417373,-39265.17000000001,-33897.3
2016-01-07,-0.0069300803177612365,-20829.800000000017,-45005.39
2016-01-08,-0.003936612126829519,-11963.420000000006,-7714.68
2016-01-11,-0.04142790892965265,-121277.52999999998,-226194.6
2016-01-12,-0.007629405494048616,-22354.679999999993,19848.42
2016-01-13,-0.014691927839054564,-42833.27000000002,-88591.35
2016-01-14,0.011966519360608031,35203.95000000002,96333.51
2016-01-15,-0.038983059552953184,-111966.85999999999,-141457.65
2016-01-18,0.00125916106181259,3600.6299999999937,17651.239999999998
2016-01-19,0.0050250900822776555,14662.58000000003,56994.55
2016-01-20,-0.03818091321752604,-109488.40000000002,-213711.7
2016-01-21,-0.01702095984742399,-48078.709999999985,-108737.26
2016-01-22,-0.008226189280884666,-23379.850000000002,-48062.87
2016-01-25,-0.012258926890352606,-34951.42999999999,-43567.869999999995
2016-01-26,-0.026790313690283514,-73321.56999999998,-152421.31
2016-01-27,0.006587257834313573,18116.499999999978,51909.55
2016-01-28,-0.014609164374111486,-39608.99000000003,-53828.770000000004
2016-01-29,0.022666233198366144,62724.94000000001,102048.32
2016-02-01,-0.020985632259568423,-57291.72999999998,-71737.39
2016-02-02,0.01677515636634838,46281.619999999995,62599.17
2016-02-03,-0.01030050751349479,-28169.149999999972,-89182.32
2016-02-04,0.004804630401393264,13229.129999999981,-3944.25
2016-02-05,-0.014553741024039769,-39916.979999999996,-44929.149999999994
2016-02-15,-0.0001702729553221238,-462.7200000000007,15622.81
2016-02-16,0.034056573460860586,94769.2,112595.03
2016-02-17,-0.004636954694578606,-12901.340000000007,-12817.51
2016-02-18,-0.006069296843592456,-16863.839999999975,-51172.71
2016-02-19,-0.015051308205859166,-41615.83000000001,-18441.02
2016-02-22,0.012880506559407591,36304.93999999998,75951.55
2016-02-23,-0.02242850091202673,-62757.51000000002,-165891.31
2016-02-24,-0.0008781022372258276,-2464.9600000000137,-32345.020000000004
2016-02-25,-0.05203610595309313,-141523.03000000003,-337221.9
2016-02-26,-0.004587731989513458,-12572.829999999973,6463.419999999998
2016-02-29,-0.026322963395189882,-71761.23999999996,-61200.39000000001
2016-03-01,0.02742513944202502,75542.31000000007,202293.36
2016-03-02,0.039259161642133236,111126.24000000002,226226.53999999998
2016-03-03,0.006737954310149724,18414.760000000057,-17618.350000000002
2016-03-04,0.12509135627258108,354834.93000000005,-110003.14
2016-03-07,-0.018892188476593845,-53154.179999999964,-80331.59
2016-03-08,0.015675136462917977,44342.87999999999,-12137.030000000002
2016-03-09,0.011642552237899301,33120.999999999985,-1874.3300000000017
2016-03-10,-0.01490694683698505,-41647.63,-96570.53
2016-03-11,0.013078071230858076,38268.75999999995,91848.72
2016-03-14,-0.010696055456879449,-31221.819999999963,100438.73999999999
2016-03-15,0.01248136523358228,36560.73000000001,20995.090000000007
2016-03-16,0.10034661658757532,297685.28,-304879.91000000003
2016-03-17,0.054214268411004206,160664.98,59540.81
2016-03-18,-0.04291666988127863,-127580.55000000002,17207.129999999994
2016-03-21,-0.00500636371491201,-15096.060000000012,-398522.48
2016-03-22,-0.06251566963140848,-187326.7599999999,-126211.06000000001
2016-03-23,-0.015853800716418186,-47656.86999999994,77937.98000000001
2016-03-24,-0.05648259844297297,-168434.06000000003,-233065.76
2016-03-25,-0.018673317015294087,-55958.28,-31746.939999999995
2016-03-28,-0.034909812257779865,-104207.73000000001,-144036.76
2016-03-29,-0.019498896833753804,-57769.369999999966,-46283.39
2016-03-30,0.02365385142785763,71438.54000000001,202882.16999999998
2016-03-31,-0.011420036684491439,-34309.820000000014,-129022.55
2016-04-01,-0.01667672555870514,-50153.49000000002,-142943.59000000003
2016-04-05,0.004204599280912442,12708.019999999944,98794.32
2016-04-06,-0.015397429323408415,-46484.07,-115586.65
2016-04-07,-0.03793957052444224,-113301.13000000002,-269104.69
2016-04-08,-0.020659196828427876,-61461.50999999995,-139494.38
2016-04-11,-0.0039898928855844566,-11947.040000000014,63328.78
2016-04-12,0.004741581167638042,14194.849999999999,-15332.940000000002
2016-04-13,0.04098492416001898,123723.93000000001,216206.43
2016-04-14,-0.01504726931474656,-45451.08999999997,-48920.33
2016-04-15,-0.014272853939656157,-43257.669999999984,-84418.16
2016-04-18,-0.020240517194957994,-61103.89999999998,-112200.33
2016-04-19,0.0053147939641937396,16076.799999999988,-66201.88
2016-04-20,-0.0019101669075803687,-5756.229999999974,-302710.07
2016-04-21,0.03430254548207671,103742.85000000002,76608.16
2016-04-22,0.02063731825406994,62759.810000000005,37600.55
2016-04-25,0.008791870913106663,26205.270000000008,-63119.7
2016-04-26,0.006654361574449129,19875.78999999998,-27756.0
2016-04-27,-0.0008111631116301908,-2420.2400000000207,-70292.68
2016-04-28,-0.014804674006882002,-44165.09000000001,-30214.72
2016-04-29,0.012939212447926882,38575.57000000001,15842.630000000001
2016-05-03,-0.00714895157395748,-21874.370000000024,29062.02
2016-05-04,-0.009253198994029451,-28190.789999999983,-123215.16
2016-05-05,-0.0019675243967558803,-6004.009999999998,-39660.75
2016-05-06,-0.02669834321712907,-80054.59,-237436.44
2016-05-09,-0.003453327443163361,-10225.039999999986,-178708.15
2016-05-10,0.0028685301428785855,8473.329999999998,-46486.46
2016-05-11,0.018508954831105012,55039.35000000001,-45062.04000000001
2016-05-12,0.020461163945827962,60973.799999999996,29093.37
2016-05-13,0.011837871967974771,35309.33999999999,-105205.39
2016-05-16,0.007819922754588237,23415.770000000008,-20650.44
2016-05-17,0.0011737352981424855,3507.110000000007,-43592.31
2016-05-18,0.005015348517928826,14629.139999999992,-108461.47
2016-05-19,0.009273331549435456,27118.010000000013,-30059.42
2016-05-20,0.01646713464906398,48397.080000000016,64589.009999999995
2016-05-23,-0.007092440488388868,-20836.79999999996,-43331.189999999995
2016-05-24,-0.01723078896116215,-50348.62000000002,-81728.68
2016-05-25,-0.0020054550373015388,-5869.390000000012,9503.900000000001
2016-05-26,0.0044726670842796514,13136.539999999988,-9836.140000000003
2016-05-27,-0.004899974881982892,-14386.160000000007,-3380.96
2016-05-30,0.01723360166159049,50908.08,-3050.870000000001
2016-05-31,0.06051896181595369,182804.38,307762.91
2016-06-01,-0.03393372189795497,-104521.38999999997,-83695.05
2016-06-02,-0.0039254806155728916,-12097.080000000009,19866.01
2016-06-03,0.01207905844213818,37693.02000000006,147309.91999999998
2016-06-06,-0.01360865572056403,-42105.52000000001,-63788.61
2016-06-07,-0.011517749329027587,-35747.34,-26073.949999999997
2016-06-08,-0.01255998308271088,-38847.989999999976,-56101.33
2016-06-13,-0.01778323539356212,-54153.77999999999,-211749.86
2016-06-14,-0.006290137658379034,-19273.86999999998,-8117.6500000000015
2016-06-15,0.021253686533751034,65382.769999999975,-15950.869999999999
2016-06-16,0.022303955011845598,68413.19000000003,-123360.93
2016-06-17,0.003879823683642489,11936.589999999987,-23825.47
2016-06-20,-2.21247659359168e-05,-68.27000000002226,-16704.13
2016-06-21,-0.0006725437048002925,-2075.8399999999438,-17953.52
2016-06-22,0.01805873851026367,56087.30000000002,107423.04000000001
2016-06-23,-0.009292706847813739,-28723.830000000013,-137182.1
2016-06-24,0.0052034843357753385,15979.479999999983,-118613.65
2016-06-27,0.015313211343761296,47539.83999999998,24881.43
2016-06-28,-0.003423039194008311,-10643.299999999988,13284.209999999995
2016-06-29,-0.0003580232957938383,-1115.6199999999762,-38964.86
2016-06-30,0.006421692485535127,20067.760000000006,47709.21
2016-07-01,-0.0005676105182408605,-1779.1200000000226,10753.989999999998
2016-07-04,0.0376426128580159,119821.24999999999,187881.97
2016-07-05,-0.023260369289036877,-74083.28000000003,-118217.33
2016-07-06,0.00124227022784328,3985.9600000000064,35373.08
2016-07-07,0.0037859441178476005,11963.650000000016,-3734.340000000004
2016-07-08,-0.0130541013321109,-40001.51,-118933.97
2016-07-11,0.014340863765825076,44860.66000000005,24714.920000000002
2016-07-12,0.012301435411422897,39172.04999999998,185649.14
2016-07-13,-0.01836391777130486,-58159.21999999999,-85035.95
2016-07-14,-0.0081830418369166,-25816.15999999998,-120375.45999999999
2016-07-15,-0.03859561282302551,-122153.84000000005,-69351.95
2016-07-18,-0.018120099600243564,-57381.22,-48515.21
2016-07-19,-0.02592539376168708,-81223.84,-91642.73
2016-07-20,-0.019589584157057954,-61195.97,-77087.27
2016-07-21,0.0027358958949221385,8595.359999999993,52143.11
2016-07-22,-0.02772493496939952,-86509.99000000002,-203335.47999999998
2016-07-25,-0.009239590151302294,-26154.980000000003,-41709.19
2016-07-26,0.015765709966841384,45066.62999999999,168215.54
2016-07-27,-0.027662586533675662,-78887.27999999993,-181969.22999999998
2016-07-28,0.000171052317723349,486.3100000000213,-16054.050000000003
2016-07-29,-0.004284715004847881,-12166.250000000011,-73232.43
2016-08-01,-0.023752678711904087,-74468.21,-4179.709999999997
2016-08-02,-0.010828938071476566,-33945.58000000001,-49856.91
2016-08-03,-0.0014916072548966006,-4668.720000000002,-25393.88
2016-08-04,-0.009863443986160764,-30845.940000000006,-46166.37
2016-08-05,-0.0028608288561072304,-8957.77,61700.409999999996
2016-08-08,-0.004603031651931348,-14467.319999999992,64831.38
2016-08-09,0.0010762900404462572,3409.3200000000156,21132.0
2016-08-10,-0.003192452196217496,-10118.999999999985,-26110.479999999996
2016-08-11,0.021486713794826078,68631.90999999999,98485.56999999999
2016-08-12,0.026448340667640055,85956.18,241784.14
2016-08-15,0.07620455917401431,252831.6000000001,356730.12
2016-08-16,-0.12253570939692489,-397966.59,-546606.3
2016-08-17,-0.047007529457658556,-152544.13999999998,-107631.77
2016-08-18,-0.04900891027066371,-158673.53000000003,-106031.68
2016-08-19,-0.011092458359221225,-35986.30999999998,-51752.35
2016-08-22,-0.020162854197343066,-65450.59999999998,-105517.51000000001
2016-08-23,0.00025643118510136533,837.6500000000251,53170.37
2016-08-24,-0.015898263136773214,-51641.86999999997,-111944.37999999999
2016-08-25,-0.027015820911009847,-87453.50999999995,-67322.54000000001
2016-08-26,-0.007546194053443178,-24389.010000000006,-12263.03
2016-08-29,-0.012621017027953423,-40785.25,-35129.5
2016-08-30,-0.012238164408759414,-39663.72,23641.000000000004
2016-08-31,0.00724710922038958,23625.970000000016,22736.36
2016-09-01,-0.009965716710454885,-32412.199999999997,-42001.130000000005
2016-09-02,-0.0027864097587789296,-9085.700000000006,-35185.26
2016-09-05,-0.0020571719718819412,-6716.750000000007,5227.1
2016-09-06,-0.00694335483358107,-22546.430000000008,-52597.17
2016-09-07,-0.014507600095045196,-47122.64000000001,-50129.09
2016-09-08,-0.008991785389429317,-29217.660000000007,-24079.08
2016-09-09,-0.007499531542905173,-24289.8,-68446.48
2016-09-12,-0.03666614314130184,-117221.53999999998,-305105.11
2016-09-13,-0.008724246518347203,-27816.33,-78065.54000000001
2016-09-14,-0.012939556265385727,-40786.18000000002,-143514.75
2016-09-19,0.007143280031408999,23265.870000000006,33965.70999999999
2016-09-20,-0.004343591438077677,-14099.54,-67517.59
2016-09-21,-0.00616681412182056,-20037.909999999996,-42492.810000000005
2016-09-22,0.012674750263667831,41470.17999999999,55972.4
2016-09-23,-0.005558214802650641,-18171.820000000007,-51908.2
2016-09-26,-0.01686140812057253,-54552.16,-123475.34
2016-09-27,-0.0017458709928154866,-5679.809999999974,-12878.869999999999
2016-09-28,-0.0004373160775937092,-1416.5000000000064,-77524.18000000001
2016-09-29,-0.0021810901873073637,-7092.809999999998,29961.13
2016-09-30,-0.003523509696099182,-11501.620000000003,27804.899999999998
2016-10-10,-0.002011236057159784,-6630.0599999999795,46911.770000000004
2016-10-11,0.0005807228075556188,1918.2700000000013,-87297.74
2016-10-12,-0.005190383936897222,-17058.73,-122257.51999999999
2016-10-13,-0.004227015272692934,-13854.80000000001,-86113.97
2016-10-14,0.0023200903542384497,7618.190000000004,-40519.43
2016-10-17,-0.01227903952977969,-39976.40999999999,-130179.05
2016-10-18,0.019704275103830424,64706.509999999995,28681.079999999994
2016-10-19,-0.010053482357833463,-32949.84,-62425.770000000004
2016-10-20,-0.008045233390282583,-26331.059999999998,-26068.15
2016-10-21,0.006654315376533684,21840.069999999974,-19569.14
2016-10-24,0.033144978924414356,109715.62999999998,53285.06
2016-10-25,-0.0031076995963162345,-10311.930000000022,-53313.23
2016-10-26,-0.009654262336164805,-31872.490000000005,-94264.16
2016-10-27,-0.014122384264207496,-46591.15,2352.5899999999983
2016-10-28,0.005742426305705698,19021.590000000004,27782.66
2016-10-31,0.007670093800753354,25419.050000000003,343.10999999999876
2016-11-01,0.006308542732637062,21026.980000000018,115117.61
2016-11-02,-0.004573081595191328,-15151.849999999988,-43085.659999999996
2016-11-03,0.011910827682038279,39574.37999999998,104623.3
2016-11-04,-0.003517885207243337,-11643.069999999972,-105090.21
2016-11-07,-0.004338245620246037,-14350.350000000006,-73633.02
2016-11-08,-0.0021652856912427647,-7210.08999999998,23420.38
2016-11-09,-0.005580582134898832,-18436.680000000062,-183448.78
2016-11-10,0.010928412602134324,36375.73999999996,103620.7
2016-11-11,0.01180538305080866,39230.17000000005,38466.270000000004
2016-11-14,-0.00946886294502177,-31397.759999999995,-2026.2300000000032
2016-11-15,-0.0144266112790763,-47892.34000000001,-66343.06
2016-11-16,-0.013953485791227849,-46288.869999999966,-47354.36
2016-11-17,-0.010753875418062633,-35614.86000000001,-79269.01999999999
2016-11-18,-0.013828899623434567,-45709.30999999998,-88840.98
2016-11-21,0.0016381896511938432,5460.810000000001,162989.06
2016-11-22,0.006130502797253851,20504.66000000001,44431.630000000005
2016-11-23,-0.0009980206780164735,-3363.4699999999793,63238.05
2016-11-24,0.0030187449882168476,10207.21999999999,96914.66
2016-11-25,0.014778271050488767,50452.83000000002,107442.68
2016-11-28,-0.009647978239103103,-33081.81999999999,-63441.52999999999
2016-11-29,0.022086109351603024,76421.13000000008,120578.49000000002
2016-11-30,-0.04763613433297409,-162785.96000000002,-42151.81
2016-12-01,-0.032598575957841575,-111686.78000000006,-99444.23000000001
2016-12-02,-0.04049075904238296,-138100.36,-181383.64
2016-12-05,-0.053230323875230766,-181112.77999999997,-278321.55
2016-12-06,-0.015578235363851773,-53073.950000000004,-28753.53
2016-12-07,-0.011199597337161693,-38176.380000000005,-38242.4
2016-12-08,-0.006337792476557068,-21723.06000000004,-94334.09
2016-12-09,0.029326192630008584,101656.25999999998,87722.56999999999
2016-12-12,-0.013774597067697144,-47477.30999999998,-265713.19
2016-12-13,-0.018657370015490615,-63746.44,-83060.31
2016-12-14,0.006896607287325592,23581.189999999995,13993.469999999996
2016-12-15,-0.041969801856783034,-140206.15,-235330.51
2016-12-16,-0.0022874235943021143,-7635.679999999995,-17818.18
2016-12-19,-0.013801476862581766,-45929.21999999999,-63515.57
2016-12-20,-0.02587059461612692,-85291.65,-179921.04
2016-12-21,-0.004511427986223381,-14931.989999999976,-28009.13
2016-12-22,-0.014279051906201169,-47044.170000000006,-79533.45999999999
2016-12-23,-0.026606458625227324,-87177.2,-132313.0
2016-12-26,-0.011356719803418083,-37418.4,47965.19
2016-12-27,-0.00420761717673853,-13841.090000000004,-51645.35
2016-12-28,-0.013265057407947617,-43452.029999999984,-97596.58
2016-12-29,-0.011070860080967979,-36300.8,-20342.29
2016-12-30,0.011618737871809696,38490.19999999998,41264.09
2017-01-03,0.011348388343713952,37858.82999999998,3925.4599999999973
2017-01-04,0.019691517599862866,66339.81000000001,143303.03
2017-01-05,0.0004498186322126582,1514.0000000000018,-8272.11
2017-01-06,-0.004446248606000343,-14924.130000000003,-59612.68000000001
2017-01-09,-0.0018176926349311132,-6107.1200000000135,3965.1000000000013
2017-01-10,0.006202297633338492,20829.289999999994,-1571.289999999999
2017-01-11,-0.0041434773616245806,-13884.580000000009,-47344.45
2017-01-12,0.000693677044992176,2323.4099999999953,-7415.339999999998
2017-01-13,0.006522613311576407,21944.319999999985,73471.04
2017-01-16,0.06083902248947197,206560.73000000004,-74093.05
2017-01-17,0.00886248337818976,30119.219999999965,18502.190000000002
2017-01-18,0.003928671357402467,13420.559999999972,24116.019999999997
2017-01-19,3.86796615926321e-05,131.83999999997968,-23119.22
2017-01-20,0.0037252613834198047,12735.899999999994,115352.05
2017-01-23,-0.007622991248929993,-26031.920000000006,-14652.250000000004
2017-01-24,-0.008937181849391008,-30655.100000000006,-20106.25
2017-01-25,0.003707192802159616,12733.309999999992,43510.93
2017-01-26,0.008863965629319159,30607.769999999982,5768.630000000002
2017-02-03,-0.025070774731017206,-85758.85999999999,-119550.76
2017-02-06,-0.015759690716974594,-53958.10999999997,2472.570000000002
2017-02-07,-0.01793955613991098,-61247.63999999998,-27165.21
2017-02-08,-0.009879369955072744,-33842.34999999996,98980.07
2017-02-09,-0.009091736749246565,-31251.019999999997,32013.730000000003
2017-02-10,-0.007427230772927599,-25603.480000000003,32060.59
2017-02-13,0.007373831706901751,25624.749999999996,48099.8
2017-02-14,-0.031098242928075316,-107818.5,-86289.3
2017-02-15,-0.00918759780107567,-32064.940000000017,111388.13
2017-02-16,0.00028570233320871353,999.5599999999886,18762.399999999994
2017-02-17,-0.012630305773948287,-44015.81000000001,-24594.989999999998
2017-02-20,0.004997193682008834,17653.63999999999,147953.7
2017-02-21,-0.0013929201834074788,-4919.8100000000095,31590.530000000006
2017-02-22,-0.0046505054267220024,-16476.360000000004,-35361.83
2017-02-23,-0.017213282562991837,-60949.55000000002,-90989.75
2017-02-24,-0.016369825351320363,-57889.460000000014,-28337.6
2017-02-27,-0.016625087540119092,-58405.31000000001,-166937.85
2017-02-28,-0.017321734575559255,-60803.42,-55790.53
2017-03-01,-0.021836148463724062,-76579.76999999999,-34843.87
2017-03-02,-0.03189102036235106,-111020.27,-147903.29
2017-03-03,-0.013319179502296788,-46303.86,-26924.490000000005
2017-03-06,-0.0035471284384880554,-12376.000000000015,38696.32
2017-03-07,-0.002022429409500686,-7112.139999999993,14301.460000000003
2017-03-08,-0.007077736438304906,-24896.07000000002,-87380.33
2017-03-09,-0.004433297367399496,-15595.570000000014,-85456.19
2017-03-10,0.0024377317458398736,8589.749999999985,1190.680000000004
2017-03-13,-0.005113700100046948,-18113.229999999996,32200.48
2017-03-14,-0.0038718764796965744,-13743.07000000001,-26369.949999999997
2017-03-15,0.0011131011459635323,3955.330000000007,-28013.35
2017-03-16,-0.013171865669211531,-46700.35999999998,-27920.510000000006
2017-03-17,-0.035095603614178725,-123749.77999999997,-182526.91
2017-03-20,-0.02612424725102962,-92474.22000000002,-100655.51
2017-03-21,-0.025180748331453316,-89577.05,5962.250000000002
2017-03-22,-0.03598214871962058,-127130.97999999997,-132596.18
2017-03-23,-0.007624829107766789,-27041.82000000001,49339.12
2017-03-24,-0.021361274001265723,-75965.88999999998,-12491.41
2017-03-27,-0.021289414532171976,-75895.70999999998,23983.059999999994
2017-03-28,-0.011660004661655246,-41508.44000000003,-59691.76999999999
2017-03-29,-0.016106578222176152,-57540.64000000001,-36415.02
2017-03-30,-0.025334667594733875,-90516.55,-102995.73000000001
2017-03-31,-0.0008178634356125168,-2932.7099999999973,84549.51000000001
2017-04-05,-0.0039010969751278072,-14038.759999999991,-63011.149999999994
2017-04-06,-0.007166710647246877,-25778.74000000002,-34480.81
2017-04-07,-0.009894248805309883,-35622.11999999998,4511.0599999999995
2017-04-10,-0.02384613054908115,-85316.12000000001,-153868.35
2017-04-11,-0.01739813245806852,-61998.11000000001,-111408.73999999999
2017-04-12,0.0033445652877626976,11982.009999999975,47758.909999999996
2017-04-13,-0.004912621749864449,-17580.629999999983,-24951.180000000008
2017-04-14,-0.008872016135802572,-31645.360000000008,-28822.5
2017-04-17,-0.001942774940146963,-6946.660000000007,21120.69
2017-04-18,-0.0029374495777842553,-10462.430000000026,6475.999999999996
2017-04-19,-0.028445359957227665,-100707.79,-49393.60999999999
2017-04-20,-0.00817755290598695,-29086.370000000024,35890.73
2017-04-21,0.001355868231724153,4846.190000000006,-6124.900000000006
2017-04-24,-0.00046186411803119954,-1647.0800000000163,-14084.67
2017-04-25,0.003326189825155812,11976.869999999968,68156.1
2017-04-26,0.02015025372989469,73234.63,253080.06
2017-04-27,-0.004862109495468735,-17714.78000000002,34846.310000000005
2017-04-28,-0.0074075394333218475,-26938.83,21197.96
2017-05-02,-0.0011599657946764217,-4199.800000000028,35177.75
2017-05-03,-0.012734272186159336,-46148.27999999997,47263.6
2017-05-04,-0.010978742010132063,-39678.98000000002,1705.890000000004
2017-05-05,-0.0038602983703243865,-13990.65999999999,-39219.39
2017-05-08,-0.002391869252070937,-8673.559999999987,99569.65000000001
2017-05-09,-0.01995585350129339,-72283.75999999998,28811.410000000003
2017-05-10,0.012499799086544791,45661.290000000045,202801.53
2017-05-11,0.006780256622905709,24928.020000000033,73332.99
2017-05-12,0.018911777125180676,71023.54000000004,202123.25
2017-05-15,0.010896587029310841,41202.15000000004,58935.72
2017-05-16,-0.0008593235969387275,-3240.0900000000547,68480.65
2017-05-17,-0.023088154249581036,-86237.57999999997,-119823.17
2017-05-18,-0.009726437010479932,-36468.65000000001,9998.469999999994
2017-05-19,-0.005513635490283849,-20806.200000000037,67855.54000000001
2017-05-22,0.005108709369336614,19531.070000000065,146089.78
2017-05-23,0.01633259156872553,63546.740000000005,159978.32
2017-05-24,-0.004806003981339853,-18694.869999999908,2096.029999999999
2017-05-25,0.031313455205873884,124007.98000000005,338843.08
2017-05-26,0.005737773192734876,22779.18,-52814.85
2017-05-31,0.012074228906214303,47885.64000000005,-59681.04
2017-06-01,0.011531597583715735,46182.69000000006,53935.23
2017-06-02,-0.005706581282524103,-22703.13000000004,-87093.95
2017-06-05,-0.015147644025205137,-59381.13999999994,-142431.43
2017-06-06,0.001079921514880349,4265.320000000054,63237.8
2017-06-07,0.01270949405225973,51072.740000000005,75021.12
2017-06-08,0.005613407050513823,22798.860000000026,141624.40000000002
2017-06-09,-0.005273397009499285,-21480.530000000046,-34740.45999999999
2017-06-12,-0.0016730076080091751,-6830.619999999977,-66056.51
2017-06-13,-0.01848602771993802,-75210.11999999998,-51126.78
2017-06-14,-0.012474983290419128,-50020.32000000003,-251077.2
2017-06-15,-0.006690952681495546,-26482.779999999977,-187349.03
2017-06-16,-0.008433584035768235,-33319.02,-93334.0
2017-06-19,0.01591323935970269,63556.96999999997,124145.66
2017-06-20,-0.003899335231187157,-15573.440000000048,-87293.25
2017-06-21,0.011179139616496067,45176.38999999994,74885.46
2017-06-22,0.002163128854244336,8837.330000000082,182418.98
2017-06-23,-0.0013632755429461346,-5625.549999999994,45589.33
2017-06-26,-0.014316708673741817,-59257.010000000024,-28492.560000000005
2017-06-27,-0.01620076232677003,-67426.91000000003,-8431.080000000005
2017-06-28,-0.019392724414429623,-79820.96999999997,-156945.61000000002
2017-06-29,0.00392488352875166,16369.759999999991,131682.68999999997
2017-06-30,-0.007883974119029639,-32953.830000000016,-116237.8
2017-07-03,-0.012785260467374174,-52933.13000000002,-217539.74
2017-07-04,-0.006714778418005715,-27566.069999999996,-185571.89
2017-07-05,0.015422584409429308,64306.810000000056,274266.44
2017-07-06,0.00036656309949426616,1531.000000000051,6869.0899999999965
2017-07-07,-0.007311706762331607,-30249.86,-86941.70999999999
2017-07-10,-0.003967764245610989,-16481.71,29678.15
2017-07-11,0.028460162999546325,118224.18999999999,363992.29
2017-07-12,-0.0046860888728257645,-19427.710000000025,-79182.34
2017-07-13,0.009547292360150589,40059.81000000002,80441.98
2017-07-14,-0.002320046270345637,-9780.260000000033,75384.85
2017-07-17,-0.013142221263977131,-55951.639999999956,50383.75
2017-07-18,-0.018119766314794745,-76449.28999999995,-168862.52000000002
2017-07-19,0.019710248905985293,83915.46999999999,101892.73999999999
2017-07-20,-0.005305736740735831,-22726.429999999997,72616.31
2017-07-21,-0.043726909600539265,-186347.12999999992,-122698.37
2017-07-24,0.0027315345593019323,11805.080000000022,176218.53
2017-07-25,-0.011552590924724063,-50248.2,-42606.2
2017-07-26,-0.0153800279918175,-67046.60999999999,-105173.18
2017-07-27,0.002085918383146644,9081.379999999961,3594.270000000004
2017-07-28,-0.0028870141811166376,-12613.660000000044,22674.950000000004
2017-07-31,-0.012431361490945637,-54068.46,-129142.64
2017-08-01,0.01763007385002975,77805.99999999993,210078.47999999998
2017-08-02,0.004262559244486598,18989.960000000025,45073.16999999999
2017-08-03,-0.015378917776994055,-67652.28999999998,-237587.93
2017-08-04,-0.018058573830967782,-78881.31999999998,-104167.68000000001
2017-08-07,-0.030281759539730342,-132922.16000000003,-30013.090000000004
2017-08-08,-0.012274868113959633,-53928.77000000007,-1495.1500000000087
2017-08-09,-0.00876027462437973,-38172.88000000003,-67873.26999999999
2017-08-10,-0.017919882157862544,-77674.89000000003,-92022.06000000001
2017-08-11,-0.023991826729839256,-102937.41999999997,-206694.47
2017-08-14,0.006943316105937788,29971.129999999994,33293.19
2017-08-15,-0.01001265881539594,-43691.590000000004,-15933.710000000003
2017-08-16,0.007061090305719633,30818.050000000032,33964.19000000001
2017-08-17,-0.007731982040587627,-33700.57000000005,-62274.729999999996
2017-08-18,0.005406081102714299,23658.61000000006,-12672.979999999996
2017-08-21,-0.022674164518635204,-99280.95000000001,-52160.42
2017-08-22,0.012845089912245044,56930.89000000005,189662.12
2017-08-23,0.010226861035145963,46108.28999999999,173314.17
2017-08-24,0.001244532577192504,5633.949999999984,-46844.14
2017-08-25,0.029884783444902842,138588.43000000002,363488.94
2017-08-28,0.009793087818837913,45269.119999999995,56981.740000000005
2017-08-29,-0.020872017106977874,-96722.62000000002,-8139.260000000002
2017-08-30,-0.0301513373464312,-138541.87,-172819.64
2017-08-31,-0.031550981159776496,-141811.57,-229056.83000000002
2017-09-01,-0.012570756014589079,-57007.18000000009,-77341.66
2017-09-04,0.0003035447164151347,1384.5399999999718,34962.33
2017-09-05,-0.00597284072669063,-27439.570000000058,-26062.860000000004
2017-09-06,-0.024660481323666213,-112301.22999999998,-148096.53
2017-09-07,-0.027145047979266666,-122685.66999999997,-232346.52
2017-09-08,-0.015304461241496422,-69173.17000000001,-119814.1
2017-09-11,-0.039250073497187135,-176767.37000000002,-232231.36
2017-09-12,-0.01105559921874475,-50180.10999999998,-43259.41999999999
2017-09-13,-0.014543121107639684,-66125.68,-37649.560000000005
2017-09-14,-0.019781986030949578,-89261.03999999996,-188810.88
2017-09-15,-0.015635649770658944,-70097.03000000006,-61194.859999999986
2017-09-18,0.0024433585531147884,10986.3,102325.65
2017-09-19,-0.025330586253539317,-114090.67999999996,-164933.13
2017-09-20,-0.0007971548011879856,-3594.589999999953,-51602.61000000001
2017-09-21,-0.013260307440239634,-60487.05999999997,-10966.719999999987
2017-09-22,-0.0038454766257179744,-17614.31999999997,79139.85
2017-09-25,0.008817831293950496,40698.57000000001,-1261.5999999999985
2017-09-26,0.006321330916551899,29127.73999999997,13966.489999999994
2017-09-27,-0.0052927405496896816,-24290.17,-78047.71
2017-09-28,-0.006955490957414442,-32037.240000000013,-19041.390000000007
2017-09-29,-0.01223981989042849,-56401.629999999976,38790.28
2017-10-09,-0.009562581592404943,-44847.4899999999,-302350.8
2017-10-10,-0.028333007769694468,-133890.0299999999,-182322.58000000002
2017-10-11,-0.003584328978255198,-17021.81000000002,-138299.55
2017-10-12,0.0115394405435271,55140.779999999984,127898.15999999997
2017-10-13,-0.0022951269988701582,-10960.020000000011,-21789.759999999995
2017-10-16,0.013294344320779805,64003.22000000002,71960.02
2017-10-17,-0.0016732561665307758,-8046.2200000000485,24729.15
2017-10-18,0.021522639210493754,104960.18000000008,160516.41999999998
2017-10-19,0.001489681619022444,7330.300000000008,-44317.39
2017-10-20,-0.002379896551341158,-11575.799999999947,-107503.49
2017-10-23,-0.01376214345403238,-66686.23000000001,-121883.37999999999
2017-10-24,0.013123303152740313,64016.25999999996,-84249.77
2017-10-25,-0.00036078166742083796,-1757.6499999999778,-76835.84999999999
2017-10-26,-0.021907060170095898,-107208.23999999996,-211850.68
2017-10-27,0.001161789573875372,5870.65999999998,82121.29999999999
2017-10-30,-0.019326422029707666,-97142.24000000005,-167644.93
2017-10-31,-0.014535313876997942,-72065.95000000004,-150467.76
2017-11-01,-0.036564568288783204,-180897.29,-273927.07
2017-11-02,-0.009846416564592878,-48827.77000000004,-141423.61
2017-11-03,0.011958843520501899,59582.65000000004,-90820.03
2017-11-06,-0.01576364555127705,-78533.69999999992,-126812.72
2017-11-07,0.002027368283256237,10156.770000000031,-50717.64
2017-11-08,-0.011376051120336496,-56942.980000000054,-30167.85999999999
2017-11-09,-0.0035648305607552436,-17851.970000000012,-45139.15
2017-11-10,0.015239450669162657,77081.08999999984,175456.07
2017-11-13,-0.016303604063782836,-83607.68000000008,-76220.34000000001
2017-11-14,-0.030700947864962472,-156374.96999999994,-160566.86
2017-11-15,-0.02520267366635712,-128070.78999999996,-255253.94
2017-11-16,-0.013572398419536572,-69905.51999999996,103072.12
2017-11-17,0.04232559447645488,221649.81999999986,99386.39
2017-11-20,0.009576291832678654,50660.9599999999,-3709.289999999999
2017-11-21,0.03144588667617201,168628.02000000002,387826.62
2017-11-22,-0.02911138974664748,-156205.16,-95488.73000000001
2017-11-23,-0.034207581541897486,-178619.0099999999,-422968.51999999996
2017-11-24,-0.013122609207145305,-68376.78000000016,-254345.56
2017-11-27,0.008126113694828874,41737.26000000011,-686446.5399999999
2017-11-28,-0.023032043925005255,-118063.65000000008,-140517.68
2017-11-29,-0.005239057982570521,-26758.890000000058,-137712.68
2017-11-30,-0.013148391968879026,-66458.71999999994,-197997.88999999998
2017-12-01,-0.010873401226060652,-54426.800000000105,-231072.69
2017-12-04,0.004416744675059976,22307.97000000001,147126.94
2017-12-05,0.05017047258185568,257200.35,-128861.31000000001
2017-12-06,-0.020046992517764414,-101464.26999999993,-420267.06
2017-12-07,-0.02808870826956136,-139987.33999999997,-478256.45999999996
2017-12-08,0.008722919081809565,43938.680000000015,150754.97999999998
2017-12-11,0.00906688898717141,46497.92999999992,375437.13
2017-12-12,-0.028306076560563602,-143410.48000000004,-271758.66000000003
2017-12-13,-0.005686996059504686,-29203.91999999996,147418.4
2017-12-14,-0.026550791786186127,-135551.24999999997,-177702.41
2017-12-15,-0.02124184636961815,-107280.80000000009,-266523.4
2017-12-18,0.012080354345242015,61650.78999999995,7581.26
2017-12-19,0.030777767409977536,159475.24999999988,340769.05000000005
2017-12-20,-0.008744926603468876,-45436.61000000001,31732.87
2017-12-21,0.0035328816117377315,18427.039999999968,120702.19
2017-12-22,-0.013091521770757463,-67972.90999999993,-108557.98
2017-12-25,-0.012408069556603164,-64799.75000000012,-42953.4
2017-12-26,-0.009722437584224948,-50931.190000000104,20402.219999999994
2017-12-27,-0.047360826756556194,-243097.53,-488098.54000000004
2017-12-28,0.03286940436469254,172202.84,195138.8
2017-12-29,-0.026886936470351015,-140554.91999999995,-202681.11
2018-01-02,0.004698099770137233,24833.48999999997,-177860.27
2018-01-03,-0.02353478034476072,-124521.80999999995,-144697.08000000002
2018-01-04,-0.007068839537752591,-37444.12999999992,-218454.94
2018-01-05,-0.01773152669845079,-94188.35,-183630.69999999998
2018-01-08,-0.015199419415016433,-80731.00999999998,-122892.59
2018-01-09,0.0049216054227594445,26548.05000000002,157803.43
2018-01-10,0.027777399792273533,151577.7100000001,237420.83
2018-01-11,-0.00844434566624043,-46139.28999999999,14516.320000000018
2018-01-12,0.009563195059661043,52866.43000000004,284830.75
2018-01-15,0.02304618359609737,129421.05999999975,106475.45999999999
2018-01-16,-0.036494303229304116,-205890.4499999999,-290635.28
2018-01-17,-0.02061013859155505,-116164.69000000005,-152319.47
2018-01-18,-0.03007006337159074,-173634.15999999992,-304168.19
2018-01-19,-0.04475529599824582,-258164.01,-307404.78
2018-01-22,-0.014589974552785257,-85442.02000000008,-1418.719999999994
2018-01-23,-0.03989854543578381,-238431.9999999999,-123515.03000000001
2018-01-24,-0.027408407016037244,-162441.75999999995,-135009.37
2018-01-25,-0.019228517406735174,-113479.26999999993,-131402.99
2018-01-26,-0.029055417866991392,-172348.57999999996,263768.0
2018-01-29,-0.07371938745341776,-430442.14,-453518.32999999996
2018-01-30,-0.02977073845240829,-171940.69999999998,-275811.76
2018-01-31,0.008584417045926964,50755.639999999956,65132.99999999999
2018-02-01,0.0030408907944179243,18166.889999999956,-244609.14999999997
2018-02-02,-0.020787866537414237,-123665.46000000011,17352.07
2018-02-05,-0.008899564898142873,-53106.24000000002,12160.30000000001
2018-02-06,-0.02410035942199266,-140802.02000000005,-1073458.81
2018-02-07,-0.04872662374135168,-272370.74999999994,-851440.01
2018-02-08,-0.04473421827059405,-244418.45999999985,-539131.92
2018-02-09,-0.05620502599825494,-297111.54999999964,-621905.38
2018-02-12,0.00011675630987543466,618.0600000000122,62206.13
2018-02-13,0.011867191094253299,64278.82999999999,-89996.11
2018-02-14,0.01177501422665822,64666.50999999995,51309.27000000001
2018-02-22,0.015222795648050572,85215.76999999992,73237.69
2018-02-23,0.00073207993674385,4110.670000000053,-89443.48999999999
2018-02-26,-0.006036961079173639,-34021.57999999996,-116825.06
2018-02-27,-0.03614002325625275,-199187.82000000004,-566656.17
2018-02-28,-0.02662628125596468,-144375.43999999992,-217233.45
2018-03-01,0.010255112719300689,56153.91,104531.48000000001
2018-03-02,-0.01953888588174269,-106341.73000000003,-143335.39
2018-03-05,-0.012318092937720557,-66695.39,-128568.88
2018-03-06,-0.011379318418988307,-61613.9800000001,-211213.85
2018-03-07,-0.012863806274670202,-69857.88999999993,-62449.869999999995
2018-03-08,0.02132109311472089,116756.26999999993,127848.48000000001
2018-03-09,0.018372606153625536,101186.65999999997,130374.76000000001
2018-03-12,-0.01015169703475302,-55720.44999999999,-225962.65999999997
2018-03-13,-0.021234907030468153,-115722.83999999998,-248615.19
2018-03-14,-0.007455527866577845,-40475.900000000016,-122613.53
2018-03-15,0.018171889391957054,99768.59999999999,150332.78999999998
2018-03-16,-0.01106446922415903,-60013.42000000011,-184845.02
2018-03-19,0.015237492802928966,83881.72999999998,226832.03999999998
2018-03-20,-0.005847505778824912,-32401.229999999952,-1856.5700000000015
2018-03-21,-0.017360763929670838,-95724.2100000001,-226529.11
2018-03-22,-0.009135538926449263,-49934.09999999992,-288259.7
2018-03-23,-0.020988013148814103,-111728.99999999994,-672214.23
2018-03-26,-0.03518271814216737,-182937.51000000004,-272921.67
2018-03-27,-0.023974018955898773,-124442.92000000009,-229165.11
2018-03-28,-0.06492776710330356,-330538.47000000003,-429078.88
2018-03-29,-0.0012224822468132148,-6320.049999999992,32317.17
2018-03-30,-0.01805293473932359,-92849.65999999995,-30709.19999999999
2018-04-02,-0.023493224340194453,-119368.18999999999,-156565.75
2018-04-03,-0.001501283460811046,-7573.19000000001,-70969.23
2018-04-04,-0.0017856048311290383,-9038.800000000054,-62773.66
2018-04-09,0.001413980242011641,7177.040000000015,-9967.50000000001
2018-04-10,0.0314563601679078,164767.85000000006,350080.83
2018-04-11,-0.01427218174076666,-75150.28999999994,-89731.43
2018-04-12,-0.03133717629638431,-161944.14,-250741.79
2018-04-13,-0.016160407507305383,-82768.10999999999,-176222.87
2018-04-16,-0.06352635281292286,-316680.36000000004,-386658.1
2018-04-17,-0.031963970136863445,-157602.76,-185273.51
2018-04-18,-0.0199401785619279,-98807.46999999997,46443.71
2018-04-19,0.009200505193731499,46307.53999999996,74476.93
2018-04-20,-0.021376373435377245,-106930.22000000002,-252434.11
2018-04-23,-0.005490908937883069,-27681.909999999996,64317.31
2018-04-24,0.040474703538547124,207933.34999999998,293998.14
2018-04-25,-0.030463728512585476,-155081.77999999997,-190827.47
2018-04-26,-0.03735479230275928,-187495.94999999995,-286169.44
2018-04-27,-0.05205815385546454,-260679.91000000012,43948.85
2018-05-02,-0.019132918670785384,-95855.06,-97191.98
2018-05-03,0.006147725876610355,30885.46999999998,131844.03
2018-05-04,-0.02508291825171523,-124554.57999999999,-199012.16
2018-05-07,0.014755158182578148,74465.16000000006,55916.020000000004
2018-05-08,0.03513384956241908,180133.62999999998,238849.46
2018-05-09,-0.01579821363005905,-80885.84999999999,-80787.93
2018-05-10,-0.002373711824239786,-12216.080000000024,-16887.73
2018-05-11,-0.0010985865800725186,-5679.0199999999895,-9219.319999999992
2018-05-14,0.0023539013957007402,12334.699999999993,99618.06
2018-05-15,-0.02086303678905598,-109531.15999999997,-123274.94
2018-05-16,-0.028170934025035316,-145597.46,-300148.91
2018-05-17,-0.029276974378470745,-150247.16000000003,-199702.8
2018-05-18,0.015885561015048122,82788.25000000001,224521.72999999998
2018-05-21,0.0029544290383047155,15371.53999999995,-55396.26
2018-05-22,-0.04366811102775834,-225604.26,-186547.66999999998
2018-05-23,-0.04931195329961501,-251004.07,-274255.15
2018-05-24,-0.03298003802030684,-165894.03,-268617.43
2018-05-25,-0.01678290563506204,-84544.48000000001,-108312.8
2018-05-28,0.004106305257779076,20832.950000000004,20744.489999999994
2018-05-29,-0.002061098536408545,-10420.859999999964,-284394.43
2018-05-30,0.04389111439675891,217556.73,-234041.82
2018-05-31,0.01749335571915317,88339.25,250540.86
2018-06-01,-0.02157334573157489,-108136.69000000003,-139538.0
2018-06-04,0.01141602059585432,58527.82000000004,275824.18
2018-06-05,0.005837399770621343,30126.450000000026,112480.88
2018-06-06,-0.01436160451552863,-73665.85000000006,-90252.78
2018-06-07,0.0020011403981932724,10267.210000000012,-46826.32
2018-06-08,-0.04062052338255149,-205796.48,-354759.18
2018-06-11,-0.009372624277890883,-47837.74999999998,23668.010000000002
2018-06-12,0.012493697586911802,64496.14000000004,246507.02000000002
2018-06-13,-0.014231198959881484,-73140.71,-142474.26
2018-06-14,-0.02001585178683349,-102977.47000000003,12776.26000000001
2018-06-15,-0.00199079920881864,-10257.11999999998,74275.02
2018-06-19,0.01727580809232134,87443.85,-570348.4600000001
2018-06-20,-0.02597595799979782,-131587.71000000005,-81031.14
2018-06-21,-0.02548653639385642,-128174.15999999996,-159257.14
2018-06-22,0.06653119473112999,334074.51,57220.69
2018-06-25,-0.022261342783030443,-109768.77000000005,-212872.34
2018-06-26,-0.019975523844282524,-97010.72999999994,-65240.060000000005
2018-06-27,-0.044752230668431266,-211855.39,-251334.88999999998
2018-06-28,-0.02906462304524053,-135633.34000000003,-68814.39
2018-06-29,0.030506215534863466,146226.85000000003,296938.17
2018-07-02,-0.08491969729798243,-390264.26,-428198.58
2018-07-03,-0.025648976757806207,-117943.71999999994,106531.62999999999
2018-07-04,-0.038556589862517185,-176017.85,-179981.88
2018-07-05,0.024998811754969364,115425.05000000002,3502.489999999996
2018-07-06,0.02538486487443533,118911.71000000002,206323.5
2018-07-09,0.00969129859031107,46886.119999999995,223172.65
2018-07-10,-0.03373858984575781,-162543.94999999998,-199478.74
2018-07-11,-0.025524524687394624,-121417.41000000003,-119572.59
2018-07-12,0.039277975237842766,190758.53000000003,265140.86
2018-07-13,-0.017599550689987746,-84348.42000000001,-41102.14
2018-07-16,-0.03075068633802926,-145739.34000000003,-163815.28
2018-07-17,-0.03356348230592453,-158109.31000000006,-153329.31
2018-07-18,-0.021098937624277107,-98998.28999999996,-132687.44
2018-07-19,0.003949821933402696,18577.28999999997,110807.9
2018-07-20,0.06050215377147413,294489.1900000001,425112.02
2018-07-23,0.008273840237098673,40740.34999999996,181375.5
2018-07-24,0.03900454450085063,193722.35999999996,113535.77
2018-07-25,-0.015253469988417426,-75859.74999999997,-138354.03
2018-07-26,-0.026632398040647497,-130955.09999999998,-342429.63
2018-07-27,-0.022086850893503276,-108453.9,-22866.14
2018-07-30,-0.02674203948663229,-131710.09999999992,-118026.48999999999
2018-07-31,-0.011038624370493222,-54569.90999999999,-26803.969999999998
2018-08-01,-0.024126449560946298,-117023.23,-188204.29
2018-08-02,-0.05937896934610178,-281234.50999999995,-210784.69
2018-08-03,-0.03343237843216697,-157173.73,-149232.94
2018-08-06,-0.0027739589439673257,-13032.200000000013,-28090.729999999996
2018-08-07,0.022103872947967264,106508.27000000002,214292.34
2018-08-08,-0.0302401875927802,-143387.00999999998,-205193.04
2018-08-09,0.055767530855937116,270165.30000000005,392227.85000000003
2018-08-10,-0.018241822074005678,-87778.65,-87824.94
2018-08-13,-0.026842854779876274,-127442.88000000005,-90650.53
2018-08-14,-0.027285278437298097,-128792.12,-110936.42
2018-08-15,-0.05460486009811735,-251557.02,-346762.88
2018-08-16,-0.008423310334961768,-38610.07999999998,-57922.82
2018-08-17,-0.025511609128129584,-115736.97,-194554.15
2018-08-20,0.011182769622837967,51692.669999999955,123831.69
2018-08-21,0.02587305819415546,121642.20000000001,197829.7
2018-08-22,0.0024765934408757955,11635.179999999975,-52476.159999999996
2018-08-23,0.012194213053274375,57564.21999999994,176628.86000000002
2018-08-24,0.013138793379530075,62399.68000000002,88450.33
2018-08-27,0.03899451661242773,189061.44000000006,223167.44
2018-08-28,-0.013384933240250403,-64700.109999999986,-57128.59
2018-08-29,-0.014464771205861985,-69772.66,-75860.78
2018-08-30,-0.023833726408624422,-113674.40000000001,-149347.26
2018-08-31,-0.029965004366805374,-142266.30000000002,-154807.53
2018-09-03,-0.020135241031568826,-95580.96999999994,8270.580000000002
2018-09-04,0.010263100508448494,49372.45999999996,203616.31
2018-09-05,-0.03880705992865221,-182223.18000000005,-306689.81
2018-09-06,-0.029516586795948457,-137129.30999999997,-110562.02
2018-09-07,0.0021468564470756906,10060.84999999999,38614.77
2018-09-10,-0.04159874295580056,-182033.88999999998,-92253.52
2018-09-11,-0.013835062096713396,-60345.62000000004,-40043.14
2018-09-12,-0.02345755237094728,-101316.22000000003,-67225.51000000001
2018-09-13,-0.0020721070446967694,-9075.369999999983,53867.19
2018-09-14,0.013950555645141392,61430.619999999944,48884.35
2018-09-17,-0.001901104244490333,-8304.929999999995,-46451.95
2018-09-18,0.03228810649289133,143945.33,238055.58000000002
2018-09-19,0.04275387355016595,192976.45,268812.26
2018-09-20,-0.0014513175331955703,-6567.249999999996,-8461.54
2018-09-21,0.05967226818191343,281171.0299999999,557609.07
2018-09-25,-0.015516142374522932,-72383.36999999997,-135715.33000000002
2018-09-26,0.017202317727198727,81543.01000000005,250759.53999999998
2018-09-27,-0.016702312115180386,-78912.96999999997,-77294.28
2018-09-28,0.012161466240138646,58186.86999999991,218158.56
2018-10-08,-0.056923198626793466,-260037.94999999995,-371061.67
2018-10-09,-0.02354241138965183,-107818.22000000002,-13658.200000000004
2018-10-10,-0.020184636919367203,-91999.31000000004,-56938.23999999999
2018-10-11,-0.06529038101780187,-286804.6,-259644.5
2018-10-12,0.010803055895724315,48719.459999999955,205442.16
2018-10-15,-0.01292581125960978,-57668.680000000015,-147183.66
2018-10-16,-0.016746918846201164,-74966.83999999995,59801.71000000001
2018-10-17,-0.032930789117011465,-147561.73999999996,14153.3
2018-10-18,-0.042468804815204805,-185979.65999999997,-179612.41
2018-10-19,0.04865268806714039,220717.06000000006,459987.78
2018-10-22,0.08650682519713296,405884.63000000006,290045.93
2018-10-23,-0.09264175909318309,-418691.58000000013,-396838.30000000005
2018-10-24,-0.01768103691935468,-80915.5199999999,97058.5
2018-10-25,-0.011541277635323663,-52898.250000000044,158666.41
2018-10-26,-0.04942253912923062,-225280.44999999995,-263043.4
2018-10-29,-0.08468662821265012,-389290.53,19744.57000000001
2018-10-30,0.01361099653302768,62755.999999999905,464035.06
2018-10-31,-0.003147469779214037,-14694.489999999936,44098.829999999994
2018-11-01,0.012545634065785273,58818.44,-4430.46
2018-11-02,0.0870252517885905,422371.34,368214.41000000003
2018-11-05,-0.04988423977324621,-238395.65,-123349.65
2018-11-06,-0.022932947197120426,-108742.60000000003,-116493.18
2018-11-07,-0.011296754153194189,-53396.539999999964,-40086.29000000001
2018-11-08,-0.023801705882278826,-112840.91000000003,-93151.86
2018-11-09,-0.07513113335225584,-346442.18000000005,-203980.04
2018-11-12,-0.010552051971553079,-48695.28000000001,102109.6
2018-11-13,-0.0020543782202629497,-9569.73000000001,135770.51
2018-11-14,-0.04221305497515721,-193719.59000000005,-272974.09
2018-11-15,0.02323877611209827,107793.82999999993,239472.11
2018-11-16,0.005656503922409467,26295.880000000005,113001.62
2018-11-19,0.008800391061706887,41447.350000000006,158397.02
2018-11-20,-0.043839483676688655,-202931.96000000002,-382191.88
2018-11-21,-0.018502704243812878,-85661.27999999997,-32861.91
2018-11-22,-0.033127855670038245,-152902.71000000002,-168229.28
2018-11-23,-0.036661415061130916,-167152.22999999998,-271937.65
2018-11-26,-0.0042556604880370046,-19473.770000000004,-32304.349999999995
2018-11-27,-0.011282883170420123,-51435.71000000001,-33855.02
2018-11-28,0.015879719463917797,73046.01999999999,149643.76
2018-11-29,-0.019438136579364974,-88654.82000000002,-163895.44
2018-11-30,0.005110986713909612,23505.050000000014,134335.37
2018-12-03,0.052794433080306735,250043.63000000006,246201.89
2018-12-04,-0.0017631841158088834,-8364.279999999948,78671.26000000001
2018-12-05,-0.01877891149966314,-88795.71000000002,13889.43
2018-12-06,-0.05945408040391101,-275962.08999999997,-290213.58
2018-12-07,-0.016593833968313678,-76837.75000000003,-14422.790000000005
2018-12-10,-0.04013557649562671,-183918.67000000004,-104505.32
2018-12-11,-0.02162638346705329,-99369.50999999998,-60603.409999999996
2018-12-12,0.00402110927230967,18572.67999999997,9700.47
2018-12-13,0.020008212941232124,93757.57000000004,169261.27000000002
2018-12-14,-0.05231990351141929,-242005.36,-293313.06
2018-12-17,-0.03682664951356928,-169990.25,-78870.82
2018-12-18,-0.034705767806607626,-159242.78,-155175.27000000002
2018-12-19,-0.045917565367862345,-207658.61000000002,-197160.84
2018-12-20,-0.04111620646146801,-183244.02,-216552.61
2018-12-21,-0.03487861746810263,-153805.58000000002,-238219.02
2018-12-24,-0.018159249496879318,-80166.73000000003,-35733.060000000005
2018-12-25,-0.009528146508820652,-40493.99999999999,-36409.28
2018-12-26,-0.014263019949383894,-60365.14000000001,-90595.33
2018-12-27,-0.020958397460356736,-88695.13000000003,-14929.62
2018-12-28,-0.010803240863621602,-46165.59000000001,84475.48999999999
2019-01-02,-0.039435336846339306,-166319.11000000004,-211279.8
2019-01-03,-0.0009390029404414618,-3959.6399999999594,-22977.35
2019-01-04,0.01760337893059139,75515.44999999998,222352.19
2019-01-07,-0.009479927125178183,-40632.480000000025,-50934.619999999995
2019-01-08,-0.005459626547981537,-23305.14000000003,-81738.14
2019-01-09,0.03597479383826811,155940.54999999987,241271.09
2019-01-10,0.004201192623273586,18897.240000000045,-47043.509999999995
2019-01-11,0.010784894452443822,49077.88999999998,131394.86
2019-01-14,-0.01900917353791414,-85627.99000000002,-128314.32
2019-01-15,0.03990837084498242,183891.67,369705.66000000003
2019-01-16,-0.01053348242106916,-48623.83000000005,-630.1800000000003
2019-01-17,-8.659132004677033e-05,-398.31999999997424,16127.07
2019-01-18,0.031054541615026802,146458.23000000007,340164.8
2019-01-21,0.002982714377961985,14177.869999999963,34122.18
2019-01-22,-0.020279442145851014,-95086.89,-130295.08
2019-01-23,-0.013064912644316336,-61361.34999999996,-29723.589999999997
2019-01-24,0.011598289143307662,55031.200000000055,159230.56
2019-01-25,0.033397880885479514,160479.02000000002,191929.18
2019-01-28,-0.006392399645908829,-30700.960000000006,-98016.83
2019-01-29,-0.003113705364564077,-15059.68999999997,8734.760000000002
2019-01-30,-0.009765975365359718,-46961.06999999998,-67017.12
2019-01-31,0.034308606009174396,168575.41000000003,311582.98
2019-02-01,0.010451010411845147,51558.62000000003,107495.45999999999
2019-02-11,0.012645026519336983,63336.13000000001,203574.96000000002
2019-02-12,-0.011935130983002081,-59712.97999999998,-57735.84
2019-02-13,0.019142977116411507,97226.71999999999,224520.78999999998
2019-02-14,-0.0005149496882068128,-2608.8799999999774,-47088.2
2019-02-15,-0.06317431040767175,-312570.44,-469754.37
2019-02-18,0.045594074971225265,231064.05,362953.64
2019-02-19,-0.01619391081906358,-81757.33000000002,-120263.61
2019-02-20,0.0020768857993660257,9884.339999999978,10698.259999999998
2019-02-21,0.014736589738824805,74335.49000000006,-2516.5399999999886
2019-02-22,0.018111589083698833,92636.5999999999,297817.63
2019-02-25,0.06752913070858653,366244.19999999966,387838.27
2019-02-26,-0.11027250913258574,-584414.1600000001,-444648.23
2019-02-27,-0.04389268990683839,-233765.52999999982,-115583.73999999999
2019-02-28,0.0017360362779126881,9253.889999999861,20477.639999999992
2019-03-01,0.027051002308890418,148724.03999999992,602253.74
2019-03-04,-0.014081056844424176,-77384.53999999989,-97149.17
2019-03-05,-0.017895730582449667,-97997.89999999998,-37413.14000000001
2019-03-06,-0.016328458623992043,-89856.39999999988,137428.74
2019-03-07,-0.10721724513073798,-577612.1399999999,-510632.24
2019-03-08,-0.08357344206371577,-437271.75000000006,-506039.31
2019-03-11,-0.012850675172071545,-67750.10000000022,-70176.08
2019-03-12,-0.016658528071347573,-87865.43000000007,-101779.41
2019-03-13,-0.02875144586901182,-152093.4200000001,-184083.03999999998
2019-03-14,-0.014897064423790636,-79531.24000000002,168757.14
2019-03-15,-0.005538535649535863,-29801.79999999991,224281.36
2019-03-18,0.03476857652821687,191392.1600000001,531122.12
2019-03-19,-0.041420294744887565,-226802.23999999996,-280918.05
2019-03-20,-0.0110397571404789,-60493.90999999996,137781.33000000002
2019-03-21,-0.010092126290650509,-54983.889999999905,-166341.46999999997
2019-03-22,-0.033514643058874416,-182920.80000000005,-220915.66000000003
2019-03-25,-0.0918199156351269,-487317.09000000014,-630683.8300000001
2019-03-26,-0.04706125306108846,-249050.29999999993,-286857.01
2019-03-27,0.008752190753343136,46989.009999999995,115727.87000000001
2019-03-28,-0.019795388806020813,-106164.28000000009,-89296.27
2019-03-29,0.07313245100920811,408067.66,982374.61
2019-04-01,0.013750984190223386,78086.18000000021,412390.51
2019-04-02,0.009725935608990552,55291.36000000013,-14165.759999999995
2019-04-03,0.019588532908851847,112141.76999999999,382012.87
2019-04-04,-0.004729671891948497,-27475.710000000003,15418.960000000006
2019-04-08,-0.04003539936957326,-234457.00000000006,-202183.8
2019-04-09,-0.03844043493714554,-224586.4799999999,7218.620000000003
2019-04-10,-0.04568877748726216,-269084.9700000001,-90367.33000000002
2019-04-11,-0.040478234016068655,-235088.5500000001,-373849.33
2019-04-12,-0.027744626383511144,-160439.16999999998,-33954.78000000001
2019-04-15,-0.02552035056779932,-149593.17999999993,-138282.21
2019-04-16,0.04642244169330807,282147.77,960117.52
2019-04-17,-0.0028497496215245965,-17348.62999999996,-12108.430000000004
2019-04-18,-0.018345857179454046,-110835.67999999998,-161857.97
2019-04-19,0.00032895610228122216,2013.9699999999002,229757.42
2019-04-22,-0.06548070278261035,-391705.8100000002,-703870.81
2019-04-23,-0.0040148015058844525,-24663.280000000053,155297.18
2019-04-24,-0.022288884177190816,-137063.04000000004,-19281.420000000006
2019-04-25,-0.05057588728465809,-306055.7,-191421.87
2019-04-26,-0.016467758189201,-98539.32000000007,-90379.97
2019-04-29,-0.0016441534100698927,-10048.730000000069,185480.27
2019-04-30,-0.028495259304956687,-174197.99000000005,11791.210000000006
2019-05-06,-0.09644942309805725,-564591.02,-437058.5
2019-05-07,-0.02785703259444262,-162233.57000000015,-90372.27
2019-05-08,-0.03300763862379287,-180150.8,-84059.81
2019-05-09,-0.04809785418047459,-257025.0700000001,-222825.65999999997
2019-05-10,0.04382593258816386,242966.47000000015,361345.48
2019-05-13,-0.06576370601312301,-357432.87000000005,-350936.88
2019-05-14,-0.021589647603678853,-116780.22999999998,85196.81
2019-05-15,0.045657567896032224,253047.64,290719.66000000003
2019-05-16,-0.011621027997197471,-64558.76000000002,-103276.06
2019-05-17,-0.051357778968381736,-280864.43999999994,-303594.45
2019-05-20,-0.025836685826793215,-140295.60000000003,-8010.9699999999975
2019-05-21,0.009332163346426168,51154.99999999997,133309.51
2019-05-22,-0.015031767149731692,-87182.05999999995,-133415.25
2019-05-23,-0.037307546055691115,-213054.60000000003,-166953.61
2019-05-24,0.012814559140473709,73980.58999999994,124194.73
2019-05-27,-0.004396539600487036,-25409.90999999993,8239.959999999995
2019-05-28,0.006576748143066544,38369.72000000004,45327.80999999998
2019-05-29,0.010428545053309611,61147.22999999998,56731.06
2019-05-30,-0.020362499419826565,-119116.37000000007,-67829.97
2019-05-31,-0.007667434946843338,-44556.72999999999,-45188.28999999999
2019-06-03,-0.013863279562026744,-81116.69000000002,95307.88
2019-06-04,-0.041113013221509336,-238824.24,-112736.28
2019-06-05,-0.004409523959244138,-25625.809999999987,49989.87
2019-06-06,-0.026909910483222083,-155411.16000000003,-70009.58
2019-06-10,-0.00014702230044254648,-862.3600000000224,234384.18
2019-06-11,0.05172242555449014,313776.57000000007,684291.79
2019-06-12,-0.03435133959082432,-207190.02999999997,-76476.6
2019-06-13,-0.013176547635033287,-79294.54000000001,-38249.67
2019-06-14,-0.01912771596372028,-114878.21000000004,-80265.66
2019-06-17,-0.01931232737556067,-116155.46000000002,45947.65
2019-06-18,-0.0005355024222762771,-3238.8200000000143,187607.46
2019-06-19,0.02768672960584162,169954.6000000001,136895.48
2019-06-20,0.06036851549518294,383125.9500000001,1026141.9299999999
2019-06-21,-0.019111261566313566,-121150.36000000002,216661.47
2019-06-24,-0.01730308279137863,-110125.33000000003,62957.56
2019-06-25,-0.0678786645794329,-426037.66000000015,-419389.20999999996
2019-06-26,-0.013908811204534868,-87158.65999999996,-34819.11
2019-06-27,0.00897429375083741,57102.98999999993,385159.41
2019-06-28,-0.012528124751379462,-79380.16000000008,938.0400000000009
2019-07-01,0.036699925967598114,238636.18000000005,294436.26
2019-07-02,-0.009823235894521864,-63503.39000000005,-235197.04
2019-07-03,-0.055093685840883644,-349498.9,-255416.59
2019-07-04,-0.014313385880919656,-90556.87,-153789.31
2019-07-05,0.007305960630308016,46572.33000000006,189482.15
2019-07-08,-0.04115240174827134,-257399.79000000004,-340819.86
2019-07-09,-0.022670099345624476,-141019.78,-150459.03
2019-07-10,-0.008917897462496865,-55496.14999999999,-72916.97
2019-07-11,-0.014604483638758391,-91259.18999999997,-33948.340000000004
2019-07-12,0.017525781895153532,110057.75999999998,143865.1
2019-07-15,-0.0052494569881403165,-32909.60999999994,132925.21
2019-07-16,-0.025784933104498607,-160750.47,-170916.94
2019-07-17,-0.015759488769575853,-97830.27,-121729.67
2019-07-18,-0.02992328056181014,-184616.68000000005,-46994.979999999996
2019-07-19,0.011602304574204922,72523.23999999996,297965.67
2019-07-22,-0.01659994073961421,-103872.9,-7197.900000000009
2019-07-23,-0.0011927218333503062,-7477.910000000005,3710.220000000003
2019-07-24,0.004380308904291631,27603.88000000002,128498.56
2019-07-25,0.014341859521172366,91279.39000000001,237378.91999999998
2019-07-26,-0.004133160907895437,-26371.310000000023,139410.73
2019-07-29,-0.020494824017964014,-130639.69999999995,-109587.47
2019-07-30,0.002914243421990613,18659.199999999986,113371.79000000001
2019-07-31,-0.03760727991087491,-238751.68000000008,-191029.62
2019-08-01,-0.03802325047616427,-239267.36999999994,-308770.88
2019-08-02,-0.04004353210886691,-249062.1599999999,-146384.29
2019-08-05,-0.043387078820550574,-265115.19999999995,-268099.64
2019-08-06,-0.03275945667036327,-199262.76000000015,143023.88
2019-08-07,-0.013885012330507398,-84018.81000000006,-130495.73000000001
2019-08-08,0.018944994893342205,116761.93999999993,177517.52000000002
2019-08-09,-0.015132212782918302,-92826.65999999999,-122835.55
2019-08-12,0.03610114354565604,226513.74,378900.33
2019-08-13,-0.02181335458972235,-135810.61999999997,-169160.75
2019-08-14,-0.006101536206348212,-38215.639999999985,-118558.86
2019-08-15,0.004052642311664633,25501.850000000017,125034.87
2019-08-16,0.016402680965229923,103608.51999999993,181566.43
2019-08-19,0.011415732513321876,72852.01999999995,348090.07
2019-08-20,-0.025607926085787436,-163137.67000000004,-172409.24
2019-08-21,-0.01604606430306905,-102081.03000000003,-14995.310000000001
2019-08-22,-0.009181711099486112,-58755.27000000001,-33932.060000000005
2019-08-23,0.0174503988885595,113467.13999999994,278299.14
2019-08-26,-0.06525868176617512,-416474.66000000003,-382273.66
2019-08-27,0.005695887606448718,36597.960000000014,135973.89
2019-08-28,-0.06292389281443113,-400638.73999999993,-443436.3
2019-08-29,-0.02880235328387445,-183180.42999999996,-174759.44999999998
2019-08-30,-0.008240351550912904,-52795.55000000003,46318.780000000006
2019-09-02,0.018168227034180043,116909.23999999996,180455.15999999997
2019-09-03,-0.026825119976261323,-172718.75999999998,-172871.52
2019-09-04,0.009694297947127607,62661.03000000001,153607.76
2019-09-05,0.027410581137326938,179089.17,337660.95999999996
2019-09-06,-0.000331673287105572,-2180.0199999999895,119847.62
2019-09-09,-0.023089608212517036,-151456.78999999986,-168239.85
2019-09-10,-0.03844394324021668,-250275.69,-292463.8
2019-09-11,-0.028300637919330688,-182626.69000000003,-31138.02999999999
2019-09-12,0.022351945552873783,146348.34999999992,487582.16000000003
2019-09-16,-0.025631585454223012,-167374.38,-226508.7
2019-09-17,-0.05494470520594644,-354156.22000000003,-398140.17
2019-09-18,-0.007733297640535003,-50460.85000000002,79993.66000000002
2019-09-19,-0.02732533263398344,-177987.06999999998,-93230.63
2019-09-20,-0.019056499106177408,-124784.53,-38289.170000000006
2019-09-23,-0.036477102067613065,-236669.18999999997,-209814.72999999998
2019-09-24,-0.002904390539182197,-19008.939999999886,26850.629999999997
2019-09-25,-0.02738521837498714,-178165.65999999995,-110090.65999999999
2019-09-26,-0.01502052534510031,-97842.33000000005,-38917.82000000001
2019-09-27,0.0011095193820635225,7250.099999999948,34473.11000000001
2019-09-30,-0.02738055554633185,-176811.24,-285586.95999999996
2019-10-08,0.0029539663365112114,19245.309999999983,33277.65
2019-10-09,-0.005194966292525495,-33800.26,94170.58000000002
2019-10-10,0.0011339404958893233,7401.679999999964,56263.29999999999
2019-10-11,0.03827553132503596,253822.69999999995,447697.33
2019-10-14,0.01655887137395522,110837.86000000003,123430.53
2019-10-15,-0.00644796395639428,-43271.96999999997,-49514.340000000004
2019-10-16,-0.019635608935877902,-130769.34000000011,-121557.85999999999
2019-10-17,0.008236671186970664,55147.869999999966,97517.51000000001
2019-10-18,-0.03683027580507045,-243524.61,-331533.72
2019-10-21,-0.018338410186477916,-121735.62000000001,77567.06
2019-10-22,-0.011618715429800686,-77430.30999999995,51884.590000000004
2019-10-23,-0.022405020173990996,-149060.84999999998,-72975.81999999999
2019-10-24,-0.009335837033561901,-62280.62000000001,28393.739999999998
2019-10-25,-0.019195447546340172,-128658.25000000001,33417.07
2019-10-28,4.855040044574107e-05,325.7199999999975,41884.56
2019-10-29,-0.0214332420066701,-143766.63000000006,-119582.89000000001
2019-10-30,-0.017775539857462715,-115152.9,-101026.33
2019-10-31,-0.006348632066926202,-42488.27000000002,-56114.100000000006
2019-11-01,0.03559886296146802,242052.77999999997,456299.21
2019-11-04,0.010395819609597718,71115.76000000002,87568.48
2019-11-05,0.00950437575779894,65370.83000000004,374558.68
2019-11-06,-0.00559658160884138,-38608.83000000001,19567.930000000008
2019-11-07,-0.008081559728640587,-55727.39000000004,3438.9800000000023
2019-11-08,-0.010567640395427458,-72498.60000000005,-130257.59
2019-11-11,-0.03256860816282916,-220495.13,-166371.12
2019-11-12,-0.020240273439986262,-137093.89999999997,-100104.39
2019-11-13,0.0004804237736525706,3265.1099999999406,136351.66
2019-11-14,-0.012146918591736416,-82435.73999999999,-1727.9399999999973
2019-11-15,-0.014422325731786315,-97037.06999999999,-40093.86
2019-11-18,-0.0015546617256434888,-10532.409999999996,143919.19
2019-11-19,0.008825107696014203,60162.76,197656.06
2019-11-20,-0.03141464939458499,-211973.69,-285451.42
2019-11-21,-0.031230640573374352,-211106.99000000002,-296428.26
2019-11-22,-0.03340511776471031,-222821.19000000006,-320205.62
2019-11-25,-0.0074223926394794875,-49876.02999999994,136667.88
2019-11-26,0.003740298205967185,25120.450000000015,87025.11
2019-11-27,-0.0035011696043217243,-23558.10000000002,37572.65
2019-11-28,-0.015173347584388201,-101526.27999999997,-72260.98
2019-11-29,-0.029226343565866314,-192721.24000000014,-242956.88
2019-12-02,-0.005196482979571289,-34330.39000000001,-24395.47
2019-12-03,-0.010040172367401927,-66303.97000000004,44405.899999999994
2019-12-04,0.002256084441142254,14905.170000000056,-22120.73999999999
2019-12-05,0.0242308533747829,161192.18,294545.72000000003
2019-12-06,0.005544195878315721,37215.080000000096,79124.95
2019-12-09,-0.026129099283521112,-174517.34000000008,-218275.09
2019-12-10,-0.006972712260895491,-46581.340000000004,35051.689999999995
2019-12-11,-0.011183116365609543,-74902.68999999999,50953.51
2019-12-12,-0.018512943132497513,-123526.90000000002,-52537.659999999996
2019-12-13,0.05895773800962617,402414.83999999997,722681.29
2019-12-16,-0.017568043843056793,-119343.58000000009,-135278.42
2019-12-17,0.026669587367921715,183311.95,295851.17
2019-12-18,-0.020026280586128372,-137460.84999999995,-78576.29000000001
2019-12-19,-0.018215766534114504,-124842.41000000003,-124291.58
2019-12-20,-0.02214196665710112,-151142.06999999998,-114363.95999999999
2019-12-23,-0.019636285869453384,-133031.27000000002,-126485.64000000001
2019-12-24,-0.000462815055309416,-3147.2100000000137,140561.05
2019-12-25,-0.026759929709283484,-181143.87,-112577.15
2019-12-26,-0.0031177048047223103,-21226.810000000038,131100.02
2019-12-27,0.013256656089300612,90708.52999999997,4365.199999999997
2019-12-30,0.0553137409494555,382948.78000000026,638692.38
2019-12-31,-0.025082313218943563,-173324.37999999992,-112328.66999999998
2020-01-02,-0.014834403976284416,-102923.55999999982,118700.70000000001
2020-01-03,-0.03589616763303603,-246947.19999999992,-385523.65
2020-01-06,-0.027453779474327943,-187935.97000000015,-147151.5
2020-01-07,-0.002141062328958098,-14752.450000000037,40276.170000000006
2020-01-08,-0.04652908180254413,-316481.07999999996,-537544.09
2020-01-09,0.01961319287152684,134773.28999999995,157736.73
2020-01-10,-0.009299218752537074,-64010.65000000008,-112629.70999999999
2020-01-13,0.03376660384081397,235044.47999999998,183656.0
2020-01-14,-0.00936917815482848,-65052.78999999998,-77934.78
2020-01-15,-0.030504196185092636,-210567.51999999996,-198035.83
2020-01-16,-0.029575116788519942,-203018.17000000004,-209857.94999999998
2020-01-17,0.006883008249009531,47363.24000000003,145820.79
2020-01-20,0.011858401134451276,82074.7200000001,195658.26
2020-01-21,-0.05764317502825727,-392792.16,-542815.09
2020-01-22,-0.01806052485192042,-123793.13,67432.48000000001
2020-01-23,-0.10941260911039666,-731729.76,-750075.83
2020-02-03,-0.030501344161838827,-192331.88000000006,538120.24
2020-02-04,-0.0220303135142607,-143023.93000000002,-294482.75
2020-02-05,-0.03411051942745059,-223075.71999999997,-375683.16
2020-02-06,-0.008117822657974583,-53865.96000000009,100964.51000000001
2020-02-07,-0.05130906051590161,-338325.55000000005,-359188.23
2020-02-10,-0.03417644180011554,-224435.45000000013,-98184.81000000001
2020-02-11,0.009318785544414999,62033.17000000006,47616.94000000002
2020-02-12,-0.008242928401875876,-54968.97000000007,55476.670000000006
2020-02-13,-0.04857532352944657,-320962.1,-414755.36
2020-02-14,-0.01628095977797923,-107951.92000000001,21722.49
2020-02-17,0.031778671634487166,214054.96000000008,357491.81
2020-02-18,-0.04283747568708873,-286345.75999999995,-508884.22
2020-02-19,-0.00884918639536534,-59299.92000000007,112202.12
2020-02-20,0.07377444315239,504335.6500000003,491092.42
2020-02-21,-0.04369522041153494,-297602.0399999999,-99339.31
2020-02-24,-0.056246891452620094,-378974.64999999997,-502667.12
2020-02-25,-0.021059586479291816,-141467.65000000002,-138308.94
2020-02-26,-0.04415200016716377,-293521.48,-368125.96
2020-02-27,-0.03226704468435257,-215383.51999999996,-72821.72
2020-02-28,-0.11528721712807835,-747341.6000000001,-672542.61
2020-03-02,-0.0029833950124162835,-19746.839999999967,398509.88
2020-03-03,-0.019777296813292697,-132058.40999999995,-48276.65
2020-03-04,-0.011139587458570709,-74693.78000000009,142686.66
2020-03-05,0.058698315513993994,403282.78000000026,761856.98
2020-03-06,-0.06576454901787186,-445114.79000000004,-558974.35
2020-03-09,-0.14029955168531333,-918136.2999999999,-883345.75
2020-03-10,0.0413828836060768,277000.3300000002,624408.81
2020-03-11,-0.061204042504154614,-405664.30000000005,-543698.54
2020-03-12,-0.05807575300337474,-379358.55999999994,-528499.28
2020-03-13,-0.03907475847736353,-250526.10999999996,10288.5
2020-03-16,-0.14059580813601258,-867882.03,-790025.68
2020-03-17,-0.016830734634914454,-103282.60999999996,134942.13
2020-03-18,-0.05651248843180952,-339345.33999999997,-402660.38
2020-03-19,-0.08083133714452603,-475074.9,35686.39000000001
2020-03-20,0.010151744925295423,61217.190000000075,333989.33
2020-03-23,-0.07800332451095197,-456761.74000000005,-176238.55
2020-03-24,0.04192332040163577,253429.63999999998,378883.97
2020-03-25,0.026664121682403504,165149.03999999995,-32273.26
2020-03-26,-0.02096598831906143,-129183.56,-35535.810000000005
2020-03-27,-0.022729273123879516,-140461.05000000013,-78116.26
2020-03-30,-0.0287140046062369,-176755.33000000002,-43331.170000000006
2020-03-31,-0.005114959841393618,-31638.60000000002,96007.99000000002
2020-04-01,0.0021564393971959107,13316.310000000067,-16247.670000000002
2020-04-02,0.02919285195391523,183591.75,397988.73
2020-04-03,-0.036423059958869054,-227105.79999999996,-223321.79
2020-04-07,0.017677344681721534,111913.67000000001,125937.85
2020-04-08,-0.03199461299448366,-201605.96999999994,-101310.39
2020-04-09,-0.004606277965469904,-29014.800000000017,75358.38
2020-04-10,-0.020872002220783302,-131537.95,20169.219999999994
2020-04-13,-0.014072555981925203,-88366.53999999996,37556.880000000005
2020-04-14,0.04245514903355557,271646.48000000016,504518.43
2020-04-15,-0.023028046010300972,-147123.41,-33622.34999999999
2020-04-16,-0.001873812969980469,-11979.240000000009,169027.76
2020-04-17,0.0396784549784719,257586.24999999988,334229.06000000006
2020-04-20,-0.007867706170888075,-51182.89999999995,-24984.83
2020-04-21,-0.03834754103072258,-246257.18000000005,-379447.99
2020-04-22,0.009395515005827304,61029.100000000006,121483.39
2020-04-23,-0.024267803456922653,-157530.88000000003,-200130.41999999998
2020-04-24,-0.02736902898602037,-176857.89,-134088.68
2020-04-27,0.014060073522506147,91996.73000000004,69771.59
2020-04-28,0.037070781222599845,245310.01,384791.11
2020-04-29,0.007717622344987926,51518.369999999995,236445.2
2020-04-30,0.023948955575447805,160793.93000000005,363293.98
2020-05-06,-0.02763321948786303,-185932.94999999995,4593.139999999993
2020-05-07,-0.032954080034292274,-221035.15000000002,-147204.69
2020-05-08,0.004283060946374864,28917.12000000001,175856.38999999998
2020-05-11,-0.02585895843112619,-175065.06000000003,-157027.08000000002
2020-05-12,-0.007722229863913137,-52423.67999999999,-2730.4699999999975
2020-05-13,-0.010694118311876936,-72713.51999999993,32748.65
2020-05-14,-0.034857658765339826,-234787.35999999996,-286643.7
2020-05-15,-0.011724140296640904,-78806.43999999994,155092.18
2020-05-18,-0.03279729267775167,-221327.04000000004,75193.95999999999
2020-05-19,0.009083005181139227,61789.17000000001,157117.48
2020-05-20,-0.014301037566886362,-97504.10000000002,-14136.37999999999
2020-05-21,-0.02220006756559589,-151091.57,-118043.59
2020-05-22,-0.049047887986479057,-325692.5300000001,-383652.19
2020-05-25,-0.01678683580393238,-112202.91999999997,10061.840000000004
2020-05-26,0.009699853444692125,65248.12999999999,155012.76
2020-05-27,-0.018959747831432106,-126989.26000000005,-138557.6
2020-05-28,-0.01821079310804929,-122916.37000000005,143849.47
2020-05-29,-0.010226388574307676,-69017.55000000006,-39397.1
2020-06-01,0.048162838046782966,334103.4,647746.28
2020-06-02,0.00968125569533207,67356.14000000004,121094.10999999999
2020-06-03,0.004950655451353021,34486.130000000034,19367.780000000013
2020-06-04,-0.008146647487937649,-56461.19000000003,-155587.65
2020-06-05,-0.00290560219033235,-20371.849999999977,82460.98
2020-06-08,0.0005579030399362427,3921.350000000002,59311.939999999995
2020-06-09,0.021629063733685668,152782.8299999999,258777.41000000003
2020-06-10,-0.01082447884406134,-76507.75000000001,-52908.55000000001
2020-06-11,-0.02871876249707774,-201129.62,-151487.53
2020-06-12,-0.01569061503621739,-109892.85999999988,-70611.65999999999
2020-06-15,-0.04457217713148823,-307142.7,-479825.02
2020-06-16,0.005394353955240248,37766.35999999991,213407.88
2020-06-17,-0.009197245616905048,-64256.06000000005,-218496.33000000002
2020-06-18,0.022561483886256978,158323.04,321662.49
2020-06-19,0.03326892169439871,236171.2799999999,766728.3
2020-06-22,-0.004883862255863738,-34658.70000000004,-95687.68000000002
2020-06-23,-0.008310412738522118,-59514.23999999991,138344.59
2020-06-24,-0.009865009252823083,-71096.76000000004,19911.75
2020-06-29,-0.06251760286764388,-448956.29,-441866.15
2020-06-30,0.009612033831145207,68831.45999999989,379688.39
2020-07-01,0.008957828172562621,65304.079999999885,363822.06
2020-07-02,0.01096837555768832,81484.50000000016,655960.59
2020-07-03,0.015206142277537534,114862.65999999971,529694.64
2020-07-06,-0.012585063908581676,-100967.96000000025,1132969.23
2020-07-07,-0.049700567104388346,-405279.41000000003,56878.07000000002
2020-07-08,-0.00039985990493394003,-3279.260000000155,367931.55
2020-07-09,-0.0662911360085223,-545783.4600000001,-384630.68000000005
2020-07-10,-0.11924073765159263,-960217.9600000002,-949719.3
2020-07-13,-0.02837485708609206,-233600.8,132914.13
2020-07-14,-0.07339226477382794,-598311.6600000004,-625740.84
2020-07-15,-0.07239998300910802,-582796.49,-401726.63
2020-07-16,-0.12400757664870711,-953271.9500000004,-845866.6799999999
2020-07-17,-0.03346906619142157,-259111.80000000002,-178687.56
2020-07-20,0.005694068702786677,45091.78000000038,203072.50999999995
2020-07-21,-0.02944360108641373,-233641.08000000002,-74287.27999999998
2020-07-22,-0.02985823445099743,-238572.7299999999,231023.22999999998
2020-07-23,-0.04758025565773251,-379665.7899999999,16913.689999999988
2020-07-24,-0.18275792943843472,-1400321.0,-1422938.77
2020-07-27,-0.038998883079856765,-299506.49,-143272.53
2020-07-28,-0.00545288349005371,-42427.560000000274,164957.83000000002
2020-07-29,0.028261432599525887,223490.13999999975,694207.02
2020-07-30,-0.03930096997313699,-308745.55000000005,-312798.18
2020-07-31,0.022485745223301285,177848.99999999985,195737.52
2020-08-03,-0.017455402112957406,-138910.98999999993,-226477.27000000002
2020-08-04,-0.0014333069660543481,-11479.950000000055,336039.21
2020-08-05,-0.024622732863891997,-196058.61999999976,-60433.0
2020-08-06,-0.006725358596586204,-53591.889999999934,92639.19999999998
2020-08-07,-0.10233719182242502,-805531.12,-695495.3
2020-08-10,0.008245545294663219,65147.849999999904,377080.14
2020-08-11,-0.031625736142461336,-248969.81999999983,-272717.08
2020-08-12,-0.05465691992271934,-428468.8700000003,-137216.17
2020-08-13,-0.021419955305160887,-167449.75,-286330.0
2020-08-14,0.025106782482096576,199386.94999999998,753243.35
2020-08-17,0.06245856219477705,505266.63999999984,802304.61
2020-08-18,-0.029762903326778365,-240305.9699999999,-73737.00999999998
2020-08-19,-0.05541443542601573,-441038.21000000014,-503979.36
2020-08-20,-0.03139078660818466,-247536.0799999999,-177399.88
2020-08-21,0.013546558834969124,107618.08999999991,246890.47
2020-08-24,0.02231280657696154,178590.4799999999,155107.70999999996
2020-08-25,-0.012524118569778631,-100570.88000000012,99510.3
2020-08-26,-0.053081671588676264,-422438.34,-510689.91000000003
2020-08-27,-0.007011092613712533,-55872.199999999975,131417.73
2020-08-28,0.038112271900514916,309238.44999999995,668267.79
2020-08-31,0.010651979821624453,86473.2799999999,89702.34
2020-09-01,0.0014759719294867794,12078.120000000104,260033.90999999997
2020-09-02,-0.019082282931979243,-155485.0000000001,-245025.12000000005
2020-09-03,-0.04764157821178363,-386606.36000000004,-405850.66
2020-09-04,-0.03848302640879034,-309081.53,-186863.72
2020-09-07,-0.08698095902982424,-687387.6699999999,-700089.93
2020-09-08,0.0077153020179402945,61351.33999999986,92374.4
2020-09-09,-0.03601012978448788,-282518.07999999996,-215956.72999999998
2020-09-10,0.004716005869119389,37154.030000000064,74679.02000000002
2020-09-11,0.004922317282384619,39150.40000000001,284561.61
2020-09-14,0.009593241521244548,77221.10000000012,177986.8
2020-09-15,0.022899848577452857,185331.71999999994,382428.69
2020-09-16,-0.023100428898721707,-185321.59,-52797.73
2020-09-17,-0.005421072251439722,-43158.36999999999,-201165.51000000004
2020-09-18,0.06803880722825746,552901.3300000002,1150732.54
2020-09-21,-0.04766289889871891,-382291.93000000005,-336992.18
2020-09-22,-0.01802143830007081,-143508.77000000014,71671.61
2020-09-23,-0.01286286366469125,-102080.99999999999,-42388.119999999995
2020-09-24,-0.036768904423830545,-287489.67,-384096.95
2020-09-25,-0.0034330122744755213,-26860.169999999936,144611.86
2020-09-28,0.007305971611266273,57680.25999999992,292243.68
2020-09-29,-0.007434651060008902,-58614.99000000011,90728.47
2020-09-30,0.0006842734518517678,5424.470000000023,19012.12
2020-10-09,0.03834213703803522,308808.7199999998,372323.14
2020-10-12,0.061983441332796395,513929.2300000001,577441.8300000001
2020-10-13,-0.0020473092432331014,-16968.189999999966,176674.78
2020-10-14,-0.0128997449901222,-106438.70000000007,-3262.619999999999
2020-10-15,0.0004996587682884555,4137.029999999992,116372.87000000001
2020-10-16,-0.0009245966859697699,-7653.5700000000725,433537.58
2020-10-19,0.0004255277886175633,3518.809999999983,135092.8
2020-10-20,0.012530557628842974,104634.27000000006,488885.85000000003
2020-10-21,-0.016841648480460814,-141230.2200000001,133243.55000000002
2020-10-22,-0.014477689029807447,-121793.84999999992,125084.47
2020-10-23,0.0006745303009718313,5616.970000000019,270343.39
2020-10-26,-0.05627088961372816,-461887.7200000001,-134862.58000000002
2020-10-27,-0.02019711025983524,-165291.71,21422.6
2020-10-28,0.011064929115227327,91181.33999999994,124091.47
2020-10-29,-0.005525871025322316,-45701.64999999996,190444.12
2020-10-30,-0.06126445471038188,-501578.72,-356980.56
2020-11-02,-0.009427568306905882,-78219.13999999998,176483.85
2020-11-03,-0.014840909740210757,-124478.21999999994,293366.76
2020-11-04,0.005148650313100778,43607.17000000002,271647.47
2020-11-05,0.032995670053143536,283008.85000000015,346205.9
2020-11-06,-0.027290558852016516,-234434.56000000008,82577.81
2020-11-09,0.036059106116218265,314953.57999999996,583273.16
2020-11-10,-0.0354332671668337,-309054.73,-68045.88
2020-11-11,-0.07279464993908936,-629327.3300000001,-282699.52
2020-11-12,-0.019382131153621404,-167392.0799999999,-56133.54999999999
2020-11-13,-0.039324107090249014,-334882.8400000001,-335964.86
2020-11-16,-0.025015957965557414,-214204.89,28652.650000000023
2020-11-17,-0.02419411187610828,-207313.80999999985,-29836.480000000003
2020-11-18,0.004479887068872862,38424.52000000028,414018.20999999996
2020-11-19,-0.011192965167190795,-96838.09000000003,324086.66000000003
2020-11-20,0.016701034079228117,144667.26999999987,252358.44
2020-11-23,0.02631740480574292,232518.54000000004,601605.75
2020-11-24,-0.040923667601894836,-357702.0500000001,-244378.06
2020-11-25,-0.02754086834079195,-238400.34999999995,-277450.08999999997
2020-11-26,-0.011200178333338246,-97594.22000000006,217304.27999999997
2020-11-27,0.023603747332725463,209050.24000000002,516585.93
2020-11-30,0.04202965954037097,369219.3700000002,557904.78
2020-12-01,0.04688869816129085,422196.38,834558.85
2020-12-02,-0.04892412085763809,-439696.7000000002,-390505.58999999997
2020-12-03,-0.01295237283099318,-116007.11,-3399.9000000000087
2020-12-04,-0.014298199346450657,-128327.59999999987,242886.03
2020-12-07,-0.03395907397722099,-302653.9900000002,-64465.479999999996
2020-12-08,-0.030428542009456622,-271089.48000000004,344966.23
2020-12-09,-0.05397793647159331,-477665.93,-310172.56999999995
2020-12-10,-0.044673888347380675,-393886.63999999996,-249572.88
2020-12-11,-0.05818599855527992,-508013.13,-420166.37
2020-12-14,-0.01375141167989974,-120982.04999999994,123239.34
2020-12-15,-0.0119087039149957,-104467.76000000005,32725.429999999993
2020-12-16,-0.002452282448145661,-21683.610000000015,119096.26999999999
2020-12-17,0.016116586175276837,144307.52999999997,417288.28
2020-12-18,-0.02362144060145166,-209737.98999999987,-99604.62
2020-12-21,0.020784023158077314,185963.78999999998,561884.92
2020-12-22,-0.08712999291570267,-771184.9099999999,-780668.67
2020-12-23,-0.008997745738859794,-79869.22999999994,260014.37
2020-12-24,-0.013963812346730019,-123761.09999999995,-64838.039999999986
2020-12-25,-0.014396616664668849,-128010.9,233072.5
2020-12-28,-0.0032312115574788624,-29036.519999999946,387395.25
2020-12-29,-0.03487033343665186,-312494.75999999995,-18881.09000000001
2020-12-30,0.03383624125535704,308894.0000000002,756940.4299999999
2020-12-31,0.03435822530057941,320479.2899999997,621105.47
2021-01-04,-0.055234338499507624,-517396.2300000001,-29089.080000000016
2021-01-05,-0.028527792835268347,-269577.8699999998,-153397.56999999995
2021-01-06,-0.011033430098340347,-105805.15000000001,100631.95000000001
2021-01-07,-0.0012422332371407163,-12158.270000000011,691175.26
2021-01-08,-0.01814175693386334,-176624.36000000004,-135948.02
2021-01-11,-0.032814062254645136,-319169.37,-94729.67999999998
2021-01-12,0.055687115056528624,556559.2700000005,1225236.76
2021-01-13,-0.051302970781743444,-512537.4100000003,-328425.53
2021-01-14,-0.07715596782815949,-757579.55,-452325.81
2021-01-15,-0.002460997787384451,-24241.379999999685,207304.99
2021-01-18,-0.01582107751003218,-156705.61999999985,282100.17000000004
2021-01-19,-0.05273811739658192,-514640.85,-615633.11
2021-01-20,-0.013317901138726964,-130853.38000000002,34186.93000000002
2021-01-21,-0.0026975253748668326,-26857.809999999983,378577.83999999997
2021-01-22,-0.056718443930124963,-563665.86,-342163.85000000003
2021-01-25,-0.030411663352377945,-306975.05000000016,-6391.160000000014
2021-01-26,-0.10781068236253774,-1066345.7000000002,-751927.77
2021-01-27,-0.03035842095905612,-299656.2100000002,3689.5100000000093
2021-01-28,-0.08098373324081382,-787032.67,-619143.54
2021-01-29,-0.06163611529196078,-599876.5800000001,-42985.580000000016
2021-02-01,-0.004943765358016744,-48541.51000000008,101076.11000000002
2021-02-02,-0.005248497347521455,-51909.100000000035,20964.36000000001
2021-02-03,-0.04849559377864839,-481441.83,-296040.88999999996
2021-02-04,-0.03721802532358675,-377627.3199999999,-11623.790000000008
2021-02-05,-0.031065783643969017,-316166.9700000001,-29447.08999999997
2021-02-08,-0.001352064428205153,-13947.03999999995,342281.4
2021-02-09,0.018515999117751744,195001.38999999993,631150.95
2021-02-10,0.012183013673283592,131981.45000000007,565702.81
2021-02-18,-0.06167727582987889,-656295.6100000003,-689926.26
2021-02-19,-0.04239932259459858,-449862.29000000015,-180618.93000000002
2021-02-22,-0.09921531386667014,-1015216.7999999999,-1068062.75
2021-02-23,-0.021119019904849348,-217145.5100000003,497.8099999999831
2021-02-24,-0.08753926380737487,-873786.74,-710478.03
2021-02-25,0.010676614677878239,106773.0200000002,329624.19
2021-02-26,-0.07964924276084126,-775828.4699999997,-436124.88
2021-03-01,-0.013057974280450553,-128257.77000000002,-199088.43
2021-03-02,-0.04299429418443461,-414602.56000000006,-529917.21
2021-03-03,0.05210368881743909,517953.02999999997,822241.8200000001
2021-03-04,-0.0938110914184443,-904893.9499999997,-819023.54
2021-03-05,-0.013581176020809028,-131067.07999999978,241779.27
2021-03-08,-0.07541408911059604,-704118.22,-852289.05
2021-03-09,-0.038332696482253556,-351419.0999999999,219168.68
2021-03-10,-0.01407349280044674,-129808.50999999998,62982.89
2021-03-11,0.052951492983234635,504864.8400000002,618361.25
2021-03-12,-0.0027354996712207007,-26078.55000000006,-558980.54
2021-03-15,-0.05144053915496151,-481485.6000000001,-454530.79
2021-03-16,-0.004140782253999538,-39222.949999999895,75482.61000000002
2021-03-17,-0.030624691991724413,-288991.12999999995,-169994.9
2021-03-18,-0.008189456853737937,-77897.65999999997,-55125.57
2021-03-19,-0.06540992044195253,-604096.25,-742302.02
2021-03-22,-0.03931427540029004,-364365.06000000006,70797.96
2021-03-23,-0.058416960826579455,-537982.4299999999,-310829.5
2021-03-24,-0.0744287762775923,-676601.87,-192764.62
2021-03-25,-0.018939723457696584,-171509.4900000002,133615.71000000002
2021-03-26,0.03735611760610499,344555.64,637128.16
2021-03-29,-0.028018742500333364,-259143.75999999992,-197047.87
2021-03-30,0.00598094318013747,55817.39999999978,102847.42
2021-03-31,-0.02412056119512947,-223550.69999999995,-451848.68
2021-04-01,0.040017096485507296,375426.33000000013,411791.14
2021-04-02,0.015119098579118983,144059.41000000006,359237.48
2021-04-06,-0.02315650222496961,-218689.57000000004,-348504.01999999996
2021-04-07,-0.03785904449146827,-352774.57,-615387.71
2021-04-08,-0.0013054362447291557,-12181.050000000081,45061.64
2021-04-09,-0.060814607071837716,-558436.48,-562650.15
2021-04-12,-0.04536199075507549,-414810.44999999995,-228281.68000000002
2021-04-13,-0.009523157924807983,-87334.96000000005,172662.22
2021-04-14,0.01855267273705677,171087.61999999994,433794.75000000006
2021-04-15,-0.0414789939286342,-378124.8699999999,-334816.83999999997
2021-04-16,-0.005517865128706036,-50564.16999999985,-56020.82000000001
2021-04-19,0.06467574869823256,606418.8900000001,978048.22
2021-04-20,-0.021694276749422012,-202988.69999999992,-258780.22
2021-04-21,-0.007691746807645868,-71898.59,-190315.78
2021-04-22,-0.016811540629718437,-156335.41999999998,-195736.79
2021-04-23,0.008804039832442124,83095.78999999983,411293.32999999996
2021-04-26,-0.03827715801049244,-354918.8300000002,-363328.24
2021-04-27,-0.020116264221479135,-187221.5400000001,-60444.40999999999
2021-04-28,-0.006061243721166903,-56073.49000000024,-77478.14
2021-04-29,0.02102450550238214,196444.72999999992,319467.76
2021-04-30,-0.04269899775906774,-394247.0299999999,-475554.88999999996
2021-05-06,-0.06468480621137805,-590612.43,-503122.25
2021-05-07,-0.0441785645442592,-398472.63,-409776.41000000003
2021-05-10,-0.028583011026805376,-260134.90000000014,-46134.83999999999
2021-05-11,-0.002078904699840086,-19144.17999999997,146573.11
2021-05-12,-0.005545288680785831,-51268.57000000003,-19119.220000000012
2021-05-13,-0.04149992941352183,-379872.16,-398804.77
2021-05-14,0.046677118358946744,436576.1000000001,1061013.43
2021-05-17,-0.012631419526460377,-119828.55,563276.5299999999
2021-05-18,-0.015416027496426671,-146311.30000000002,-124191.20999999999
2021-05-19,-0.002500423644315904,-23574.239999999787,-9987.91000000001
2021-05-20,-0.010551376047039254,-100152.03000000006,257201.51
2021-05-21,-0.029483027326608457,-277234.33999999997,-325968.64
2021-05-24,-0.002764744670246405,-26240.250000000095,313735.46
2021-05-25,0.06582461552390118,651297.6399999997,1889346.42
2021-05-26,-0.017307154816842484,-171764.8600000001,-253179.09000000003
2021-05-27,-0.0016332911464663404,-16268.109999999979,154616.56
2021-05-28,-0.004444669522437434,-44370.01999999999,-36204.520000000004
2021-05-31,-0.03194703191355966,-318309.73,-144659.87
2021-06-01,-0.004979729266085088,-49649.87000000001,-192845.93
2021-06-02,-0.028893145577452803,-286450.12000000017,-550767.72
2021-06-03,-0.018373390869939797,-180780.87,-210724.74
2021-06-04,-0.0025225840337470204,-25112.91999999997,337948.07999999996
2021-06-07,-0.00854256398472917,-84890.67000000004,-173084.85
2021-06-08,-0.015130323237491214,-148033.32999999996,-6802.9699999999975
2021-06-09,-0.01935146119229784,-190642.15000000002,-64486.39000000001
2021-06-10,0.013663801937009596,136163.62000000002,545906.29
2021-06-11,-0.020399013075458976,-210204.09,-150724.76
2021-06-15,-0.0401311805998779,-409983.3900000001,-291286.61
2021-06-16,-0.05385859961220305,-541523.8599999999,-489090.97
2021-06-17,0.00943389575381898,95420.0100000001,163552.15000000002
2021-06-18,0.0017067103358404882,17178.910000000127,-85400.32999999999
2021-06-21,-0.022502119088693463,-225620.4600000001,-114128.03
2021-06-22,-0.02094205462599356,-210822.4900000001,-22121.000000000004
2021-06-23,0.011608283640788128,115909.96999999997,435659.21
2021-06-24,-0.002311670456902798,-23231.27000000002,-2423.590000000011
2021-06-25,0.026614553920532007,271719.9700000001,828547.03
2021-06-28,-0.0204516153199882,-208819.12999999995,-189871.58000000002
2021-06-29,-0.05158482305235519,-521682.77,-403586.71
2021-06-30,-0.013513387404171727,-137620.72000000015,17789.919999999984
2021-07-01,-0.028485331110322153,-294091.4600000001,-475.63000000000466
2021-07-02,-0.05241577754917062,-523615.23000000033,-790190.35
2021-07-05,-0.025864995991240057,-257780.9399999999,-22793.070000000036
2021-07-06,-0.022502451261016174,-223551.66999999998,-100230.94999999998
2021-07-07,0.013499788847537471,135310.16999999998,248451.11
2021-07-08,-0.035466806494139955,-352212.4399999998,-318352.37
2021-07-09,-0.028973489368691308,-285341.04000000004,-85771.57
2021-07-12,0.016424526179697602,163084.52000000008,281116.41000000003
2021-07-13,-0.037044269050100186,-367206.9,-385131.78
2021-07-14,-0.09129896236749209,-891576.5800000001,-821209.7
2021-07-15,0.012784955451608133,127201.06000000014,720892.38
2021-07-16,-0.05658945895709184,-551254.4000000003,-583562.46
2021-07-19,-0.014240412049042691,-139022.18000000005,131873.25
2021-07-20,-0.021189624006413856,-206444.3000000001,-64593.78
2021-07-21,0.006266367048908413,61377.239999999845,156992.49
2021-07-22,0.003225426190570478,31648.98000000008,325670.77
2021-07-23,-0.023578725600363056,-228508.33000000002,-230247.63
2021-07-26,-0.09587833534725171,-899646.01,-671598.14
2021-07-27,-0.06130048491371076,-553339.9400000001,-531904.11
2021-07-28,-0.01109377675057126,-102345.98999999973,234382.39
2021-07-29,0.045153877547183204,421136.4400000001,165782.39
2021-07-30,-0.01781610490197331,-163697.56000000008,-182833.69000000003
2021-08-02,0.04539574082029218,426971.5299999999,468725.99
2021-08-03,-0.026229577359992803,-245336.96999999986,-115656.97
2021-08-04,0.028324660623035954,267283.21,357544.91000000003
2021-08-05,-0.035243467136969776,-329628.31999999995,-553448.75
2021-08-06,-0.04013362263113489,-372173.03,-221881.61000000002
2021-08-09,-0.012911067271372825,-120338.29999999981,260043.7
2021-08-10,-0.009384147272839517,-89070.51000000011,-92993.73
2021-08-11,0.0018847409388320266,17855.52999999997,-219745.35
2021-08-12,-0.03609959322721099,-337590.16000000015,-43329.16999999999
2021-08-13,-0.035570603055928324,-331915.57000000007,-79415.78
2021-08-16,-0.03863637890681489,-358493.34,-177782.21000000002
2021-08-17,-0.0825495300809206,-750667.69,-557646.61
2021-08-18,0.038382751980239424,356079.29999999993,813855.53
2021-08-19,-0.04549614845576821,-418591.8000000001,-604469.1799999999
2021-08-20,-0.07262509793293102,-655802.1500000001,-360791.81000000006
2021-08-23,0.03148327084849357,288115.3899999999,94524.84
2021-08-24,0.034256943945841695,317190.42,398856.93
2021-08-25,-0.02674922601181901,-248173.33000000002,-292716.77
2021-08-26,-0.0805687168153061,-729000.18,-657532.8
2021-08-27,-0.01148118907043989,-104273.14000000007,113742.59
2021-08-30,-0.08519625193996186,-761284.3900000001,-499633.14
2021-08-31,-0.030112151977905,-268465.5199999999,47091.77
2021-09-01,0.024929276676935692,226724.63999999984,640561.03
2021-09-02,0.0028159954006858304,25653.53999999992,-99975.31
2021-09-03,-7.729734457211805e-05,-709.2199999999357,82486.79000000004
2021-09-06,0.04651357203738721,433547.8600000001,716678.5900000001
2021-09-07,0.028374653335130295,266396.98000000004,340847.73000000004
2021-09-08,-0.017380029379037532,-161844.44000000018,-236677.23
2021-09-09,-0.006985582487621634,-65005.880000000034,-21235.449999999993
2021-09-10,0.024057063612807104,226834.75999999992,751406.48
2021-09-13,-0.021266472402009438,-199344.96000000002,-210760.12
2021-09-14,-0.013135480496256192,-122550.74999999959,-2671.8899999999976
2021-09-15,-0.047889245543968346,-440066.7000000001,-555647.76
2021-09-16,-0.059227184793993116,-539268.44,-261862.28999999998
2021-09-17,-0.0009679688609673411,-8940.579999999958,264297.24
2021-09-22,-0.04399699037507636,-399379.73,-285248.44
2021-09-23,0.0021382061266421648,19461.350000000028,-81329.36
2021-09-24,0.02618485798502767,240206.95000000007,199988.44
2021-09-27,0.02616140766121492,246705.19000000003,270384.48
2021-09-28,0.005321325157730838,50143.95000000004,230558.83
2021-09-29,-0.025871634191673286,-243868.9300000001,172602.85
2021-09-30,0.008829454319773104,83571.88999999998,140729.92
2021-10-08,0.022659799923259182,217531.75999999995,434875.95000000007
2021-10-11,0.0004661009640511625,4498.339999999971,119627.25
2021-10-12,-0.046441870825776534,-445062.0699999999,-306103.38
2021-10-13,0.024345728969966847,235998.2100000001,375880.31
2021-10-14,-0.006504147864060602,-62777.78000000002,-66098.95999999999
2021-10-15,0.013003489224760792,127614.54000000004,429496.41
2021-10-18,-0.03806304629288455,-367601.18000000017,-267125.6
2021-10-19,0.008821942788080957,85761.98999999996,185791.22999999998
2021-10-20,-0.01176752069304937,-114206.96999999999,-99532.91999999998
2021-10-21,0.017310892762554608,169931.33,437178.06
2021-10-22,0.01489914200803823,148460.19,744919.34
2021-10-25,0.007396541235945271,73616.88000000021,154906.29
2021-10-26,-0.02353899980709195,-233119.81999999995,-50540.11
2021-10-27,-0.04612323844675947,-452020.0099999999,-363947.89
2021-10-28,-0.054921815781794454,-535415.7799999998,44889.490000000005
2021-10-29,-0.012881574477360111,-126479.25000000009,121622.30000000002
2021-11-01,-0.006885723129691113,-67869.99999999978,318381.76
2021-11-02,-0.029191405836586432,-285574.1699999999,-303370.44999999995
2021-11-03,-0.02590767512400435,-250506.61,-232908.08
2021-11-04,0.009752046033954877,95182.51999999983,353571.11
2021-11-05,-0.012215619327368189,-118844.76999999989,-64991.96
2021-11-08,-0.007867749916655597,-76831.69999999994,250022.7
2021-11-09,-0.01116956231119153,-108851.41000000006,43947.869999999995
2021-11-10,-0.03602265423359051,-347116.57000000007,-512306.08999999997
2021-11-11,0.0644794586892921,634079.12,1035706.62
2021-11-12,-0.02279293219449252,-222803.24000000005,-166851.6
2021-11-15,-0.026954885134893084,-262067.83999999988,-126323.44
2021-11-16,-0.02151529253794939,-209569.28999999998,-47204.39000000001
2021-11-17,0.004245332499078699,41317.06,-72183.87
2021-11-18,-0.02211419797743425,-213613.00000000006,-355446.32
2021-11-19,0.01661016988480225,162567.36999999997,215107.33
2021-11-22,0.03238368819332995,320500.03,310060.95999999996
2021-11-23,-0.005909327423798538,-58581.66000000012,-336083.79
2021-11-24,-0.009106823072381965,-90616.74000000005,69175.38999999998
2021-11-25,-0.027246853671357804,-270694.69000000006,-130144.54
2021-11-26,-0.03698648361629704,-364557.42000000004,-388510.39
2021-11-29,-0.0009679468205868707,-9199.640000000156,84625.4
2021-11-30,-0.014871041513013291,-140124.86000000007,-326369.65
2021-12-01,-0.009228948468943728,-87191.71000000004,102413.06
2021-12-02,0.0022125271540731945,20985.96999999996,167511.86
2021-12-03,-0.0016951205965086884,-16176.679999999982,-148602.41
2021-12-06,0.014282950411258766,135815.06000000006,316980.17
2021-12-07,-0.015444405717867897,-146466.44000000006,356991.31
2021-12-08,0.030299334012990623,292904.7400000001,783694.75
2021-12-09,0.025318713268894705,247884.48999999987,874425.5800000001
2021-12-10,-0.008792951939780323,-86145.73999999977,-42088.75999999998
2021-12-13,0.013832395546007337,142959.51999999996,197553.46999999997
2021-12-14,-0.03971534089331679,-409792.68000000005,-104633.44
2021-12-15,-0.03581512841696199,-366757.47000000015,-153692.36
2021-12-16,-0.028991197846075265,-297670.8799999999,43117.02000000001
2021-12-17,-0.035218380610076434,-355791.4899999999,-294862.49
2021-12-20,-0.04171054807435268,-415721.44,-65145.82
2021-12-21,0.017598665192009953,175896.30000000002,262418.0
2021-12-22,-0.0013630056812917813,-13629.359999999997,-128786.48000000001
2021-12-23,-0.0012086212699140494,-12249.370000000003,190887.75
2021-12-24,-0.035659391138387314,-359963.0000000003,-105922.73
2021-12-27,-0.013792243219799799,-138033.08999999994,-135172.83000000002
2021-12-28,0.0010315701142785574,10412.700000000135,442897.08
2021-12-29,-0.04558030483035217,-449925.2699999998,-564801.12
2021-12-30,0.012203278925216915,121832.64999999995,340176.28
2021-12-31,-0.0011249894465928884,-11205.349999999937,-15431.930000000008
2022-01-04,-0.01687288658588481,-167472.01,-141695.24
2022-01-05,-0.021722059574774112,-214010.84999999998,267829.93
2022-01-06,-0.022662177828053284,-219670.68000000005,-380232.42000000004
2022-01-07,0.01181695148416656,114701.81999999999,227102.18
2022-01-10,0.008934321404640436,87305.94000000008,85164.45000000001
2022-01-11,0.002036644606312154,19822.870000000014,-82711.02
2022-01-12,0.028813908389291473,283617.20000000007,296706.5
2022-01-13,-0.02705322130204386,-261782.59000000014,-333762.06
2022-01-14,-0.019284847576031376,-185224.75000000006,-338075.88
2022-01-17,0.010529398306758076,102229.67,176071.08
2022-01-18,0.003201099786709735,31301.329999999994,199324.65999999997
2022-01-19,-0.012952137264119026,-123261.25000000003,42522.22000000001
2022-01-20,0.04027846810828881,391049.89999999997,1027606.07
2022-01-21,-0.008269581385833034,-80044.69000000006,11193.61999999998
2022-01-24,-0.004818835741019334,-46651.71999999999,102974.59
2022-01-25,-0.02651638546872695,-252513.5400000002,-329175.71
2022-01-26,0.013003094626132222,125000.44000000013,217046.33
2022-01-27,-0.0108129119600095,-105480.27000000002,-301410.2
2022-01-28,-0.007114791367908252,-68281.32999999993,-241063.8
2022-02-07,0.014086960342754088,136923.3799999999,277698.61
2022-02-08,-0.02869073508937242,-275662.8600000001,196468.80000000002
2022-02-09,0.0174745868589661,170007.6200000001,527787.64
2022-02-10,-0.02626070983133807,-253098.26999999984,-92684.66
2022-02-11,-0.004142814920076822,-39578.959999999934,99350.08000000002
2022-02-14,-0.029454366740994088,-279313.50000000006,-215389.67
2022-02-15,0.014252958070543428,136665.9100000001,6361.009999999989
2022-02-16,0.011111793153803326,107186.51999999996,-57077.740000000005
2022-02-17,0.008740951011505594,84511.98999999993,230163.93
2022-02-18,-0.0053724790932938365,-52201.28999999999,-102789.54000000001
2022-02-21,-0.038380820958629214,-368815.55000000005,-430059.7
2022-02-22,-0.04605190963045079,-434393.93999999994,-312196.66
2022-02-23,0.03095341616379195,294626.0099999999,197283.40000000002
2022-02-24,-0.05259724888488564,-490039.37,-711472.8200000001
2022-02-25,0.0074821203052414425,70413.82000000017,-12953.32
2022-02-28,-0.005839763562703827,-54973.36999999998,-43650.0
2022-03-01,0.009675123662919083,92402.76000000004,9888.810000000001
2022-03-02,-0.026846630815787954,-253335.42999999993,-246039.13
2022-03-03,-0.018915836890358393,-177529.56,-244314.69000000003
2022-03-04,-0.06551603840308176,-604986.05,-434880.37
2022-03-07,-0.07882603851555335,-701748.9699999999,-618890.1
2022-03-08,-0.0027672750104946508,-24486.559999999896,-488278.38
2022-03-09,-0.010496673355428447,-93148.95999999988,-117666.48000000001
2022-03-10,0.024727765642521608,221470.83,-94810.6
2022-03-11,-0.02469823592622692,-220399.03000000014,-142663.13
2022-03-14,-0.052264680004132764,-450153.03,-412764.69
2022-03-15,-0.0430610843421823,-355564.4600000003,-100024.58
2022-03-16,0.09290283062572698,806688.37,791906.8200000001
2022-03-17,0.04995839714183669,442610.1899999998,-17155.26999999999
2022-03-18,0.025861870855053776,230380.69999999992,373333.97
2022-03-21,-0.014690468529228942,-130433.91000000005,-380382.16000000003
2022-03-22,0.005831263791771415,51919.42000000003,8002.100000000006
2022-03-23,0.007303338170497972,65561.95999999999,5145.480000000036
2022-03-24,0.004910037156216998,43937.13999999994,57280.350000000006
2022-03-25,-0.03215975553376042,-283212.32999999996,-429152.9
2022-03-28,-0.01707285560970489,-149498.44999999987,-2032.8499999999985
2022-03-29,-0.02575995392768561,-224965.8099999999,-51510.28
2022-03-30,0.04955374461597993,445912.67000000004,737765.12
2022-03-31,-0.0205492656621656,-184338.77000000008,-181555.67
2022-04-01,0.024686137216012847,225034.40999999995,613300.67
2022-04-06,0.003995830170101082,36367.87000000001,-210209.51
2022-04-07,-0.01748502765346466,-158251.01,-104182.95
2022-04-08,0.0068057990499856185,62065.35000000002,468902.9
2022-04-11,-0.06431353822368033,-567794.83,-431877.72
2022-04-12,0.008636768009618923,77690.92000000004,504918.45
2022-04-13,-0.006519899787152882,-58322.310000000034,185830.35
2022-04-14,0.02217629126212175,200570.91000000003,383265.63
2022-04-15,-0.012066585509714175,-109188.15000000007,112175.26
2022-04-18,-0.029902185930307558,-266192.32999999996,-227306.78
2022-04-19,-0.023974332910524563,-211658.04000000004,-170163.59
2022-04-20,-0.05450565664970177,-474639.34,-222987.50999999998
2022-04-21,-0.01795578621199021,-155731.2899999998,-66460.51999999999
2022-04-22,0.013080980430193097,114477.96000000002,163751.44
2022-04-25,-0.049037485348611326,-410737.05000000005,-266944.98000000004
2022-04-26,-0.013887782435907154,-115983.21000000005,200751.02000000002
2022-04-27,0.007412069542829375,63182.20000000011,270731.45999999996
2022-04-28,-0.011493484316413127,-98732.75999999998,-28774.620000000003
2022-04-29,0.047369858285251976,412857.62,391648.94999999995
2022-05-05,-0.007274526002736463,-62862.489999999816,-63198.92
2022-05-06,-0.03699255454568387,-313095.67999999993,-647443.02
2022-05-09,-0.03539220874894566,-294313.05000000005,-560092.27
2022-05-10,0.010599357294236776,89152.46,203358.84000000003
2022-05-11,0.05758825357483242,490047.6699999999,252422.06
2022-05-12,-0.01865696451538201,-157735.12000000005,-153838.47999999998
2022-05-13,0.01921877316297686,164791.49000000005,221801.41999999998
2022-05-16,-0.033097575846548266,-280612.39,-314310.15
2022-05-17,0.02603544155022377,224316.78000000012,469553.25
2022-05-18,-0.022706516464603633,-194348.4100000001,-331942.59
2022-05-19,-0.014510446478174349,-123923.03,-40378.95
2022-05-20,0.035768257327991784,311765.33,622114.8400000001
2022-05-23,-0.02747421104465591,-237104.3100000001,-294121.76
2022-05-24,-0.04998513983535816,-424566.5,-372432.89
2022-05-25,-0.011104048347325306,-94346.45000000001,-123519.16
2022-05-26,-0.011628533706225082,-98510.74000000002,-177838.66999999998
2022-05-27,0.003092289497763481,26379.899999999936,190758.38
2022-05-30,0.018937716383145408,162676.7399999999,249366.42
2022-05-31,0.028904771274879393,251712.88000000006,448850.33999999997
2022-06-01,0.00014644965360622916,1275.769999999875,-145264.11
2022-06-02,-0.006995473538962411,-60857.379999999896,-65958.53
2022-06-06,0.042119795931803525,372732.07999999996,613247.75
2022-06-07,-0.02140862914412335,-189803.43,-2803.519999999984
2022-06-08,0.019648439210892623,176482.6600000001,196790.61000000002
2022-06-09,-0.018779269141737717,-167109.83,-158986.99
2022-06-10,0.043523805004876785,394779.3500000002,615196.9
2022-06-13,-0.04338762164670494,-384549.4700000002,-958791.46
2022-06-14,-0.021209410932267768,-189765.75000000023,45740.41999999999
2022-06-15,0.06592708157736966,599331.4400000002,939695.6599999999
2022-06-16,-0.04286845883064841,-385394.4799999999,-436938.18999999994
2022-06-17,0.01234280982002473,113181.25000000009,367236.53
2022-06-20,-0.00953678809629413,-87457.53000000006,-297476.56
2022-06-21,-0.025478821510376358,-235003.0700000001,-104754.78
2022-06-22,-0.03541927630493247,-323018.02999999997,-548716.46
2022-06-23,0.03931072990210892,365225.29000000004,733902.5800000001
2022-06-24,-0.0034639250673050405,-32720.379999999815,383406.61
2022-06-27,-0.005683308141028964,-53756.110000000175,-148259.48
2022-06-28,-0.008385387784136398,-79690.59000000003,112016.87
2022-06-29,-0.05256242732133416,-495276.7699999999,-658422.77
2022-06-30,0.008376907885755088,79662.42000000001,427799.58999999997
2022-07-01,-0.01719042627994807,-162540.86999999988,-465167.73
2022-07-04,-0.018562270886293968,-175338.39,-64957.34999999999
2022-07-05,-0.03544449169905328,-335516.31999999995,-359137.68
2022-07-06,-0.03073525961131177,-288044.12,-448192.04
2022-07-07,0.03497140178683188,329299.9700000001,313657.57
2022-07-08,-0.024525196491826648,-230863.88999999993,-285913.16000000003
2022-07-11,-0.042307131273668516,-392761.3300000001,-375616.41000000003
2022-07-12,-0.043745117937183574,-399431.8,-362176.86
2022-07-13,-0.03363307642782678,-306824.20999999996,-317508.82999999996
2022-07-14,-0.037936171960999715,-344252.05000000005,-137257.52
2022-07-15,-0.0018666238790917247,-16693.080000000107,-301728.55
2022-07-18,-0.0005946978713896713,-5380.870000000068,100293.89
2022-07-19,-0.038713124688710944,-347393.02,-396411.89
2022-07-20,-0.010758214789021116,-96862.55,-90719.4
2022-07-21,-0.018469828722170366,-164556.99999999997,-388885.3
2022-07-22,0.0008137420364422271,7321.440000000048,-56642.79
2022-07-25,-0.012395979763017585,-111229.50000000004,-208447.53
2022-07-26,0.006793401597665085,61239.12999999996,147266.86
2022-07-27,-0.03276821776837552,-291802.69,-527575.77
2022-07-28,-0.005038754164314768,-44848.240000000005,89976.38
2022-07-29,-0.02449705990062264,-216204.38000000003,-622266.72
2022-08-01,0.018125197248087463,160674.8999999999,183897.77000000002
2022-08-02,-0.0373705362070899,-327453.72000000003,25401.08
2022-08-03,-0.020600704983805163,-178714.01999999984,-447596.66
2022-08-04,0.004510519540732061,39604.810000000085,162002.21
2022-08-05,0.0195923812836347,173903.93000000002,200656.44
2022-08-08,-0.017158204229200627,-151371.53999999998,-263246.88
2022-08-09,-0.005361058188971446,-47306.23000000007,-96320.52
2022-08-10,-0.05087962083919733,-443289.0200000001,-617036.93
2022-08-11,0.06121410905223309,545168.79,1029188.18
2022-08-12,0.025606944398771675,228398.28000000003,26813.870000000006
2022-08-15,-0.0011502426441030605,-10235.349999999948,-114305.25999999998
2022-08-16,-0.007397245328835931,-65763.31000000003,-105243.18
2022-08-17,0.0304012674641385,273293.86,446350.04000000004
2022-08-18,-0.021986211735869173,-195861.58,-404377.63
2022-08-19,-0.018994936797770864,-168471.03,-152830.08
2022-08-22,0.01393319563028317,124313.05999999998,177792.17
2022-08-23,-0.015681696448689362,-138316.36,-430110.74
2022-08-24,-0.06493948258671327,-563724.2000000001,-335574.31
2022-08-25,0.014552331965632458,127843.91000000003,301160.05
2022-08-26,0.003056880476243099,26846.900000000045,70755.45999999999
2022-08-29,-0.01993856285777448,-173508.78999999998,-239897.50999999998
2022-08-30,-0.02278413067559613,-197509.73000000004,-188759.14
2022-08-31,-0.011356479827874801,-99547.22999999998,598262.0
2022-09-01,-0.024253323198781956,-209720.0,-184784.25
2022-09-02,-0.011382427489610283,-98197.15000000001,-211063.63
2022-09-05,-0.018484531161713114,-158328.80999999997,-52975.79999999998
2022-09-06,-0.011906734363360297,-101767.29999999987,106262.45999999999
2022-09-07,-0.003937850033236478,-33692.949999999946,14825.019999999988
2022-09-08,-0.014121217683525018,-120008.28999999992,-78713.24
2022-09-09,0.022590895036558405,194792.70999999993,721239.48
2022-09-13,-0.0008196011340482199,-7130.919999999989,331467.39
2022-09-14,-0.03323145302537349,-285468.34000000014,-204742.26
2022-09-15,-0.012448409902686563,-106900.37999999998,184375.15999999997
2022-09-16,-0.05364435450557405,-452163.42000000004,-203745.61
2022-09-19,-0.007611244130487723,-64329.11999999989,112497.15000000001
2022-09-20,0.0034476972481981396,29099.86999999995,-91692.13
2022-09-21,-0.0040831208239898165,-34151.76999999998,-306410.35
2022-09-22,-0.022617359421439814,-187386.64,-249407.89
2022-09-23,-0.009732611538270127,-80755.10999999999,16159.360000000002
2022-09-26,-0.007130067468917946,-59204.22999999994,752.4200000000055
2022-09-27,-0.000559274606664826,-4667.6900000000305,-62878.62000000001
2022-09-28,-0.024553434991396814,-202520.15000000002,-367010.08
2022-09-29,-0.006950029786351042,-57130.890000000014,-202908.59999999998
2022-09-30,-0.01779231451517122,-145237.16000000003,-91116.32
2022-10-10,-0.030567621699496027,-243116.48000000007,-212687.05000000002
2022-10-11,0.006453103136342341,51434.56000000001,152640.18
2022-10-12,0.004591581282056584,36850.80000000003,62360.009999999995
2022-10-13,-0.03315838956093908,-261090.24000000014,-400305.07999999996
2022-10-14,0.037490711116607324,300550.74000000005,446408.0
2022-10-17,0.0018404531854605396,14718.719999999983,-81548.95000000001
2022-10-18,0.005132425682005623,40911.67000000003,-229782.84999999998
2022-10-19,-0.0331536510922059,-259694.36000000007,-476936.91
2022-10-20,-0.017400772359288975,-135469.71000000014,-61427.47
2022-10-21,-0.009970005052160794,-77093.88000000003,-237474.44999999998
2022-10-24,-0.07569121351144614,-562748.79,-582586.8
2022-10-25,-0.04120297601764111,-304232.1699999999,15457.0
2022-10-26,-0.002466249861268334,-16924.069999999992,-299509.11
2022-10-27,-0.028008090508680535,-202863.14,-130895.38
2022-10-28,-0.06160430013887126,-434497.6899999998,-249014.90000000002
2022-10-31,0.011747519198892635,82465.78000000006,139037.33000000002
2022-11-01,0.05104319116506868,371885.31999999995,526391.71
2022-11-02,0.012444163828251932,91216.03000000003,20223.18
2022-11-03,-0.01974387117388588,-142979.08000000002,-104166.37999999999
2022-11-04,0.08947378092847383,670969.0499999998,846249.45
2022-11-07,0.007527043598829092,56603.560000000034,27700.170000000006
2022-11-08,-0.02772065327989535,-207165.8699999999,-171495.46
2022-11-09,-0.022638923690322114,-167676.7499999999,-145033.11
2022-11-10,-0.03469822656145654,-255712.15999999997,-39198.170000000006
2022-11-11,0.1089079327652777,832510.71,1176693.8599999999
2022-11-14,-0.0011918672231319058,-9175.260000000006,250339.76
2022-11-15,0.05181032609688259,408255.02000000014,616518.29
2022-11-16,-0.019711548643973516,-154143.49999999994,-330549.17
2022-11-17,-0.04905922494621999,-379914.18999999994,-312420.77
2022-11-18,-0.010987963969224345,-84759.71000000006,-223320.22999999998
2022-11-21,-0.026763406505396423,-203896.61,-163781.47999999998
2022-11-22,-5.9983817813053577e-05,-460.2200000000503,37757.84
2022-11-23,-0.007937622879848075,-61025.09999999999,-6693.470000000005
2022-11-24,-0.01004900846494826,-76750.97999999998,-237649.37
2022-11-25,-0.002346516596538255,-18052.819999999992,225336.34999999998
2022-11-28,-0.031701829660752516,-239860.52000000005,-130587.25
2022-11-29,0.08935112737883744,704844.4199999999,1098230.8599999999
2022-11-30,0.00517405725241388,40862.22000000013,107266.01000000001
2022-12-01,0.035121494770559106,280284.1600000001,215189.04000000004
2022-12-02,-0.023437670174803305,-186012.41000000006,-97126.07
2022-12-05,0.04021247321579309,326174.88999999996,577190.85
2022-12-06,0.01869282750503165,152917.00999999995,202417.11
2022-12-07,-0.00019928547050700342,-1631.9500000000298,106531.56
2022-12-08,-0.003775545819671683,-31008.210000000046,72137.72
2022-12-09,0.023340852545097695,194966.73,592857.44
2022-12-12,-0.022532748030343667,-186360.64000000004,-291656.53
2022-12-13,-0.018022095192433942,-149037.03999999998,-57190.34999999999
2022-12-14,0.000120570535478537,1003.3100000000977,135440.52
2022-12-15,-0.011207766804601824,-93484.75000000003,-37231.96000000001
2022-12-16,-0.0195609561434018,-163672.63,71567.81000000001
2022-12-19,-0.0270248752404424,-223342.99,-307875.64
2022-12-20,-0.036027043633745474,-291396.66,-339189.41000000003
2022-12-21,-0.0049899366945068665,-40573.189999999995,89731.64
2022-12-22,0.0010383434033056826,8508.609999999955,41011.44
2022-12-23,-0.011163895568286676,-91183.23999999999,13987.780000000002
2022-12-26,0.0030616293144329516,24905.79000000001,-41145.86
2022-12-27,0.012056003169840563,98881.72999999998,179198.46
2022-12-28,-0.004800887240502392,-39318.660000000025,40156.52
2022-12-29,0.005912967747648416,48248.989999999925,-10076.3
2022-12-30,0.0011422904974782502,9371.47000000005,349874.52
2023-01-03,0.003690422448547966,30344.049999999945,130403.06
2023-01-04,-0.000876333423363655,-7264.779999999954,242155.16
2023-01-05,0.0576619198531137,489026.6700000001,706830.14
2023-01-06,-0.011296750073825905,-96092.71,246650.41
2023-01-09,0.002393036673289167,20588.53999999999,344833.44
2023-01-10,-0.00014055873173854833,-1209.7400000000343,45625.4
2023-01-11,-0.004386864419804137,-37870.660000000105,218877.89
2023-01-12,0.0056883394966627445,49185.55999999993,141805.93
2023-01-13,0.0011190084546190318,9843.66999999997,567301.44
2023-01-16,-0.004658153691774899,-41518.02000000008,724590.98
2023-01-17,-0.018898515001540772,-168142.75000000003,-26089.119999999995
2023-01-18,-0.008637688477217029,-76590.89000000001,-106664.67
2023-01-19,0.006566154992786705,58284.02,206.3299999999872
2023-01-20,0.008850005830548421,78668.25,-92776.70999999999
2023-01-30,-0.01850000621944377,-165933.26000000007,-102247.95999999999
2023-01-31,-0.036699169272668655,-325064.03000000014,-198701.47999999998
2023-02-01,0.01010303224659297,90189.58999999978,165891.29
2023-02-02,-0.009056260072428112,-80217.21999999997,-299115.32
2023-02-03,-0.01744070795862029,-152777.24999999994,-329841.98
2023-02-06,-0.011655444122784731,-100554.28999999995,-436636.15
2023-02-07,-0.0024853169931422377,-21483.72999999998,-128700.01
2023-02-08,-0.01717333188622181,-147792.13,-333715.44
2023-02-09,0.00800138461272963,69654.99000000009,314721.08999999997
2023-02-10,-0.023552165938409766,-203699.43,-312604.8
2023-02-13,0.009410487863386455,82209.69999999994,285139.97
2023-02-14,-0.01966921294416455,-171469.69,-138223.16999999998
2023-02-15,-0.02320745549503344,-201043.87999999995,-319103.94999999995
2023-02-16,-0.007640480542720378,-66124.66999999998,-52270.8
2023-02-17,-0.03948622467722947,-335283.8999999999,-614263.9
2023-02-20,0.016403386094478854,142405.34999999995,514967.51
2023-02-21,-0.01396187244066337,-121252.16999999998,13967.690000000008
2023-02-22,-0.02163800375622649,-185517.1900000001,-370383.93
2023-02-23,-0.006533010771170361,-55997.81999999996,-136865.6
2023-02-24,-0.03896688913808314,-329237.23999999993,-689636.72
2023-02-27,-0.03079870438415059,-259225.08999999997,-336726.75
2023-02-28,-0.019458490778898066,-164530.43000000005,-31236.77000000001
2023-03-01,0.022259908268175147,191460.84999999998,653175.5800000001
2023-03-02,-0.01537287429464907,-131771.07000000007,-161085.55
2023-03-03,0.004095762392853464,35208.749999999985,245918.87
2023-03-06,-0.022423337478872346,-191059.58,-418188.6
2023-03-07,-0.02179146523951851,-183870.22000000003,-319828.41000000003
2023-03-08,-0.03090502365520865,-258629.23000000004,-380616.38
2023-03-09,-0.005701012404117207,-47581.919999999984,-98548.38
2023-03-10,-0.03402701349251658,-282225.17999999993,-281222.76
2023-03-13,-0.014806519828404825,-123272.33,101563.58
2023-03-14,-0.03868087798049108,-320960.20999999996,64222.950000000004
2023-03-15,-0.014103855239620816,-116975.96000000005,-103910.92
2023-03-16,-0.021971760838569936,-181491.73,-40187.26999999999
2023-03-17,0.002523330076772275,20829.559999999954,160213.14
2023-03-20,-0.008524457920555763,-70242.03,-149628.25999999998
2023-03-21,0.023647791712624138,197606.31999999995,296872.91000000003
2023-03-22,-0.02129907021489808,-179062.38999999996,-100804.13
2023-03-23,0.010060427372908864,85057.45999999993,230544.93
2023-03-24,-0.004467560320837847,-37655.43999999996,-38870.88
2023-03-27,-0.008949220294499793,-75153.10999999993,-74544.59
2023-03-28,-0.021396297604962086,-179433.08,-105551.39
2023-03-29,0.020558156291906625,173623.35,143567.88
2023-03-30,0.00525838392064195,44832.89999999998,311861.29
2023-03-31,0.002307852484830973,19738.29999999994,217556.1
2023-04-03,0.054058470082968574,463958.70999999996,504070.56
2023-04-04,-0.029988714056502233,-257947.34000000014,-18108.07
2023-04-06,-0.011580013610172569,-99433.97999999995,-79710.26000000001
2023-04-07,0.012912051233323884,111437.84999999998,220626.97999999998
2023-04-10,-0.01998582588585724,-172458.04999999993,50004.82000000001
2023-04-11,-0.03407052191652982,-292363.8700000001,-165649.6
2023-04-12,-0.002652375153757791,-22614.390000000058,-48318.979999999996
2023-04-13,-0.03403308321631255,-289734.55999999994,-243556.08000000002
2023-04-14,0.019497021836854974,167339.39,139685.13
2023-04-17,0.0262927669188719,230132.94999999995,604248.77
2023-04-18,-0.0004110613482594649,-3613.810000000012,162182.43
2023-04-19,-0.02140729193490903,-187877.68000000005,-36364.48
2023-04-20,-0.006438307804746356,-56293.74999999993,-99728.56
2023-04-21,-0.03251546342798102,-280484.7999999999,-346222.66000000003
2023-04-24,-0.03391423140414407,-289731.44,-280798.43
2023-04-25,-0.05790165866831488,-494483.75999999995,64678.82000000001
2023-04-26,-0.009922400735661401,-85135.02000000009,174009.72
2023-04-27,0.005444548396115554,47168.87999999979,437164.09
2023-04-28,0.007544022939711294,65783.96999999997,272526.57999999996
2023-05-04,-0.01861212561319264,-162953.61999999994,158075.23
2023-05-05,-0.012198462590517054,-106842.63999999998,48119.560000000005
2023-05-08,0.01567145977685924,139062.23000000016,476049.14
2023-05-09,-0.0007880794018585067,-6953.440000000028,92357.73000000001
2023-05-10,-0.036244928269262136,-316421.60000000003,-40953.92999999999
2023-05-11,-0.002350465722196781,-20558.839999999946,-129078.12
2023-05-12,-0.02379875658139088,-206266.82000000007,-403903.02
2023-05-15,0.004303078823063578,37751.83999999993,207721.12
2023-05-16,-0.01115578062666355,-97525.18999999996,-229702.56
2023-05-17,-0.002071526143025417,-18038.049999999963,-176272.56
2023-05-18,0.004619487572118327,40281.21000000001,-195770.34
2023-05-19,-0.012660145660293835,-109751.54000000001,-160363.99
2023-05-22,0.0121176250657256,106182.20999999998,254703.79
2023-05-23,-0.024499616061355815,-211070.38999999993,-375050.9
2023-05-24,-0.021694216693738166,-184071.02,-342033.20999999996
2023-05-25,-0.02482187063498325,-209720.5300000001,-245538.87
2023-05-26,-0.008576438618328327,-72440.67999999992,-63310.64
2023-05-29,-0.029799378920830188,-251607.80999999997,-154364.5
2023-05-30,-0.0010492862668010521,-8866.680000000124,26714.040000000008
2023-05-31,-0.017715927723374623,-147900.47999999986,-207953.87
2023-06-01,0.00342839793384488,28687.58999999999,175886.01
2023-06-02,0.017226487425156686,146761.64000000004,394726.33999999997
2023-06-05,-0.020352809507152417,-173196.39,-89419.56
2023-06-06,-0.013849941277787877,-117402.21,86788.75999999998
2023-06-07,-0.017784878143233165,-150002.66000000006,-9147.249999999996
2023-06-08,0.010141904452868413,86515.40999999999,303142.06
2023-06-09,-0.006598823733052439,-56439.539999999964,170769.62
2023-06-12,-0.0026296145756908727,-22522.68000000002,61034.22
2023-06-13,0.003487354509036668,30009.180000000066,243852.22999999998
2023-06-14,-0.0059644304812649694,-51255.53999999999,73750.35
2023-06-15,0.018835843168333467,164795.20999999996,614184.66
2023-06-16,0.012159810049455995,107544.8499999998,544424.51
2023-06-19,-0.022217923224456145,-193126.73999999987,-243900.68
2023-06-20,-0.001311357346876494,-11407.960000000086,-42589.48999999999
2023-06-21,-0.031513386566510586,-271398.12,-409073.23
2023-06-26,-0.026423322053182045,-224685.13000000003,-324466.6
2023-06-27,-0.0020990603825493687,-17909.829999999987,-20039.67
2023-06-28,-0.0017479220421112043,-14980.110000000066,193420.88
2023-06-29,-0.00730803870762902,-62183.12000000001,-103386.54999999999
2023-06-30,0.018500478716946784,157910.84,233717.33
2023-07-03,0.008915268014456615,77357.71000000011,511172.43
2023-07-04,-0.0012895306058171752,-11182.670000000086,52830.52
2023-07-05,-0.03124960081994548,-268652.2,-344472.17
2023-07-06,-0.018359365888590135,-156587.05,-214148.47
2023-07-07,0.0018902879995640054,16030.160000000073,-330857.32
2023-07-10,-0.011180387257104176,-95055.57999999996,-87560.55
2023-07-11,0.0065506696682596476,56186.330000000016,267930.66
2023-07-12,-0.023504657641886695,-201008.57999999996,-201001.66
2023-07-13,0.03837761451514434,333039.3799999999,882778.12
2023-07-14,-0.011201919918101004,-97401.94,40947.599999999984
2023-07-17,-0.015523772880481108,-132502.96000000002,-294894.13
2023-07-18,-0.015784465071859117,-134228.56999999995,-245656.88
2023-07-19,-0.013022966634353395,-110633.28999999998,-96163.87
2023-07-20,-0.02630566879770345,-222777.75999999995,-93593.7
2023-07-21,-0.022292638016298712,-189333.0299999999,81006.33
2023-07-24,-0.023467912369278837,-198309.80000000005,-161325.91
2023-07-25,0.07935720124422707,690775.8800000001,1135624.27
2023-07-26,-0.02018451895718161,-175749.93999999994,58389.72
2023-07-27,-0.01611917775746749,-140666.76000000004,2517.959999999999
2023-07-28,0.07844870254668534,703043.04,1505448.65
2023-07-31,-0.0014531841684640725,-13104.619999999988,224492.77000000002
2023-08-01,-0.011886308825395204,-107082.09999999998,-24069.31000000001
2023-08-02,-0.009834602499651722,-87938.02000000009,-101939.13
2023-08-03,0.016350768567421924,147404.69999999998,309506.77
2023-08-04,0.006532164658097815,59244.060000000245,312378.44
2023-08-07,-0.025822315200930153,-233809.55000000005,30947.709999999992
2023-08-08,-0.013328027433246719,-120397.05000000005,-58451.35999999999
2023-08-09,-0.03462260600103719,-312613.43,153617.4
2023-08-10,-0.011972340694531871,-107843.68,-16408.710000000006
2023-08-11,-0.040682367310040206,-358035.91000000003,-747471.59
2023-08-14,-0.03820348050841701,-332179.43000000005,-297790.5
2023-08-15,0.00881441820801851,76957.2,130158.11
2023-08-16,-0.020859547528072127,-181640.89999999994,21025.159999999996
2023-08-17,0.002613291598187668,22815.010000000024,15134.879999999997
2023-08-18,-0.006106907551178386,-52847.44,-147956.64
2023-08-21,-0.025764026338932555,-220141.58999999997,-339135.4
2023-08-22,0.0019467477996081063,16746.669999999966,129859.38
2023-08-23,-0.014075513552373596,-119790.98,-173115.44
2023-08-24,0.017331836243360633,149194.32999999987,362120.85
2023-08-25,-0.015208165335888627,-131364.6,150227.45
2023-08-28,-0.022051921195026344,-192686.33999999997,-161762.09000000003
2023-08-29,0.0016323884623036264,14342.070000000072,229334.77
2023-08-30,-0.006912697330490283,-60733.419999999955,-377135.78
2023-08-31,-0.012126730381413294,-106435.21999999991,-121313.23
2023-09-01,0.005815426617369674,51208.86999999998,72483.34
2023-09-04,0.022154748705945807,197283.1,259803.28
2023-09-05,-0.01385653203940302,-122466.84000000004,-255321.2
2023-09-06,0.0011564218082411584,10229.48000000004,75291.07
2023-09-07,-0.025232218421468243,-220305.24000000002,-264613.76
2023-09-08,-0.009283309050035765,-80493.56999999996,-129039.57
2023-09-11,0.0028974666845456034,25198.750000000022,170456.81
2023-09-12,-0.013222096202079835,-114789.06000000003,-54514.73
2023-09-13,-0.012272588906654992,-106208.93,-172288.41999999998
2023-09-14,-0.010372707037500095,-89789.02999999997,-83751.65
2023-09-15,-0.014188129350379598,-121358.30000000003,-158839.62
2023-09-18,0.0018447188757142344,15941.360000000006,201884.01
2023-09-19,-0.0032486249179859194,-28083.749999999978,12450.340000000004
2023-09-20,-0.005131615286876525,-44243.98,30074.32
2023-09-21,-0.010761831610969072,-91842.40999999999,-222185.3
2023-09-22,0.04048222019533528,353526.19999999995,793994.9299999999
2023-09-25,-0.008888433809590285,-76997.47999999998,-274542.63
2023-09-26,-0.012378053821417498,-106353.23000000003,-186536.91
2023-09-27,-0.0037124377607080884,-31860.589999999967,-32582.09999999999
2023-09-28,-0.0028529374214616857,-24422.999999999993,-252642.74
2023-10-09,0.004972277513149366,42319.51000000002,11843.640000000003
2023-10-10,-0.006689815657932634,-56731.16,-22097.469999999998
2023-10-11,0.010126243218865546,86253.63000000002,875.1299999999956
2023-10-12,0.011427486928236445,98490.44000000003,257370.09
2023-10-13,-0.030358585965426774,-258993.61000000002,-214910.87
2023-10-16,-0.022732496075551816,-192280.42999999993,-153952.1
2023-10-17,0.0016915668711557992,14352.82999999999,129764.35
2023-10-18,0.0070235156313687265,59629.05999999994,244617.03000000003
2023-10-19,-0.01502364706564802,-123902.89999999997,-459013.0
2023-10-20,0.012429525492009073,102138.22,-74677.79
2023-10-23,-0.012827460663597095,-104925.62999999998,-78038.16
2023-10-24,0.0012019762225280806,9844.839999999997,74285.3
2023-10-25,-0.0015422617160504805,-12639.770000000077,-21498.769999999997
2023-10-26,-0.00582687455329433,-48005.03000000004,136768.24
2023-10-27,0.006441563422627613,53416.26000000005,2999.729999999996
2023-10-30,0.009528850944156985,79431.36999999992,55562.100000000006
2023-10-31,-0.019610772210815607,-162718.59999999998,-167465.78000000003
2023-11-01,0.013918203435607786,117058.22000000019,-120760.04999999999
2023-11-02,-0.0012313662294837439,-10344.829999999994,-114525.44
2023-11-03,0.030127916518390203,255165.89999999997,266127.68
2023-11-06,0.004779645510222191,40838.50999999994,55409.51
2023-11-07,-0.006633561102861232,-56294.300000000076,-259909.97
2023-11-08,-0.015793932037772813,-133997.49999999997,-162636.93
2023-11-09,-0.02097831157316809,-177670.96000000002,-256090.19
2023-11-10,-0.01120148427870596,-94245.49,-190602.92
2023-11-13,-0.015088792765867448,-126259.67000000004,-240920.69
2023-11-14,-0.00779949667050184,-65312.120000000024,-70251.2
2023-11-15,-0.0027165220582969904,-22876.49999999997,32003.59
2023-11-16,-0.017768132348885336,-148646.56999999998,-190805.91999999998
2023-11-17,-0.0029889670292407877,-24947.959999999977,-159322.11
2023-11-20,-0.005419315892678827,-45359.85999999996,-73803.1
2023-11-21,-0.0067034940327989085,-56327.559999999954,-4079.6600000000053
2023-11-22,-0.0351272357437006,-292529.36,-311562.39
2023-11-23,-0.006834489590777684,-57082.800000000025,-40535.52
2023-11-24,-0.03525739936665463,-292194.49,-321460.9
2023-11-27,-0.00721377318643509,-59320.79000000001,-127190.79000000001
2023-11-28,-0.010900411584204364,-89794.77999999998,-153094.6
2023-11-29,-0.02455611010914675,-200909.04,-101349.66
2023-11-30,-0.012470040767961005,-102519.68999999992,215714.35
2023-12-01,-0.013301983035947668,-108524.56999999995,100525.18000000001
2023-12-04,-0.013338945784740078,-108021.84000000001,-49610.08
2023-12-05,-0.022843808781914023,-181701.65000000002,-307464.54
2023-12-06,0.0067160757695325065,53444.03999999999,29014.589999999993
2023-12-07,-0.0010831086793144408,-8622.729999999994,29299.200000000004
2023-12-08,0.013248769150672012,105789.27000000002,159200.78999999998
2023-12-11,0.001893518529085187,15203.500000000051,167629.2
2023-12-12,-0.02157049332059312,-173694.1,-53458.61
2023-12-13,-0.02081684605112594,-164654.90999999992,-464721.85
2023-12-14,-0.009406005265191558,-73871.44,-225463.03999999998
2023-12-15,0.0030055269975442136,23562.619999999974,53064.74999999999
2023-12-18,-0.00806048130270188,-63290.400000000016,5973.759999999997
2023-12-19,-0.004803699606692844,-37910.08,128191.42
2023-12-20,-0.010158816415887414,-79650.93999999997,-60638.31
2023-12-21,0.011603889819048889,92080.82000000007,378887.23
2023-12-22,-0.013340137588377848,-105941.49000000003,56859.31
2023-12-25,-0.005372898947349083,-42742.85999999997,74062.06999999999
2023-12-26,-0.01720672372256475,-136390.04000000004,-77877.37
2023-12-27,-0.00829729236527214,-65840.00000000003,50591.82000000001
2023-12-28,0.023127847935753038,187138.56000000006,788906.76
2023-12-29,-0.002155740871238248,-17549.599999999948,155152.89
2024-01-02,-0.02336397883020642,-187433.32999999993,-361139.12
2024-01-03,-0.010139268402154681,-81391.86000000006,-97701.75
2024-01-04,-0.01128705714375695,-90090.36,-138046.11
2024-01-05,0.007319143490243496,58295.87000000001,-73460.47
2024-01-08,-0.010126320017043871,-79825.25000000001,-145972.28
2024-01-09,0.0008496532573997073,6698.800000000047,147904.89
2024-01-10,-0.0015455567492026286,-12144.999999999996,-60037.96
2024-01-11,0.020862747554359146,164800.08000000005,247660.36
2024-01-12,-0.009047171036994602,-71400.97000000002,-82973.29999999999
2024-01-15,0.0020463947175784654,16179.930000000022,36985.17999999999
2024-01-16,-0.006233523485797375,-49695.56000000002,249207.99000000002
2024-01-17,-0.025104752619688208,-195603.48,-322225.67000000004
2024-01-18,0.0003928955562207155,3111.950000000141,845972.01
2024-01-19,-0.012985938387304819,-103577.75000000003,608572.37
2024-01-22,-0.01438948952813059,-114667.89000000007,848770.05
2024-01-23,0.006489000529154245,51594.89000000003,205955.33000000002
2024-01-24,-0.011694242141515165,-93891.09000000008,235751.05
2024-01-25,0.020313464357753976,164620.59999999995,289437.13
2024-01-26,-0.03858147398278363,-311752.96,-6203.330000000002
2024-01-29,-0.03340023270577946,-269267.36999999994,-61921.969999999994
2024-01-30,-0.032029386194947176,-253397.77000000005,-109880.04
2024-01-31,-0.0006438773941380747,-5111.940000000046,325033.28
2024-02-01,0.004122454895723622,32760.160000000025,288191.6
2024-02-02,-0.045862217811706,-361420.3200000001,-42154.630000000005
2024-02-05,0.0009077888516951617,7289.159999999978,612266.96
2024-02-06,0.0226971011349001,186778.33000000002,557267.57
2024-02-07,-0.023441140083747498,-194186.37,597388.09
2024-02-08,-0.01755746847723142,-145552.96000000002,332632.8
2024-02-19,-0.009092893234270677,-75908.5800000001,169228.82
2024-02-20,-0.012547529644800517,-104755.78,-64860.34000000001
2024-02-21,0.02705871373161081,230010.34999999998,696476.1900000001
2024-02-22,-0.01491218533540321,-127159.10000000003,117363.94
2024-02-23,-0.0152843086302327,-130417.14999999997,-294090.89999999997
2024-02-26,-0.007201149455353514,-60501.09000000009,-473707.97
2024-02-27,0.021791449442514706,184472.78,301280.69
2024-02-28,-0.04817825297221454,-404705.4400000001,-296267.62
2024-02-29,0.015413565544936817,131023.72000000007,463596.25
2024-03-01,0.0057746503451274345,49251.820000000036,257289.16999999998
2024-03-04,-0.005022394664026499,-42787.20000000003,-338505.81
2024-03-05,-0.010659675710786066,-91968.63000000005,732346.14
2024-03-06,-0.004927565079124407,-42170.70999999999,-131113.21
2024-03-07,-0.027693044901659022,-236681.18999999997,-285300.91
2024-03-08,0.004534763574855112,38731.170000000035,-46151.23000000001
2024-03-11,0.03509927044425383,304701.3600000001,544034.8200000001
2024-03-12,-0.014308026218726833,-124507.78999999975,26460.76999999999
2024-03-13,-0.021678682484030154,-187300.4999999999,-281469.95
2024-03-14,-0.027280442191914396,-235209.33000000005,-260388.44
2024-03-15,-0.014870165057786494,-128350.66000000013,-110822.0
2024-03-18,0.007976553251293001,69259.45999999993,85472.42000000001
2024-03-19,-0.0476191893500337,-410410.39,-459531.18
2024-03-20,-0.0198904802440515,-172079.93,-69459.37000000001
2024-03-21,0.001284465093606444,11120.460000000017,-118742.26
2024-03-22,-0.016196962895697668,-140015.78,-111510.91999999998
2024-03-25,-0.008262587900938114,-71186.80999999997,21687.09999999999
2024-03-26,-0.009971422376018533,-86593.96999999991,297654.89
2024-03-27,-0.020363754377649413,-175847.63999999996,-115514.23000000001
2024-03-28,0.0035815559328375066,30870.899999999943,7995.710000000004
2024-03-29,-0.011781323030068168,-101640.39999999998,-224454.59
2024-04-01,0.014556925698663601,127241.03,337052.08
2024-04-02,-0.02549017054785055,-222319.39999999994,-378384.03
2024-04-03,-0.015631216540733656,-135780.86000000004,-327578.09
2024-04-08,-0.023733414417465116,-205025.78999999992,-251272.30999999997
2024-04-09,-0.006657621637345267,-57309.98000000003,-156001.41
2024-04-10,-0.030143886501226756,-258556.62000000002,-77095.82
2024-04-11,-0.009775749503518795,-83663.31999999996,-156366.87
2024-04-12,-0.005696184134180002,-48467.39999999995,-260142.34999999998
2024-04-15,-0.0026826451693650723,-23317.080000000053,502263.69999999995
2024-04-16,-0.020047772071759853,-173883.02000000005,-166023.5
2024-04-17,0.008919201372798039,77899.22,79334.78
2024-04-18,-0.009661160805549115,-84726.45000000004,281347.85
2024-04-19,-0.03540516317183978,-307905.00999999995,-458755.24
2024-04-22,-0.00868609399856871,-75407.97000000004,41278.909999999996
2024-04-23,-0.011078758067188886,-96158.24999999997,185784.0
2024-04-24,0.004773703258242991,41594.68,146714.97
2024-04-25,-0.0010668192356142903,-9344.870000000015,140181.35
2024-04-26,0.02833629946896352,251459.82999999993,1043022.27
2024-04-29,-0.0028842929139314814,-25810.309999999816,398330.73
2024-04-30,-0.02251458917607215,-200666.5099999999,-57101.33999999999
2024-05-06,0.010132075593557416,91520.1200000001,227289.60000000003
2024-05-07,-0.018534656243393174,-167510.06000000006,-151326.66
2024-05-08,-0.019950494765795187,-179009.68000000002,-393904.82
2024-05-09,0.007599185512070935,68552.76000000004,38325.78
2024-05-10,0.0032442293278673205,29201.710000000006,-185547.69999999998
2024-05-13,-0.01084819786444273,-97180.86000000006,-69166.24
2024-05-14,-0.0009912536665300914,-8839.629999999945,-204373.55
2024-05-15,-0.028734035554784383,-254739.7799999999,-280215.83
2024-05-16,0.020980680789111854,187855.77000000002,297487.69
2024-05-17,0.011243039891607262,101888.62,565010.62
2024-05-20,-0.004757168040682063,-43170.759999999966,101303.18999999999
2024-05-21,-0.02532580837520044,-229224.76,-190520.38
2024-05-22,-0.009041191691856316,-81771.99999999994,-170306.63
2024-05-23,-0.02951950644814264,-265222.5200000001,-251259.7
2024-05-24,-0.03055569988940246,-271202.01,-383391.0
2024-05-27,0.004193683759036565,37460.299999999974,108752.2
2024-05-28,-0.020578928184629995,-182996.28,-189020.83000000002
2024-05-29,-0.0007405055228903713,-6593.440000000035,85185.05999999997
2024-05-30,-0.017298330395775607,-152992.27000000005,-178301.88
2024-05-31,-0.0019830974403622476,-17483.410000000076,-106255.71
2024-06-03,0.0008624136816712891,7660.039999999948,406838.61
2024-06-04,0.004356035739254247,38972.84999999995,291605.8
2024-06-05,-0.01382435046261877,-123088.94000000006,-104120.92000000001
2024-06-06,-0.016269027004988536,-145135.51000000007,106382.12000000001
2024-06-07,-0.022725952992573677,-201101.86000000004,-311155.27
2024-06-11,-0.024723223754005257,-215836.7099999999,120836.62
2024-06-12,0.013183404832512655,114982.48999999999,110664.77
2024-06-13,-0.006729888245164861,-58621.37000000014,71742.37000000001
2024-06-14,-0.015994054310809948,-140617.97999999995,526540.89
2024-06-17,0.0036160165422130922,31806.960000000006,120216.59000000003
2024-06-18,-0.009440796482746839,-83035.49000000005,-170433.56
2024-06-19,0.0053991829032207965,47498.54999999996,10639.900000000001
2024-06-20,-0.006527893908893352,-57319.91000000001,-103408.20999999999
2024-06-21,-0.016022058893382665,-139722.56999999998,23178.440000000006
2024-06-24,-0.019725713102119267,-172944.64,337542.01999999996
2024-06-25,-0.00939141084736533,-82168.39999999997,3504.1299999999974
2024-06-26,0.004307769450099589,37781.17999999992,27709.719999999998
2024-06-27,-0.019475780914682304,-170836.76000000007,124099.61000000002
2024-06-28,0.004605631648057695,40238.72999999992,-12529.270000000004
2024-07-01,-0.009100338452474297,-79684.31999999996,75745.07999999999
2024-07-02,0.008382677632350398,74281.29000000012,88698.18999999999
2024-07-03,-0.0015964962038584553,-14121.399999999974,-138953.9
2024-07-04,-0.011776291310190395,-104263.49999999993,104652.38
2024-07-05,-0.015232353137505823,-133010.59999999998,-201966.77
2024-07-08,-0.017909045558010272,-156086.52000000002,108515.34999999999
2024-07-09,0.003612328019041142,31884.32999999995,528209.8
2024-07-10,-0.009496680574609794,-83871.91,7406.859999999998
2024-07-11,-0.0007572320937868335,-6688.6699999999955,-64950.18000000002
2024-07-12,0.004269326320438643,38173.73,459439.97000000003
2024-07-15,-0.013894217428956336,-124851.55999999998,223928.21
2024-07-16,-0.018767482066341455,-168063.05999999997,356211.12
2024-07-17,-0.028547999145606445,-256420.73999999996,406773.98
2024-07-18,-0.009283391010496028,-83800.64000000006,285900.36
2024-07-19,-0.028494860892339893,-257941.49000000002,755774.36
2024-07-22,-0.01760185403667356,-157857.20000000004,-187821.05
2024-07-23,-0.031576926456362855,-279567.6200000001,-208539.12999999998
2024-07-24,-0.0123054475303939,-108527.44000000003,-98013.38
2024-07-25,-0.01920649289807979,-168071.63999999996,8042.520000000002
2024-07-26,-0.001581074014772766,-13787.389999999943,-953.1499999999978
2024-07-29,-0.015553628621486995,-135253.92000000004,76314.54999999999
2024-07-30,-0.00942572954065008,-81525.21999999997,173711.53
2024-07-31,0.028741079652985575,252205.40999999992,531073.31
2024-08-01,-0.013699704168257892,-119303.62999999999,-304427.23
2024-08-02,-0.02271125857714539,-195572.26999999993,-188687.48
2024-08-05,-0.028160009722832655,-240739.22000000012,193116.0
2024-08-06,-0.010154738506583527,-86113.41000000003,-221425.71999999997
2024-08-07,0.0053977299282112045,45844.78999999998,-24847.309999999998
2024-08-08,-0.003683216820908951,-31413.439999999944,53848.14
2024-08-09,0.0023968583111282794,20500.940000000035,-25492.989999999994
2024-08-12,-0.004804097459459179,-41115.730000000025,-5994.169999999999
2024-08-13,0.0013479562528314211,11565.869999999952,62564.33000000001
2024-08-14,-0.006412622900769878,-54777.520000000026,-62383.91
2024-08-15,-0.005516959573926659,-47602.82000000001,370599.72000000003
2024-08-16,0.004459811981923309,38773.29000000002,270866.2
2024-08-19,0.0026929206574881305,23595.88,87774.43
2024-08-20,-0.013532984851353602,-118758.25000000006,95759.58
2024-08-21,-0.001631427363441223,-14286.999999999942,236626.15
2024-08-22,-0.006897890833097857,-60718.85000000003,184754.07
2024-08-23,0.004087300613225023,36201.650000000016,362495.83
2024-08-26,-0.010159355421721694,-89868.51000000004,-16136.669999999998
2024-08-27,-0.008614090753847682,-76140.44,106722.06
2024-08-28,-0.010905350238765031,-95825.35000000002,33261.57
2024-08-29,-0.002735107814520287,-23770.520000000037,80040.38
2024-08-30,0.026035193409627764,227771.49999999997,650451.2
2024-09-02,-0.024437204457755667,-210318.48999999993,-424225.42
2024-09-03,-0.0038008982978825125,-32617.53999999997,-5962.129999999999
2024-09-04,-0.01124117168906257,-95774.16,-37722.04000000001
2024-09-05,-0.0018594382420323292,-15767.859999999971,-68050.18
2024-09-06,-0.007292248771574925,-61634.70000000005,-29361.630000000005
2024-09-09,-0.005233849151869364,-43738.02000000001,-99281.51
2024-09-10,0.004145441299805333,34679.45000000002,61590.89000000001
2024-09-11,0.004080710198290672,34076.57000000002,182108.64
2024-09-12,-0.0012881461484294898,-10718.109999999997,-159972.16999999998
2024-09-13,-0.00030511531936725216,-2536.9999999999927,246169.73
2024-09-18,-0.014962970792976909,-124778.73999999998,221461.71999999997
2024-09-19,0.005162881914313667,43016.86999999992,97764.56
2024-09-20,-0.007472808499570242,-62447.40999999999,376958.26
2024-09-23,-0.0039996880961791275,-33563.02000000004,128253.18999999999
2024-09-24,0.05514218530556593,487597.31000000006,1510529.87
2024-09-25,-0.02070849394745558,-186215.20000000007,286254.67
2024-09-26,0.02345864685341458,220336.1400000002,1723734.74
2024-09-27,0.04497207677694414,436762.17999999993,572537.13
2024-09-30,-0.014761688374234845,-153822.15000000008,310040.21
2024-10-08,-0.06679980231832879,-731703.8000000003,-3026185.58
2024-10-09,-0.24409516734342163,-2518201.8,354875.78
2024-10-10,-0.026086545548394603,-273055.4899999998,13154.890000000014
2024-10-11,-0.06500594250804992,-667055.9100000001,-142410.03999999998
2024-10-14,-0.009805715868405772,-102554.59,223741.94
2024-10-15,-0.05948854624705401,-604732.07,-762358.27
2024-10-16,-0.043377120142094376,-438090.52999999997,327622.22000000003
2024-10-17,-0.028575543691147506,-284913.41000000003,-615715.06
2024-10-18,0.1049069899462503,1086023.4799999997,1874393.29
2024-10-21,-0.0730339367989116,-750935.6499999999,-899394.6
2024-10-22,-0.02169122422697474,-223608.29000000024,-69916.12
2024-10-23,-0.03252900368007642,-335852.69999999995,123820.59999999999
2024-10-24,-0.02899619444411101,-297239.2500000001,-441168.26
2024-10-25,0.012454217482620806,128130.63000000003,162079.09999999998
2024-10-28,-0.043831324717522185,-448946.10000000015,-308845.08
2024-10-29,-0.042913341328605754,-436197.2999999997,-347462.02999999997
2024-10-30,-0.052428041746830065,-528411.5800000001,-373818.14
2024-10-31,0.013313131150733806,133924.8199999999,483361.77
2024-11-01,-0.023478890050064847,-237098.0099999999,296482.93
2024-11-04,0.053998963163660874,553028.8700000002,916992.05
2024-11-05,0.016440799669791915,171769.78999999978,1131459.67
2024-11-06,-0.11090756985356377,-1144886.4699999997,-928749.3300000001
2024-11-07,0.06348896005289506,677162.7500000002,1932311.38
2024-11-08,-0.16085192179229,-1690366.3800000004,-1286923.37
2024-11-11,-0.017730148339828423,-186634.53999999972,-424954.60000000003
2024-11-12,-0.07451145716373504,-777409.0,-869022.27
2024-11-13,-0.019906518748382653,-209479.03999999986,670119.88
2024-11-14,-0.08913505455410123,-929395.3300000002,-282709.34
2024-11-15,-0.08440296233811893,-862341.3399999999,-481855.31
2024-11-18,-0.025702606144031793,-262895.8099999999,114339.81
2024-11-19,-0.015309157150307319,-157181.12,206607.55
2024-11-20,-0.009671776004923924,-99323.07000000002,-376339.58999999997
2024-11-21,-0.00428379944849311,-44102.90000000002,350945.08999999997
2024-11-22,-0.07770123353390593,-778536.4700000001,-1040102.8400000001
2024-11-25,-0.034307818763880206,-342155.65,-131235.26
2024-11-26,-0.02129351174553116,-212721.89000000007,126561.34
2024-11-27,0.024337810235898826,246561.99000000005,860336.75
2024-11-28,-0.034316804291607564,-345131.87999999995,-396024.69
2024-11-29,0.047482738739836196,481257.5400000003,769249.78
2024-12-02,-0.000921942126078235,-9402.189999999915,217411.33000000002
2024-12-03,-0.016512903648584747,-168983.55,92802.30000000002
2024-12-04,-0.034195984057208285,-349290.62999999995,-157062.59999999998
2024-12-05,0.0015766941969976335,16067.740000000078,29896.70000000001
2024-12-06,0.021154606589258752,218671.79999999996,917600.03
2024-12-09,-0.027329022051685366,-282268.22000000015,-160922.9
2024-12-10,-0.018944371889886662,-197941.05999999982,557965.89
2024-12-11,-0.028893708646916837,-299771.0,-346224.32
2024-12-12,0.012881229500783022,135771.77999999985,719836.42
2024-12-13,-0.09803768447079914,-1009482.0499999999,-1577832.8599999999
2024-12-16,-0.02270169876659728,-234311.33000000005,-49414.73999999999
2024-12-17,0.014636612895371019,152325.35999999996,687207.17
2024-12-18,-0.001728017909556439,-18119.199999999953,121807.70000000001
2024-12-19,-0.005946635219985976,-62101.319999999905,431746.66000000003
2024-12-20,-0.004781883062316443,-49713.36000000009,10703.05999999999
2024-12-23,-0.007715416486355021,-80812.12999999971,90264.58999999997
2024-12-24,0.0016716906537465504,17742.989999999874,981770.9199999999
2024-12-25,-0.016610557872269803,-176890.42000000013,-155507.21000000002
2024-12-26,-0.007985304079750793,-84841.20000000001,34385.229999999996
2024-12-27,-0.02106984538618794,-223722.31,210455.87
2024-12-30,-0.010663794703246597,-113768.23000000008,381064.11
2024-12-31,-0.06513190109333977,-686288.87,-539016.33
2025-01-02,-0.07643547467801651,-785532.6399999999,-916962.48
2025-01-03,-0.016858951798225583,-171886.06999999995,16931.15000000001
2025-01-06,-0.00906176898897689,-92303.82000000012,142067.65
2025-01-07,0.011494069405048915,117538.19000000008,594386.91
2025-01-08,-0.018157337455801063,-185779.1600000001,-42357.01999999999
2025-01-09,-0.012647438070447506,-129089.71999999997,39913.25
2025-01-10,-0.03273638817021879,-331587.36,-184235.21
2025-01-13,-0.01840021781059583,-185781.75000000006,81100.64
2025-01-14,0.029396110048564083,302176.0699999999,594705.22
2025-01-15,-0.022910570532129745,-234405.58000000002,-205805.92
2025-01-16,-0.005733236425480249,-58466.409999999945,-52721.66000000002
2025-01-17,-0.004274723015064658,-43583.17999999993,62815.29
2025-01-20,0.009911975400959172,102198.72000000007,243637.34
2025-01-21,0.001212715384056588,12510.599999999948,84528.75
2025-01-22,-0.03121141355348256,-317358.4499999999,-137521.25000000003
2025-01-23,-0.021208657856913282,-217009.56999999975,-138090.46
2025-01-24,0.006156028207277413,63161.61999999999,312350.76
2025-01-27,-0.02972899372640047,-304529.58999999997,-445972.79
2025-02-05,-0.014760226457668002,-149014.3899999998,-199462.01000000004
2025-02-06,0.03612128530054559,368635.5299999999,493251.98
2025-02-07,0.014047802639557261,145373.8999999999,698975.23
2025-02-10,0.005430138915173945,56308.43000000009,-139602.80000000002
2025-02-11,-0.02615483027404575,-271271.81000000006,-232007.0
2025-02-12,0.009546676090192536,100369.97999999992,636943.47
2025-02-13,-0.0081706150917642,-86050.55999999988,54011.61
2025-02-14,0.008962054207416349,95351.37000000018,435673.72000000003
2025-02-17,0.008147499282493215,86682.57000000002,-71495.54000000001
2025-02-18,-0.01673533105972026,-178234.78999999992,-141861.32
2025-02-19,0.00195336912480988,20895.019999999997,156746.47
2025-02-20,-0.004565547704570838,-48702.529999999904,-298299.67000000004
2025-02-21,0.026010969911886957,280534.7300000001,769544.75
2025-02-24,-0.04749509350653191,-509528.68999999994,-598480.16
2025-02-25,-0.04157073546530493,-441483.23000000016,-576497.61
2025-02-26,0.005275894197065806,56414.31000000004,310184.27
2025-02-27,-0.036679216425819054,-394863.3099999999,-188976.7
2025-02-28,-0.08584276252347894,-910134.6299999999,-700677.96
2025-03-03,-0.014219282054775238,-150046.25999999995,-198153.16999999998
2025-03-04,-0.02517713658650408,-263180.81000000006,-166063.5
2025-03-05,0.0039052103979385256,41125.70000000005,27298.850000000013
2025-03-06,0.032849521339469036,351209.57999999996,905130.33
2025-03-07,-0.030522981329007094,-325547.6199999999,-194053.09
2025-03-10,-0.0019218052217932094,-20383.460000000043,-453547.18
2025-03-11,-0.006289639574069477,-66972.96000000005,135877.75
2025-03-12,0.00831616175994833,88259.27000000006,-154748.22999999998
2025-03-13,-0.016631107369797313,-176139.63000000012,-104179.65999999997
2025-03-14,0.059830914892841085,652920.46,2308055.76
2025-03-17,-0.030413565896065548,-331448.76000000007,-461395.14
2025-03-18,-0.002630759075175822,-28806.259999999922,250768.33000000002
2025-03-19,-0.006701857128806623,-74094.62000000008,318171.53
2025-03-20,-0.019114920127111863,-209134.0299999998,-514233.8
2025-03-21,-0.05227084401545903,-560585.95,-842228.17
2025-03-24,0.0019465826543987462,21071.339999999946,448994.63
2025-03-25,-0.012372765643532024,-133652.56999999998,-248082.12999999998
2025-03-26,-0.013014438723631517,-139544.30999999994,-324505.51
2025-03-27,-0.005614418707394263,-60510.05000000009,98993.59000000001
2025-03-28,-0.018966962488864026,-203991.1700000001,-97697.37000000001
2025-03-31,-0.023101356258156854,-247227.43,-117016.03
2025-04-01,-0.019907229774853177,-211247.89999999997,-501923.57999999996
2025-04-02,-0.007682451569180918,-81395.06,-13286.240000000013
2025-04-03,-0.042121785526029604,-444312.5600000001,-105728.37999999999
2025-04-07,-0.16638931466598034,-1649849.1199999999,747509.74
2025-04-08,-0.06742634305408762,-678015.23,1467769.34
2025-04-09,0.0064734085955465,65088.86999999973,343807.97000000003
2025-04-10,0.014025407008570493,142452.15999999977,-358831.39
2025-04-11,0.02841869002922153,292162.27999999985,374773.38
2025-04-14,-0.0017927239404401116,-18479.299999999897,-512359.47
2025-04-15,-0.012857753418095329,-133285.29000000007,151985.17
2025-04-16,-0.014979111203330678,-155623.99,171891.99
2025-04-17,0.0065387370216316715,68032.28000000007,272432.75
2025-04-18,0.0019428558350670492,20288.63999999999,336244.06
2025-04-21,0.014638810161758862,153080.58000000007,74253.55
2025-04-22,0.0036554522210505472,38303.34000000001,28454.9
2025-04-23,0.010869014128239004,114098.73000000027,-72008.14000000001
2025-04-24,-0.01483078838645556,-156551.55000000002,67914.88999999998
2025-04-25,0.023294793991771735,246021.95999999996,171558.26
2025-04-28,-0.022914761385985707,-242408.60999999996,-13807.860000000004
2025-04-29,-0.005785112180301977,-60959.95999999992,-399117.11
2025-04-30,-0.012172718140594351,-126910.41999999995,-302430.11
2025-05-06,0.017259176532263044,180807.77000000005,176996.68
2025-05-07,-0.009722228255419194,-102859.78,-334338.16
2025-05-08,0.025807871861328675,275773.2700000001,794071.38
2025-05-09,-0.009534591955953225,-102424.80999999997,-122971.82999999999
2025-05-12,0.03138286330783572,340651.69000000006,429000.38
2025-05-13,-0.019947293137877437,-217030.53999999998,-164629.19
2025-05-14,0.009641727946941138,106506.96000000012,1319563.1600000001
2025-05-15,-0.030019037594754813,-330195.9,-397932.09
2025-05-16,0.011485015098955307,125334.29999999999,-249928.08
2025-05-19,-0.009894980426416504,-107418.40999999999,-405801.73
2025-05-20,0.011790603386148232,128681.85000000014,-2425.5100000000093
2025-05-21,-0.01183196756052895,-129864.46000000011,274856.45999999996
2025-05-22,-0.0031609543464759496,-34676.4800000001,-32171.799999999996
2025-05-23,-0.008386128106837209,-91323.71,-234373.03
2025-05-26,-0.02028807723211238,-215979.18999999994,-442517.32999999996
2025-05-27,-0.019148181313918444,-202612.58,-310833.86
2025-05-28,-0.013003233812908736,-137264.17000000004,-210571.68
2025-05-29,0.0002456934340486661,2598.0700000000033,189209.48
2025-05-30,-0.024972730074074627,-262484.8599999999,-309739.99
2025-06-03,-0.007869637544113578,-82942.12000000013,-11095.239999999996
2025-06-04,0.01157778574312757,122238.49000000005,133616.04
2025-06-05,0.011136296713503734,117980.93,210688.97999999998
2025-06-06,-0.012076975281012528,-127730.04000000004,-162720.57
2025-06-09,-0.01397711034652941,-147464.5599999999,12660.73999999999
2025-06-10,-0.019255277486674986,-204800.48999999993,-257021.93999999997
2025-06-11,0.009354934927189107,100425.87999999995,275466.88
2025-06-12,0.001103857425317542,11810.87999999983,166067.26
2025-06-13,-0.02611494690142116,-277483.1899999999,-542135.3
2025-06-16,0.003463489029387202,36948.380000000005,343686.97
2025-06-17,0.008492904213652184,90694.24000000008,-169031.57
2025-06-18,0.010031128377261358,107347.05000000016,134426.91999999998
2025-06-19,-0.0165962972833802,-176900.17000000007,-224796.35
2025-06-20,-0.012885826677886996,-137637.72999999995,183190.36000000004
2025-06-23,-0.013260017181791808,-142431.65000000005,446223.75
2025-06-24,0.0060104891132900535,65512.27999999987,703813.67
2025-06-25,0.036936816063471246,408418.69,1209666.6800000002
2025-06-26,-0.022998545967077053,-253568.89,-331112.01
2025-06-27,-0.0032045364601120617,-34853.859999999695,-345288.20999999996
2025-06-30,-0.012732884679675439,-139034.93999999992,227028.76
2025-07-01,-0.007425532999213917,-81212.60999999996,-367469.44
2025-07-02,-0.009443682700446288,-103245.05999999998,-260809.18
2025-07-03,0.03283825956246817,361652.72999999986,371350.08999999997
2025-07-04,-0.01965271146033633,-218003.56000000017,326875.49
2025-07-07,-0.01800824855199111,-198687.22999999998,-292078.44
2025-07-08,0.015809652655638395,175359.5899999999,278935.4
2025-07-09,-0.009633378623138008,-106885.72999999997,-279611.91
2025-07-10,-0.01329728023546905,-148930.98000000016,412278.87
2025-07-11,-0.003347636763947489,-37462.689999999944,1062084.69
2025-07-14,-0.02356215685056498,-262312.1300000002,-285843.24
2025-07-15,0.008704034549197093,97017.48999999996,-50282.65999999998
2025-07-16,-0.02415530196491739,-268910.87000000005,-89154.99999999997
2025-07-17,0.014510950803710182,162091.08000000013,196718.22999999998
2025-07-18,-0.006873277515568474,-77215.68999999989,270335.20999999996
2025-07-21,0.00810024352073857,91215.87000000001,-193766.1
2025-07-22,-0.0006137467283676071,-6936.830000000065,-115972.13999999998
2025-07-23,-0.0005941186569925909,-6754.249999999825,439743.91
2025-07-24,0.0014502900751687756,16488.159999999916,292480.31999999995
2025-07-25,-0.02533906728340764,-286425.76,-355716.83
2025-07-28,0.0037846942197336912,42833.20000000008,32190.149999999994
2025-07-29,-0.004339643709460977,-49316.579999999936,121181.04000000001
2025-07-30,-0.03331569708241722,-377806.40999999986,-36058.509999999995
2025-07-31,-0.06062519295174402,-682371.2499999999,-1027964.36
2025-08-01,-0.024521936646844145,-275142.66000000003,-393334.06
2025-08-04,-0.012113930304620206,-136712.50999999998,170006.97
2025-08-05,0.003125968136602693,35497.859999999884,25925.39999999998
2025-08-06,-0.01007563235331011,-114307.97000000009,-184687.62
2025-08-07,-0.012270251978194535,-139406.1599999998,-77782.53999999998
2025-08-08,-0.0187996275145837,-212556.74,-437616.07999999996
2025-08-11,0.028349537844735873,321522.26999999996,400556.73
2025-08-12,0.01827381845986996,212927.1300000003,569819.31
2025-08-13,0.024654642257396015,289557.05999999994,501058.27
2025-08-14,0.0072612269803409525,86056.93000000025,479758.3
2025-08-15,0.036844693460483496,436157.8599999999,736048.09
2025-08-18,0.000647540368363886,7721.41999999994,433261.43000000005
2025-08-19,-0.04570306213353376,-542329.2300000004,-799350.84
2025-08-20,-0.006709425929927589,-80318.45000000024,428712.48000000004
2025-08-21,-0.013989305634576748,-167954.63000000006,7539.0199999999895
2025-08-22,0.018708672499087746,230947.96999999974,1686917.44
2025-08-25,-0.03920152330937867,-496070.93999999977,621314.1
2025-08-26,-0.02164204212431655,-271842.18,-375310.99
2025-08-27,-0.04944895185654531,-611872.7099999995,-836276.3500000001
2025-08-28,-0.007445890982878974,-93951.15999999981,287640.32
2025-08-29,0.022029039483683423,281327.9199999996,1379982.7999999998
2025-09-01,-0.036885140067641396,-472723.5599999995,-841379.6699999999
2025-09-02,-0.07927030710931998,-1019210.410000001,139356.11000000004
2025-09-03,-0.014670570819956348,-187257.28000000058,-450204.4
2025-09-04,-0.05918018455229518,-736183.5999999996,-702117.16
2025-09-05,0.025821724689715136,328524.9900000003,975969.3300000001
2025-09-08,-0.03400618969386418,-430109.88000000024,-662396.49
2025-09-09,-0.045672324034642324,-575636.8700000001,-122857.97
2025-09-10,0.014092998631550828,179170.31999999992,754162.7999999999
2025-09-11,0.057002974869023657,746115.5500000003,1245622.62
2025-09-12,-0.05679842431096535,-739619.7399999995,-554616.9400000001
2025-09-15,-0.01874809414071493,-245794.22999999998,-47460.17000000003
2025-09-16,-0.04847372613891925,-634286.9000000003,-738882.21
2025-09-17,-0.0006230166093136448,-8220.260000000155,563778.73
2025-09-18,-0.07247914451353545,-942569.9099999999,-1171103.1
2025-09-19,-0.0024216327242127266,-31437.88999999984,-204179.41999999998
2025-09-22,-0.006654382574821082,-87065.22000000019,-87025.09000000001
2025-09-23,-0.04246532124124985,-559429.6600000006,-741450.8300000001
2025-09-24,0.016489227108380335,219699.4899999999,513210.81999999995
2025-09-25,0.0015438990574220051,20700.61000000003,1020750.95
2025-09-26,-0.03655075818447509,-484792.0100000001,-394690.33999999997
2025-09-29,0.018522153288807748,248915.07999999978,1846180.17
2025-09-30,-0.056332460196448296,-753213.1700000004,-929077.3200000001
2025-10-09,-0.038829138658717836,-523897.84999999974,33360.08999999999
2025-10-10,-0.09171695964179895,-1205038.9100000001,-1313131.5699999998
2025-10-13,-0.039212260849464824,-510765.87,-421623.63
2025-10-14,-0.06532854078752613,-841258.1699999997,-800968.4800000001
2025-10-15,0.00906515844347938,118771.57000000012,1077480.91
2025-10-16,-0.014530561531564769,-191839.71000000008,414120.94
2025-10-17,-0.040018665789597146,-519783.79999999976,-1038617.5700000001
2025-10-20,0.019745609662908677,258709.63999999993,169821.84
2025-10-21,0.03436520965386821,458931.6699999995,1213605.33
2025-10-22,-0.034755527461985555,-465254.4399999999,328630.59
2025-10-23,-0.008400452407865149,-112891.46999999988,-54767.92999999999
2025-10-24,0.03185339849050087,435250.7199999995,1307011.68
2025-10-27,-0.00884546278758342,-121864.32000000031,-226453.07999999996
2025-10-28,-0.02132067968302353,-293013.4799999997,138625.20000000004
2025-10-29,0.011478474947891337,158206.24000000034,-66659.05000000002
2025-10-30,-0.07159548054313572,-977683.7800000003,-853582.2
2025-10-31,-0.07301077321017653,-979984.3399999999,-549273.3
2025-11-03,-0.027732910140600402,-372826.8100000002,-81462.35999999999
2025-11-04,-0.023204293385029825,-312228.3600000003,-249100.21
2025-11-05,-0.0035925320695235807,-48404.340000000026,165718.82
2025-11-06,0.0175823713453088,240679.06999999977,850767.33
2025-11-07,-0.020270423992461123,-276031.04000000004,-282246.45
2025-11-10,-0.021978432605694417,-298955.70000000007,-189524.18999999997
2025-11-11,-0.026052193044802444,-351916.03,-717131.91
2025-11-12,0.005911868814912354,80319.59000000008,562826.48
2025-11-13,0.02988029385193317,411810.27,674247.54
2025-11-14,-0.03414985402797137,-464118.0900000001,-459987.13
2025-11-17,-0.014746547534087173,-198709.95999999985,-137942.01
2025-11-18,-0.017376865844546667,-233981.23000000016,2223.059999999994
2025-11-19,0.004041886237628838,54750.12999999994,490972.70999999996
2025-11-20,-0.006723710749608539,-90568.48999999993,-675889.14
2025-11-21,-0.052365373226336734,-691762.8200000001,-597555.34
2025-11-24,-0.01302678823914932,-171849.6499999997,311642.28
2025-11-25,0.011565437446035757,153948.58999999985,118273.26000000001
2025-11-26,0.026919618632040048,361801.0800000003,1060872.11
2025-11-27,-0.01604566653103108,-215160.67999999973,-233675.1
2025-11-28,0.008525083316772635,114316.45999999985,-262493.09
2025-12-01,0.010518494290379697,142461.19999999995,329475.75
2025-12-02,0.01115551819829555,150618.4799999999,-280505.04
2025-12-03,-0.025670081350843723,-344337.9500000003,-372353.14
2025-12-04,-0.007285623254858198,-98583.75000000012,766226.4
2025-12-05,-0.0004224475152551197,-5752.819999999803,719603.29
2025-12-08,0.0028820603611043327,39665.19000000006,738700.5700000001
2025-12-09,-0.0055760116274055395,-76679.68000000039,-154698.84
2025-12-10,-0.009511563548512588,-129998.31999999989,-284041.61000000004
2025-12-11,-0.02761640812606435,-376170.14999999973,-62184.750000000015
2025-12-12,-0.0014894000833839923,-20392.499999999833,714940.23
2025-12-15,-0.027847953079004107,-378453.6599999999,-61350.92000000002
2025-12-16,-0.03646551029951154,-489308.34999999986,-382238.55999999994
2025-12-17,0.014423453746600421,196617.68999999986,1730718.1
2025-12-18,-0.030195158026499542,-409739.4199999998,-463367.99000000005
2025-12-19,0.004899561493888473,65463.93000000005,446707.13
2025-12-22,0.011634588740582931,156942.41000000003,815881.8
2025-12-23,-0.01198201777522502,-162637.44,727581.71
2025-12-24,-0.008682609298165634,-117738.68999999975,-41454.399999999994
2025-12-25,-0.005427189111748878,-73629.86000000013,-22123.78
2025-12-26,-0.007336465903908869,-99587.53000000023,598329.9
2025-12-29,-0.023386757363041216,-316424.9799999998,-465809.54999999993
2025-12-30,0.0009456628411110239,12829.940000000255,335624.77999999997
2025-12-31,-0.028375430634885058,-382521.1300000001,-784420.08
2026-01-05,-0.0040844487872361045,-56785.419999999925,1238956.1400000001
2026-01-06,-0.022006629035201185,-308209.0600000001,693646.53
2026-01-07,-0.018082389839799165,-252199.71999999974,-1157240.98
2026-01-08,-0.06431797779880848,-889416.88,-1375936.3800000001
2026-01-09,-0.04215644556530244,-583768.34,-145916.07999999996
2026-01-12,-0.018213855990251392,-252158.9999999996,-271323.21
2026-01-13,-0.03912592212898044,-538048.1100000001,-1092919.51
2026-01-14,-0.02701576481894142,-369719.75,-713426.3200000001
2026-01-15,0.037517784045024365,515592.01999999967,-544690.38
2026-01-16,-0.008156823979784572,-111255.41999999991,-2488842.15
2026-01-19,-0.01821485726598228,-247777.86999999997,-964963.8099999999
2026-01-20,-0.0274558937592764,-371139.8700000001,-1328751.23
2026-01-21,0.01461058501409604,197092.16999999998,-1441446.3599999999
2026-01-22,0.022740100795950315,305405.3999999999,-1297326.53
2026-01-23,-0.05250316209065263,-697505.0600000002,-3502755.62
2026-01-26,-0.007075233750108637,-93961.04000000001,-834367.21
2026-01-27,0.013624066954021958,181487.39999999997,-61746.09000000003
2026-01-28,-0.0037588162448301964,-50003.299999999304,-1968325.94
2026-01-29,-0.0038558077983096395,-52069.20999999963,69138.58
2026-01-30,0.03430878700142858,461826.5100000003,-73827.45000000001
2026-02-02,-0.035789625063327266,-476075.5599999998,-604873.7799999999
2026-02-03,-0.021733954276109767,-290026.36999999994,-386000.28
2026-02-04,-0.029127784766791405,-392221.53000000014,355558.76999999996
2026-02-05,-0.01632880119325216,-220159.07000000004,259191.0
2026-02-06,-0.030938230456574716,-413501.58999999997,-221493.12
2026-02-09,0.012926922713288519,174964.16999999978,607068.8500000001
2026-02-10,-0.0061645208267007276,-83387.57000000007,-114384.54000000001
2026-02-11,-0.04721806566444745,-635964.9400000001,-324303.01
2026-02-12,-0.013579052666403642,-182469.60000000003,-617773.7000000001
2026-02-13,-0.00649837276744755,-86398.30999999982,-595840.1
2026-02-24,0.010604061098738696,140624.35999999987,-324107.06000000006
2026-02-25,0.016403789367878313,219019.3800000002,259244.76
2026-02-26,-0.03936222755688627,-520938.6,-678998.6699999999
2026-02-27,-0.07884064632892435,-1034248.11,-1149217.43
2026-03-02,0.02270746407472391,299246.09000000014,870564.79
2026-03-03,-0.02350379584381208,-307252.58999999985,-415614.17
2026-03-04,-0.04306233815964122,-554727.75,-772917.88
2026-03-05,0.026535378025317455,346488.6700000001,407511.9
2026-03-06,0.0026552341104311202,34696.81000000006,-115824.26000000001
2026-03-09,-0.015104161948439082,-195436.90000000008,-99217.62
2026-03-10,0.010944760606306685,143940.79000000033,574425.01
2026-03-11,0.02744923279440182,364366.49,80502.06999999996
2026-03-12,-0.02784954373786318,-367630.18999999994,-720030.4400000001
2026-03-13,0.02011835112334405,265878.70999999985,483819.34
2026-03-16,0.02998742136301194,400560.26,646846.04
2026-03-17,-0.015503162642408783,-207458.8100000001,148822.47
2026-03-18,0.03331756835346159,447565.85999999975,730555.26
2026-03-19,-0.02478784543585573,-329947.23000000016,-274654.33
2026-03-20,0.028754507104859085,383932.54000000056,-65846.16000000002
2026-03-23,-0.029786519593438008,-386190.4899999999,-430657.25000000006
2026-03-24,-0.0021619340659944177,-28329.69999999993,299255.37
2026-03-25,0.03322050844911639,440607.47000000055,285502.2
2026-03-26,-0.058942091490401756,-776340.4099999998,-658467.16
2026-03-27,-0.012293735863915157,-162887.77000000002,386933.23
2026-03-30,-0.025393424329264336,-336480.93000000017,-220050.32
2026-03-31,-0.03173767991576858,-419208.74000000005,5009.260000000017
2026-04-01,0.007787049884378003,104432.15,649679.6
2026-04-02,-0.03631441540282581,-481902.9600000001,-950794.13
2026-04-03,-0.01958635267259313,-257491.9500000002,60026.43999999996
2026-04-07,-0.01361592206807457,-178513.28,50321.80000000002
2026-04-08,0.04611449796245195,623456.1799999997,1977014.21
2026-04-09,-0.01677826087846278,-226357.66999999987,-135641.65000000002
2026-04-10,0.06522896518659704,896447.73,871281.77
2026-04-13,-0.0040401096244984825,-55784.7400000004,-362298.85
2026-04-14,-0.012190036377598943,-170440.51999999935,225261.44
2026-04-15,-0.028202437816750484,-395879.0199999993,-379859.67999999993
2026-04-16,0.04456383201841217,634448.8700000002,780206.97
2026-04-17,-0.029599140965623764,-419612.42,-696859.08
2026-04-20,-0.004238667804704791,-60439.71000000022,-39238.72999999999
2026-04-21,-0.012955130061928277,-185266.44999999978,-50417.39000000001
2026-04-22,0.0104721262443733,150196.32999999987,93333.65
2026-04-23,-0.014799959461926814,-212363.97999999984,-707363.97
2026-04-24,-0.03776757259440652,-543049.12,97122.86999999997
2026-04-27,-0.0026228811497824166,-37598.56999999992,-425214.52
2026-04-28,-0.032110047789940296,-458779.42999999993,-434542.08
2026-04-29,0.02580679807620915,371342.7200000002,459696.13999999996
2026-04-30,-0.011467039057480468,-166010.75999999998,-465789.20000000007
2026-05-06,-0.024384377797821797,-358872.1900000001,-1014692.77
2026-05-07,0.018403319673904864,272046.39999999997,-294567.25000000006
2026-05-08,-0.013823055634793463,-202353.36999999997,-950500.9
2026-05-11,0.01760585725703969,262113.1600000001,959904.98
2026-05-12,0.010437900540115256,156461.2900000002,186725.92
2026-05-13,-0.009054570362474668,-135995.95999999973,-532574.8099999999
2026-05-14,-0.026368104831838525,-390785.3300000002,-1580519.69
2026-05-15,-0.05011900106080098,-733279.8999999997,-821451.77
2026-05-18,-0.052523964733272185,-763251.9700000002,-204881.08000000002
2026-05-19,-0.03658853397890894,-535328.8500000001,514442.24
2026-05-20,-0.021750519807466284,-317634.38999999984,-283065.76
2026-05-21,-0.02829858664768469,-408261.9599999999,-715298.84
2026-05-22,0.01524088753844547,221506.18000000023,32696.00999999995
2026-05-25,0.021727901182661234,321349.2399999993,653922.4500000001
2026-05-26,-0.005940031470035071,-88255.65000000014,490147.62
2026-05-27,-0.017467619179239634,-257904.54999999984,-797980.1699999999
2026-05-28,0.0036877876828787155,54645.960000000254,263667.39
2026-05-29,-0.0035150635975892473,-52244.540000000125,289031.11
2026-06-01,-0.025929671929502664,-379072.94999999995,-945664.23
2026-06-02,0.03813510601592074,571295.7099999994,1641716.8599999999
2026-06-03,-0.008284812146157856,-124831.30999999952,421481.89
2026-06-04,-0.043379996173566256,-646478.3200000002,-812444.86
2026-06-05,-0.09857915691321077,-1443503.4100000001,-973157.92
2026-06-08,-0.047851680488690033,-690273.0699999998,341769.24
2026-06-09,0.006943696737674059,101689.50999999973,178534.03999999998
2026-06-10,-0.031040804842350677,-453708.07000000024,513506.92000000004
2026-06-11,-0.06718802497683364,-976780.3999999997,-272186.84
2026-06-12,0.0022677466637117116,33415.89999999958,230186.2
2026-06-15,0.07105019042904814,1065203.7499999998,896844.49
2026-06-16,-0.007687740549793547,-114226.80000000028,-642008.44
2026-06-17,-0.01069480167532044,-159547.5,-47917.369999999966
2026-06-18,0.018619170594796758,279937.41999999987,298486.77
2026-06-22,-0.006926944042002044,-105884.44999999995,1152692.0299999998
2026-06-23,-0.07142055006995295,-1070330.9499999997,-1504239.53
2026-06-24,0.00026232289160444625,3942.4000000006054,-131037.34
2026-06-25,0.022006888063666477,334976.4500000002,536270.3400000001
2026-06-26,-0.11373460551606925,-1681350.2100000004,-1662876.13
2026-06-29,-0.028081989746099285,-421163.6100000002,757911.1
2026-06-30,0.06631335634219876,1006179.2300000004,976409.9400000001
2026-07-01,-0.024152297503557484,-362542.9500000001,-536218.7799999999
2026-07-02,-0.06894167273831782,-1004812.4500000004,-308665.55
2026-07-03,0.018641574319967564,272688.5899999999,811362.1599999999
2026-07-06,-0.04552297026953079,-668450.2300000004,442930.23
2026-07-07,-0.010815043285718837,-158762.91999999998,298768.33999999997
2026-07-08,-0.0015405434989575958,-22651.919999999853,592923.75
2026-07-09,0.03805921031390124,574445.7799999992,1117270.43
2026-07-10,-0.0550304638669932,-807362.2400000009,-681950.26
2026-07-13,-0.0518607764456391,-761147.1199999996,222716.71000000002
2026-07-14,0.04927578712895898,736370.8599999999,1560333.05
2026-07-15,0.0077465540159133,115783.6499999997,577080.06
2026-07-16,-0.05158269151467705,-757545.3999999999,-356924.01
2026-07-17,-0.09195478193580194,-1314018.3599999999,904539.15
2026-07-20,-0.0035998850825135534,-53046.740000000194,1768311.77
2026-07-21,0.04538160225572495,687880.7599999998,1331489.98
2026-07-22,-0.07096164512000522,-1063829.67,-942125.56
2026-07-23,-0.00924152116221939,-138515.24000000043,415753.61
2026-07-24,-0.03170746236397203,-472362.38000000047,-18859.76000000001
2026-07-27,0.013298295605600923,200004.25999999983,411294.14
2026-07-28,-0.08420377760410425,-1235570.3,200016.47
2026-07-29,0.027274220975957438,402913.20000000024,1576433.54
2026-07-30,-0.047845194578955384,-701714.410000001,1683073.45
2026-07-31,0.011497549409449736,168651.45999999982,156240.92000000004
2026-08-03,-0.04239555860112187,-614016.4299999998,188927.06
2026-08-04,0.054700166350906416,799698.1499999997,383009.06999999995
2026-08-05,-0.007155002915345118,-104954.13999999911,603004.58
2026-08-06,-0.05371930268482933,-785963.9400000001,-372988.69
2026-08-07,-0.04264167239506857,-625031.0,412.3199999999997
2026-08-10,-0.07238034815642848,-1060376.67,-141081.35000000003
2026-08-11,-0.008519509636153116,-124134.4299999999,-244983.03
2026-08-12,0.04211661439972585,616865.9,665834.49
2026-08-13,0.000683430667975329,10008.890000000447,-120908.68000000001
2026-08-14,-0.0077357696583276155,-112917.91000000059,-158410.56000000003
2026-08-17,0.028628033082883576,423233.53000000014,931010.35
2026-08-18,-0.040147843283979044,-592977.0700000003,-625205.77
2026-08-19,-0.10368371875232611,-1495629.1800000002,-891974.28
